{
    "items": [
        {
            "day_name": "Zb-Servers",
            "day_url": "portal-mac-zb-servers/"
        },
        {
            "day_name": "Worldbuilds-Collection2",
            "day_url": "portal-mac-worldbuilds-collection2/"
        },
        {
            "day_name": "Worldbuilds-Collection1",
            "day_url": "portal-mac-worldbuilds-collection1/"
        },
        {
            "day_name": "Voodoo19-Servers",
            "day_url": "portal-mac-voodoo19-servers/"
        },
        {
            "day_name": "Pastebin Servers",
            "day_url": "portal-mac-pastebin-servers/"
        },
        {
            "day_name": "Michaz1988-Servers",
            "day_url": "portal-mac-michaz1988-servers/"
        },
        {
            "day_name": "Magonlyx",
            "day_url": "portal-mac-magonlyx/"
        },
        {
            "day_name": "Kb-Servers2",
            "day_url": "portal-mac-kb-servers2/"
        },
        {
            "day_name": "Kb-Servers",
            "day_url": "portal-mac-kb-servers/"
        },
        {
            "day_name": "Blackghost-Maclist",
            "day_url": "portal-mac-blackghost-maclist/"
        },
        {
            "day_name": "Bandateam-Servers",
            "day_url": "portal-mac-bandateam-servers/"
        },
        {
            "day_name": "Balkan-Pastebin",
            "day_url": "portal-mac-balkan-pastebin/"
        },
        {
            "day_name": "2025-12-18",
            "day_url": "portal-mac-2025-12-18/"
        },
        {
            "day_name": "2025-12-17",
            "day_url": "portal-mac-2025-12-17/"
        },
        {
            "day_name": "2025-12-16",
            "day_url": "portal-mac-2025-12-16/"
        },
        {
            "day_name": "2025-12-15",
            "day_url": "portal-mac-2025-12-15/"
        },
        {
            "day_name": "2025-12-14",
            "day_url": "portal-mac-2025-12-14/"
        },
        {
            "day_name": "2025-12-13",
            "day_url": "portal-mac-2025-12-13/"
        },
        {
            "day_name": "2025-12-12",
            "day_url": "portal-mac-2025-12-12/"
        },
        {
            "day_name": "2025-12-11",
            "day_url": "portal-mac-2025-12-11/"
        },
        {
            "day_name": "2025-12-10",
            "day_url": "portal-mac-2025-12-10/"
        },
        {
            "day_name": "2025-12-09",
            "day_url": "portal-mac-2025-12-09/"
        },
        {
            "day_name": "2025-12-08",
            "day_url": "portal-mac-2025-12-08/"
        },
        {
            "day_name": "2025-12-07",
            "day_url": "portal-mac-2025-12-07/"
        },
        {
            "day_name": "2025-12-06",
            "day_url": "portal-mac-2025-12-06/"
        },
        {
            "day_name": "2025-12-05",
            "day_url": "portal-mac-2025-12-05/"
        },
        {
            "day_name": "2025-12-04",
            "day_url": "portal-mac-2025-12-04/"
        },
        {
            "day_name": "2025-12-03",
            "day_url": "portal-mac-2025-12-03/"
        },
        {
            "day_name": "2025-12-02",
            "day_url": "portal-mac-2025-12-02/"
        },
        {
            "day_name": "2025-12-01",
            "day_url": "portal-mac-2025-12-01/"
        },
        {
            "day_name": "2025-11-30",
            "day_url": "portal-mac-2025-11-30/"
        },
        {
            "day_name": "2025-11-29",
            "day_url": "portal-mac-2025-11-29/"
        },
        {
            "day_name": "2025-11-28",
            "day_url": "portal-mac-2025-11-28/"
        },
        {
            "day_name": "2025-11-27",
            "day_url": "portal-mac-2025-11-27/"
        },
        {
            "day_name": "2025-11-26",
            "day_url": "portal-mac-2025-11-26/"
        },
        {
            "day_name": "2025-11-25",
            "day_url": "portal-mac-2025-11-25/"
        },
        {
            "day_name": "2025-11-24",
            "day_url": "portal-mac-2025-11-24/"
        },
        {
            "day_name": "2025-11-23",
            "day_url": "portal-mac-2025-11-23/"
        },
        {
            "day_name": "2025-11-22",
            "day_url": "portal-mac-2025-11-22/"
        },
        {
            "day_name": "2025-11-21",
            "day_url": "portal-mac-2025-11-21/"
        },
        {
            "day_name": "2025-11-20",
            "day_url": "portal-mac-2025-11-20/"
        },
        {
            "day_name": "2025-11-19",
            "day_url": "portal-mac-2025-11-19/"
        },
        {
            "day_name": "2025-11-18",
            "day_url": "portal-mac-2025-11-18/"
        },
        {
            "day_name": "2025-11-17",
            "day_url": "portal-mac-2025-11-17/"
        },
        {
            "day_name": "2025-11-16",
            "day_url": "portal-mac-2025-11-16/"
        },
        {
            "day_name": "2025-11-15",
            "day_url": "portal-mac-2025-11-15/"
        },
        {
            "day_name": "2025-11-14",
            "day_url": "portal-mac-2025-11-14/"
        },
        {
            "day_name": "2025-11-13",
            "day_url": "portal-mac-2025-11-13/"
        },
        {
            "day_name": "2025-11-12",
            "day_url": "portal-mac-2025-11-12/"
        },
        {
            "day_name": "2025-11-11",
            "day_url": "portal-mac-2025-11-11/"
        },
        {
            "day_name": "2025-11-10",
            "day_url": "portal-mac-2025-11-10/"
        },
        {
            "day_name": "2025-11-09",
            "day_url": "portal-mac-2025-11-09/"
        },
        {
            "day_name": "2025-11-08",
            "day_url": "portal-mac-2025-11-08/"
        },
        {
            "day_name": "2025-11-07",
            "day_url": "portal-mac-2025-11-07/"
        },
        {
            "day_name": "2025-11-06",
            "day_url": "portal-mac-2025-11-06/"
        },
        {
            "day_name": "2025-11-05",
            "day_url": "portal-mac-2025-11-05/"
        },
        {
            "day_name": "2025-11-04",
            "day_url": "portal-mac-2025-11-04/"
        },
        {
            "day_name": "2025-11-03",
            "day_url": "portal-mac-2025-11-03/"
        },
        {
            "day_name": "2025-11-02",
            "day_url": "portal-mac-2025-11-02/"
        },
        {
            "day_name": "2025-11-01",
            "day_url": "portal-mac-2025-11-01/"
        },
        {
            "day_name": "2025-10-31",
            "day_url": "portal-mac-2025-10-31/"
        },
        {
            "day_name": "2025-10-30",
            "day_url": "portal-mac-2025-10-30/"
        },
        {
            "day_name": "2025-10-29",
            "day_url": "portal-mac-2025-10-29/"
        },
        {
            "day_name": "2025-10-28",
            "day_url": "portal-mac-2025-10-28/"
        },
        {
            "day_name": "2025-10-27",
            "day_url": "portal-mac-2025-10-27/"
        },
        {
            "day_name": "2025-10-26",
            "day_url": "portal-mac-2025-10-26/"
        },
        {
            "day_name": "2025-10-25",
            "day_url": "portal-mac-2025-10-25/"
        },
        {
            "day_name": "2025-10-24",
            "day_url": "portal-mac-2025-10-24/"
        },
        {
            "day_name": "2025-10-23",
            "day_url": "portal-mac-2025-10-23/"
        },
        {
            "day_name": "2025-10-22",
            "day_url": "portal-mac-2025-10-22/"
        },
        {
            "day_name": "2025-10-21",
            "day_url": "portal-mac-2025-10-21/"
        },
        {
            "day_name": "2025-10-20",
            "day_url": "portal-mac-2025-10-20/"
        },
        {
            "day_name": "2025-10-19",
            "day_url": "portal-mac-2025-10-19/"
        },
        {
            "day_name": "2025-10-18",
            "day_url": "portal-mac-2025-10-18/"
        },
        {
            "day_name": "2025-10-17",
            "day_url": "portal-mac-2025-10-17/"
        },
        {
            "day_name": "2025-10-16",
            "day_url": "portal-mac-2025-10-16/"
        },
        {
            "day_name": "2025-10-15",
            "day_url": "portal-mac-2025-10-15/"
        },
        {
            "day_name": "2025-10-14",
            "day_url": "portal-mac-2025-10-14/"
        },
        {
            "day_name": "2025-10-13",
            "day_url": "portal-mac-2025-10-13/"
        },
        {
            "day_name": "2025-10-12",
            "day_url": "portal-mac-2025-10-12/"
        },
        {
            "day_name": "2025-10-11",
            "day_url": "portal-mac-2025-10-11/"
        },
        {
            "day_name": "2025-10-10",
            "day_url": "portal-mac-2025-10-10/"
        },
        {
            "day_name": "2025-10-09",
            "day_url": "portal-mac-2025-10-09/"
        },
        {
            "day_name": "2025-10-08",
            "day_url": "portal-mac-2025-10-08/"
        },
        {
            "day_name": "2025-10-07",
            "day_url": "portal-mac-2025-10-07/"
        },
        {
            "day_name": "2025-10-06",
            "day_url": "portal-mac-2025-10-06/"
        },
        {
            "day_name": "2025-10-05",
            "day_url": "portal-mac-2025-10-05/"
        },
        {
            "day_name": "2025-10-04",
            "day_url": "portal-mac-2025-10-04/"
        },
        {
            "day_name": "2025-10-03",
            "day_url": "portal-mac-2025-10-03/"
        },
        {
            "day_name": "2025-10-02",
            "day_url": "portal-mac-2025-10-02/"
        },
        {
            "day_name": "2025-10-01",
            "day_url": "portal-mac-2025-10-01/"
        },
        {
            "day_name": "2025-09-30",
            "day_url": "portal-mac-2025-09-30/"
        },
        {
            "day_name": "2025-09-29",
            "day_url": "portal-mac-2025-09-29/"
        },
        {
            "day_name": "2025-09-28",
            "day_url": "portal-mac-2025-09-28/"
        },
        {
            "day_name": "2025-09-27",
            "day_url": "portal-mac-2025-09-27/"
        },
        {
            "day_name": "2025-09-25",
            "day_url": "portal-mac-2025-09-25/"
        },
        {
            "day_name": "2025-09-24",
            "day_url": "portal-mac-2025-09-24/"
        },
        {
            "day_name": "2025-09-23",
            "day_url": "portal-mac-2025-09-23/"
        },
        {
            "day_name": "2025-09-22",
            "day_url": "portal-mac-2025-09-22/"
        },
        {
            "day_name": "2025-09-21",
            "day_url": "portal-mac-2025-09-21/"
        },
        {
            "day_name": "2025-09-20",
            "day_url": "portal-mac-2025-09-20/"
        },
        {
            "day_name": "2025-09-19",
            "day_url": "portal-mac-2025-09-19/"
        },
        {
            "day_name": "2025-09-18",
            "day_url": "portal-mac-2025-09-18/"
        },
        {
            "day_name": "2025-09-17",
            "day_url": "portal-mac-2025-09-17/"
        },
        {
            "day_name": "2025-09-16",
            "day_url": "portal-mac-2025-09-16/"
        },
        {
            "day_name": "2025-09-15",
            "day_url": "portal-mac-2025-09-15/"
        },
        {
            "day_name": "2025-09-14",
            "day_url": "portal-mac-2025-09-14/"
        },
        {
            "day_name": "2025-09-13",
            "day_url": "portal-mac-2025-09-13/"
        },
        {
            "day_name": "2025-09-12",
            "day_url": "portal-mac-2025-09-12/"
        },
        {
            "day_name": "2025-09-11",
            "day_url": "portal-mac-2025-09-11/"
        },
        {
            "day_name": "2025-09-10",
            "day_url": "portal-mac-2025-09-10/"
        },
        {
            "day_name": "2025-09-09",
            "day_url": "portal-mac-2025-09-09/"
        },
        {
            "day_name": "2025-09-08",
            "day_url": "portal-mac-2025-09-08/"
        },
        {
            "day_name": "2025-09-07",
            "day_url": "portal-mac-2025-09-07/"
        },
        {
            "day_name": "2025-09-06",
            "day_url": "portal-mac-2025-09-06/"
        },
        {
            "day_name": "2025-09-05",
            "day_url": "portal-mac-2025-09-05/"
        },
        {
            "day_name": "2025-09-04",
            "day_url": "portal-mac-2025-09-04/"
        },
        {
            "day_name": "2025-09-03",
            "day_url": "portal-mac-2025-09-03/"
        },
        {
            "day_name": "2025-09-02",
            "day_url": "portal-mac-2025-09-02/"
        },
        {
            "day_name": "2025-08-31",
            "day_url": "portal-mac-2025-08-31/"
        },
        {
            "day_name": "2025-08-30",
            "day_url": "portal-mac-2025-08-30/"
        },
        {
            "day_name": "2025-08-29",
            "day_url": "portal-mac-2025-08-29/"
        },
        {
            "day_name": "2025-08-28",
            "day_url": "portal-mac-2025-08-28/"
        },
        {
            "day_name": "2025-08-27",
            "day_url": "portal-mac-2025-08-27/"
        },
        {
            "day_name": "2025-08-26",
            "day_url": "portal-mac-2025-08-26/"
        },
        {
            "day_name": "2025-08-25",
            "day_url": "portal-mac-2025-08-25/"
        },
        {
            "day_name": "2025-08-24",
            "day_url": "portal-mac-2025-08-24/"
        },
        {
            "day_name": "2025-08-23",
            "day_url": "portal-mac-2025-08-23/"
        },
        {
            "day_name": "2025-08-22",
            "day_url": "portal-mac-2025-08-22/"
        },
        {
            "day_name": "2025-08-21",
            "day_url": "portal-mac-2025-08-21/"
        },
        {
            "day_name": "2025-08-20",
            "day_url": "portal-mac-2025-08-20/"
        },
        {
            "day_name": "2025-08-19",
            "day_url": "portal-mac-2025-08-19/"
        },
        {
            "day_name": "2025-08-18",
            "day_url": "portal-mac-2025-08-18/"
        },
        {
            "day_name": "2025-08-17",
            "day_url": "portal-mac-2025-08-17/"
        },
        {
            "day_name": "2025-08-16",
            "day_url": "portal-mac-2025-08-16/"
        },
        {
            "day_name": "2025-08-15",
            "day_url": "portal-mac-2025-08-15/"
        },
        {
            "day_name": "2025-08-14",
            "day_url": "portal-mac-2025-08-14/"
        },
        {
            "day_name": "2025-08-13",
            "day_url": "portal-mac-2025-08-13/"
        },
        {
            "day_name": "2025-08-12",
            "day_url": "portal-mac-2025-08-12/"
        },
        {
            "day_name": "2025-08-11",
            "day_url": "portal-mac-2025-08-11/"
        },
        {
            "day_name": "2025-08-10",
            "day_url": "portal-mac-2025-08-10/"
        },
        {
            "day_name": "2025-08-09",
            "day_url": "portal-mac-2025-08-09/"
        },
        {
            "day_name": "2025-08-08",
            "day_url": "portal-mac-2025-08-08/"
        },
        {
            "day_name": "2025-08-07",
            "day_url": "portal-mac-2025-08-07/"
        },
        {
            "day_name": "2025-08-06",
            "day_url": "portal-mac-2025-08-06/"
        },
        {
            "day_name": "2025-08-05",
            "day_url": "portal-mac-2025-08-05/"
        },
        {
            "day_name": "2025-08-04",
            "day_url": "portal-mac-2025-08-04/"
        },
        {
            "day_name": "2025-08-03",
            "day_url": "portal-mac-2025-08-03/"
        },
        {
            "day_name": "2025-08-02",
            "day_url": "portal-mac-2025-08-02/"
        },
        {
            "day_name": "2025-08-01",
            "day_url": "portal-mac-2025-08-01/"
        },
        {
            "day_name": "2025-07-31",
            "day_url": "portal-mac-2025-07-31/"
        },
        {
            "day_name": "2025-07-30",
            "day_url": "portal-mac-2025-07-30/"
        },
        {
            "day_name": "2025-07-29",
            "day_url": "portal-mac-2025-07-29/"
        },
        {
            "day_name": "2025-07-28",
            "day_url": "portal-mac-2025-07-28/"
        },
        {
            "day_name": "2025-07-27",
            "day_url": "portal-mac-2025-07-27/"
        },
        {
            "day_name": "2025-07-26",
            "day_url": "portal-mac-2025-07-26/"
        },
        {
            "day_name": "2025-07-25",
            "day_url": "portal-mac-2025-07-25/"
        },
        {
            "day_name": "2025-07-24",
            "day_url": "portal-mac-2025-07-24/"
        },
        {
            "day_name": "2025-07-23",
            "day_url": "portal-mac-2025-07-23/"
        },
        {
            "day_name": "2025-07-22",
            "day_url": "portal-mac-2025-07-22/"
        },
        {
            "day_name": "2025-07-21",
            "day_url": "portal-mac-2025-07-21/"
        },
        {
            "day_name": "2025-07-20",
            "day_url": "portal-mac-2025-07-20/"
        },
        {
            "day_name": "2025-07-19",
            "day_url": "portal-mac-2025-07-19/"
        },
        {
            "day_name": "2025-07-18",
            "day_url": "portal-mac-2025-07-18/"
        },
        {
            "day_name": "2025-07-17",
            "day_url": "portal-mac-2025-07-17/"
        },
        {
            "day_name": "2025-07-16",
            "day_url": "portal-mac-2025-07-16/"
        },
        {
            "day_name": "2025-07-15",
            "day_url": "portal-mac-2025-07-15/"
        },
        {
            "day_name": "2025-07-14",
            "day_url": "portal-mac-2025-07-14/"
        },
        {
            "day_name": "2025-07-13",
            "day_url": "portal-mac-2025-07-13/"
        },
        {
            "day_name": "2025-07-12",
            "day_url": "portal-mac-2025-07-12/"
        },
        {
            "day_name": "2025-07-11",
            "day_url": "portal-mac-2025-07-11/"
        },
        {
            "day_name": "2025-07-10",
            "day_url": "portal-mac-2025-07-10/"
        },
        {
            "day_name": "2025-07-09",
            "day_url": "portal-mac-2025-07-09/"
        },
        {
            "day_name": "2025-07-08",
            "day_url": "portal-mac-2025-07-08/"
        },
        {
            "day_name": "2025-07-07",
            "day_url": "portal-mac-2025-07-07/"
        },
        {
            "day_name": "2025-07-06",
            "day_url": "portal-mac-2025-07-06/"
        },
        {
            "day_name": "2025-07-05",
            "day_url": "portal-mac-2025-07-05/"
        },
        {
            "day_name": "2025-07-04",
            "day_url": "portal-mac-2025-07-04/"
        },
        {
            "day_name": "2025-07-03",
            "day_url": "portal-mac-2025-07-03/"
        },
        {
            "day_name": "2025-07-02",
            "day_url": "portal-mac-2025-07-02/"
        },
        {
            "day_name": "2025-07-01",
            "day_url": "portal-mac-2025-07-01/"
        },
        {
            "day_name": "2025-06-30",
            "day_url": "portal-mac-2025-06-30/"
        },
        {
            "day_name": "2025-06-29",
            "day_url": "portal-mac-2025-06-29/"
        },
        {
            "day_name": "2025-06-28",
            "day_url": "portal-mac-2025-06-28/"
        },
        {
            "day_name": "2025-06-27",
            "day_url": "portal-mac-2025-06-27/"
        },
        {
            "day_name": "2025-06-26",
            "day_url": "portal-mac-2025-06-26/"
        },
        {
            "day_name": "2025-06-25",
            "day_url": "portal-mac-2025-06-25/"
        },
        {
            "day_name": "2025-06-24",
            "day_url": "portal-mac-2025-06-24/"
        },
        {
            "day_name": "2025-06-23",
            "day_url": "portal-mac-2025-06-23/"
        },
        {
            "day_name": "2025-06-22",
            "day_url": "portal-mac-2025-06-22/"
        },
        {
            "day_name": "2025-06-21",
            "day_url": "portal-mac-2025-06-21/"
        },
        {
            "day_name": "2025-06-20",
            "day_url": "portal-mac-2025-06-20/"
        },
        {
            "day_name": "2025-06-19",
            "day_url": "portal-mac-2025-06-19/"
        },
        {
            "day_name": "2025-06-18",
            "day_url": "portal-mac-2025-06-18/"
        },
        {
            "day_name": "2025-06-17",
            "day_url": "portal-mac-2025-06-17/"
        },
        {
            "day_name": "2025-06-16",
            "day_url": "portal-mac-2025-06-16/"
        },
        {
            "day_name": "2025-06-15",
            "day_url": "portal-mac-2025-06-15/"
        },
        {
            "day_name": "2025-06-14",
            "day_url": "portal-mac-2025-06-14/"
        },
        {
            "day_name": "2025-06-13",
            "day_url": "portal-mac-2025-06-13/"
        },
        {
            "day_name": "2025-06-12",
            "day_url": "portal-mac-2025-06-12/"
        },
        {
            "day_name": "2025-06-11",
            "day_url": "portal-mac-2025-06-11/"
        },
        {
            "day_name": "2025-06-10",
            "day_url": "portal-mac-2025-06-10/"
        },
        {
            "day_name": "2025-06-09",
            "day_url": "portal-mac-2025-06-09/"
        },
        {
            "day_name": "2025-06-08",
            "day_url": "portal-mac-2025-06-08/"
        },
        {
            "day_name": "2025-06-07",
            "day_url": "portal-mac-2025-06-07/"
        },
        {
            "day_name": "2025-06-06",
            "day_url": "portal-mac-2025-06-06/"
        },
        {
            "day_name": "2025-06-05",
            "day_url": "portal-mac-2025-06-05/"
        },
        {
            "day_name": "2025-06-04",
            "day_url": "portal-mac-2025-06-04/"
        },
        {
            "day_name": "2025-06-03",
            "day_url": "portal-mac-2025-06-03/"
        },
        {
            "day_name": "2025-06-02",
            "day_url": "portal-mac-2025-06-02/"
        },
        {
            "day_name": "2025-06-01",
            "day_url": "portal-mac-2025-06-01/"
        },
        {
            "day_name": "2025-05-31",
            "day_url": "portal-mac-2025-05-31/"
        },
        {
            "day_name": "2025-05-30",
            "day_url": "portal-mac-2025-05-30/"
        },
        {
            "day_name": "2025-05-29",
            "day_url": "portal-mac-2025-05-29/"
        },
        {
            "day_name": "2025-05-28",
            "day_url": "portal-mac-2025-05-28/"
        },
        {
            "day_name": "2025-05-27",
            "day_url": "portal-mac-2025-05-27/"
        },
        {
            "day_name": "2025-05-26",
            "day_url": "portal-mac-2025-05-26/"
        },
        {
            "day_name": "2025-05-25",
            "day_url": "portal-mac-2025-05-25/"
        },
        {
            "day_name": "2025-05-24",
            "day_url": "portal-mac-2025-05-24/"
        },
        {
            "day_name": "2025-05-23",
            "day_url": "portal-mac-2025-05-23/"
        },
        {
            "day_name": "2025-05-22",
            "day_url": "portal-mac-2025-05-22/"
        },
        {
            "day_name": "2025-05-21",
            "day_url": "portal-mac-2025-05-21/"
        },
        {
            "day_name": "2025-05-20",
            "day_url": "portal-mac-2025-05-20/"
        },
        {
            "day_name": "2025-05-19",
            "day_url": "portal-mac-2025-05-19/"
        },
        {
            "day_name": "2025-05-18",
            "day_url": "portal-mac-2025-05-18/"
        },
        {
            "day_name": "2025-05-17",
            "day_url": "portal-mac-2025-05-17/"
        },
        {
            "day_name": "2025-05-16",
            "day_url": "portal-mac-2025-05-16/"
        },
        {
            "day_name": "2025-05-15",
            "day_url": "portal-mac-2025-05-15/"
        },
        {
            "day_name": "2025-05-14",
            "day_url": "portal-mac-2025-05-14/"
        },
        {
            "day_name": "2025-05-13",
            "day_url": "portal-mac-2025-05-13/"
        },
        {
            "day_name": "2025-05-12",
            "day_url": "portal-mac-2025-05-12/"
        },
        {
            "day_name": "2025-05-11",
            "day_url": "portal-mac-2025-05-11/"
        },
        {
            "day_name": "2025-05-10",
            "day_url": "portal-mac-2025-05-10/"
        },
        {
            "day_name": "2025-05-09",
            "day_url": "portal-mac-2025-05-09/"
        },
        {
            "day_name": "2025-05-08",
            "day_url": "portal-mac-2025-05-08/"
        },
        {
            "day_name": "2025-05-07",
            "day_url": "portal-mac-2025-05-07/"
        },
        {
            "day_name": "2025-05-06",
            "day_url": "portal-mac-2025-05-06/"
        },
        {
            "day_name": "2025-05-05",
            "day_url": "portal-mac-2025-05-05/"
        },
        {
            "day_name": "2025-05-04",
            "day_url": "portal-mac-2025-05-04/"
        },
        {
            "day_name": "2025-05-03",
            "day_url": "portal-mac-2025-05-03/"
        },
        {
            "day_name": "2025-05-02",
            "day_url": "portal-mac-2025-05-02/"
        },
        {
            "day_name": "2025-05-01",
            "day_url": "portal-mac-2025-05-01/"
        },
        {
            "day_name": "2025-04-30",
            "day_url": "portal-mac-2025-04-30/"
        },
        {
            "day_name": "2025-04-29",
            "day_url": "portal-mac-2025-04-29/"
        },
        {
            "day_name": "2025-04-28",
            "day_url": "portal-mac-2025-04-28/"
        },
        {
            "day_name": "2025-04-27",
            "day_url": "portal-mac-2025-04-27/"
        },
        {
            "day_name": "2025-04-26",
            "day_url": "portal-mac-2025-04-26/"
        },
        {
            "day_name": "2025-04-25",
            "day_url": "portal-mac-2025-04-25/"
        },
        {
            "day_name": "2025-04-24",
            "day_url": "portal-mac-2025-04-24/"
        },
        {
            "day_name": "2025-04-23",
            "day_url": "portal-mac-2025-04-23/"
        },
        {
            "day_name": "2025-04-22",
            "day_url": "portal-mac-2025-04-22/"
        },
        {
            "day_name": "2025-04-21",
            "day_url": "portal-mac-2025-04-21/"
        },
        {
            "day_name": "2025-04-20",
            "day_url": "portal-mac-2025-04-20/"
        },
        {
            "day_name": "2025-04-19",
            "day_url": "portal-mac-2025-04-19/"
        },
        {
            "day_name": "2025-04-18",
            "day_url": "portal-mac-2025-04-18/"
        },
        {
            "day_name": "2025-04-17",
            "day_url": "portal-mac-2025-04-17/"
        },
        {
            "day_name": "2025-04-16",
            "day_url": "portal-mac-2025-04-16/"
        },
        {
            "day_name": "2025-04-15",
            "day_url": "portal-mac-2025-04-15/"
        },
        {
            "day_name": "2025-04-14",
            "day_url": "portal-mac-2025-04-14/"
        },
        {
            "day_name": "2025-04-13",
            "day_url": "portal-mac-2025-04-13/"
        },
        {
            "day_name": "2025-04-12",
            "day_url": "portal-mac-2025-04-12/"
        },
        {
            "day_name": "2025-04-11",
            "day_url": "portal-mac-2025-04-11/"
        },
        {
            "day_name": "2025-04-10",
            "day_url": "portal-mac-2025-04-10/"
        },
        {
            "day_name": "2025-04-09",
            "day_url": "portal-mac-2025-04-09/"
        },
        {
            "day_name": "2025-04-08",
            "day_url": "portal-mac-2025-04-08/"
        },
        {
            "day_name": "2025-04-07",
            "day_url": "portal-mac-2025-04-07/"
        },
        {
            "day_name": "2025-04-06",
            "day_url": "portal-mac-2025-04-06/"
        },
        {
            "day_name": "2025-04-05",
            "day_url": "portal-mac-2025-04-05/"
        },
        {
            "day_name": "2025-04-04",
            "day_url": "portal-mac-2025-04-04/"
        },
        {
            "day_name": "2025-04-03",
            "day_url": "portal-mac-2025-04-03/"
        },
        {
            "day_name": "2025-04-02",
            "day_url": "portal-mac-2025-04-02/"
        },
        {
            "day_name": "2025-04-01",
            "day_url": "portal-mac-2025-04-01/"
        },
        {
            "day_name": "2025-03-31",
            "day_url": "portal-mac-2025-03-31/"
        },
        {
            "day_name": "2025-03-30",
            "day_url": "portal-mac-2025-03-30/"
        },
        {
            "day_name": "2025-03-29",
            "day_url": "portal-mac-2025-03-29/"
        },
        {
            "day_name": "2025-03-28",
            "day_url": "portal-mac-2025-03-28/"
        },
        {
            "day_name": "2025-03-27",
            "day_url": "portal-mac-2025-03-27/"
        },
        {
            "day_name": "2025-03-26",
            "day_url": "portal-mac-2025-03-26/"
        },
        {
            "day_name": "2025-03-25",
            "day_url": "portal-mac-2025-03-25/"
        },
        {
            "day_name": "2025-03-24",
            "day_url": "portal-mac-2025-03-24/"
        },
        {
            "day_name": "2025-03-23",
            "day_url": "portal-mac-2025-03-23/"
        },
        {
            "day_name": "2025-03-22",
            "day_url": "portal-mac-2025-03-22/"
        },
        {
            "day_name": "2025-03-21",
            "day_url": "portal-mac-2025-03-21/"
        },
        {
            "day_name": "2025-03-20",
            "day_url": "portal-mac-2025-03-20/"
        },
        {
            "day_name": "2025-03-19",
            "day_url": "portal-mac-2025-03-19/"
        },
        {
            "day_name": "2025-03-18",
            "day_url": "portal-mac-2025-03-18/"
        },
        {
            "day_name": "2025-03-17",
            "day_url": "portal-mac-2025-03-17/"
        },
        {
            "day_name": "2025-03-16",
            "day_url": "portal-mac-2025-03-16/"
        },
        {
            "day_name": "2025-03-15",
            "day_url": "portal-mac-2025-03-15/"
        },
        {
            "day_name": "2025-03-14",
            "day_url": "portal-mac-2025-03-14/"
        },
        {
            "day_name": "2025-03-13",
            "day_url": "portal-mac-2025-03-13/"
        },
        {
            "day_name": "2025-03-12",
            "day_url": "portal-mac-2025-03-12/"
        },
        {
            "day_name": "2025-03-11",
            "day_url": "portal-mac-2025-03-11/"
        },
        {
            "day_name": "2025-03-10",
            "day_url": "portal-mac-2025-03-10/"
        },
        {
            "day_name": "2025-03-09",
            "day_url": "portal-mac-2025-03-09/"
        },
        {
            "day_name": "2025-03-08",
            "day_url": "portal-mac-2025-03-08/"
        },
        {
            "day_name": "2025-03-07",
            "day_url": "portal-mac-2025-03-07/"
        },
        {
            "day_name": "2025-03-06",
            "day_url": "portal-mac-2025-03-06/"
        },
        {
            "day_name": "2025-03-05",
            "day_url": "portal-mac-2025-03-05/"
        },
        {
            "day_name": "2025-03-04",
            "day_url": "portal-mac-2025-03-04/"
        },
        {
            "day_name": "2025-03-03",
            "day_url": "portal-mac-2025-03-03/"
        },
        {
            "day_name": "2025-03-02",
            "day_url": "portal-mac-2025-03-02/"
        },
        {
            "day_name": "2025-03-01",
            "day_url": "portal-mac-2025-03-01/"
        },
        {
            "day_name": "2025-02-28",
            "day_url": "portal-mac-2025-02-28/"
        },
        {
            "day_name": "2025-02-27",
            "day_url": "portal-mac-2025-02-27/"
        },
        {
            "day_name": "2025-02-26",
            "day_url": "portal-mac-2025-02-26/"
        },
        {
            "day_name": "2025-02-25",
            "day_url": "portal-mac-2025-02-25/"
        },
        {
            "day_name": "2025-02-24",
            "day_url": "portal-mac-2025-02-24/"
        },
        {
            "day_name": "2025-02-23",
            "day_url": "portal-mac-2025-02-23/"
        },
        {
            "day_name": "2025-02-22",
            "day_url": "portal-mac-2025-02-22/"
        },
        {
            "day_name": "2025-02-21",
            "day_url": "portal-mac-2025-02-21/"
        },
        {
            "day_name": "2025-02-20",
            "day_url": "portal-mac-2025-02-20/"
        },
        {
            "day_name": "2025-02-19",
            "day_url": "portal-mac-2025-02-19/"
        },
        {
            "day_name": "2025-02-18",
            "day_url": "portal-mac-2025-02-18/"
        },
        {
            "day_name": "2025-02-17",
            "day_url": "portal-mac-2025-02-17/"
        },
        {
            "day_name": "2025-02-16",
            "day_url": "portal-mac-2025-02-16/"
        },
        {
            "day_name": "2025-02-15",
            "day_url": "portal-mac-2025-02-15/"
        },
        {
            "day_name": "2025-02-14",
            "day_url": "portal-mac-2025-02-14/"
        },
        {
            "day_name": "2025-02-13",
            "day_url": "portal-mac-2025-02-13/"
        },
        {
            "day_name": "2025-02-12",
            "day_url": "portal-mac-2025-02-12/"
        },
        {
            "day_name": "2025-02-11",
            "day_url": "portal-mac-2025-02-11/"
        },
        {
            "day_name": "2025-02-10",
            "day_url": "portal-mac-2025-02-10/"
        },
        {
            "day_name": "2025-02-09",
            "day_url": "portal-mac-2025-02-09/"
        },
        {
            "day_name": "2025-02-08",
            "day_url": "portal-mac-2025-02-08/"
        },
        {
            "day_name": "2025-02-07",
            "day_url": "portal-mac-2025-02-07/"
        },
        {
            "day_name": "2025-02-06",
            "day_url": "portal-mac-2025-02-06/"
        },
        {
            "day_name": "2025-02-05",
            "day_url": "portal-mac-2025-02-05/"
        },
        {
            "day_name": "2025-02-04",
            "day_url": "portal-mac-2025-02-04/"
        },
        {
            "day_name": "2025-02-03",
            "day_url": "portal-mac-2025-02-03/"
        },
        {
            "day_name": "2025-02-02",
            "day_url": "portal-mac-2025-02-02/"
        },
        {
            "day_name": "2025-02-01",
            "day_url": "portal-mac-2025-02-01/"
        },
        {
            "day_name": "2025-01-31",
            "day_url": "portal-mac-2025-01-31/"
        },
        {
            "day_name": "2025-01-30",
            "day_url": "portal-mac-2025-01-30/"
        },
        {
            "day_name": "2025-01-29",
            "day_url": "portal-mac-2025-01-29/"
        },
        {
            "day_name": "2025-01-28",
            "day_url": "portal-mac-2025-01-28/"
        },
        {
            "day_name": "2025-01-27",
            "day_url": "portal-mac-2025-01-27/"
        },
        {
            "day_name": "2025-01-26",
            "day_url": "portal-mac-2025-01-26/"
        },
        {
            "day_name": "2025-01-25",
            "day_url": "portal-mac-2025-01-25/"
        },
        {
            "day_name": "2025-01-24",
            "day_url": "portal-mac-2025-01-24/"
        },
        {
            "day_name": "2025-01-23",
            "day_url": "portal-mac-2025-01-23/"
        },
        {
            "day_name": "2025-01-22",
            "day_url": "portal-mac-2025-01-22/"
        },
        {
            "day_name": "2025-01-21",
            "day_url": "portal-mac-2025-01-21/"
        },
        {
            "day_name": "2025-01-20",
            "day_url": "portal-mac-2025-01-20/"
        },
        {
            "day_name": "2025-01-19",
            "day_url": "portal-mac-2025-01-19/"
        },
        {
            "day_name": "2025-01-18",
            "day_url": "portal-mac-2025-01-18/"
        },
        {
            "day_name": "2025-01-17",
            "day_url": "portal-mac-2025-01-17/"
        },
        {
            "day_name": "2025-01-16",
            "day_url": "portal-mac-2025-01-16/"
        },
        {
            "day_name": "2025-01-15",
            "day_url": "portal-mac-2025-01-15/"
        },
        {
            "day_name": "2025-01-14",
            "day_url": "portal-mac-2025-01-14/"
        },
        {
            "day_name": "2025-01-13",
            "day_url": "portal-mac-2025-01-13/"
        },
        {
            "day_name": "2025-01-12",
            "day_url": "portal-mac-2025-01-12/"
        },
        {
            "day_name": "2025-01-11",
            "day_url": "portal-mac-2025-01-11/"
        },
        {
            "day_name": "2025-01-10",
            "day_url": "portal-mac-2025-01-10/"
        },
        {
            "day_name": "2025-01-09",
            "day_url": "portal-mac-2025-01-09/"
        },
        {
            "day_name": "2025-01-08",
            "day_url": "portal-mac-2025-01-08/"
        },
        {
            "day_name": "2025-01-07",
            "day_url": "portal-mac-2025-01-07/"
        },
        {
            "day_name": "2025-01-06",
            "day_url": "portal-mac-2025-01-06/"
        },
        {
            "day_name": "2025-01-05",
            "day_url": "portal-mac-2025-01-05/"
        },
        {
            "day_name": "2025-01-04",
            "day_url": "portal-mac-2025-01-04/"
        },
        {
            "day_name": "2025-01-03",
            "day_url": "portal-mac-2025-01-03/"
        },
        {
            "day_name": "2025-01-02",
            "day_url": "portal-mac-2025-01-02/"
        },
        {
            "day_name": "2025-01-01",
            "day_url": "portal-mac-2025-01-01/"
        },
        {
            "day_name": "2024-12-31",
            "day_url": "portal-mac-2024-12-31/"
        },
        {
            "day_name": "2024-12-30",
            "day_url": "portal-mac-2024-12-30/"
        },
        {
            "day_name": "2024-12-29",
            "day_url": "portal-mac-2024-12-29/"
        },
        {
            "day_name": "2024-12-28",
            "day_url": "portal-mac-2024-12-28/"
        },
        {
            "day_name": "2024-12-27",
            "day_url": "portal-mac-2024-12-27/"
        },
        {
            "day_name": "2024-12-26",
            "day_url": "portal-mac-2024-12-26/"
        },
        {
            "day_name": "2024-12-25",
            "day_url": "portal-mac-2024-12-25/"
        },
        {
            "day_name": "2024-12-24",
            "day_url": "portal-mac-2024-12-24/"
        },
        {
            "day_name": "2024-12-23",
            "day_url": "portal-mac-2024-12-23/"
        },
        {
            "day_name": "2024-12-22",
            "day_url": "portal-mac-2024-12-22/"
        },
        {
            "day_name": "2024-12-21",
            "day_url": "portal-mac-2024-12-21/"
        },
        {
            "day_name": "2024-12-20",
            "day_url": "portal-mac-2024-12-20/"
        },
        {
            "day_name": "2024-12-19",
            "day_url": "portal-mac-2024-12-19/"
        },
        {
            "day_name": "2024-12-18",
            "day_url": "portal-mac-2024-12-18/"
        },
        {
            "day_name": "2024-12-17",
            "day_url": "portal-mac-2024-12-17/"
        },
        {
            "day_name": "2024-12-16",
            "day_url": "portal-mac-2024-12-16/"
        },
        {
            "day_name": "2024-12-15",
            "day_url": "portal-mac-2024-12-15/"
        },
        {
            "day_name": "2024-12-14",
            "day_url": "portal-mac-2024-12-14/"
        },
        {
            "day_name": "2024-12-13",
            "day_url": "portal-mac-2024-12-13/"
        },
        {
            "day_name": "2024-12-12",
            "day_url": "portal-mac-2024-12-12/"
        },
        {
            "day_name": "2024-12-11",
            "day_url": "portal-mac-2024-12-11/"
        },
        {
            "day_name": "2024-12-10",
            "day_url": "portal-mac-2024-12-10/"
        },
        {
            "day_name": "2024-12-09",
            "day_url": "portal-mac-2024-12-09/"
        },
        {
            "day_name": "2024-12-08",
            "day_url": "portal-mac-2024-12-08/"
        },
        {
            "day_name": "2024-12-07",
            "day_url": "portal-mac-2024-12-07/"
        },
        {
            "day_name": "2024-12-06",
            "day_url": "portal-mac-2024-12-06/"
        },
        {
            "day_name": "2024-12-05",
            "day_url": "portal-mac-2024-12-05/"
        },
        {
            "day_name": "2024-12-04",
            "day_url": "portal-mac-2024-12-04/"
        },
        {
            "day_name": "2024-12-03",
            "day_url": "portal-mac-2024-12-03/"
        },
        {
            "day_name": "2024-12-02",
            "day_url": "portal-mac-2024-12-02/"
        },
        {
            "day_name": "2024-12-01",
            "day_url": "portal-mac-2024-12-01/"
        },
        {
            "day_name": "2024-11-30",
            "day_url": "portal-mac-2024-11-30/"
        },
        {
            "day_name": "2024-11-29",
            "day_url": "portal-mac-2024-11-29/"
        },
        {
            "day_name": "2024-11-28",
            "day_url": "portal-mac-2024-11-28/"
        },
        {
            "day_name": "2024-11-27",
            "day_url": "portal-mac-2024-11-27/"
        },
        {
            "day_name": "2024-11-26",
            "day_url": "portal-mac-2024-11-26/"
        },
        {
            "day_name": "2024-11-25",
            "day_url": "portal-mac-2024-11-25/"
        },
        {
            "day_name": "2024-11-24",
            "day_url": "portal-mac-2024-11-24/"
        },
        {
            "day_name": "2024-11-23",
            "day_url": "portal-mac-2024-11-23/"
        },
        {
            "day_name": "2024-11-22",
            "day_url": "portal-mac-2024-11-22/"
        },
        {
            "day_name": "2024-11-21",
            "day_url": "portal-mac-2024-11-21/"
        },
        {
            "day_name": "2024-11-20",
            "day_url": "portal-mac-2024-11-20/"
        },
        {
            "day_name": "2024-11-19",
            "day_url": "portal-mac-2024-11-19/"
        },
        {
            "day_name": "2024-11-18",
            "day_url": "portal-mac-2024-11-18/"
        },
        {
            "day_name": "2024-11-17",
            "day_url": "portal-mac-2024-11-17/"
        },
        {
            "day_name": "2024-11-16",
            "day_url": "portal-mac-2024-11-16/"
        },
        {
            "day_name": "2024-11-15",
            "day_url": "portal-mac-2024-11-15/"
        },
        {
            "day_name": "2024-11-14",
            "day_url": "portal-mac-2024-11-14/"
        },
        {
            "day_name": "2024-11-13",
            "day_url": "portal-mac-2024-11-13/"
        },
        {
            "day_name": "2024-11-12",
            "day_url": "portal-mac-2024-11-12/"
        },
        {
            "day_name": "2024-11-11",
            "day_url": "portal-mac-2024-11-11/"
        },
        {
            "day_name": "2024-11-10",
            "day_url": "portal-mac-2024-11-10/"
        },
        {
            "day_name": "2024-11-09",
            "day_url": "portal-mac-2024-11-09/"
        },
        {
            "day_name": "2024-11-08",
            "day_url": "portal-mac-2024-11-08/"
        },
        {
            "day_name": "2024-11-07",
            "day_url": "portal-mac-2024-11-07/"
        },
        {
            "day_name": "2024-11-06",
            "day_url": "portal-mac-2024-11-06/"
        },
        {
            "day_name": "2024-11-05",
            "day_url": "portal-mac-2024-11-05/"
        },
        {
            "day_name": "2024-11-04",
            "day_url": "portal-mac-2024-11-04/"
        },
        {
            "day_name": "2024-11-03",
            "day_url": "portal-mac-2024-11-03/"
        },
        {
            "day_name": "2024-11-02",
            "day_url": "portal-mac-2024-11-02/"
        },
        {
            "day_name": "2024-11-01",
            "day_url": "portal-mac-2024-11-01/"
        },
        {
            "day_name": "2024-10-31",
            "day_url": "portal-mac-2024-10-31/"
        },
        {
            "day_name": "2024-10-30",
            "day_url": "portal-mac-2024-10-30/"
        },
        {
            "day_name": "2024-10-29",
            "day_url": "portal-mac-2024-10-29/"
        },
        {
            "day_name": "2024-10-28",
            "day_url": "portal-mac-2024-10-28/"
        },
        {
            "day_name": "2024-10-27",
            "day_url": "portal-mac-2024-10-27/"
        },
        {
            "day_name": "2024-10-26",
            "day_url": "portal-mac-2024-10-26/"
        },
        {
            "day_name": "2024-10-25",
            "day_url": "portal-mac-2024-10-25/"
        },
        {
            "day_name": "2024-10-24",
            "day_url": "portal-mac-2024-10-24/"
        },
        {
            "day_name": "2024-10-23",
            "day_url": "portal-mac-2024-10-23/"
        },
        {
            "day_name": "2024-10-22",
            "day_url": "portal-mac-2024-10-22/"
        },
        {
            "day_name": "2024-10-21",
            "day_url": "portal-mac-2024-10-21/"
        },
        {
            "day_name": "2024-10-20",
            "day_url": "portal-mac-2024-10-20/"
        },
        {
            "day_name": "2024-10-19",
            "day_url": "portal-mac-2024-10-19/"
        },
        {
            "day_name": "2024-10-18",
            "day_url": "portal-mac-2024-10-18/"
        },
        {
            "day_name": "2024-10-17",
            "day_url": "portal-mac-2024-10-17/"
        },
        {
            "day_name": "2024-10-16",
            "day_url": "portal-mac-2024-10-16/"
        },
        {
            "day_name": "2024-10-15",
            "day_url": "portal-mac-2024-10-15/"
        },
        {
            "day_name": "2024-10-14",
            "day_url": "portal-mac-2024-10-14/"
        },
        {
            "day_name": "2024-10-13",
            "day_url": "portal-mac-2024-10-13/"
        },
        {
            "day_name": "2024-10-12",
            "day_url": "portal-mac-2024-10-12/"
        },
        {
            "day_name": "2024-10-11",
            "day_url": "portal-mac-2024-10-11/"
        },
        {
            "day_name": "2024-10-10",
            "day_url": "portal-mac-2024-10-10/"
        },
        {
            "day_name": "2024-10-09",
            "day_url": "portal-mac-2024-10-09/"
        },
        {
            "day_name": "2024-10-08",
            "day_url": "portal-mac-2024-10-08/"
        },
        {
            "day_name": "2024-10-07",
            "day_url": "portal-mac-2024-10-07/"
        },
        {
            "day_name": "2024-10-06",
            "day_url": "portal-mac-2024-10-06/"
        },
        {
            "day_name": "2024-10-05",
            "day_url": "portal-mac-2024-10-05/"
        },
        {
            "day_name": "2024-10-04",
            "day_url": "portal-mac-2024-10-04/"
        },
        {
            "day_name": "2024-10-03",
            "day_url": "portal-mac-2024-10-03/"
        },
        {
            "day_name": "2024-10-02",
            "day_url": "portal-mac-2024-10-02/"
        },
        {
            "day_name": "2024-10-01",
            "day_url": "portal-mac-2024-10-01/"
        },
        {
            "day_name": "2024-09-30",
            "day_url": "portal-mac-2024-09-30/"
        },
        {
            "day_name": "2024-09-29",
            "day_url": "portal-mac-2024-09-29/"
        },
        {
            "day_name": "2024-09-28",
            "day_url": "portal-mac-2024-09-28/"
        },
        {
            "day_name": "2024-09-27",
            "day_url": "portal-mac-2024-09-27/"
        },
        {
            "day_name": "2024-09-26",
            "day_url": "portal-mac-2024-09-26/"
        },
        {
            "day_name": "2024-09-25",
            "day_url": "portal-mac-2024-09-25/"
        },
        {
            "day_name": "2024-09-24",
            "day_url": "portal-mac-2024-09-24/"
        },
        {
            "day_name": "2024-09-23",
            "day_url": "portal-mac-2024-09-23/"
        },
        {
            "day_name": "2024-09-22",
            "day_url": "portal-mac-2024-09-22/"
        },
        {
            "day_name": "2024-09-21",
            "day_url": "portal-mac-2024-09-21/"
        },
        {
            "day_name": "2024-09-20",
            "day_url": "portal-mac-2024-09-20/"
        },
        {
            "day_name": "2024-09-19",
            "day_url": "portal-mac-2024-09-19/"
        },
        {
            "day_name": "2024-09-18",
            "day_url": "portal-mac-2024-09-18/"
        },
        {
            "day_name": "2024-09-17",
            "day_url": "portal-mac-2024-09-17/"
        },
        {
            "day_name": "2024-09-16",
            "day_url": "portal-mac-2024-09-16/"
        },
        {
            "day_name": "2024-09-15",
            "day_url": "portal-mac-2024-09-15/"
        },
        {
            "day_name": "2024-09-14",
            "day_url": "portal-mac-2024-09-14/"
        },
        {
            "day_name": "2024-09-13",
            "day_url": "portal-mac-2024-09-13/"
        },
        {
            "day_name": "2024-09-12",
            "day_url": "portal-mac-2024-09-12/"
        },
        {
            "day_name": "2024-09-11",
            "day_url": "portal-mac-2024-09-11/"
        },
        {
            "day_name": "2024-09-10",
            "day_url": "portal-mac-2024-09-10/"
        },
        {
            "day_name": "2024-09-09",
            "day_url": "portal-mac-2024-09-09/"
        },
        {
            "day_name": "2024-09-08",
            "day_url": "portal-mac-2024-09-08/"
        },
        {
            "day_name": "2024-09-07",
            "day_url": "portal-mac-2024-09-07/"
        },
        {
            "day_name": "2024-09-06",
            "day_url": "portal-mac-2024-09-06/"
        },
        {
            "day_name": "2024-09-05",
            "day_url": "portal-mac-2024-09-05/"
        },
        {
            "day_name": "2024-09-04",
            "day_url": "portal-mac-2024-09-04/"
        },
        {
            "day_name": "2024-09-03",
            "day_url": "portal-mac-2024-09-03/"
        },
        {
            "day_name": "2024-09-02",
            "day_url": "portal-mac-2024-09-02/"
        },
        {
            "day_name": "2024-09-01",
            "day_url": "portal-mac-2024-09-01/"
        },
        {
            "day_name": "2024-08-31",
            "day_url": "portal-mac-2024-08-31/"
        },
        {
            "day_name": "2024-08-29",
            "day_url": "portal-mac-2024-08-29/"
        },
        {
            "day_name": "2024-08-28",
            "day_url": "portal-mac-2024-08-28/"
        },
        {
            "day_name": "2024-08-27",
            "day_url": "portal-mac-2024-08-27/"
        },
        {
            "day_name": "2024-08-26",
            "day_url": "portal-mac-2024-08-26/"
        },
        {
            "day_name": "2024-08-25",
            "day_url": "portal-mac-2024-08-25/"
        },
        {
            "day_name": "2024-08-24",
            "day_url": "portal-mac-2024-08-24/"
        },
        {
            "day_name": "2024-08-23",
            "day_url": "portal-mac-2024-08-23/"
        },
        {
            "day_name": "2024-08-22",
            "day_url": "portal-mac-2024-08-22/"
        },
        {
            "day_name": "2024-08-21",
            "day_url": "portal-mac-2024-08-21/"
        },
        {
            "day_name": "2024-08-20",
            "day_url": "portal-mac-2024-08-20/"
        },
        {
            "day_name": "2024-08-19",
            "day_url": "portal-mac-2024-08-19/"
        },
        {
            "day_name": "2024-08-18",
            "day_url": "portal-mac-2024-08-18/"
        },
        {
            "day_name": "2024-08-17",
            "day_url": "portal-mac-2024-08-17/"
        },
        {
            "day_name": "2024-08-16",
            "day_url": "portal-mac-2024-08-16/"
        },
        {
            "day_name": "2024-08-15",
            "day_url": "portal-mac-2024-08-15/"
        },
        {
            "day_name": "2024-08-14",
            "day_url": "portal-mac-2024-08-14/"
        },
        {
            "day_name": "2024-08-13",
            "day_url": "portal-mac-2024-08-13/"
        },
        {
            "day_name": "2024-08-12",
            "day_url": "portal-mac-2024-08-12/"
        },
        {
            "day_name": "2024-08-11",
            "day_url": "portal-mac-2024-08-11/"
        },
        {
            "day_name": "2024-08-10",
            "day_url": "portal-mac-2024-08-10/"
        },
        {
            "day_name": "2024-08-09",
            "day_url": "portal-mac-2024-08-09/"
        },
        {
            "day_name": "2024-08-08",
            "day_url": "portal-mac-2024-08-08/"
        },
        {
            "day_name": "2024-08-07",
            "day_url": "portal-mac-2024-08-07/"
        },
        {
            "day_name": "2024-08-06",
            "day_url": "portal-mac-2024-08-06/"
        },
        {
            "day_name": "2024-08-05",
            "day_url": "portal-mac-2024-08-05/"
        },
        {
            "day_name": "2024-08-04",
            "day_url": "portal-mac-2024-08-04/"
        },
        {
            "day_name": "2024-08-03",
            "day_url": "portal-mac-2024-08-03/"
        },
        {
            "day_name": "2024-08-02",
            "day_url": "portal-mac-2024-08-02/"
        },
        {
            "day_name": "2024-08-01",
            "day_url": "portal-mac-2024-08-01/"
        },
        {
            "day_name": "2024-07-31",
            "day_url": "portal-mac-2024-07-31/"
        },
        {
            "day_name": "2024-07-30",
            "day_url": "portal-mac-2024-07-30/"
        },
        {
            "day_name": "2024-07-29",
            "day_url": "portal-mac-2024-07-29/"
        },
        {
            "day_name": "2024-07-28",
            "day_url": "portal-mac-2024-07-28/"
        },
        {
            "day_name": "2024-07-27",
            "day_url": "portal-mac-2024-07-27/"
        },
        {
            "day_name": "2024-07-26",
            "day_url": "portal-mac-2024-07-26/"
        },
        {
            "day_name": "2024-07-25",
            "day_url": "portal-mac-2024-07-25/"
        },
        {
            "day_name": "2024-07-24",
            "day_url": "portal-mac-2024-07-24/"
        },
        {
            "day_name": "2024-07-23",
            "day_url": "portal-mac-2024-07-23/"
        },
        {
            "day_name": "2024-07-22",
            "day_url": "portal-mac-2024-07-22/"
        },
        {
            "day_name": "2024-07-21",
            "day_url": "portal-mac-2024-07-21/"
        },
        {
            "day_name": "2024-07-20",
            "day_url": "portal-mac-2024-07-20/"
        },
        {
            "day_name": "2024-07-19",
            "day_url": "portal-mac-2024-07-19/"
        },
        {
            "day_name": "2024-07-18",
            "day_url": "portal-mac-2024-07-18/"
        },
        {
            "day_name": "2024-07-17",
            "day_url": "portal-mac-2024-07-17/"
        },
        {
            "day_name": "2024-07-16",
            "day_url": "portal-mac-2024-07-16/"
        },
        {
            "day_name": "2024-07-15",
            "day_url": "portal-mac-2024-07-15/"
        },
        {
            "day_name": "2024-07-14",
            "day_url": "portal-mac-2024-07-14/"
        },
        {
            "day_name": "2024-07-13",
            "day_url": "portal-mac-2024-07-13/"
        },
        {
            "day_name": "2024-07-12",
            "day_url": "portal-mac-2024-07-12/"
        },
        {
            "day_name": "2024-07-11",
            "day_url": "portal-mac-2024-07-11/"
        },
        {
            "day_name": "2024-07-10",
            "day_url": "portal-mac-2024-07-10/"
        },
        {
            "day_name": "2024-07-09",
            "day_url": "portal-mac-2024-07-09/"
        },
        {
            "day_name": "2024-07-08",
            "day_url": "portal-mac-2024-07-08/"
        },
        {
            "day_name": "2024-07-07",
            "day_url": "portal-mac-2024-07-07/"
        },
        {
            "day_name": "2024-07-06",
            "day_url": "portal-mac-2024-07-06/"
        },
        {
            "day_name": "2024-07-05",
            "day_url": "portal-mac-2024-07-05/"
        },
        {
            "day_name": "2024-07-04",
            "day_url": "portal-mac-2024-07-04/"
        },
        {
            "day_name": "2024-07-03",
            "day_url": "portal-mac-2024-07-03/"
        },
        {
            "day_name": "2024-07-02",
            "day_url": "portal-mac-2024-07-02/"
        },
        {
            "day_name": "2024-07-01",
            "day_url": "portal-mac-2024-07-01/"
        },
        {
            "day_name": "2024-06-30",
            "day_url": "portal-mac-2024-06-30/"
        },
        {
            "day_name": "2024-06-29",
            "day_url": "portal-mac-2024-06-29/"
        },
        {
            "day_name": "2024-06-28",
            "day_url": "portal-mac-2024-06-28/"
        },
        {
            "day_name": "2024-06-27",
            "day_url": "portal-mac-2024-06-27/"
        },
        {
            "day_name": "2024-06-26",
            "day_url": "portal-mac-2024-06-26/"
        },
        {
            "day_name": "2024-06-25",
            "day_url": "portal-mac-2024-06-25/"
        },
        {
            "day_name": "2024-06-24",
            "day_url": "portal-mac-2024-06-24/"
        },
        {
            "day_name": "2024-06-23",
            "day_url": "portal-mac-2024-06-23/"
        },
        {
            "day_name": "2024-06-22",
            "day_url": "portal-mac-2024-06-22/"
        },
        {
            "day_name": "2024-06-21",
            "day_url": "portal-mac-2024-06-21/"
        },
        {
            "day_name": "2024-06-20",
            "day_url": "portal-mac-2024-06-20/"
        },
        {
            "day_name": "2024-06-19",
            "day_url": "portal-mac-2024-06-19/"
        },
        {
            "day_name": "2024-06-18",
            "day_url": "portal-mac-2024-06-18/"
        },
        {
            "day_name": "2024-06-17",
            "day_url": "portal-mac-2024-06-17/"
        },
        {
            "day_name": "2024-06-16",
            "day_url": "portal-mac-2024-06-16/"
        },
        {
            "day_name": "2024-06-15",
            "day_url": "portal-mac-2024-06-15/"
        },
        {
            "day_name": "2024-06-14",
            "day_url": "portal-mac-2024-06-14/"
        },
        {
            "day_name": "2024-06-13",
            "day_url": "portal-mac-2024-06-13/"
        },
        {
            "day_name": "2024-06-12",
            "day_url": "portal-mac-2024-06-12/"
        },
        {
            "day_name": "2024-06-11",
            "day_url": "portal-mac-2024-06-11/"
        },
        {
            "day_name": "2024-06-10",
            "day_url": "portal-mac-2024-06-10/"
        },
        {
            "day_name": "2024-06-09",
            "day_url": "portal-mac-2024-06-09/"
        },
        {
            "day_name": "2024-06-08",
            "day_url": "portal-mac-2024-06-08/"
        },
        {
            "day_name": "2024-06-07",
            "day_url": "portal-mac-2024-06-07/"
        },
        {
            "day_name": "2024-06-06",
            "day_url": "portal-mac-2024-06-06/"
        },
        {
            "day_name": "2024-06-05",
            "day_url": "portal-mac-2024-06-05/"
        },
        {
            "day_name": "2024-06-04",
            "day_url": "portal-mac-2024-06-04/"
        },
        {
            "day_name": "2024-06-03",
            "day_url": "portal-mac-2024-06-03/"
        },
        {
            "day_name": "2024-06-02",
            "day_url": "portal-mac-2024-06-02/"
        },
        {
            "day_name": "2024-06-01",
            "day_url": "portal-mac-2024-06-01/"
        },
        {
            "day_name": "2024-05-31",
            "day_url": "portal-mac-2024-05-31/"
        },
        {
            "day_name": "2024-05-30",
            "day_url": "portal-mac-2024-05-30/"
        },
        {
            "day_name": "2024-05-29",
            "day_url": "portal-mac-2024-05-29/"
        },
        {
            "day_name": "2024-05-28",
            "day_url": "portal-mac-2024-05-28/"
        },
        {
            "day_name": "2024-05-27",
            "day_url": "portal-mac-2024-05-27/"
        },
        {
            "day_name": "2024-05-26",
            "day_url": "portal-mac-2024-05-26/"
        },
        {
            "day_name": "2024-05-25",
            "day_url": "portal-mac-2024-05-25/"
        },
        {
            "day_name": "2024-05-24",
            "day_url": "portal-mac-2024-05-24/"
        },
        {
            "day_name": "2024-05-23",
            "day_url": "portal-mac-2024-05-23/"
        },
        {
            "day_name": "2024-05-22",
            "day_url": "portal-mac-2024-05-22/"
        },
        {
            "day_name": "2024-05-21",
            "day_url": "portal-mac-2024-05-21/"
        },
        {
            "day_name": "2024-05-20",
            "day_url": "portal-mac-2024-05-20/"
        },
        {
            "day_name": "2024-05-19",
            "day_url": "portal-mac-2024-05-19/"
        },
        {
            "day_name": "2024-05-18",
            "day_url": "portal-mac-2024-05-18/"
        },
        {
            "day_name": "2024-05-17",
            "day_url": "portal-mac-2024-05-17/"
        },
        {
            "day_name": "2024-05-16",
            "day_url": "portal-mac-2024-05-16/"
        },
        {
            "day_name": "2024-05-15",
            "day_url": "portal-mac-2024-05-15/"
        },
        {
            "day_name": "2024-05-14",
            "day_url": "portal-mac-2024-05-14/"
        },
        {
            "day_name": "2024-05-13",
            "day_url": "portal-mac-2024-05-13/"
        },
        {
            "day_name": "2024-05-12",
            "day_url": "portal-mac-2024-05-12/"
        },
        {
            "day_name": "2024-05-11",
            "day_url": "portal-mac-2024-05-11/"
        },
        {
            "day_name": "2024-05-10",
            "day_url": "portal-mac-2024-05-10/"
        },
        {
            "day_name": "2024-05-09",
            "day_url": "portal-mac-2024-05-09/"
        },
        {
            "day_name": "2024-05-08",
            "day_url": "portal-mac-2024-05-08/"
        },
        {
            "day_name": "2024-05-07",
            "day_url": "portal-mac-2024-05-07/"
        },
        {
            "day_name": "2024-05-06",
            "day_url": "portal-mac-2024-05-06/"
        },
        {
            "day_name": "2024-05-05",
            "day_url": "portal-mac-2024-05-05/"
        },
        {
            "day_name": "2024-05-04",
            "day_url": "portal-mac-2024-05-04/"
        },
        {
            "day_name": "2024-05-03",
            "day_url": "portal-mac-2024-05-03/"
        },
        {
            "day_name": "2024-05-02",
            "day_url": "portal-mac-2024-05-02/"
        },
        {
            "day_name": "2024-05-01",
            "day_url": "portal-mac-2024-05-01/"
        },
        {
            "day_name": "2024-04-30",
            "day_url": "portal-mac-2024-04-30/"
        },
        {
            "day_name": "2024-04-29",
            "day_url": "portal-mac-2024-04-29/"
        },
        {
            "day_name": "2024-04-28",
            "day_url": "portal-mac-2024-04-28/"
        },
        {
            "day_name": "2024-04-27",
            "day_url": "portal-mac-2024-04-27/"
        },
        {
            "day_name": "2024-04-26",
            "day_url": "portal-mac-2024-04-26/"
        },
        {
            "day_name": "2024-04-24",
            "day_url": "portal-mac-2024-04-24/"
        },
        {
            "day_name": "2024-04-23",
            "day_url": "portal-mac-2024-04-23/"
        },
        {
            "day_name": "2024-04-22",
            "day_url": "portal-mac-2024-04-22/"
        },
        {
            "day_name": "2024-04-21",
            "day_url": "portal-mac-2024-04-21/"
        },
        {
            "day_name": "2024-04-20",
            "day_url": "portal-mac-2024-04-20/"
        },
        {
            "day_name": "2024-04-19",
            "day_url": "portal-mac-2024-04-19/"
        },
        {
            "day_name": "2024-04-18",
            "day_url": "portal-mac-2024-04-18/"
        },
        {
            "day_name": "2024-04-17",
            "day_url": "portal-mac-2024-04-17/"
        },
        {
            "day_name": "2024-04-16",
            "day_url": "portal-mac-2024-04-16/"
        },
        {
            "day_name": "2024-04-15",
            "day_url": "portal-mac-2024-04-15/"
        },
        {
            "day_name": "2024-04-14",
            "day_url": "portal-mac-2024-04-14/"
        },
        {
            "day_name": "2024-04-13",
            "day_url": "portal-mac-2024-04-13/"
        },
        {
            "day_name": "2024-04-12",
            "day_url": "portal-mac-2024-04-12/"
        },
        {
            "day_name": "2024-04-11",
            "day_url": "portal-mac-2024-04-11/"
        },
        {
            "day_name": "2024-04-09",
            "day_url": "portal-mac-2024-04-09/"
        },
        {
            "day_name": "2024-04-08",
            "day_url": "portal-mac-2024-04-08/"
        },
        {
            "day_name": "2024-04-07",
            "day_url": "portal-mac-2024-04-07/"
        },
        {
            "day_name": "2024-04-06",
            "day_url": "portal-mac-2024-04-06/"
        },
        {
            "day_name": "2024-04-05",
            "day_url": "portal-mac-2024-04-05/"
        },
        {
            "day_name": "2024-04-04",
            "day_url": "portal-mac-2024-04-04/"
        },
        {
            "day_name": "2024-04-03",
            "day_url": "portal-mac-2024-04-03/"
        },
        {
            "day_name": "2024-04-02",
            "day_url": "portal-mac-2024-04-02/"
        },
        {
            "day_name": "2024-04-01",
            "day_url": "portal-mac-2024-04-01/"
        },
        {
            "day_name": "2024-03-31",
            "day_url": "portal-mac-2024-03-31/"
        },
        {
            "day_name": "2024-03-30",
            "day_url": "portal-mac-2024-03-30/"
        },
        {
            "day_name": "2024-03-29",
            "day_url": "portal-mac-2024-03-29/"
        },
        {
            "day_name": "2024-03-28",
            "day_url": "portal-mac-2024-03-28/"
        },
        {
            "day_name": "2024-03-27",
            "day_url": "portal-mac-2024-03-27/"
        },
        {
            "day_name": "2024-03-26",
            "day_url": "portal-mac-2024-03-26/"
        },
        {
            "day_name": "2024-03-25",
            "day_url": "portal-mac-2024-03-25/"
        },
        {
            "day_name": "2024-03-24",
            "day_url": "portal-mac-2024-03-24/"
        },
        {
            "day_name": "2024-03-23",
            "day_url": "portal-mac-2024-03-23/"
        },
        {
            "day_name": "2024-03-22",
            "day_url": "portal-mac-2024-03-22/"
        },
        {
            "day_name": "2024-03-21",
            "day_url": "portal-mac-2024-03-21/"
        },
        {
            "day_name": "2024-03-19",
            "day_url": "portal-mac-2024-03-19/"
        },
        {
            "day_name": "2024-03-18",
            "day_url": "portal-mac-2024-03-18/"
        },
        {
            "day_name": "2024-03-17",
            "day_url": "portal-mac-2024-03-17/"
        },
        {
            "day_name": "2024-03-16",
            "day_url": "portal-mac-2024-03-16/"
        },
        {
            "day_name": "2024-03-15",
            "day_url": "portal-mac-2024-03-15/"
        },
        {
            "day_name": "2024-03-14",
            "day_url": "portal-mac-2024-03-14/"
        },
        {
            "day_name": "2024-03-13",
            "day_url": "portal-mac-2024-03-13/"
        },
        {
            "day_name": "2024-03-12",
            "day_url": "portal-mac-2024-03-12/"
        },
        {
            "day_name": "2024-03-11",
            "day_url": "portal-mac-2024-03-11/"
        },
        {
            "day_name": "2024-03-10",
            "day_url": "portal-mac-2024-03-10/"
        },
        {
            "day_name": "2024-03-09",
            "day_url": "portal-mac-2024-03-09/"
        },
        {
            "day_name": "2024-03-08",
            "day_url": "portal-mac-2024-03-08/"
        },
        {
            "day_name": "2024-03-07",
            "day_url": "portal-mac-2024-03-07/"
        },
        {
            "day_name": "2024-03-06",
            "day_url": "portal-mac-2024-03-06/"
        },
        {
            "day_name": "2024-03-05",
            "day_url": "portal-mac-2024-03-05/"
        },
        {
            "day_name": "2024-03-04",
            "day_url": "portal-mac-2024-03-04/"
        },
        {
            "day_name": "2024-03-03",
            "day_url": "portal-mac-2024-03-03/"
        },
        {
            "day_name": "2024-03-02",
            "day_url": "portal-mac-2024-03-02/"
        },
        {
            "day_name": "2024-03-01",
            "day_url": "portal-mac-2024-03-01/"
        },
        {
            "day_name": "2024-02-29",
            "day_url": "portal-mac-2024-02-29/"
        },
        {
            "day_name": "2024-02-28",
            "day_url": "portal-mac-2024-02-28/"
        },
        {
            "day_name": "2024-02-27",
            "day_url": "portal-mac-2024-02-27/"
        },
        {
            "day_name": "2024-02-26",
            "day_url": "portal-mac-2024-02-26/"
        },
        {
            "day_name": "2024-02-25",
            "day_url": "portal-mac-2024-02-25/"
        },
        {
            "day_name": "2024-02-24",
            "day_url": "portal-mac-2024-02-24/"
        },
        {
            "day_name": "2024-02-23",
            "day_url": "portal-mac-2024-02-23/"
        },
        {
            "day_name": "2024-02-22",
            "day_url": "portal-mac-2024-02-22/"
        },
        {
            "day_name": "2024-02-21",
            "day_url": "portal-mac-2024-02-21/"
        },
        {
            "day_name": "2024-02-20",
            "day_url": "portal-mac-2024-02-20/"
        },
        {
            "day_name": "2024-02-19",
            "day_url": "portal-mac-2024-02-19/"
        },
        {
            "day_name": "2024-02-18",
            "day_url": "portal-mac-2024-02-18/"
        },
        {
            "day_name": "2024-02-17",
            "day_url": "portal-mac-2024-02-17/"
        },
        {
            "day_name": "2024-02-16",
            "day_url": "portal-mac-2024-02-16/"
        },
        {
            "day_name": "2024-02-15",
            "day_url": "portal-mac-2024-02-15/"
        },
        {
            "day_name": "2024-02-14",
            "day_url": "portal-mac-2024-02-14/"
        },
        {
            "day_name": "2024-02-13",
            "day_url": "portal-mac-2024-02-13/"
        },
        {
            "day_name": "2024-02-12",
            "day_url": "portal-mac-2024-02-12/"
        },
        {
            "day_name": "2024-02-11",
            "day_url": "portal-mac-2024-02-11/"
        },
        {
            "day_name": "2024-02-10",
            "day_url": "portal-mac-2024-02-10/"
        },
        {
            "day_name": "2024-02-09",
            "day_url": "portal-mac-2024-02-09/"
        },
        {
            "day_name": "2024-02-08",
            "day_url": "portal-mac-2024-02-08/"
        },
        {
            "day_name": "2024-02-07",
            "day_url": "portal-mac-2024-02-07/"
        },
        {
            "day_name": "2024-02-06",
            "day_url": "portal-mac-2024-02-06/"
        },
        {
            "day_name": "2024-02-05",
            "day_url": "portal-mac-2024-02-05/"
        },
        {
            "day_name": "2024-02-04",
            "day_url": "portal-mac-2024-02-04/"
        },
        {
            "day_name": "2024-02-03",
            "day_url": "portal-mac-2024-02-03/"
        },
        {
            "day_name": "2024-02-02",
            "day_url": "portal-mac-2024-02-02/"
        },
        {
            "day_name": "2024-02-01",
            "day_url": "portal-mac-2024-02-01/"
        },
        {
            "day_name": "2024-01-31",
            "day_url": "portal-mac-2024-01-31/"
        },
        {
            "day_name": "2024-01-30",
            "day_url": "portal-mac-2024-01-30/"
        },
        {
            "day_name": "2024-01-29",
            "day_url": "portal-mac-2024-01-29/"
        },
        {
            "day_name": "2024-01-28",
            "day_url": "portal-mac-2024-01-28/"
        },
        {
            "day_name": "2024-01-27",
            "day_url": "portal-mac-2024-01-27/"
        },
        {
            "day_name": "2024-01-26",
            "day_url": "portal-mac-2024-01-26/"
        },
        {
            "day_name": "2024-01-25",
            "day_url": "portal-mac-2024-01-25/"
        },
        {
            "day_name": "2024-01-24",
            "day_url": "portal-mac-2024-01-24/"
        },
        {
            "day_name": "2024-01-23",
            "day_url": "portal-mac-2024-01-23/"
        },
        {
            "day_name": "2024-01-22",
            "day_url": "portal-mac-2024-01-22/"
        },
        {
            "day_name": "2024-01-21",
            "day_url": "portal-mac-2024-01-21/"
        },
        {
            "day_name": "2024-01-20",
            "day_url": "portal-mac-2024-01-20/"
        },
        {
            "day_name": "2024-01-19",
            "day_url": "portal-mac-2024-01-19/"
        },
        {
            "day_name": "2024-01-17",
            "day_url": "portal-mac-2024-01-17/"
        },
        {
            "day_name": "2024-01-16",
            "day_url": "portal-mac-2024-01-16/"
        },
        {
            "day_name": "2024-01-15",
            "day_url": "portal-mac-2024-01-15/"
        },
        {
            "day_name": "2024-01-14",
            "day_url": "portal-mac-2024-01-14/"
        },
        {
            "day_name": "2024-01-13",
            "day_url": "portal-mac-2024-01-13/"
        },
        {
            "day_name": "2024-01-12",
            "day_url": "portal-mac-2024-01-12/"
        },
        {
            "day_name": "2024-01-11",
            "day_url": "portal-mac-2024-01-11/"
        },
        {
            "day_name": "2024-01-10",
            "day_url": "portal-mac-2024-01-10/"
        },
        {
            "day_name": "2024-01-09",
            "day_url": "portal-mac-2024-01-09/"
        },
        {
            "day_name": "2024-01-08",
            "day_url": "portal-mac-2024-01-08/"
        },
        {
            "day_name": "2024-01-07",
            "day_url": "portal-mac-2024-01-07/"
        },
        {
            "day_name": "2024-01-06",
            "day_url": "portal-mac-2024-01-06/"
        },
        {
            "day_name": "2024-01-05",
            "day_url": "portal-mac-2024-01-05/"
        },
        {
            "day_name": "2024-01-04",
            "day_url": "portal-mac-2024-01-04/"
        },
        {
            "day_name": "2024-01-03",
            "day_url": "portal-mac-2024-01-03/"
        },
        {
            "day_name": "2024-01-02",
            "day_url": "portal-mac-2024-01-02/"
        },
        {
            "day_name": "2024-01-01",
            "day_url": "portal-mac-2024-01-01/"
        },
        {
            "day_name": "2023-12-31",
            "day_url": "portal-mac-2023-12-31/"
        },
        {
            "day_name": "2023-12-30",
            "day_url": "portal-mac-2023-12-30/"
        },
        {
            "day_name": "2023-12-29",
            "day_url": "portal-mac-2023-12-29/"
        },
        {
            "day_name": "2023-12-28",
            "day_url": "portal-mac-2023-12-28/"
        },
        {
            "day_name": "2023-12-27",
            "day_url": "portal-mac-2023-12-27/"
        },
        {
            "day_name": "2023-12-26",
            "day_url": "portal-mac-2023-12-26/"
        },
        {
            "day_name": "2023-12-25",
            "day_url": "portal-mac-2023-12-25/"
        },
        {
            "day_name": "2023-12-24",
            "day_url": "portal-mac-2023-12-24/"
        },
        {
            "day_name": "2023-12-23",
            "day_url": "portal-mac-2023-12-23/"
        },
        {
            "day_name": "2023-12-22",
            "day_url": "portal-mac-2023-12-22/"
        },
        {
            "day_name": "2023-12-21",
            "day_url": "portal-mac-2023-12-21/"
        },
        {
            "day_name": "2023-12-20",
            "day_url": "portal-mac-2023-12-20/"
        }
    ]
}