{
    "items": [
        {
            "server_name": "mysp03.wanicelife.com:8880",
            "server_url": "http://mysp03.wanicelife.com:8880/c/",
            "macs": [
                "00:1A:79:70:64:61",
                "00:1A:79:6C:E2:49"
            ]
        },
        {
            "server_name": "onmax.pro",
            "server_url": "http://onmax.pro/c/",
            "macs": [
                "00:1A:79:00:1B:4E",
                "00:1A:79:02:2F:86"
            ]
        },
        {
            "server_name": "4kplus.org:80",
            "server_url": "http://4kplus.org:80/c/",
            "macs": [
                "00:1a:79:00:01:d5",
                "00:1a:79:54:e5:36",
                "00:1a:79:b4:ba:c1",
                "00:1a:79:aa:da:58",
                "00:1a:79:0a:5f:0b",
                "00:1a:79:7c:4f:74",
                "00:1a:79:34:2f:91"
            ]
        },
        {
            "server_name": "xc.tvset.top",
            "server_url": "http://xc.tvset.top/c/",
            "macs": [
                "00:1A:79:00:00:22",
                "00:1A:79:00:00:88",
                "00:1A:79:00:01:E6",
                "00:1A:79:00:08:BE",
                "00:1A:79:00:10:10",
                "00:1A:79:00:10:02"
            ]
        },
        {
            "server_name": "megaatv.xyz:8080",
            "server_url": "http://megaatv.xyz:8080/c/",
            "macs": [
                "00:1A:79:00:20:66"
            ]
        },
        {
            "server_name": "iptvomax.xyz:80",
            "server_url": "http://iptvomax.xyz:80/c/",
            "macs": [
                "00:1A:79:00:00:00",
                "00:1A:79:00:00:09",
                "00:1A:79:00:00:0D",
                "00:1A:79:00:01:50",
                "00:1A:79:00:01:50",
                "00:1A:79:00:01:5F",
                "00:1A:79:00:02:03"
            ]
        },
        {
            "server_name": "adamtv.xyz:80",
            "server_url": "http://adamtv.xyz:80/c/",
            "macs": [
                "00:1A:79:04:2F:B0",
                "00:1A:79:04:7F:6E",
                "00:1A:79:08:88:00"
            ]
        },
        {
            "server_name": "ip.xtremetv.eu:8000",
            "server_url": "http://ip.xtremetv.eu:8000/c/",
            "macs": [
                "00:1a:79:39:52:9c"
            ]
        },
        {
            "server_name": "adarker.com:25461",
            "server_url": "http://adarker.com:25461/c/",
            "macs": [
                "00:1A:79:00:00:04",
                "00:1A:79:00:00:09"
            ]
        },
        {
            "server_name": "humiptv.live:8080",
            "server_url": "http://humiptv.live:8080/c/",
            "macs": [
                "00:1a:79:7a:fc:c0",
                "00:1a:79:90:b9:72"
            ]
        },
        {
            "server_name": "new.ivue.co:25461",
            "server_url": "http://new.ivue.co:25461/c/",
            "macs": [
                "00:1A:79:73:F7:DA"
            ]
        },
        {
            "server_name": "super-tvnow.com:80",
            "server_url": "http://super-tvnow.com:80/c/",
            "macs": [
                "00:1A:79:2B:15:3E",
                "00:1A:79:2D:28:58"
            ]
        },
        {
            "server_name": "dujpral.ddns.me:82",
            "server_url": "http://dujpral.ddns.me:82/c/",
            "macs": [
                "00:1A:79:70:91:A7",
                "00:1A:79:05:8A:E6",
                "00:1A:79:1D:EB:C8"
            ]
        },
        {
            "server_name": "balkanskispijun.xyz:12974",
            "server_url": "http://balkanskispijun.xyz:12974/c/",
            "macs": [
                "00:1A:79:2E:B7:C8"
            ]
        },
        {
            "server_name": "21-x1.com",
            "server_url": "http://21-x1.com/c/",
            "macs": [
                "00:1A:79:00:00:02",
                "00:1A:79:00:00:6A",
                "00:1A:79:00:00:59",
                "00:1A:79:00:05:04",
                "00:1A:79:00:0a:7e",
                "00:1A:79:00:1B:F5",
                "00:1A:79:00:3A:A4",
                "00:1A:79:00:3A:A4",
                "00:1A:79:00:3B:85",
                "00:1A:79:00:3C:3C",
                "00:1A:79:00:3B:EE",
                "00:1A:79:00:3C:C5",
                "00:1A:79:00:3D:9B",
                "00:1A:79:00:3D:A3",
                "00:1A:79:00:3E:8E",
                "00:1A:79:00:3E:93",
                "00:1A:79:00:3E:9E",
                "00:1A:79:00:3E:6E",
                "00:1A:79:00:3E:74",
                "00:1A:79:00:3E:95",
                "00:1A:79:00:72:2b",
                "00:1A:79:00:78:2F",
                "00:1A:79:00:80:8F",
                "00:1A:79:00:81:A4",
                "00:1A:79:00:CD:90",
                "00:1A:79:01:5D:FE",
                "00:1A:79:01:69:2D"
            ]
        }
    ]
}