{
    "items": [
        {
            "server_name": "watch.push4k.tv",
            "server_url": "http://watch.push4k.tv/stalker_portal/c/",
            "macs": [
                "00:1A:79:3c:9f:76",
                "00:1A:79:b4:5b:67",
                "00:1A:79:21:32:e4",
                "00:1A:79:91:84:99",
                "00:1A:79:2e:ae:2a",
                "00:1A:79:5f:53:3d",
                "00:1A:79:8a:56:25",
                "00:1A:79:5b:bc:6c",
                "00:1A:79:7c:9f:e1",
                "00:1A:79:d3:64:c3",
                "00:1A:79:1b:47:52",
                "00:1A:79:0d:c2:d6",
                "00:1A:79:61:d0:2f",
                "00:1A:79:4c:8c:39",
                "00:1A:79:cf:8d:41",
                "00:1A:79:11:70:5b",
                "00:1A:79:a5:14:ef",
                "00:1A:79:11:d8:f8",
                "00:1A:79:84:e3:14",
                "00:1A:79:d3:17:cd",
                "00:1A:79:55:73:b7",
                "00:1A:79:5a:e9:0d",
                "00:1A:79:f4:3e:15",
                "00:1A:79:08:70:4e",
                "00:1A:79:97:43:33",
                "00:1A:79:6c:b1:ca",
                "00:1A:79:e2:35:63",
                "00:1A:79:0c:d9:83",
                "00:1A:79:56:e3:89",
                "00:1A:79:e0:b0:f4",
                "00:1A:79:53:bd:25",
                "00:1A:79:02:0a:7b"
            ]
        },
        {
            "server_name": "atg100.xyz:80",
            "server_url": "http://atg100.xyz:80/c/",
            "macs": [
                "00:1A:79:36:18:91",
                "00:1A:79:dc:67:e9",
                "00:1A:79:90:01:bb",
                "00:1A:79:77:9f:84",
                "00:1A:79:d8:b5:37"
            ]
        },
        {
            "server_name": "line.iseepremium.com:80",
            "server_url": "http://line.iseepremium.com:80/c/",
            "macs": [
                "00:1A:79:00:00:11"
            ]
        },
        {
            "server_name": "line.rs6ott.com:80",
            "server_url": "http://line.rs6ott.com:80/c/",
            "macs": [
                "00:1A:79:99:dd:d6",
                "00:1A:79:4f:ac:95"
            ]
        },
        {
            "server_name": "eu.majes-line.co:80",
            "server_url": "http://eu.majes-line.co:80/c/",
            "macs": [
                "00:1A:79:00:3D:5F",
                "00:1A:79:F5:6D:23",
                "00:1A:79:40:10:08",
                "00:1A:79:9B:62:59",
                "00:1A:79:FC:1F:65",
                "00:1A:79:D4:2D:10",
                "00:1A:79:B4:A0:98",
                "00:1A:79:54:2B:D6",
                "00:1A:79:D3:58:F6",
                "00:1A:79:7A:92:E8",
                "00:1A:79:43:D9:66",
                "00:1A:79:BE:4A:C0",
                "00:1A:79:E9:54:67",
                "00:1A:79:A0:7D:7B",
                "00:1A:79:B5:7C:46",
                "00:1A:79:3B:06:B7",
                "00:1A:79:C7:B4:D6",
                "00:1A:79:66:44:B5",
                "00:1A:79:1E:E8:28",
                "00:1A:79:F2:37:64",
                "00:1A:79:05:1A:51",
                "00:1A:79:5B:6A:AD",
                "00:1A:79:CA:5C:83",
                "00:1A:79:C4:D2:56",
                "00:1A:79:5C:B8:EA",
                "00:1A:79:61:3F:91",
                "00:1A:79:66:53:9D",
                "00:1A:79:AF:A3:B4",
                "00:1A:79:5C:CE:DF",
                "00:1A:79:B9:24:2A",
                "00:1A:79:30:31:37",
                "00:1A:79:4F:2F:38",
                "00:1A:79:A9:F7:3D",
                "00:1A:79:A8:10:4E",
                "00:1A:79:24:7B:0E",
                "00:1A:79:02:05:AA",
                "00:1A:79:C9:07:1F",
                "00:1A:79:5D:10:68",
                "00:1A:79:7F:3F:6F",
                "00:1A:79:3B:00:CA",
                "00:1A:79:B9:9C:68"
            ]
        },
        {
            "server_name": "1brown2.ddns.net",
            "server_url": "http://1brown2.ddns.net/c/",
            "macs": [
                "00:1A:79:00:13:C7",
                "00:1A:79:00:00:00",
                "00:1A:79:00:0B:BB",
                "00:1A:79:00:20:4A"
            ]
        },
        {
            "server_name": "appearmixer.maxott.me",
            "server_url": "http://appearmixer.maxott.me/c/",
            "macs": [
                "00:1A:79:10:12:68",
                "00:1A:79:58:fe:22",
                "00:1A:79:51:64:d8"
            ]
        },
        {
            "server_name": "eu.majes-line.co:80",
            "server_url": "http://eu.majes-line.co:80/c/",
            "macs": [
                "00:1A:79:9B:62:59"
            ]
        },
        {
            "server_name": "51.89.96.89:8080",
            "server_url": "http://51.89.96.89:8080/c/",
            "macs": [
                "00:1A:79:3c:85:57"
            ]
        },
        {
            "server_name": "iptvkosova.ml.gentv.to:8080",
            "server_url": "http://iptvkosova.ml.gentv.to:8080/c/",
            "macs": [
                "00:1A:79:AA:6B:A1",
                "00:1A:79:39:D0:AF"
            ]
        },
        {
            "server_name": "portal.xtv100.com",
            "server_url": "http://portal.xtv100.com/stalker_portal/c/",
            "macs": [
                "00:1A:79:03:21:8F",
                "00:1A:79:5A:CF:35"
            ]
        },
        {
            "server_name": "mag.redmytv.com",
            "server_url": "http://mag.redmytv.com/c/",
            "macs": [
                "00:1A:79:24:7F:A5",
                "00:1A:79:C3:6F:6A",
                "00:1A:79:5D:9C:BA",
                "00:1A:79:49:38:4B",
                "00:1A:79:40:0B:DB",
                "00:1A:79:72:F5:38",
                "00:1A:79:40:07:B4",
                "00:1A:79:C6:23:9B",
                "00:1A:79:AC:D7:9C",
                "00:1A:79:97:28:3F",
                "00:1A:79:5C:9F:5B",
                "00:1A:79:57:B8:C9",
                "00:1A:79:78:FD:60",
                "00:1A:79:9F:75:C1"
            ]
        },
        {
            "server_name": "watch.push4k.tv",
            "server_url": "http://watch.push4k.tv/stalker_portal/c/",
            "macs": [
                "00:1A:79:0A:67:ED",
                "00:1A:79:57:E4:7C",
                "00:1A:79:80:A9:27",
                "00:1A:79:06:8F:58",
                "00:1A:79:13:BB:73",
                "00:1A:79:A2:D1:48",
                "00:1A:79:06:A4:11",
                "00:1A:79:11:39:D1",
                "00:1A:79:13:C1:15",
                "00:1A:79:00:29:F8",
                "00:1A:79:20:5A:87",
                "00:1A:79:15:20:B3",
                "00:1A:79:15:66:A2",
                "00:1A:79:5D:3A:D5",
                "00:1A:79:5D:10:D2",
                "00:1A:79:03:22:7D",
                "00:1A:79:2C:7D:6C",
                "00:1A:79:17:37:3A",
                "00:1A:79:36:4B:CF",
                "00:1A:79:33:6C:F7"
            ]
        }
    ]
}