{
    "items": [
        {
            "server_name": "ultraflix.uk:8080",
            "server_url": "http://ultraflix.uk:8080/c/",
            "macs": [
                "00:1A:79:42:4A:32",
                "00:1A:79:42:31:00",
                "00:1A:79:35:3E:6A",
                "00:1A:79:14:20:AA",
                "00:1A:79:E7:09:99",
                "00:1A:79:34:4D:DA",
                "00:1A:79:51:B8:91",
                "00:1A:79:96:0E:D0",
                "00:1A:79:C9:73:B7",
                "00:1A:79:22:C2:04",
                "00:1A:79:8B:83:6D",
                "00:1A:79:B9:3D:53",
                "00:1A:79:69:78:B0",
                "00:1A:79:90:31:DD",
                "00:1A:79:54:39:93",
                "00:1A:79:56:2C:CB",
                "00:1A:79:0B:62:15",
                "00:1A:79:6C:45:1C",
                "00:1A:79:C3:FB:7D",
                "00:1A:79:13:B8:86",
                "00:1A:79:FC:15:27",
                "00:1A:79:14:1A:7E",
                "00:1A:79:DA:DB:BE",
                "00:1A:79:0F:62:1F",
                "00:1A:79:A6:1A:EB"
            ]
        },
        {
            "server_name": "hd-max.org:8080",
            "server_url": "http://hd-max.org:8080/c/",
            "macs": [
                "00:1a:79:ab:18:f9",
                "00:1a:79:a1:f2:97",
                "00:1a:79:0d:78:9e",
                "00:1a:79:ae:c8:39",
                "00:1a:79:ae:a3:0a",
                "00:1a:79:ae:c5:4f",
                "00:1a:79:a3:ab:fb",
                "00:1a:79:a6:ed:9a"
            ]
        }
    ]
}