{
    "items": [
        {
            "server_name": "marvelhd.eu:8080",
            "server_url": "http://marvelhd.eu:8080/c/",
            "macs": [
                "00:1a:79:60:51:21",
                "00:1a:79:1d:ac:7e",
                "00:1a:79:70:90:25"
            ]
        },
        {
            "server_name": "ip.xtremetv.eu:8000",
            "server_url": "http://ip.xtremetv.eu:8000/c/",
            "macs": [
                "00:1A:79:90:30:42"
            ]
        },
        {
            "server_name": "harakesh21.work:80",
            "server_url": "http://harakesh21.work:80/c/",
            "macs": [
                "00:1A:79:C7:02:2C",
                "00:1A:79:C9:79:8E"
            ]
        },
        {
            "server_name": "darktv.nl:80",
            "server_url": "http://darktv.nl:80/c/",
            "macs": [
                "00:1A:79:3C:5F:46",
                "00:1A:79:BB:FC:0D",
                "00:1A:79:40:AB:DF",
                "00:1A:79:58:20:6D",
                "00:1A:79:B5:0A:58"
            ]
        },
        {
            "server_name": "pp.prison8break.com:8080",
            "server_url": "http://pp.prison8break.com:8080/c/",
            "macs": [
                "00:1a:79:ab:55:48",
                "00:1a:79:ab:6c:26",
                "00:1a:79:ab:5f:a6",
                "00:1a:79:ab:a5:85",
                "00:1a:79:aa:c0:1a"
            ]
        },
        {
            "server_name": "matrix-ott.tv:8080",
            "server_url": "http://matrix-ott.tv:8080/c/",
            "macs": [
                "00:1a:79:57:e9:14",
                "00:1a:79:40:41:df",
                "00:1a:79:3f:bb:2b",
                "00:1a:79:31:ab:d0",
                "00:1a:79:6e:43:80"
            ]
        },
        {
            "server_name": "ch.bosstv.live:8080",
            "server_url": "http://ch.bosstv.live:8080/c/",
            "macs": [
                "00:1A:79:69:DF:81",
                "00:1A:79:EE:35:66",
                "00:1A:79:52:5D:A6",
                "00:1A:79:25:F5:FA",
                "00:1A:79:A0:1F:65"
            ]
        },
        {
            "server_name": "46.175.129.168:8080",
            "server_url": "http://46.175.129.168:8080/c/",
            "macs": [
                "00:1A:79:C3:2E:AD",
                "00:1A:79:31:DC:04"
            ]
        }
    ]
}