{
    "items": [
        {
            "server_name": "letmein.fun:8080",
            "server_url": "http://letmein.fun:8080/c/",
            "macs": [
                "00:1A:79:AE:D9:7A",
                "00:1A:79:20:85:32",
                "00:1A:79:A5:E3:6B",
                "00:1A:79:96:BD:F1",
                "00:1A:79:7F:D9:62",
                "00:1A:79:AB:53:C0",
                "00:1A:79:49:52:35",
                "00:1A:79:60:64:C4",
                "00:1A:79:48:A5:A5",
                "00:1A:79:D4:7F:84",
                "00:1A:79:AD:59:70",
                "00:1A:79:AB:57:11",
                "00:1A:79:22:8F:50",
                "00:1A:79:30:6A:D9",
                "00:1A:79:A5:0B:8E",
                "00:1A:79:22:AB:F1",
                "00:1A:79:42:2E:22",
                "00:1A:79:AA:86:3D",
                "00:1A:79:5A:E3:20",
                "00:1A:79:BA:13:01"
            ]
        },
        {
            "server_name": "afyrobs.xyz:8880",
            "server_url": "http://afyrobs.xyz:8880/c/",
            "macs": [
                "00:1A:79:82:D6:69",
                "00:1A:79:6D:00:91",
                "00:1A:79:59:79:DF",
                "00:1A:79:77:8A:A7",
                "00:1A:79:59:7A:02",
                "00:1A:79:A7:7F:89",
                "00:1A:79:4E:9F:C0",
                "00:1A:79:68:EC:44",
                "00:1A:79:49:D1:B9",
                "00:1A:79:29:2F:8B",
                "00:1A:79:55:58:1D",
                "00:1A:79:B2:65:15",
                "00:1A:79:41:B6:E2",
                "00:1A:79:5D:43:92",
                "00:1A:79:66:29:34"
            ]
        }
    ]
}