{
    "items": [
        {
            "server_name": "tv.tvzon.tv",
            "server_url": "http://tv.tvzon.tv/c/",
            "macs": [
                "00:1A:79:2A:35:D8"
            ]
        },
        {
            "server_name": "tptv.cz:34567",
            "server_url": "http://tptv.cz:34567/c/",
            "macs": [
                "00:1a:79:75:21:47",
                "00:1a:79:2c:da:ab",
                "00:1a:79:5a:8f:40",
                "00:1a:79:e6:57:5d",
                "00:1a:79:63:01:32",
                "00:1a:79:33:6f:40",
                "00:1a:79:30:ea:35"
            ]
        },
        {
            "server_name": "crowntv.xyz",
            "server_url": "http://crowntv.xyz/c/",
            "macs": [
                "00:1A:79:f5:59:60"
            ]
        },
        {
            "server_name": "69.tvzon.me",
            "server_url": "http://69.tvzon.me/c/",
            "macs": [
                "00:1A:79:c1:45:70",
                "00:1A:79:9c:47:63",
                "00:1A:79:c1:15:92",
                "00:1A:79:4e:92:e7"
            ]
        },
        {
            "server_name": "watch.push4k.tv",
            "server_url": "http://watch.push4k.tv/stalker_portal/c/",
            "macs": [
                "00:1A:79:E9:79:62",
                "00:1A:79:58:6E:82",
                "00:1A:79:54:19:A1",
                "00:1A:79:63:A0:B0",
                "00:1A:79:04:EE:CF",
                "00:1A:79:FB:1D:6C",
                "00:1A:79:40:83:4A",
                "00:1A:79:66:85:41",
                "00:1A:79:40:F1:E7",
                "00:1A:79:41:43:D1",
                "00:1A:79:00:00:99",
                "00:1A:79:00:0F:94",
                "00:1A:79:00:1A:24",
                "00:1A:79:00:29:F8",
                "00:1A:79:00:37:E2",
                "00:1A:79:64:B5:48",
                "00:1A:79:6A:08:79",
                "00:1A:79:63:41:4F",
                "00:1A:79:73:75:66",
                "00:1A:79:72:E2:8B",
                "00:1A:79:49:1F:8D",
                "00:1A:79:4A:AF:74",
                "00:1A:79:6A:99:46",
                "00:1A:79:72:0E:75",
                "00:1A:79:5C:7C:83",
                "00:1A:79:49:20:32",
                "00:1A:79:68:FA:6E"
            ]
        },
        {
            "server_name": "king.viviotv.xyz",
            "server_url": "http://king.viviotv.xyz/c/",
            "macs": [
                "00:1A:79:79:72:22",
                "00:1A:79:97:13:d2",
                "00:1A:79:0b:8a:e6",
                "00:1A:79:77:da:4f",
                "00:1A:79:5e:3b:8e",
                "00:1A:79:4f:33:40",
                "00:1A:79:e5:b0:74",
                "00:1A:79:e6:6d:e9",
                "00:1A:79:51:48:55",
                "00:1A:79:62:9d:10",
                "00:1A:79:b6:80:93",
                "00:1A:79:1c:10:c5",
                "00:1A:79:e7:13:47",
                "00:1A:79:d5:76:68",
                "00:1A:79:ba:19:b7",
                "00:1A:79:a8:f3:53",
                "00:1A:79:75:d4:11",
                "00:1A:79:33:16:f7",
                "00:1A:79:a6:63:28",
                "00:1A:79:2d:f4:5d",
                "00:1A:79:64:ee:4b",
                "00:1A:79:62:05:fb",
                "00:1A:79:73:0c:7d",
                "00:1A:79:af:19:23",
                "00:1A:79:1b:94:18",
                "00:1A:79:62:b2:ee",
                "00:1A:79:76:6f:08",
                "00:1A:79:c7:6b:4b",
                "00:1A:79:b2:6f:9d",
                "00:1A:79:20:bd:c1",
                "00:1A:79:c1:3f:f5",
                "00:1A:79:52:84:5d"
            ]
        }
    ]
}