{
    "items": [
        {
            "server_name": "new.ivue.co:25461",
            "server_url": "http://new.ivue.co:25461/c/",
            "macs": [
                "00:1A:79:00:2A:76",
                "00:1A:79:00:2A:AE",
                "00:1A:79:00:37:CC",
                "00:1A:79:00:3C:51",
                "00:1A:79:00:3F:39",
                "00:1A:79:00:48:44",
                "00:1A:79:00:4A:89",
                "00:1A:79:00:2A:76"
            ]
        },
        {
            "server_name": "myf-tv.com:8080",
            "server_url": "http://myf-tv.com:8080/c/",
            "macs": [
                "00:1A:79:11:6F:CC",
                "00:1a:79:ae:93:9a"
            ]
        },
        {
            "server_name": "bye.ok3.se",
            "server_url": "http://bye.ok3.se/stalker_portal/c/",
            "macs": [
                "00:1A:79:bd:7f:12"
            ]
        },
        {
            "server_name": "pt.chape-shop.com:8080",
            "server_url": "http://pt.chape-shop.com:8080/c/",
            "macs": [
                "00:1a:79:30:39:a8",
                "00:1a:79:78:0d:fb",
                "00:1a:79:44:22:2d",
                "00:1a:79:36:de:ec",
                "00:1a:79:79:1a:b5",
                "00:1a:79:36:fb:2c"
            ]
        },
        {
            "server_name": "darktv.eu",
            "server_url": "http://darktv.eu/c/",
            "macs": [
                "00:1A:79:83:7F:79",
                "00:1A:79:11:5F:12",
                "00:1A:79:F5:DE:81",
                "00:1A:79:13:11:5A",
                "00:1A:79:4E:B8:D6",
                "00:1A:79:5D:10:FD",
                "00:1A:79:4A:D6:DB"
            ]
        },
        {
            "server_name": "memotv.xyz:8080",
            "server_url": "http://memotv.xyz:8080/c/",
            "macs": [
                "00:1A:79:41:C6:31",
                "00:1A:79:4C:0F:66",
                "00:1A:79:3B:EF:A0"
            ]
        },
        {
            "server_name": "main.4k-ott.com:80",
            "server_url": "http://main.4k-ott.com:80/c/",
            "macs": [
                "00:1a:79:4c:69:d6",
                "00:1a:79:36:35:65",
                "00:1a:79:4b:d0:12",
                "00:1a:79:47:7e:f6",
                "00:1a:79:3f:6a:2c",
                "00:1a:79:3a:ce:2f",
                "00:1a:79:40:3d:66",
                "00:1a:79:37:a9:12",
                "00:1a:79:42:f0:d5",
                "00:1a:79:35:a0:ac",
                "00:1a:79:37:17:1d",
                "00:1a:79:33:15:25",
                "00:1a:79:30:4f:ac",
                "00:1a:79:31:34:31",
                "00:1a:79:4e:e8:99",
                "00:1a:79:4b:c2:40",
                "00:1a:79:47:46:5c",
                "00:1a:79:4a:00:44",
                "00:1a:79:34:96:f7",
                "00:1a:79:4c:36:ed",
                "00:1a:79:3f:13:bc",
                "00:1a:79:31:3f:0c",
                "00:1a:79:32:b1:4c",
                "00:1a:79:3a:a8:f0",
                "00:1a:79:49:94:9c",
                "00:1a:79:31:da:f0",
                "00:1a:79:37:d7:f9",
                "00:1a:79:30:8f:b3",
                "00:1a:79:4e:f8:62"
            ]
        },
        {
            "server_name": "webtv360.org:8000",
            "server_url": "http://webtv360.org:8000/c/",
            "macs": [
                "00:1A:79:3A:16:7A"
            ]
        },
        {
            "server_name": "webtv360.org:8000",
            "server_url": "http://webtv360.org:8000/c/",
            "macs": [
                "00:1A:79:A9:21:69"
            ]
        },
        {
            "server_name": "webtv360.org:8000",
            "server_url": "http://webtv360.org:8000/c/",
            "macs": [
                "00:1A:79:16:09:83"
            ]
        },
        {
            "server_name": "line.rs4ott.com",
            "server_url": "http://line.rs4ott.com/c/",
            "macs": [
                "00:1A:79:B4:57:FB",
                "00:1A:79:8B:29:7C",
                "00:1A:79:B4:57:FB",
                "00:1a:79:b0:5a:89",
                "00:1a:79:b8:69:47",
                "00:1a:79:02:06:bd",
                "00:1a:79:39:7e:6b",
                "00:1a:79:78:de:32"
            ]
        },
        {
            "server_name": "ghost-x99.uno:8080",
            "server_url": "http://ghost-x99.uno:8080/c/",
            "macs": [
                "00:1a:79:b7:87:1e",
                "00:1a:79:b7:87:1e",
                "00:1a:79:a7:ab:b3",
                "00:1a:79:be:98:97",
                "00:1a:79:bd:12:4f",
                "00:1a:79:ae:b1:d4"
            ]
        },
        {
            "server_name": "globe4.midomed.com:8883",
            "server_url": "http://globe4.midomed.com:8883/c/",
            "macs": [
                "00:1a:79:56:39:5c",
                "00:1A:79:6E:17:3E"
            ]
        },
        {
            "server_name": "ludzbunjennormalan.xyz:12974",
            "server_url": "http://ludzbunjennormalan.xyz:12974/c/",
            "macs": [
                "00:1A:79:31:77:F7"
            ]
        },
        {
            "server_name": "kamiondzije.xyz:12974",
            "server_url": "http://kamiondzije.xyz:12974/c/",
            "macs": [
                "00:1A:79:41:C4:63"
            ]
        },
        {
            "server_name": "195.154.255.144:8000",
            "server_url": "http://195.154.255.144:8000/c/",
            "macs": [
                "00:1A:79:43:85:9C"
            ]
        },
        {
            "server_name": "vipmainz.xyz:7071",
            "server_url": "http://vipmainz.xyz:7071/c/",
            "macs": [
                "00:1A:79:64:04:A6"
            ]
        },
        {
            "server_name": "liveline.store:8000",
            "server_url": "http://liveline.store:8000/c/",
            "macs": [
                "00:1a:79:3d:24:7a"
            ]
        },
        {
            "server_name": "ottplatinum.pro",
            "server_url": "http://ottplatinum.pro/c/",
            "macs": [
                "00:1A:79:FD:D3:A1",
                "00:1A:79:AB:A2:62",
                "00:1A:79:AB:19:70",
                "00:1A:79:5A:37:46"
            ]
        },
        {
            "server_name": "portal.ramz123.xyz:8080",
            "server_url": "http://portal.ramz123.xyz:8080/c/",
            "macs": [
                "00:1a:79:ab:46:5e"
            ]
        },
        {
            "server_name": "iptvworld.nl:2095",
            "server_url": "http://iptvworld.nl:2095/c/",
            "macs": [
                "00:1a:79:49:c3:49"
            ]
        },
        {
            "server_name": "jb.worldip.nl:80",
            "server_url": "http://jb.worldip.nl:80/c/",
            "macs": [
                "00:1A:79:40:A8:7A"
            ]
        },
        {
            "server_name": "line.crystal-ott.com:80",
            "server_url": "http://line.crystal-ott.com:80/c/",
            "macs": [
                "00:1a:79:01:53:e9"
            ]
        }
    ]
}