{
    "items": [
        {
            "server_name": "91.134.214.231",
            "server_url": "http://91.134.214.231/stalker_portal/c/",
            "macs": [
                "00:1A:79:25:A5:5B",
                "00:1A:79:38:EB:14",
                "00:1a:79:17:4a:56",
                "00:1A:79:37:28:12",
                "00:1A:79:01:A9:C9",
                "00:1A:79:3D:7A:CA",
                "00:1A:79:1F:AC:5D",
                "00:1A:79:2B:07:D3"
            ]
        },
        {
            "server_name": "pro.xviptv.com",
            "server_url": "http://pro.xviptv.com/c/",
            "macs": [
                "00:1a:79:55:61:20",
                "00:1a:79:bc:53:ad"
            ]
        },
        {
            "server_name": "tornado.netlink4.com:8000",
            "server_url": "http://tornado.netlink4.com:8000/c/",
            "macs": [
                "00:1A:79:A6:C9:47",
                "00:1A:79:AE:6B:53",
                "00:1A:79:31:CB:86"
            ]
        },
        {
            "server_name": "www.funmitra.com:8080",
            "server_url": "http://www.funmitra.com:8080/c/",
            "macs": [
                "00:1a:79:03:0f:94",
                "00:1a:79:72:05:86",
                "00:1a:79:b7:35:03",
                "00:1a:79:7c:6b:d2",
                "00:1a:79:60:5a:10",
                "00:1a:79:d6:a8:04",
                "00:1a:79:e9:4a:af",
                "00:1a:79:00:23:3c",
                "00:1a:79:c8:34:91",
                "00:1a:79:ab:83:be"
            ]
        },
        {
            "server_name": "tv.pro-ott.com",
            "server_url": "http://tv.pro-ott.com/c/",
            "macs": [
                "00:1a:79:6d:a3:61",
                "00:1a:79:41:d8:13"
            ]
        },
        {
            "server_name": "m.acrwebiptv.com",
            "server_url": "http://m.acrwebiptv.com/c/",
            "macs": [
                "00:1A:79:1E:9C:6B",
                "00:1A:79:6B:DD:DA",
                "00:1A:79:3F:6B:DF"
            ]
        },
        {
            "server_name": "medotv.nl:8000",
            "server_url": "http://medotv.nl:8000/c/",
            "macs": [
                "00:1a:79:3d:87:a3",
                "00:1a:79:b6:56:10"
            ]
        },
        {
            "server_name": "letmein.fun:8080",
            "server_url": "http://letmein.fun:8080/c/",
            "macs": [
                "00:1a:79:d6:a6:ee",
                "00:1a:79:a6:70:01",
                "00:1a:79:36:be:1c",
                "00:1a:79:df:78:47",
                "00:1a:79:d8:e4:97",
                "00:1a:79:c3:2e:61",
                "00:1a:79:45:75:8c",
                "00:1a:79:ae:b0:1f",
                "00:1a:79:18:d1:2a",
                "00:1a:79:b1:6d:fb",
                "00:1a:79:76:6d:be",
                "00:1a:79:ba:5d:84",
                "00:1a:79:04:29:e8",
                "00:1a:79:58:0c:29",
                "00:1a:79:6d:dd:89",
                "00:1a:79:44:1a:e7",
                "00:1a:79:bf:ec:ef",
                "00:1a:79:c3:0e:de"
            ]
        }
    ]
}