{
    "items": [
        {
            "server_name": "smattv.eatuo.com:25461",
            "server_url": "http://smattv.eatuo.com:25461/c/",
            "macs": [
                "18:C8:E7:04:5F:AD",
                "18:C8:E7:04:5F:78",
                "18:C8:E7:04:5F:BF",
                "18:C8:E7:04:5F:AC",
                "18:C8:E7:04:5F:B8",
                "18:C8:E7:04:5F:B7",
                "18:C8:E7:04:5F:C0",
                "18:C8:E7:04:5F:C8",
                "18:C8:E7:04:5F:CB",
                "18:C8:E7:04:5F:AA",
                "18:C8:E7:04:5F:D0",
                "18:C8:E7:04:5F:CD",
                "18:C8:E7:04:5F:D6",
                "18:C8:E7:04:5F:D7",
                "18:C8:E7:04:5F:B9",
                "18:C8:E7:04:5F:BA",
                "18:C8:E7:04:5F:D5",
                "18:C8:E7:04:5F:E2",
                "18:C8:E7:04:5F:D1",
                "18:C8:E7:04:5F:CC",
                "18:C8:E7:04:5F:DA",
                "18:C8:E7:04:5F:C2",
                "18:C8:E7:04:5F:CE",
                "18:C8:E7:04:5F:E6",
                "18:C8:E7:04:5F:CF",
                "18:C8:E7:04:5F:E9",
                "18:C8:E7:04:5F:BC",
                "18:C8:E7:04:5F:EE",
                "18:C8:E7:04:5F:EA",
                "18:C8:E7:04:5F:D8",
                "18:C8:E7:04:5F:CA",
                "18:C8:E7:04:5F:C5",
                "18:C8:E7:04:5F:C9",
                "18:C8:E7:04:5F:F3",
                "18:C8:E7:04:5F:F5",
                "18:C8:E7:04:5F:FB",
                "18:C8:E7:04:5F:E8",
                "18:C8:E7:04:5F:ED"
            ]
        },
        {
            "server_name": "naomefodas.ecosyst.eu",
            "server_url": "http://naomefodas.ecosyst.eu/c/",
            "macs": [
                "00:1A:79:60:5f:92",
                "00:1A:79:FB:0c:5f",
                "00:1A:79:F1:b0:a3",
                "00:1A:79:C3:bc:ce",
                "00:1A:79:60:69:a1",
                "00:1A:79:54:05:d7",
                "00:1A:79:40:20:35",
                "00:1A:79:A6:24:2e",
                "00:1A:79:60:05:1a",
                "00:1A:79:B5:c4:f4",
                "00:1A:79:C8:09:42",
                "00:1A:79:58:a5:4e",
                "00:1A:79:F1:b0:a5",
                "00:1A:79:70:5a:47",
                "00:1A:79:FA:07:73",
                "00:1A:79:01:71:ab",
                "00:1A:79:B6:72:2b",
                "00:1A:79:40:26:b5",
                "00:1A:79:01:6a:15",
                "00:1A:79:B5:91:0c",
                "00:1A:79:3D:54:70",
                "00:1A:79:70:22:76",
                "00:1A:79:B9:95:e9",
                "00:1A:79:C3:bf:0e",
                "00:1A:79:C2:92:87",
                "00:1A:79:C2:9a:d3",
                "00:1A:79:4F:73:2b",
                "00:1A:79:2F:94:36",
                "00:1A:79:F1:b3:91"
            ]
        },
        {
            "server_name": "letmein.fun:8080",
            "server_url": "http://letmein.fun:8080/c/",
            "macs": [
                "00:1A:79:96:BD:F1"
            ]
        },
        {
            "server_name": "185.254.196.8:7355",
            "server_url": "http://185.254.196.8:7355/c/",
            "macs": [
                "00:1A:79:0B:65:66",
                "00:1A:79:00:00:88"
            ]
        },
        {
            "server_name": "matrix-ott.tv:8080",
            "server_url": "http://matrix-ott.tv:8080/c/",
            "macs": [
                "00:1A:79:A7:E0:C6"
            ]
        },
        {
            "server_name": "portal.roshen.live",
            "server_url": "http://portal.roshen.live/stalker_portal/c/",
            "macs": [
                "00:1A:79:30:C5:74"
            ]
        },
        {
            "server_name": "pikasolu.top:8080",
            "server_url": "http://pikasolu.top:8080/c/",
            "macs": [
                "00:1A:79:B9:E1:29"
            ]
        },
        {
            "server_name": "141.95.171.185:8888",
            "server_url": "http://141.95.171.185:8888/c/",
            "macs": [
                "00:1A:79:4A:58:40"
            ]
        },
        {
            "server_name": "tvbezgranica.org:8000",
            "server_url": "http://tvbezgranica.org:8000/c/",
            "macs": [
                "00:1A:79:BA:AF:AA"
            ]
        },
        {
            "server_name": "darktv.nl",
            "server_url": "http://darktv.nl/c/",
            "macs": [
                "00:1A:79:11:1F:8D"
            ]
        },
        {
            "server_name": "23.88.84.30:2080",
            "server_url": "http://23.88.84.30:2080/stalker_portal/c/",
            "macs": [
                "00:1A:79:78:02:6F",
                "00:1A:79:72:9D:09",
                "00:1A:79:76:F7:F3",
                "00:1A:79:78:2D:E8",
                "00:1A:79:76:6C:4F",
                "00:1A:79:7A:DA:8B",
                "00:1A:79:5A:06:D8"
            ]
        },
        {
            "server_name": "dcgate.org:8080",
            "server_url": "http://dcgate.org:8080/c/",
            "macs": [
                "00:1A:79:9C:3F:92",
                "00:1A:79:40:22:23",
                "00:1A:79:90:B9:83",
                "00:1A:79:74:3F:4B",
                "00:1A:79:66:BF:CD",
                "00:1A:79:77:3E:A2",
                "00:1A:79:C5:4E:22",
                "00:1A:79:CD:CA:DA",
                "00:1A:79:8D:FE:F4",
                "00:1A:79:D6:01:35",
                "00:1A:79:59:C9:D1",
                "00:1A:79:D4:5F:5B",
                "00:1A:79:A7:CC:35",
                "00:1A:79:E9:02:BF",
                "00:1A:79:F9:95:A2",
                "00:1A:79:C9:17:76",
                "00:1A:79:2F:70:3B",
                "00:1A:79:3C:3C:4F",
                "00:1A:79:ED:62:3D",
                "00:1A:79:BE:90:E8"
            ]
        },
        {
            "server_name": "193.109.136.14:9898",
            "server_url": "http://193.109.136.14:9898/c/",
            "macs": [
                "00:1A:79:9C:2C:03",
                "00:1A:79:67:8C:C8",
                "00:1A:79:37:72:A4",
                "00:1A:79:5E:D8:20"
            ]
        }
    ]
}