{
    "items": [
        {
            "server_name": "iboxs.club",
            "server_url": "http://iboxs.club/c/",
            "macs": [
                "00:1a:79:b0:71:ef",
                "00:1a:79:ad:02:9a",
                "00:1a:79:4b:86:e6"
            ]
        },
        {
            "server_name": "silver.stamina-tv.com:8080",
            "server_url": "http://silver.stamina-tv.com:8080/c/",
            "macs": [
                "00:1a:79:9c:7a:98",
                "00:1a:79:90:12:de",
                "00:1a:79:31:df:ce",
                "00:1a:79:d4:5b:e2",
                "00:1a:79:92:c2:5d",
                "00:1a:79:5f:d5:5f",
                "00:1a:79:2d:3d:c7",
                "00:1a:79:51:b5:c1"
            ]
        },
        {
            "server_name": "kb007.xyz",
            "server_url": "http://kb007.xyz/c/",
            "macs": [
                "00:1a:79:72:ef:35",
                "00:1a:79:5f:eb:cd",
                "00:1a:79:77:35:b5",
                "00:1a:79:c1:88:7a",
                "00:1a:79:b7:86:d4"
            ]
        },
        {
            "server_name": "letmein.fun:8080",
            "server_url": "http://letmein.fun:8080/c/",
            "macs": [
                "00:1a:79:ae:50:16",
                "00:1a:79:ac:c7:2a",
                "00:1a:79:ad:04:59",
                "00:1a:79:a9:f7:7b",
                "00:1a:79:a9:f2:75",
                "00:1a:79:a3:11:88"
            ]
        },
        {
            "server_name": "ipflix.click:8080",
            "server_url": "http://ipflix.click:8080/c/",
            "macs": [
                "00:1a:79:6d:49:69",
                "00:1a:79:4f:54:c0",
                "00:1a:79:4c:1b:68",
                "00:1a:79:ae:1b:f0"
            ]
        },
        {
            "server_name": "connect.proxytx.cloud",
            "server_url": "http://connect.proxytx.cloud/c/",
            "macs": [
                "00:1A:79:c1:f3:dc"
            ]
        },
        {
            "server_name": "powerip.be:8000",
            "server_url": "http://powerip.be:8000/c/",
            "macs": [
                "00:1a:79:a2:10:2d",
                "00:1a:79:a6:59:2a",
                "00:1a:79:b4:94:74",
                "00:1a:79:8a:de:98",
                "00:1a:79:4c:94:36",
                "00:1a:79:f4:5b:ad",
                "00:1a:79:a8:86:92"
            ]
        },
        {
            "server_name": "unblock2.king-box.tv",
            "server_url": "http://unblock2.king-box.tv/c/",
            "macs": [
                "00:1a:79:c7:c4:c7",
                "00:1a:79:6e:be:8a",
                "00:1a:79:c2:9b:62",
                "00:1a:79:ac:24:97",
                "00:1a:79:59:83:4a",
                "00:1a:79:6c:cb:89"
            ]
        },
        {
            "server_name": "promaxhd.com:8080",
            "server_url": "http://promaxhd.com:8080/c/",
            "macs": [
                "00:1a:79:3a:f9:2b",
                "00:1a:79:31:db:12",
                "00:1a:79:47:52:36",
                "00:1a:79:3b:00:84",
                "00:1a:79:37:92:34",
                "00:1a:79:34:3e:33",
                "00:1a:79:46:5b:7a"
            ]
        },
        {
            "server_name": "dcgate.org:8080",
            "server_url": "http://dcgate.org:8080/c/",
            "macs": [
                "00:1A:79:A2:2C:18",
                "00:1A:79:AB:A2:2A",
                "00:1A:79:29:F0:19"
            ]
        },
        {
            "server_name": "cooliptv.club",
            "server_url": "http://cooliptv.club/c/",
            "macs": [
                "00:1a:79:5c:f5:d7",
                "00:1a:79:52:19:96"
            ]
        },
        {
            "server_name": "poyraz67.com:8080",
            "server_url": "http://poyraz67.com:8080/c/",
            "macs": [
                "00:1a:79:2a:d2:2b",
                "00:1a:79:45:6d:b9"
            ]
        }
    ]
}