{
    "items": [
        {
            "server_name": "193.109.136.14:9898",
            "server_url": "http://193.109.136.14:9898/c/",
            "macs": [
                "00:1a:79:f0:6f:c0",
                "00:1A:79:AB:56:5D",
                "00:1a:79:c0:d7:ca",
                "00:1A:79:41:CF:4B",
                "00:1A:79:40:6A:35",
                "00:1A:79:5F:ED:04",
                "00:1a:79:a4:d5:62",
                "00:1a:79:a3:b4:2b"
            ]
        },
        {
            "server_name": "harakesh21.work:80",
            "server_url": "http://harakesh21.work:80/c/",
            "macs": [
                "00:1A:79:C7:02:2C",
                "00:1A:79:C9:79:8E"
            ]
        },
        {
            "server_name": "sultan-iptv.com:80",
            "server_url": "http://sultan-iptv.com:80/c/",
            "macs": [
                "00:1A:79:74:aa:04"
            ]
        },
        {
            "server_name": "ip.sltv.be:8080",
            "server_url": "http://ip.sltv.be:8080/c/",
            "macs": [
                "00:1a:79:25:f5:fa"
            ]
        },
        {
            "server_name": "ip.xtremetv.eu:8000",
            "server_url": "http://ip.xtremetv.eu:8000/c/",
            "macs": [
                "00:1A:79:90:30:42"
            ]
        },
        {
            "server_name": "45.158.254.2:80",
            "server_url": "http://45.158.254.2:80/c/",
            "macs": [
                "00:1A:79:E8:79:62"
            ]
        }
    ]
}