{
    "items": [
        {
            "server_name": "shooters.live:80",
            "server_url": "http://shooters.live:80/c/",
            "macs": [
                "00:1a:79:aa:04:72",
                "00:1A:79:50:71:C9",
                "00:1A:79:49:0A:D6",
                "00:1A:79:49:1D:95",
                "00:1A:79:AA:BC:FF",
                "00:1A:79:5E:D9:86",
                "00:1A:79:51:A0:33",
                "00:1A:79:00:1A:95",
                "00:1A:79:57:58:D2",
                "0 :1a:79:57:29:ea",
                "00:1A:79:C4:54:4B",
                "00:1a:79:59:e1:e5",
                "00:1A:79:57:98:1B",
                "00:1A:79:AC:EF:D4",
                "00:1A:79:B9:13:B6",
                "00:1A:79:57:2A:4A",
                "00:1A:79:30:FC:80",
                "00:1A:79:8B:98:2A",
                "00:1A:79:05:89:B2",
                "00:1A:79:51:79:47",
                "00:1A:79:3D:71:F5",
                "00:1A:79:14:48:E4",
                "00:1A:79:A6:8B:23",
                "00:1a:79:a6:92:f5",
                "00:1A:79:3F:08:CA",
                "00:1A:79:57:5C:36",
                "00:1A:79:30:FA:FD",
                "00:1A:79:53:38:10"
            ]
        },
        {
            "server_name": "watch.push4k.tv",
            "server_url": "http://watch.push4k.tv/stalker_portal/c/",
            "macs": [
                "00:1A:79:E9:79:62",
                "00:1A:79:58:6E:82",
                "00:1A:79:54:19:A1",
                "00:1A:79:63:A0:B0",
                "00:1A:79:04:EE:CF",
                "00:1A:79:FB:1D:6C",
                "00:1A:79:40:83:4A",
                "00:1A:79:66:85:41",
                "00:1A:79:40:F1:E7",
                "00:1A:79:41:43:D1",
                "00:1A:79:00:00:99",
                "00:1A:79:00:0F:94",
                "00:1A:79:00:1A:24",
                "00:1A:79:00:29:F8",
                "00:1A:79:00:37:E2",
                "00:1A:79:64:B5:48",
                "00:1A:79:6A:08:79",
                "00:1A:79:63:41:4F",
                "00:1A:79:73:75:66",
                "00:1A:79:72:E2:8B",
                "00:1A:79:49:1F:8D",
                "00:1A:79:4A:AF:74",
                "00:1A:79:6A:99:46",
                "00:1A:79:72:0E:75",
                "00:1A:79:5C:7C:83",
                "00:1A:79:49:20:32",
                "00:1A:79:68:FA:6E"
            ]
        },
        {
            "server_name": "marvelhd.eu:8080",
            "server_url": "http://marvelhd.eu:8080/c/",
            "macs": [
                "00:1A:79:AB:5E:8B",
                "00:1A:79:2A:D3:88",
                "00:1A:79:3D:89:07",
                "00:1A:79:A7:A1:03",
                "00:1A:79:A4:F9:28",
                "00:1A:79:A7:02:D1",
                "00:1A:79:AE:00:23",
                "00:1A:79:AD:D9:4C",
                "00:1A:79:AB:8C:0E",
                "00:1A:79:A9:BE:22",
                "00:1A:79:4D:A1:2D",
                "00:1A:79:23:EF:2B",
                "00:1A:79:57:A3:99",
                "00:1A:79:BF:62:D1",
                "00:1A:79:3B:72:DC",
                "00:1A:79:48:D4:54",
                "00:1A:79:AD:EB:53",
                "00:1A:79:AA:B8:00",
                "00:1A:79:A3:90:BC",
                "00:1A:79:42:8D:A6",
                "00:1A:79:A2:33:AD",
                "00:1A:79:A2:0C:08"
            ]
        },
        {
            "server_name": "hd-max.org:8080",
            "server_url": "http://hd-max.org:8080/c/",
            "macs": [
                "00:1a:79:31:b4:d3",
                "00:1a:79:7a:0c:31",
                "00:1a:79:55:bb:a5",
                "00:1a:79:71:60:71",
                "00:1a:79:b6:cd:f7",
                "00:1a:79:1c:13:8a",
                "00:1a:79:54:68:22",
                "00:1a:79:5f:31:76"
            ]
        },
        {
            "server_name": "kapak.plustvmedia.com",
            "server_url": "http://kapak.plustvmedia.com/c/",
            "macs": [
                "00:1A:79:d2:21:e3",
                "00:1A:79:3a:2d:e6",
                "00:1A:79:a3:6b:15",
                "00:1A:79:45:0f:a8",
                "00:1A:79:00:8b:c5",
                "00:1A:79:d6:6f:45"
            ]
        },
        {
            "server_name": "backup.xp1.tv:80",
            "server_url": "http://backup.xp1.tv:80/c/",
            "macs": [
                "00:1A:79:90:29:52",
                "00:1A:79:bb:f7:c1",
                "00:1A:79:c7:88:82",
                "00:1A:79:c1:92:11",
                "00:1A:79:c2:8d:92"
            ]
        },
        {
            "server_name": "matrix-ott.tv:8080",
            "server_url": "http://matrix-ott.tv:8080/c/",
            "macs": [
                "00:1a:79:d3:fc:11",
                "00:1a:79:ab:bc:72",
                "00:1a:79:ae:2f:01",
                "00:1a:79:ae:21:69",
                "00:1a:79:ae:6d:73",
                "00:1a:79:ad:78:32",
                "00:1a:79:4b:aa:0a"
            ]
        },
        {
            "server_name": "62.182.83.91",
            "server_url": "http://62.182.83.91/c/",
            "macs": [
                "00:1A:79:A2:8A:73"
            ]
        },
        {
            "server_name": "mol-2.com:8080",
            "server_url": "http://mol-2.com:8080/c/",
            "macs": [
                "00:1A:79:B0:56:23"
            ]
        },
        {
            "server_name": "isam.homelinux.com",
            "server_url": "http://isam.homelinux.com/c/",
            "macs": [
                "00:1A:79:ca:a1:db",
                "00:1A:79:a7:1a:82",
                "00:1A:79:a6:86:ac",
                "00:1A:79:ca:b5:ab",
                "00:1A:79:b0:83:84",
                "00:1A:79:bb:b0:d5",
                "00:1A:79:ca:c4:9c",
                "00:1A:79:ca:c1:df",
                "00:1A:79:b1:ba:2b",
                "00:1A:79:bd:fc:61",
                "00:1A:79:a3:ef:05",
                "00:1A:79:bd:e0:ad",
                "00:1A:79:bd:e6:4b",
                "00:1A:79:a3:ed:9a",
                "00:1A:79:ca:aa:c7",
                "00:1A:79:bb:b4:b6",
                "00:1A:79:bd:f5:83",
                "00:1A:79:b0:7f:2b",
                "00:1A:79:a7:14:8e",
                "00:1A:79:ca:ae:bc",
                "00:1A:79:ca:b9:c2",
                "00:1A:79:a6:85:8f",
                "00:1A:79:bb:b2:91",
                "00:1A:79:ca:c7:23",
                "00:1A:79:a7:1c:77",
                "00:1A:79:b0:84:d8",
                "00:1A:79:a4:0e:51",
                "00:1A:79:a6:83:d1",
                "00:1A:79:bd:e9:c8",
                "00:1A:79:a7:16:7d",
                "00:1A:79:ca:ac:16",
                "00:1A:79:a6:8a:68",
                "00:1A:79:ca:c3:ca",
                "00:1A:79:bb:b8:e7",
                "00:1A:79:ca:c8:80",
                "00:1A:79:ca:bd:53"
            ]
        },
        {
            "server_name": "a111.info:80",
            "server_url": "http://a111.info:80/stalker_portal/c/",
            "macs": [
                "00:1A:79:04:F7:83",
                "00:1A:79:33:8E:49"
            ]
        },
        {
            "server_name": "185.190.38.38:8080",
            "server_url": "http://185.190.38.38:8080/c/",
            "macs": [
                "00:1A:79:42:6B:12",
                "00:1A:79:32:F2:BF"
            ]
        },
        {
            "server_name": "23.88.84.30:2080",
            "server_url": "http://23.88.84.30:2080/stalker_portal/c/",
            "macs": [
                "00:1A:79:72:9D:09",
                "00:1A:79:76:F7:F3",
                "00:1A:79:78:2D:E8",
                "00:1A:79:76:6C:4F",
                "00:1A:79:7A:DA:8B",
                "00:1A:79:5A:06:D8"
            ]
        }
    ]
}