{
    "items": [
        {
            "server_name": "line.tvdsz.cc:80",
            "server_url": "http://line.tvdsz.cc:80/c/",
            "macs": [
                "00:1A:79:1D:3C:C4",
                "00:1A:79:29:01:55",
                "00:1A:79:03:1F:BA",
                "00:1A:79:03:6F:BC",
                "00:1A:79:03:6F:BF"
            ]
        },
        {
            "server_name": "195.154.191.239",
            "server_url": "http://195.154.191.239/stalker_portal/c/",
            "macs": [
                "00:1A:79:2F:E3:00",
                "00:1A:79:36:34:D0"
            ]
        },
        {
            "server_name": "magm1giillmig.funtogether.xyz:8080",
            "server_url": "http://magm1giillmig.funtogether.xyz:8080/c/",
            "macs": []
        },
        {
            "server_name": "restream.geniptv.com:8080",
            "server_url": "http://restream.geniptv.com:8080/c/",
            "macs": [
                "00:1A:79:B2:76:D5",
                "00:1A:79:C8:7A:D6",
                "00:1A:79:6E:4B:D9"
            ]
        },
        {
            "server_name": "balkanskispijun.xyz:12974",
            "server_url": "http://balkanskispijun.xyz:12974/c/",
            "macs": [
                "00:1A:79:2E:B7:C8"
            ]
        },
        {
            "server_name": "burebaruta.xyz",
            "server_url": "http://burebaruta.xyz/c/",
            "macs": [
                "00:1A:79:03:21:22"
            ]
        },
        {
            "server_name": "line.atlaspro4k.me",
            "server_url": "http://line.atlaspro4k.me/c/",
            "macs": [
                "00:1A:79:00:00:0D",
                "00:1A:79:00:00:22"
            ]
        },
        {
            "server_name": "zorrohunter.com",
            "server_url": "http://zorrohunter.com/c/",
            "macs": [
                "00:1A:79:66:D9:FD",
                "00:1A:79:93:E2:33",
                "00:1A:79:67:DC:87",
                "00:1A:79:A2:77:2D"
            ]
        },
        {
            "server_name": "play-plus.net",
            "server_url": "http://play-plus.net/c/",
            "macs": [
                "00:1A:79:00:3e:8f"
            ]
        },
        {
            "server_name": "206.212.244.26:8080",
            "server_url": "http://206.212.244.26:8080/c/",
            "macs": [
                "00:1A:79:FD:BD:48"
            ]
        },
        {
            "server_name": "4kiptv.vip:25461",
            "server_url": "http://4kiptv.vip:25461/c/",
            "macs": [
                "00:1A:79:02:B6:DF"
            ]
        },
        {
            "server_name": "streamcode.one:2082",
            "server_url": "http://streamcode.one:2082/c/",
            "macs": [
                "00:1A:79:BF:45:87"
            ]
        },
        {
            "server_name": "line.boom-ott.ru:80",
            "server_url": "http://line.boom-ott.ru:80/c/",
            "macs": [
                "00:1A:79:00:00:0D"
            ]
        },
        {
            "server_name": "kullanma21.vodhd.xyz:8080",
            "server_url": "http://kullanma21.vodhd.xyz:8080/c/",
            "macs": [
                "00:1A:79:2E:F3:2C"
            ]
        },
        {
            "server_name": "kstv.us:8080",
            "server_url": "http://kstv.us:8080/c/",
            "macs": [
                "00:1A:79:43:3c:58"
            ]
        },
        {
            "server_name": "pro.one-iptv.com:25443",
            "server_url": "http://pro.one-iptv.com:25443/c/",
            "macs": [
                "00:1A:79:67:95:BB"
            ]
        },
        {
            "server_name": "new.ivue.co:25461",
            "server_url": "http://new.ivue.co:25461/c/",
            "macs": [
                "00:1A:79:6B:D2:D1"
            ]
        },
        {
            "server_name": "line.iptveros.com:8000",
            "server_url": "http://line.iptveros.com:8000/c/",
            "macs": [
                "00:1A:79:67:A3:39",
                "00:1A:79:F1:D7:6E"
            ]
        },
        {
            "server_name": "line.iptveros.com:8000",
            "server_url": "http://line.iptveros.com:8000/c/",
            "macs": [
                "00:1A:79:2D:1F:8A",
                "00:1A:79:5f:75:2f",
                "00:1A:79:00:3e:8f",
                "00:1A:79:21:8C:51",
                "00:1A:79:2D:0F:E9",
                "00:1A:79:A1:DC:74",
                "00:1A:79:0D:82:89"
            ]
        },
        {
            "server_name": "myf-tv.com:8080",
            "server_url": "http://myf-tv.com:8080/c/",
            "macs": [
                "00:1A:79:FB:0B:1B"
            ]
        },
        {
            "server_name": "iptv.darktv.in:80",
            "server_url": "http://iptv.darktv.in:80/c/",
            "macs": [
                "00:1A:79:00:00:88",
                "00:1A:79:00:00:BC",
                "00:1A:79:00:00:BC"
            ]
        },
        {
            "server_name": "entertainmentj4u.com",
            "server_url": "http://entertainmentj4u.com/stalker_portal/c/",
            "macs": [
                "00:1A:79:EE:01:E6"
            ]
        },
        {
            "server_name": "aabb.is:2095",
            "server_url": "http://aabb.is:2095/c/",
            "macs": [
                "00:1A:79:00:02:A6",
                "00:1A:79:00:04:02"
            ]
        },
        {
            "server_name": "16919-near.cloud-ott.me:80",
            "server_url": "http://16919-near.cloud-ott.me:80/c/",
            "macs": [
                "00:1A:79:00:00:39",
                "00:1A:79:00:00:10"
            ]
        },
        {
            "server_name": "45.139.122.199:80",
            "server_url": "http://45.139.122.199:80/c/",
            "macs": [
                "00:1A:79:01:09:00",
                "00:1A:79:01:85:51",
                "00:1A:79:01:C6:66",
                "00:1A:79:02:3D:11"
            ]
        },
        {
            "server_name": "nvs1hosting.live:25461",
            "server_url": "http://nvs1hosting.live:25461/c/",
            "macs": [
                "00:1a:79:b6:9d:bf",
                "00:1a:79:b8:f6:7c",
                "00:1a:79:b6:aa:fa",
                "00:1a:79:a4:17:7b",
                "00:1a:79:a4:17:5f"
            ]
        }
    ]
}