{
    "items": [
        {
            "server_name": "tkosportz.live:25461",
            "server_url": "http://tkosportz.live:25461/c/",
            "macs": [
                "00:1a:79:72:ea:ae",
                "00:1a:79:e6:51:54",
                "00:1a:79:e6:44:75",
                "00:1a:79:e6:c6:e9"
            ]
        },
        {
            "server_name": "humiptv.live:8080",
            "server_url": "http://humiptv.live:8080/c/",
            "macs": [
                "00:1a:79:1c:57:6a",
                "00:1a:79:27:7f:93",
                "00:1a:79:c7:66:2d"
            ]
        },
        {
            "server_name": "login.lionboxtv.xyz",
            "server_url": "http://login.lionboxtv.xyz/c/",
            "macs": [
                "00:1A:79:b4:31:a9"
            ]
        },
        {
            "server_name": "45.11.57.142",
            "server_url": "http://45.11.57.142/c/",
            "macs": [
                "00:1A:79:58:75:56"
            ]
        },
        {
            "server_name": "balkanika.club:2082",
            "server_url": "http://balkanika.club:2082/c/",
            "macs": [
                "00:1a:79:a1:df:a3"
            ]
        },
        {
            "server_name": "br0ss.xyz:8090",
            "server_url": "http://br0ss.xyz:8090/c/",
            "macs": [
                "00:1a:79:4b:ec:6d"
            ]
        },
        {
            "server_name": "brutus.biz:2082",
            "server_url": "http://brutus.biz:2082/c/",
            "macs": [
                "00:1a:79:a1:df:a3"
            ]
        },
        {
            "server_name": "apk.androidtrex.com",
            "server_url": "http://apk.androidtrex.com/c/",
            "macs": [
                "00:1a:79:b8:61:16",
                "00:1a:79:e6:23:72",
                "00:1a:79:c3:9d:41",
                "00:1a:79:5c:37:0a",
                "00:1a:79:c0:60:22",
                "00:1a:79:24:7e:cd",
                "00:1a:79:f5:28:e6",
                "00:1a:79:b5:67:e1",
                "00:1a:79:c6:3e:af",
                "00:1a:79:64:db:4c",
                "00:1a:79:be:c1:90",
                "00:1a:79:bf:c3:d4",
                "00:1a:79:22:1e:d8"
            ]
        },
        {
            "server_name": "stalker.ugoiptv.com",
            "server_url": "http://stalker.ugoiptv.com/c/",
            "macs": [
                "00:1A:79:7A:F0:5F",
                "00:1A:79:47:94:B7",
                "00:1A:79:86:1C:F7",
                "00:1A:79:B7:74:5D"
            ]
        }
    ]
}