{
    "items": [
        {
            "server_name": "mag.premiumplus.tv:80",
            "server_url": "http://mag.premiumplus.tv:80/c/",
            "macs": [
                "00:1A:79:14:D1:E9",
                "00:1A:79:5F:F1:3B",
                "00:1a:79:bd:85:df",
                "00:1A:79:BD:85:DF",
                "00:1A:79:53:98:08",
                "00:1A:79:6B:06:77",
                "00:1A:79:20:BD:DF",
                "00:1A:79:AF:9F:24",
                "00:1A:79:A2:5B:B8",
                "00:1A:79:6B:6E:99",
                "00:1A:79:C6:20:7D",
                "00:1A:79:42:BB:8F",
                "00:1A:79:F5:11:B7",
                "00:1A:79:D5:5F:D3",
                "00:1A:79:D0:84:38",
                "00:1A:79:AA:C5:DE",
                "00:1A:79:BD:BA:28",
                "00:1A:79:DB:A8:A9",
                "00:1A:79:6C:82:06",
                "00:1A:79:5A:03:4C",
                "00:1A:79:C8:4F:EA",
                "00:1A:79:C5:79:4F",
                "00:1A:79:B8:2B:A8"
            ]
        },
        {
            "server_name": "myf-tv.com:8080",
            "server_url": "http://myf-tv.com:8080/c/",
            "macs": [
                "00:1A:79:00:00:02",
                "00:1A:79:B3:7D:A4",
                "00:1A:79:00:00:00"
            ]
        }
    ]
}