{
    "items": [
        {
            "server_name": "cpanel.traveliptv.nl",
            "server_url": "http://cpanel.traveliptv.nl/c/",
            "macs": [
                "00:1a:79:b5:0f:ad",
                "00:1a:79:19:44:5b",
                "00:1a:79:58:e6:71"
            ]
        },
        {
            "server_name": "ip.sltv.xyz:8080",
            "server_url": "http://ip.sltv.xyz:8080/c/",
            "macs": [
                "00:1a:79:25:79:16",
                "00:1a:79:1d:98:80",
                "00:1a:79:c5:52:1f",
                "00:1a:79:fc:2c:cb",
                "00:1a:79:38:28:23",
                "00:1a:79:45:07:95",
                "00:1a:79:2e:27:08",
                "00:1a:79:ab:79:5f",
                "00:1a:79:c7:c2:a2",
                "00:1a:79:fe:70:16",
                "00:1a:79:af:bf:57",
                "00:1a:79:2d:b3:07",
                "00:1a:79:2b:9f:bf",
                "00:1a:79:24:82:41",
                "00:1a:79:ba:38:10",
                "00:1a:79:bf:7f:fc",
                "00:1a:79:5e:35:6b"
            ]
        },
        {
            "server_name": "magnum-ott.net",
            "server_url": "http://magnum-ott.net/c/",
            "macs": [
                "00:1a:79:73:3f:02",
                "00:1a:79:36:90:d7",
                "00:1a:79:b8:c0:d8",
                "00:1a:79:3e:03:8d",
                "00:1a:79:56:74:28",
                "00:1a:79:50:ad:75",
                "00:1a:79:a4:c5:f0",
                "00:1a:79:43:26:1a",
                "00:1a:79:52:14:e6",
                "00:1a:79:7a:8f:69",
                "00:1a:79:b3:f2:00",
                "00:1a:79:70:2e:f6",
                "00:1a:79:77:1c:4e",
                "00:1a:79:55:0f:b7",
                "00:1a:79:be:e7:d6",
                "00:1a:79:68:00:85",
                "00:1a:79:a9:04:89",
                "00:1a:79:67:8f:f6",
                "00:1a:79:21:a8:38",
                "00:1a:79:34:e9:14",
                "00:1a:79:bb:7b:46",
                "00:1a:79:2a:e8:82",
                "00:1a:79:53:1c:cd",
                "00:1a:79:3a:4f:73",
                "00:1a:79:6b:e3:49"
            ]
        },
        {
            "server_name": "nas.bordo1453.be",
            "server_url": "http://nas.bordo1453.be/c/",
            "macs": [
                "00:1a:79:a1:9d:02",
                "00:1a:79:37:10:40",
                "00:1a:79:ac:0f:66",
                "00:1a:79:23:e2:3d"
            ]
        },
        {
            "server_name": "178.132.3.17",
            "server_url": "http://178.132.3.17/stalker_portal/c/",
            "macs": [
                "00:1A:79:23:3B:71",
                "00:1A:79:17:E4:40",
                "00:1a:79:13:7c:b2"
            ]
        },
        {
            "server_name": "portal.564aa.co",
            "server_url": "http://portal.564aa.co/stalker_portal/c/",
            "macs": [
                "00:1A:79:7A:D1:BE",
                "00:1A:79:00:04:BE",
                "00:1A:79:4D:C3:42",
                "00:1a:79:31:bd:1c"
            ]
        },
        {
            "server_name": "92.204.40.153",
            "server_url": "http://92.204.40.153/stalker_portal/c/",
            "macs": [
                "00:1A:79:4b:c4:00",
                "00:1A:79:00:F9:E6",
                "00:1A:79:00:F9:E6",
                "00:1A:79:75:71:95",
                "00:1A:79:63:40:cc",
                "00:1A:79:56:21:4f",
                "00:1A:79:A0:ED:8E",
                "00:1A:79:54:44:45",
                "00:1A:79:da:82:76",
                "00:1A:79:68:26:73",
                "00:1A:79:4b:c4:00",
                "00:1A:79:3e:15:c1",
                "00:1A:79:58:71:79",
                "00:1A:79:48:88:8c",
                "00:1A:79:68:18:a0",
                "00:1A:79:6f:bd:2f",
                "00:1A:79:70:02:f0",
                "00:1A:79:49:1d:b5",
                "00:1A:79:00:F9:E6",
                "00:1a:79:b2:00:16",
                "00:1A:79:68:26:73",
                "00:1A:79:54:44:45",
                "00:1A:79:da:82:76",
                "00:1A:79:4b:c4:00",
                "00:1A:79:48:88:8c",
                "00:1A:79:3e:15:c1",
                "00:1A:79:58:71:79",
                "00:1A:79:49:1d:b5",
                "00:1A:79:70:02:f0",
                "00:1A:79:6f:bd:2f",
                "00:1A:79:54:44:45",
                "00:1A:79:68:26:73",
                "00:1A:79:68:18:a0",
                "00:1A:79:da:82:76",
                "00:1A:79:3e:15:c1",
                "00:1A:79:4b:c4:00",
                "00:1A:79:48:88:8c",
                "00:1A:79:58:71:79",
                "00:1A:79:68:18:a0",
                "00:1A:79:70:02:f0",
                "00:1A:79:49:1d:b5",
                "00:1A:79:6f:bd:2f",
                "00:1A:79:00:F9:E6",
                "00:1A:79:68:26:73",
                "00:1A:79:54:44:45",
                "00:1A:79:48:88:8c",
                "00:1A:79:4b:c4:00",
                "00:1A:79:68:18:a0",
                "00:1A:79:3e:15:c1",
                "00:1A:79:da:82:76",
                "00:1A:79:49:1d:b5",
                "00:1A:79:70:02:f0",
                "00:1A:79:58:71:79",
                "00:1A:79:6f:bd:2f",
                "00:1A:79:00:F9:E6",
                "00:1A:79:00:F9:E6",
                "00:1A:79:56:21:4f",
                "00:1A:79:63:40:cc",
                "00:1A:79:75:71:95",
                "00:1A:79:DA:82:76",
                "00:1A:79:4B:C4:00",
                "00:1A:79:54:44:45",
                "00:1A:79:3E:15:C1",
                "00:1A:79:48:88:8C",
                "00:1A:79:58:71:79",
                "00:1A:79:68:FF:6B"
            ]
        },
        {
            "server_name": "109.236.94.48",
            "server_url": "http://109.236.94.48/stalker_portal/c/",
            "macs": [
                "00:1A:79:31:34:36",
                "00:1A:79:1D:8C:AD",
                "00:1A:79:43:6E:FD",
                "00:1A:79:44:12:E0",
                "00:1A:79:44:79:F5",
                "00:1A:79:4E:10:48",
                "00:1A:79:4E:75:06",
                "00:1A:79:4E:98:4A"
            ]
        }
    ]
}