{
    "items": [
        {
            "server_name": "pal.alphatx.me:80",
            "server_url": "http://pal.alphatx.me:80/c/",
            "macs": [
                "00:1A:79:00:00:00",
                "00:1A:79:50:35:F1",
                "00:1A:79:B8:61:16",
                "00:1A:79:BE:C1:90",
                "00:1A:79:F5:28:E6"
            ]
        },
        {
            "server_name": "line.sohakiller.net:80",
            "server_url": "http://line.sohakiller.net:80/c/",
            "macs": [
                "00:1A:79:05:75:53",
                "00:1A:79:C1:D7:E3"
            ]
        },
        {
            "server_name": "iup-tv.com:8080",
            "server_url": "http://iup-tv.com:8080/c/",
            "macs": [
                "00:1A:79:66:1E:4F",
                "00:1A:79:A6:7A:39",
                "00:1A:79:AD:35:C2",
                "00:1A:79:BB:46:48"
            ]
        }
    ]
}