{
    "items": [
        {
            "server_name": "clientbox.tv",
            "server_url": "http://clientbox.tv/c/",
            "macs": [
                "00:1A:79:11:15:12",
                "00:1A:79:06:92:A4",
                "00:1A:79:00:00:00",
                "00:1A:79:10:79:26",
                "00:1A:79:29:58:66",
                "00:1A:79:33:FA:9F",
                "00:1A:79:1C:E9:25",
                "00:1A:79:08:99:7B",
                "00:1A:79:21:9A:35",
                "00:1A:79:0E:36:CC",
                "00:1A:79:0E:5A:A1",
                "00:1A:79:19:72:C7",
                "00:1A:79:17:28:B0",
                "00:1A:79:27:C2:72",
                "00:1A:79:06:51:DA",
                "00:1A:79:14:1D:45",
                "00:1A:79:25:E5:89",
                "00:1A:79:21:02:EF",
                "00:1A:79:0F:76:FE",
                "00:1A:79:21:0D:87",
                "00:1A:79:29:32:35",
                "00:1A:79:32:B5:16",
                "00:1A:79:29:64:85",
                "00:1A:79:09:27:A6",
                "00:1A:79:21:4D:9A",
                "00:1A:79:15:23:B4",
                "00:1A:79:26:05:AE",
                "00:1A:79:11:04:F6",
                "00:1A:79:0A:01:BD",
                "00:1A:79:11:1C:53",
                "00:1A:79:2C:58:B8",
                "00:1A:79:21:94:85"
            ]
        },
        {
            "server_name": "dragoniptvpro.club",
            "server_url": "http://dragoniptvpro.club/c/",
            "macs": [
                "00:1a:79:73:29:93",
                "00:1a:79:b5:bf:ef",
                "00:1a:79:5a:8f:e4",
                "00:1a:79:00:eb:3b",
                "00:1a:79:87:31:52",
                "00:1a:79:b8:14:d6",
                "00:1a:79:79:3f:ec",
                "00:1a:79:fc:31:47",
                "00:1a:79:6d:4f:5e",
                "00:1a:79:68:4f:e6",
                "00:1a:79:7a:77:77"
            ]
        },
        {
            "server_name": "4khdstreamsbox.com",
            "server_url": "http://4khdstreamsbox.com/c/",
            "macs": [
                "00:1A:79:be:3a:19",
                "00:1A:79:fd:ff:22",
                "00:1A:79:3a:0f:f0",
                "00:1A:79:93:47:24",
                "00:1A:79:20:80:71",
                "00:1A:79:1e:81:5d",
                "00:1A:79:62:21:32",
                "00:1A:79:18:19:16",
                "00:1A:79:80:fd:f2",
                "00:1A:79:27:15:07",
                "00:1A:79:c4:c3:e5",
                "00:1A:79:80:84:14",
                "00:1A:79:73:3c:ef",
                "00:1A:79:33:23:d4",
                "00:1A:79:0e:7d:04",
                "00:1A:79:76:c6:a3",
                "00:1A:79:e1:6f:e1",
                "00:1A:79:1e:0c:5c",
                "00:1A:79:c9:6f:a5",
                "00:1A:79:ab:5f:15",
                "00:1A:79:c6:fd:53",
                "00:1A:79:b6:5b:7c",
                "00:1A:79:93:96:dc",
                "00:1A:79:52:d8:89",
                "00:1A:79:ac:04:df",
                "00:1A:79:6f:2f:46"
            ]
        },
        {
            "server_name": "wisdomiptv.com",
            "server_url": "http://wisdomiptv.com/c/",
            "macs": [
                "00:1a:79:5e:bc:da",
                "00:1a:79:59:52:b0",
                "00:1a:79:80:1f:db",
                "00:1a:79:df:14:f4",
                "00:1a:79:be:7f:6f",
                "00:1a:79:b8:3c:21",
                "00:1a:79:c6:b4:d9",
                "00:1a:79:27:cb:72",
                "00:1a:79:3f:32:4e",
                "00:1a:79:c7:3a:14"
            ]
        },
        {
            "server_name": "hg.speedtestmt.com",
            "server_url": "http://hg.speedtestmt.com/c/",
            "macs": [
                "00:1a:79:2e:59:bc",
                "00:1a:79:32:1e:0a",
                "00:1a:79:64:dd:0b"
            ]
        },
        {
            "server_name": "iptv2.iksfull.com",
            "server_url": "http://iptv2.iksfull.com/c/",
            "macs": [
                "00:1a:79:68:57:6f",
                "00:1a:79:a8:f8:1e",
                "00:1a:79:b8:36:c8",
                "00:1a:79:a6:2c:a1"
            ]
        },
        {
            "server_name": "mymediatv.net",
            "server_url": "http://mymediatv.net/c/",
            "macs": [
                "00:1a:79:c1:05:68",
                "00:1a:79:62:da:27",
                "00:1a:79:cb:a6:72",
                "00:1a:79:3b:8f:a2",
                "00:1a:79:12:76:5c",
                "00:1a:79:bd:9f:c2",
                "00:1a:79:73:fa:ad",
                "00:1a:79:5f:6b:e4",
                "00:1a:79:31:bb:65"
            ]
        },
        {
            "server_name": "dcgate.org:8080",
            "server_url": "http://dcgate.org:8080/c/",
            "macs": [
                "00:1a:79:41:ef:eb",
                "00:1a:79:3f:62:a6",
                "00:1a:79:31:87:86",
                "00:1a:79:36:55:d4",
                "00:1a:79:32:b2:f8",
                "00:1a:79:47:40:70",
                "00:1a:79:31:2f:63",
                "00:1a:79:49:6f:31",
                "00:1a:79:4b:62:3d",
                "00:1a:79:46:64:4b",
                "00:1a:79:38:04:86",
                "00:1a:79:31:c6:33",
                "00:1a:79:43:45:89",
                "00:1a:79:3c:11:14",
                "00:1a:79:48:f8:07",
                "00:1a:79:3b:c9:09",
                "00:1a:79:31:68:15",
                "00:1a:79:44:c3:46",
                "00:1a:79:45:06:57",
                "00:1a:79:48:ec:ed",
                "00:1a:79:3a:24:c2"
            ]
        },
        {
            "server_name": "bestott.net:80",
            "server_url": "http://bestott.net:80/c/",
            "macs": [
                "00:1a:79:0d:87:2e",
                "00:1a:79:08:9d:a1",
                "00:1a:79:4d:24:a9",
                "00:1a:79:ec:b1:e8",
                "00:1a:79:53:0a:b7",
                "00:1a:79:30:3b:4d",
                "00:1a:79:c4:63:2c",
                "00:1a:79:31:b6:ad",
                "00:1a:79:95:70:00",
                "00:1a:79:fc:fc:51",
                "00:1a:79:cf:0a:d2",
                "00:1a:79:a1:13:4d",
                "00:1a:79:23:cc:18",
                "00:1a:79:57:38:87"
            ]
        },
        {
            "server_name": "micro-ott.com:80",
            "server_url": "http://micro-ott.com:80/c/",
            "macs": [
                "00:1a:79:c1:6a:91",
                "00:1a:79:5f:c2:e2",
                "00:1a:79:70:cd:ba",
                "00:1a:79:f4:28:f6",
                "00:1a:79:fe:03:da",
                "00:1a:79:a3:c0:5a",
                "00:1a:79:7b:7f:d7",
                "00:1a:79:36:3f:6c",
                "00:1a:79:4f:95:85",
                "00:1a:79:eb:72:dd"
            ]
        },
        {
            "server_name": "alasaditv.com",
            "server_url": "http://alasaditv.com/c/",
            "macs": [
                "00:1a:79:68:9f:97",
                "00:1a:79:c4:ac:d2",
                "00:1a:79:51:7a:86",
                "00:1a:79:4d:22:c3",
                "00:1a:79:c8:ed:c0",
                "00:1a:79:31:d1:5f",
                "00:1a:79:ac:dd:f6",
                "00:1a:79:0b:b6:da",
                "00:1a:79:79:3f:04",
                "00:1a:79:56:0f:a3"
            ]
        },
        {
            "server_name": "6a6b6.com",
            "server_url": "http://6a6b6.com/c/",
            "macs": [
                "00:1a:79:ae:78:1c",
                "00:1a:79:43:20:50",
                "00:1a:79:42:7e:49",
                "00:1a:79:30:8f:a0",
                "00:1a:79:34:2f:f8",
                "00:1a:79:30:8f:39"
            ]
        },
        {
            "server_name": "snaptv.show",
            "server_url": "http://snaptv.show/c/",
            "macs": [
                "00:1A:79:36:28:A0",
                "00:1A:79:36:28:A0",
                "00:1A:79:35:9C:69",
                "00:1A:79:35:9C:69",
                "00:1A:79:19:E5:B4",
                "00:1A:79:19:E5:B4",
                "00:1A:79:00:FA:74",
                "00:1A:79:00:FA:74",
                "00:1A:79:45:E8:AC",
                "00:1A:79:45:E8:AC",
                "00:1A:79:70:66:4D",
                "00:1A:79:70:66:4D",
                "00:1A:79:42:97:A1",
                "00:1A:79:42:97:A1",
                "00:1A:79:AF:A5:0F",
                "00:1A:79:AF:A5:0F"
            ]
        }
    ]
}