{
    "items": [
        {
            "server_name": "clientsportals.info:2095",
            "server_url": "http://clientsportals.info:2095/c/",
            "macs": [
                "00:1A:79:76:29:1B",
                "00:1A:79:27:40:B3"
            ]
        },
        {
            "server_name": "masfr.bordo1453.be:80",
            "server_url": "http://masfr.bordo1453.be:80/c/",
            "macs": []
        },
        {
            "server_name": "par.bordo1453.be:80",
            "server_url": "http://par.bordo1453.be:80/c/",
            "macs": [
                "00:1A:79:23:e2:3d",
                "00:1A:79:e9:90:63",
                "00:1A:79:8b:3c:8c",
                "00:1A:79:c9:31:29",
                "00:1A:79:3a:ba:48",
                "00:1A:79:43:fd:3c"
            ]
        },
        {
            "server_name": "popeye-ott.net",
            "server_url": "http://popeye-ott.net/c/",
            "macs": [
                "00:1A:79:AA:DA:11",
                "00:1A:79:4C:12:0C",
                "00:1A:79:3E:7F:23",
                "00:1A:79:65:C2:93",
                "00:1A:79:B2:BF:78",
                "00:1A:79:51:20:5C",
                "00:1A:79:78:57:C8",
                "00:1A:79:5E:C2:02"
            ]
        },
        {
            "server_name": "185.107.57.201",
            "server_url": "http://185.107.57.201/stalker_portal/c/",
            "macs": []
        },
        {
            "server_name": "aloha.ok3.se",
            "server_url": "http://aloha.ok3.se/stalker_portal/c/",
            "macs": [
                "00:1A:79:B4:5F:51",
                "00:1A:79:5B:7F:8C",
                "00:1A:79:3F:4F:A5",
                "00:1A:79:2D:76:AD",
                "00:1A:79:D5:66:A9"
            ]
        },
        {
            "server_name": "193.70.115.115",
            "server_url": "http://193.70.115.115/stalker_portal/c/",
            "macs": [
                "00:1A:79:00:3E:95"
            ]
        },
        {
            "server_name": "cod41.biz:80",
            "server_url": "http://cod41.biz:80/stalker_portal/c/",
            "macs": [
                "00:1A:79:B7:DE:C3"
            ]
        }
    ]
}