{
    "items": [
        {
            "server_name": "iptvline.ddns.net:80",
            "server_url": "http://iptvline.ddns.net:80/c/",
            "macs": [
                "00:1A:79:77:DA:4F",
                "00:1A:79:D5:76:68",
                "00:1A:79:5E:3B:8E",
                "00:1A:79:E5:B0:74",
                "00:1A:79:51:48:55",
                "00:1A:79:97:13:D2",
                "00:1A:79:79:72:22",
                "00:1A:79:B6:80:93",
                "00:1A:79:E6:6D:E9",
                "00:1A:79:1C:10:C5",
                "00:1A:79:9C:38:16",
                "00:1A:79:00:02:B2",
                "00:1A:79:75:1F:33",
                "00:1A:79:B4:AC:DD",
                "00:1A:79:91:8C:F4",
                "00:1A:79:C6:74:C7",
                "00:1A:79:21:97:9F",
                "00:1A:79:79:93:B7",
                "00:1A:79:C7:77:71",
                "00:1A:79:DB:5F:D1",
                "00:1A:79:01:15:1D",
                "00:1A:79:44:EA:5D",
                "00:1A:79:E5:78:04",
                "00:1A:79:BF:A7:78",
                "00:1A:79:C0:49:A8",
                "00:1A:79:EE:22:35",
                "00:1A:79:61:65:66",
                "00:1A:79:C7:AB:21",
                "00:1A:79:80:5F:C4",
                "00:1A:79:87:5F:71",
                "00:1A:79:CD:5C:5E",
                "00:1A:79:80:4C:FC",
                "00:1A:79:E7:42:AB",
                "00:1A:79:4A:86:72",
                "00:1A:79:B5:16:8E",
                "00:1A:79:4B:F0:02",
                "00:1A:79:B3:3E:DF",
                "00:1A:79:B0:2E:D6",
                "00:1A:79:C5:38:4A",
                "00:1A:79:7B:38:8D",
                "00:1A:79:14:7F:6F",
                "00:1A:79:3B:C5:FA"
            ]
        },
        {
            "server_name": "portal.tiptop4k.tv",
            "server_url": "http://portal.tiptop4k.tv/stalker_portal/c/",
            "macs": [
                "00:1a:79:49:aE:57",
                "00:1a:79:30:80:60",
                "00:1a:79:28:dF:51",
                "00:1a:79:44:dC:1e",
                "00:1a:79:26:e2:26",
                "00:1a:79:53:8E:3d",
                "00:1a:79:3d:77:1b",
                "00:1a:79:3e:55:55"
            ]
        }
    ]
}