{
    "items": [
        {
            "server_name": "starshare.live:8080",
            "server_url": "http://starshare.live:8080/c/",
            "macs": [
                "00:1A:79:01:05:53",
                "00:1A:79:01:34:09",
                "00:1A:79:01:34:C9",
                "00:1A:79:01:35:43",
                "00:1A:79:01:C1:3A",
                "00:1A:79:03:0F:66"
            ]
        },
        {
            "server_name": "wolftv.me:80",
            "server_url": "http://wolftv.me:80/c/",
            "macs": [
                "00:1A:79:4D:F2:01",
                "00:1A:79:7D:F3:33",
                "00:1A:79:A0:64:AA"
            ]
        },
        {
            "server_name": "srvgold.iptvcheap.com:80",
            "server_url": "http://srvgold.iptvcheap.com:80/c/",
            "macs": [
                "00:1A:79:00:00:00",
                "00:1A:79:00:00:99",
                "00:1A:79:00:3D:5F",
                "00:1A:79:02:16:31",
                "00:1A:79:02:19:5A",
                "00:1A:79:02:5F:31",
                "00:1A:79:02:7F:B4",
                "00:1A:79:02:9F:6E",
                "00:1A:79:03:9D:9C",
                "00:1A:79:04:9D:D5",
                "00:1A:79:05:6F:A6",
                "00:1A:79:05:79:6E",
                "00:1A:79:05:E3:AC",
                "00:1A:79:05:E3:BD",
                "00:1A:79:05:FA:9D"
            ]
        }
    ]
}