{
    "items": [
        {
            "server_name": "dhoom4u.me",
            "server_url": "http://dhoom4u.me/stalker_portal/c/",
            "macs": [
                "00:1A:79:73:B7:34",
                "00:1A:79:C0:75:A1",
                "00:1A:79:6C:54:17",
                "00:1A:79:47:7C:93",
                "00:1A:79:6D:FA:7B",
                "00:1A:79:7B:1D:F1",
                "00:1A:79:D1:8F:30",
                "00:1A:79:73:E3:44",
                "00:1A:79:88:29:FE",
                "00:1A:79:24:80:67",
                "00:1A:79:B2:E5:3E",
                "00:1A:79:74:C7:6F",
                "00:1A:79:A7:AD:84",
                "00:1A:79:3D:13:D5",
                "00:1A:79:35:40:DF"
            ]
        },
        {
            "server_name": "foxx-tv***com:9600",
            "server_url": "http://foxx-tv***com:9600/c/",
            "macs": [
                "00:1A:79:C1:E3:E6",
                "00:1A:79:B2:17:C3",
                "00:1A:79:BB:1B:A3",
                "00:1A:79:02:8D:1B",
                "00:1A:79:BA:20:73"
            ]
        },
        {
            "server_name": "foxx-tv.com:9600",
            "server_url": "http://foxx-tv.com:9600/c/",
            "macs": []
        }
    ]
}