{
    "items": [
        {
            "server_name": "star4u.world",
            "server_url": "http://star4u.world/stalker_portal/c/",
            "macs": [
                "00:1A:79:58:92:52"
            ]
        },
        {
            "server_name": "new.ivue.co:25461",
            "server_url": "http://new.ivue.co:25461/c/",
            "macs": [
                "00:1A:79:5F:F6:4A",
                "00:1A:79:6B:D7:91",
                "00:1A:79:B8:48:21",
                "00:1A:79:78:16:18",
                "00:1A:79:8A:43:5E",
                "00:1A:79:DE:27:60",
                "00:1A:79:74:97:4B",
                "00:1A:79:A4:D5:27",
                "00:1A:79:C7:DB:62",
                "00:1A:79:B8:49:AD",
                "00:1A:79:4A:13:5D",
                "00:1A:79:AF:AD:53"
            ]
        },
        {
            "server_name": "tanix-hnx.xyz:8080",
            "server_url": "http://tanix-hnx.xyz:8080/c/",
            "macs": [
                "00:1A:79:D3:B5:12",
                "00:1A:79:B5:9D:28",
                "00:1A:79:00:00:00",
                "00:1A:79:AB:5A:AC"
            ]
        }
    ]
}