{
    "items": [
        {
            "server_name": "pikasolu.top:8080",
            "server_url": "http://pikasolu.top:8080/c/",
            "macs": [
                "00:1A:79:B9:E1:29"
            ]
        },
        {
            "server_name": "tvbezgranica.org:8000",
            "server_url": "http://tvbezgranica.org:8000/c/",
            "macs": [
                "00:1A:79:BA:AF:AA"
            ]
        },
        {
            "server_name": "darktv.nl",
            "server_url": "http://darktv.nl/c/",
            "macs": [
                "00:1A:79:11:1F:8D"
            ]
        },
        {
            "server_name": "23.88.84.30:2080",
            "server_url": "http://23.88.84.30:2080/stalker_portal/c/",
            "macs": [
                "00:1A:79:78:02:6F",
                "00:1A:79:72:9D:09",
                "00:1A:79:76:F7:F3",
                "00:1A:79:78:2D:E8",
                "00:1A:79:76:6C:4F",
                "00:1A:79:7A:DA:8B",
                "00:1A:79:5A:06:D8"
            ]
        },
        {
            "server_name": "dcgate.org:8080",
            "server_url": "http://dcgate.org:8080/c/",
            "macs": [
                "00:1A:79:9C:3F:92",
                "00:1A:79:40:22:23",
                "00:1A:79:90:B9:83",
                "00:1A:79:74:3F:4B",
                "00:1A:79:66:BF:CD",
                "00:1A:79:77:3E:A2",
                "00:1A:79:C5:4E:22",
                "00:1A:79:CD:CA:DA",
                "00:1A:79:8D:FE:F4",
                "00:1A:79:D6:01:35",
                "00:1A:79:59:C9:D1",
                "00:1A:79:D4:5F:5B",
                "00:1A:79:A7:CC:35",
                "00:1A:79:E9:02:BF",
                "00:1A:79:F9:95:A2",
                "00:1A:79:C9:17:76",
                "00:1A:79:2F:70:3B",
                "00:1A:79:3C:3C:4F",
                "00:1A:79:ED:62:3D",
                "00:1A:79:BE:90:E8"
            ]
        },
        {
            "server_name": "smattv.eatuo.com:25461",
            "server_url": "http://smattv.eatuo.com:25461/c/",
            "macs": [
                "18:C8:E7:04:5F:AD",
                "18:C8:E7:04:5F:78",
                "18:C8:E7:04:5F:BF",
                "18:C8:E7:04:5F:AC",
                "18:C8:E7:04:5F:B8",
                "18:C8:E7:04:5F:B7",
                "18:C8:E7:04:5F:C0",
                "18:C8:E7:04:5F:C8",
                "18:C8:E7:04:5F:CB",
                "18:C8:E7:04:5F:AA",
                "18:C8:E7:04:5F:D0",
                "18:C8:E7:04:5F:CD",
                "18:C8:E7:04:5F:D6",
                "18:C8:E7:04:5F:D7",
                "18:C8:E7:04:5F:B9",
                "18:C8:E7:04:5F:BA",
                "18:C8:E7:04:5F:D5",
                "18:C8:E7:04:5F:E2",
                "18:C8:E7:04:5F:D1",
                "18:C8:E7:04:5F:CC",
                "18:C8:E7:04:5F:DA",
                "18:C8:E7:04:5F:C2",
                "18:C8:E7:04:5F:CE",
                "18:C8:E7:04:5F:E6",
                "18:C8:E7:04:5F:CF",
                "18:C8:E7:04:5F:E9",
                "18:C8:E7:04:5F:BC",
                "18:C8:E7:04:5F:EE",
                "18:C8:E7:04:5F:EA",
                "18:C8:E7:04:5F:D8",
                "18:C8:E7:04:5F:CA",
                "18:C8:E7:04:5F:C5",
                "18:C8:E7:04:5F:C9",
                "18:C8:E7:04:5F:F3",
                "18:C8:E7:04:5F:F5",
                "18:C8:E7:04:5F:FB",
                "18:C8:E7:04:5F:E8",
                "18:C8:E7:04:5F:ED"
            ]
        },
        {
            "server_name": "193.109.136.14:9898",
            "server_url": "http://193.109.136.14:9898/c/",
            "macs": [
                "00:1A:79:9C:2C:03",
                "00:1A:79:67:8C:C8",
                "00:1A:79:37:72:A4",
                "00:1A:79:5E:D8:20"
            ]
        },
        {
            "server_name": "fastrunner.live:8080",
            "server_url": "http://fastrunner.live:8080/c/",
            "macs": [
                "00:1a:79:75:1b:49",
                "00:1a:79:aa:b8:36",
                "00:1a:79:bb:cf:7f",
                "00:1a:79:b0:94:1b",
                "00:1a:79:bf:98:94",
                "00:1a:79:77:5d:5a",
                "00:1a:79:40:a2:e8",
                "00:1a:79:b5:2c:7a",
                "00:1a:79:88:82:b7",
                "00:1a:79:a1:33:44",
                "00:1a:79:1e:bc:bd",
                "00:1a:79:40:b2:37",
                "00:1a:79:b9:f1:a5"
            ]
        },
        {
            "server_name": "revteam4.offshorerev.cc",
            "server_url": "http://revteam4.offshorerev.cc/c/",
            "macs": [
                "00:1a:79:5c:70:36",
                "00:1a:79:49:66:d9",
                "00:1a:79:53:1c:4e",
                "00:1a:79:32:c7:75",
                "00:1a:79:33:0b:44",
                "00:1a:79:49:1a:65",
                "00:1a:79:59:24:c8",
                "00:1a:79:32:4a:3b",
                "00:1a:79:50:dd:ee",
                "00:1a:79:51:1b:af",
                "00:1a:79:32:27:bd",
                "00:1a:79:51:15:1e"
            ]
        },
        {
            "server_name": "portal.ramz123.xyz:8080",
            "server_url": "http://portal.ramz123.xyz:8080/c/",
            "macs": [
                "00:1a:79:ad:4f:d8",
                "00:1a:79:ae:64:50",
                "00:1a:79:a9:1d:29",
                "00:1a:79:a7:bb:d2",
                "00:1a:79:a9:ec:89",
                "00:1a:79:a2:b5:19",
                "00:1a:79:a7:b0:00",
                "00:1a:79:ab:50:71",
                "00:1a:79:a9:2a:86",
                "00:1a:79:a4:69:5d",
                "00:1a:79:a3:a2:a7",
                "00:1a:79:ab:52:79",
                "00:1a:79:ab:46:5e",
                "00:1a:79:ae:a8:53",
                "00:1a:79:ae:4c:82",
                "00:1a:79:a3:da:06",
                "00:1a:79:ae:6f:33",
                "00:1a:79:ad:e8:ac",
                "00:1a:79:aa:b1:af",
                "00:1a:79:ab:51:2a",
                "00:1a:79:a3:c1:47",
                "00:1a:79:ad:10:fd",
                "00:1a:79:a1:c1:ea",
                "00:1a:79:a3:b4:2b",
                "00:1a:79:ad:1a:e8",
                "00:1a:79:aa:c5:03",
                "00:1a:79:ae:4b:1a",
                "00:1a:79:a4:c8:b5",
                "00:1a:79:a1:cb:d4",
                "00:1a:79:aa:7d:ad"
            ]
        },
        {
            "server_name": "atg100.xyz:80",
            "server_url": "http://atg100.xyz:80/c/",
            "macs": [
                "00:1A:79:36:18:91",
                "00:1A:79:dc:67:e9",
                "00:1A:79:90:01:bb",
                "00:1A:79:77:9f:84",
                "00:1A:79:d8:b5:37"
            ]
        },
        {
            "server_name": "line.iseepremium.com:80",
            "server_url": "http://line.iseepremium.com:80/c/",
            "macs": [
                "00:1A:79:00:00:11"
            ]
        },
        {
            "server_name": "line.rs6ott.com:80",
            "server_url": "http://line.rs6ott.com:80/c/",
            "macs": [
                "00:1A:79:99:dd:d6",
                "00:1A:79:4f:ac:95"
            ]
        },
        {
            "server_name": "eu.majes-line.co:80",
            "server_url": "http://eu.majes-line.co:80/c/",
            "macs": [
                "00:1A:79:00:3D:5F",
                "00:1A:79:F5:6D:23",
                "00:1A:79:40:10:08",
                "00:1A:79:9B:62:59",
                "00:1A:79:FC:1F:65",
                "00:1A:79:D4:2D:10",
                "00:1A:79:B4:A0:98",
                "00:1A:79:54:2B:D6",
                "00:1A:79:D3:58:F6",
                "00:1A:79:7A:92:E8",
                "00:1A:79:43:D9:66",
                "00:1A:79:BE:4A:C0",
                "00:1A:79:E9:54:67",
                "00:1A:79:A0:7D:7B",
                "00:1A:79:B5:7C:46",
                "00:1A:79:3B:06:B7",
                "00:1A:79:C7:B4:D6",
                "00:1A:79:66:44:B5",
                "00:1A:79:1E:E8:28",
                "00:1A:79:F2:37:64",
                "00:1A:79:05:1A:51",
                "00:1A:79:5B:6A:AD",
                "00:1A:79:CA:5C:83",
                "00:1A:79:C4:D2:56",
                "00:1A:79:5C:B8:EA",
                "00:1A:79:61:3F:91",
                "00:1A:79:66:53:9D",
                "00:1A:79:AF:A3:B4",
                "00:1A:79:5C:CE:DF",
                "00:1A:79:B9:24:2A",
                "00:1A:79:30:31:37",
                "00:1A:79:4F:2F:38",
                "00:1A:79:A9:F7:3D",
                "00:1A:79:A8:10:4E",
                "00:1A:79:24:7B:0E",
                "00:1A:79:02:05:AA",
                "00:1A:79:C9:07:1F",
                "00:1A:79:5D:10:68",
                "00:1A:79:7F:3F:6F",
                "00:1A:79:3B:00:CA",
                "00:1A:79:B9:9C:68"
            ]
        },
        {
            "server_name": "1brown2.ddns.net",
            "server_url": "http://1brown2.ddns.net/c/",
            "macs": [
                "00:1A:79:00:13:C7",
                "00:1A:79:00:00:00",
                "00:1A:79:00:0B:BB",
                "00:1A:79:00:20:4A"
            ]
        },
        {
            "server_name": "appearmixer.maxott.me",
            "server_url": "http://appearmixer.maxott.me/c/",
            "macs": [
                "00:1A:79:10:12:68",
                "00:1A:79:58:fe:22",
                "00:1A:79:51:64:d8"
            ]
        },
        {
            "server_name": "51.89.96.89:8080",
            "server_url": "http://51.89.96.89:8080/c/",
            "macs": [
                "00:1A:79:3c:85:57"
            ]
        },
        {
            "server_name": "iptvkosova.ml.gentv.to:8080",
            "server_url": "http://iptvkosova.ml.gentv.to:8080/c/",
            "macs": [
                "00:1A:79:AA:6B:A1",
                "00:1A:79:39:D0:AF"
            ]
        },
        {
            "server_name": "eu.majes-line.co:80",
            "server_url": "http://eu.majes-line.co:80/c/",
            "macs": [
                "00:1A:79:9B:62:59"
            ]
        },
        {
            "server_name": "portal.xtv100.com",
            "server_url": "http://portal.xtv100.com/stalker_portal/c/",
            "macs": [
                "00:1A:79:03:21:8F",
                "00:1A:79:5A:CF:35"
            ]
        },
        {
            "server_name": "mag.redmytv.com",
            "server_url": "http://mag.redmytv.com/c/",
            "macs": [
                "00:1A:79:24:7F:A5",
                "00:1A:79:C3:6F:6A",
                "00:1A:79:5D:9C:BA",
                "00:1A:79:49:38:4B",
                "00:1A:79:40:0B:DB",
                "00:1A:79:72:F5:38",
                "00:1A:79:40:07:B4",
                "00:1A:79:C6:23:9B",
                "00:1A:79:AC:D7:9C",
                "00:1A:79:97:28:3F",
                "00:1A:79:5C:9F:5B",
                "00:1A:79:57:B8:C9",
                "00:1A:79:78:FD:60",
                "00:1A:79:9F:75:C1"
            ]
        },
        {
            "server_name": "watch.push4k.tv",
            "server_url": "http://watch.push4k.tv/stalker_portal/c/",
            "macs": [
                "00:1A:79:0A:67:ED",
                "00:1A:79:57:E4:7C",
                "00:1A:79:80:A9:27",
                "00:1A:79:06:8F:58",
                "00:1A:79:13:BB:73",
                "00:1A:79:A2:D1:48",
                "00:1A:79:06:A4:11",
                "00:1A:79:11:39:D1",
                "00:1A:79:13:C1:15",
                "00:1A:79:00:29:F8",
                "00:1A:79:20:5A:87",
                "00:1A:79:15:20:B3",
                "00:1A:79:15:66:A2",
                "00:1A:79:5D:3A:D5",
                "00:1A:79:5D:10:D2",
                "00:1A:79:03:22:7D",
                "00:1A:79:2C:7D:6C",
                "00:1A:79:17:37:3A",
                "00:1A:79:36:4B:CF",
                "00:1A:79:33:6C:F7"
            ]
        }
    ]
}