{
    "items": [
        {
            "server_name": "4connect.link",
            "server_url": "http://4connect.link/c/",
            "macs": [
                "00:1a:79:b0:57:56",
                "00:1a:79:c6:dc:6a",
                "00:1a:79:79:d2:fb"
            ]
        },
        {
            "server_name": "royallivetv.club",
            "server_url": "http://royallivetv.club/c/",
            "macs": [
                "00:1a:79:4e:3f:e7",
                "00:1a:79:b7:3d:73",
                "00:1a:79:c0:28:36",
                "00:1a:79:68:d9:82"
            ]
        },
        {
            "server_name": "ip.sltv.xyz:8080",
            "server_url": "http://ip.sltv.xyz:8080/c/",
            "macs": [
                "00:1a:79:3a:b6:66",
                "00:1a:79:34:d0:cc",
                "00:1a:79:43:e9:63",
                "00:1a:79:36:98:c7",
                "00:1a:79:36:38:d0",
                "00:1a:79:30:34:35"
            ]
        },
        {
            "server_name": "anonymoustv.club",
            "server_url": "http://anonymoustv.club/c/",
            "macs": [
                "00:1a:79:b5:1f:ae",
                "00:1a:79:70:ad:a1",
                "00:1a:79:00:09:88",
                "00:1a:79:73:e2:b1",
                "00:1a:79:57:1c:87"
            ]
        },
        {
            "server_name": "4connect.link",
            "server_url": "http://4connect.link/c/",
            "macs": [
                "00:1a:79:78:78:c4",
                "00:1a:79:77:c6:9e",
                "00:1a:79:78:58:ae",
                "00:1a:79:b8:bd:80"
            ]
        }
    ]
}