{
    "items": [
        {
            "server_name": "dlta4k.com:80",
            "server_url": "http://dlta4k.com:80/c/",
            "macs": [
                "00:1A:79:D7:42:DC",
                "00:1A:79:A1:AB:24",
                "00:1A:79:3D:74:DA",
                "00:1A:79:33:0D:CF",
                "00:1A:79:40:42:BD",
                "00:1A:79:6A:A7:1A",
                "00:1A:79:85:28:C5",
                "00:1A:79:85:42:10",
                "00:1A:79:3B:34:AD",
                "00:1A:79:2A:B1:45",
                "00:1A:79:A1:B9:F9",
                "00:1A:79:47:74:BE"
            ]
        },
        {
            "server_name": "ultimateiptv.me:8081",
            "server_url": "http://ultimateiptv.me:8081/c/",
            "macs": [
                "00:1A:79:AE:0E:AE",
                "00:1A:79:66:C3:AC",
                "00:1A:79:BA:03:CE",
                "00:1A:79:3B:44:B5",
                "00:1A:79:4F:CB:77"
            ]
        },
        {
            "server_name": "bg.bleutv.net:80",
            "server_url": "http://bg.bleutv.net:80/c/",
            "macs": [
                "00:1A:79:A6:8F:D0",
                "00:1A:79:E9:D6:95",
                "00:1A:79:66:20:55",
                "00:1A:79:28:A8:F3",
                "00:1A:79:63:3C:D2",
                "00:1A:79:28:AA:4C",
                "00:1A:79:28:A6:C5",
                "00:1A:79:A1:E8:FB",
                "00:1A:79:E6:5E:ED",
                "00:1A:79:40:4C:4A",
                "00:1A:79:A1:FA:44",
                "00:1A:79:28:A8:9B",
                "00:1A:79:46:EF:85"
            ]
        },
        {
            "server_name": "81.218.219.218:88",
            "server_url": "http://81.218.219.218:88/stalker_portal/c/",
            "macs": [
                "00:1A:79:08:5F:02",
                "00:1A:79:00:00:69",
                "00:1A:79:21:3A:06",
                "00:1A:79:7C:36:EE"
            ]
        },
        {
            "server_name": "45.94.31.240:2083",
            "server_url": "http://45.94.31.240:2083/c/",
            "macs": [
                "00:1A:79:37:09:34",
                "00:1A:79:3D:5E:0B",
                "00:1A:79:A2:1C:ED",
                "00:1a:79:63:13:53",
                "00:1a:79:a2:f8:72",
                "00:1A:79:00:78: B",
                "00:1a:79:73:27:f4",
                "00:1A:79:73:47:AE",
                "00:1a:79:5d:1a:d8",
                "00:1A:79:73:6A:01",
                "00:1A:79:02:1A:EB"
            ]
        },
        {
            "server_name": "89.45.13.201:8080",
            "server_url": "http://89.45.13.201:8080/c/",
            "macs": [
                "00:1a:79:5D:8C:A7",
                "00:1A:79:5D:8C:A6",
                "00:1a:79:b2:6f:9e",
                "00:1A:79:AB:5F:35",
                "00:1A:79:01:7a:b0",
                "00:1A:79:01:70: 5",
                "00:1A:79:00:08:09",
                "00:1A:79:4C:24:7D",
                "00:1a:79:b1:bb:4c",
                "00:1a:79:19:48:60",
                "00:1A:79:01:70:28",
                "00:1A:79:AF:37:56",
                "00:1a:79:00:03:a0",
                "00:1A:79:11:2F:5E",
                "00:1A:79:C3:3F:B3"
            ]
        },
        {
            "server_name": "live.lynxiptv.xyz",
            "server_url": "http://live.lynxiptv.xyz/c/",
            "macs": [
                "00:1A:79:AC:33:18",
                "00:1A:79:AC:38:F9",
                "00:1A:79:AC:39:DE"
            ]
        },
        {
            "server_name": "dlta4k.com",
            "server_url": "http://dlta4k.com/c/",
            "macs": [
                "00:1A:79:F0:01:A5",
                "00:1A:79:F0:02:48",
                "00:1A:79:F0:06:E0"
            ]
        }
    ]
}