{
    "items": [
        {
            "server_name": "p1.iptvrocket.tv:80",
            "server_url": "http://p1.iptvrocket.tv:80/c/",
            "macs": [
                "00:1a:79:aa:ce:b1",
                "00:1a:79:61:71:33",
                "00:1a:79:b8:2c:38",
                "00:1a:79:69:2f:ef",
                "00:1a:79:c0:52:65",
                "00:1a:79:2b:ca:03",
                "00:1a:79:bd:81:e9",
                "00:1a:79:93:46:91",
                "00:1a:79:a2:e0:94",
                "00:1a:79:55:8b:ae"
            ]
        },
        {
            "server_name": "xtv.link",
            "server_url": "http://xtv.link/c/",
            "macs": [
                "00:1a:79:c0:af:1c",
                "00:1a:79:aa:b7:0b",
                "00:1a:79:55:76:24",
                "00:1a:79:4c:4a:d1",
                "00:1a:79:b2:75:65"
            ]
        },
        {
            "server_name": "mix.viral-iptv.com:8080",
            "server_url": "http://mix.viral-iptv.com:8080/c/",
            "macs": [
                "00:1A:79:78:5d:d7",
                "00:1A:79:b5:19:df"
            ]
        },
        {
            "server_name": "elboxtv.com:1985",
            "server_url": "http://elboxtv.com:1985/c/",
            "macs": [
                "00:1a:79:4e:00:f1"
            ]
        },
        {
            "server_name": "sygri.ytsmlve.com:2082",
            "server_url": "http://sygri.ytsmlve.com:2082/c/",
            "macs": [
                "00:1A:79:4C:39:9F"
            ]
        },
        {
            "server_name": "l1iptv.xyz:80",
            "server_url": "http://l1iptv.xyz:80/c/",
            "macs": [
                "00:1a:79:1b:e0:63",
                "00:1a:79:a2:0a:20",
                "00:1a:79:3d:a8:d0"
            ]
        },
        {
            "server_name": "nas.bordo1453.be",
            "server_url": "http://nas.bordo1453.be/c/",
            "macs": [
                "00:1a:79:8b:39:d9"
            ]
        },
        {
            "server_name": "diyarbekir21.com:8080",
            "server_url": "http://diyarbekir21.com:8080/c/",
            "macs": [
                "00:1a:79:67:92:cc",
                "00:1a:79:5e:e0:7b",
                "00:1a:79:92:5d:57",
                "00:1a:79:ba:32:ba",
                "00:1a:79:ba:a0:74",
                "00:1a:79:be:9c:27",
                "00:1a:79:88:74:99",
                "00:1a:79:56:c3:9a",
                "00:1a:79:78:8b:d8",
                "00:1a:79:41:b0:27",
                "00:1a:79:aa:eb:bc",
                "00:1a:79:ba:8d:a0",
                "00:1a:79:3e:cd:27"
            ]
        },
        {
            "server_name": "wisdomiptv.com",
            "server_url": "http://wisdomiptv.com/c/",
            "macs": [
                "00:1a:79:f9:68:cb",
                "00:1a:79:b8:d7:b2",
                "00:1a:79:55:9c:fc",
                "00:1a:79:a6:fc:2e",
                "00:1a:79:6b:9f:2e",
                "00:1a:79:80:f3:1d",
                "00:1a:79:48:47:bb",
                "00:1a:79:0a:bd:2b",
                "00:1a:79:b4:17:5f",
                "00:1a:79:16:82:a4",
                "00:1a:79:6c:4f:22",
                "00:1a:79:79:3f:c8",
                "00:1a:79:02:84:72",
                "00:1a:79:c3:e2:ab",
                "00:1a:79:cf:19:51",
                "00:1a:79:5a:8f:f9",
                "00:1a:79:df:8f:e3",
                "00:1a:79:7a:8f:00",
                "00:1a:79:47:dc:5c",
                "00:1a:79:57:0d:16",
                "00:1a:79:49:96:d5",
                "00:1a:79:2d:ed:6f"
            ]
        },
        {
            "server_name": "pp.prison8break.com:8080",
            "server_url": "http://pp.prison8break.com:8080/c/",
            "macs": [
                "00:1a:79:a9:bc:03",
                "00:1a:79:a9:dc:41",
                "00:1a:79:a7:a5:8a",
                "00:1a:79:ad:98:0d",
                "00:1a:79:ad:7d:45",
                "00:1a:79:ad:86:41",
                "00:1a:79:ac:0d:04",
                "00:1a:79:ae:d4:2b"
            ]
        },
        {
            "server_name": "player.smartvpluseu.com",
            "server_url": "http://player.smartvpluseu.com/c/",
            "macs": [
                "00:1A:79:53:3C:99",
                "00:1A:79:A5:69:B0",
                "00:1A:79:A5:D9:F6",
                "00:1A:79:48:43:15",
                "00:1A:79:02:D0:A9",
                "00:1A:79:AA:BC:FF",
                "00:1A:79:49:0C:AE",
                "00:1A:79:49:1D:95",
                "00:1A:79:45:1C:52",
                "00:1A:79:49:0A:D6",
                "00:1A:79:50:71:C9",
                "00:1a:79:aa:04:72",
                "00:1A:79:B1:5E:16",
                "00:1A:79:50:82:79",
                "00:1A:79:F1:C7:50",
                "00:1A:79:A8:50:FB",
                "00:1A:79:71:02:A6",
                "00:1A:79:51:A6:4F",
                "00:1A:79:53:38:10",
                "00:1A:79:30:FA:FD",
                "00:1A:79:57:5C:36",
                "00:1A:79:3F:08:CA",
                "00:1a:79:a9:8f:0d",
                "00:1a:79:a6:92:f5",
                "00:1A:79:A6:8B:23",
                "00:1A:79:14:48:E4",
                "00:1A:79:3D:71:F5",
                "00:1A:79:51:79:47",
                "00:1A:79:8C:16:59",
                "00:1A:79:05:89:B2",
                "00:1A:79:8B:98:2A",
                "00:1A:79:30:FC:80",
                "00:1A:79:57:2A:4A",
                "00:1A:79:B9:13:B6",
                "00:1A:79:A5:D0:CB",
                "00:1A:79:AC:EF:D4",
                "00:1A:79:4E:B6:5B",
                "00:1A:79:57:98:1B",
                "00:1a:79:59:e1:e5",
                "00:1A:79:4A:7B:C1",
                "00:1A:79:C4:54:4B",
                "00:1a:79:57:29:ea",
                "00:1A:79:57:58:D2",
                "00:1A:79:00:1A:95",
                "00:1A:79:51:A0:33"
            ]
        }
    ]
}