{
    "items": [
        {
            "server_name": "23.88.84.30:2080",
            "server_url": "http://23.88.84.30:2080/stalker_portal/c/",
            "macs": [
                "00:1A:79:78:3C:6D"
            ]
        },
        {
            "server_name": "optimustv.show:8080",
            "server_url": "http://optimustv.show:8080/c/",
            "macs": [
                "00:1A:79:AF:FA:35",
                "00:1A:79:AF:FA:35"
            ]
        },
        {
            "server_name": "optimustv.show:8080",
            "server_url": "http://optimustv.show:8080/c/",
            "macs": [
                "00:1A:79:07:C1:60",
                "00:1A:79:07:C1:60"
            ]
        },
        {
            "server_name": "optimustv.show:8080",
            "server_url": "http://optimustv.show:8080/c/",
            "macs": [
                "00:1A:79:B5:C5:6C",
                "00:1A:79:B5:C5:6C"
            ]
        },
        {
            "server_name": "optimustv.show:8080",
            "server_url": "http://optimustv.show:8080/c/",
            "macs": [
                "00:1A:79:A6:46:59",
                "00:1A:79:A6:46:59"
            ]
        },
        {
            "server_name": "optimustv.show:8080",
            "server_url": "http://optimustv.show:8080/c/",
            "macs": [
                "00:1A:79:C6:A0:C8"
            ]
        },
        {
            "server_name": "optimustv.show:8080",
            "server_url": "http://optimustv.show:8080/c/",
            "macs": [
                "00:1A:79:AA:59:ED",
                "00:1A:79:AA:59:ED"
            ]
        },
        {
            "server_name": "optimustv.show:8080",
            "server_url": "http://optimustv.show:8080/c/",
            "macs": [
                "00:1A:79:01:6F:31",
                "00:1A:79:01:6F:31"
            ]
        },
        {
            "server_name": "optimustv.show:8080",
            "server_url": "http://optimustv.show:8080/c/",
            "macs": [
                "00:1A:79:18:12:71",
                "00:1A:79:18:12:71",
                "00:1A:79:C0:8C:65"
            ]
        },
        {
            "server_name": "optimustv.show:8080",
            "server_url": "http://optimustv.show:8080/c/",
            "macs": [
                "00:1A:79:AB:58:D7"
            ]
        },
        {
            "server_name": "optimustv.show:8080",
            "server_url": "http://optimustv.show:8080/c/",
            "macs": [
                "00:1A:79:07:C2:3B",
                "00:1A:79:07:C2:3B"
            ]
        },
        {
            "server_name": "optimustv.show:8080",
            "server_url": "http://optimustv.show:8080/c/",
            "macs": [
                "00:1A:79:AF:F8:7C"
            ]
        },
        {
            "server_name": "optimustv.show:8080",
            "server_url": "http://optimustv.show:8080/c/",
            "macs": [
                "00:1A:79:08:4B:86",
                "00:1A:79:08:4B:86"
            ]
        },
        {
            "server_name": "optimustv.show:8080",
            "server_url": "http://optimustv.show:8080/c/",
            "macs": [
                "00:1A:79:AB:5C:93",
                "00:1A:79:08:4F:7B",
                "00:1A:79:08:4F:7B"
            ]
        },
        {
            "server_name": "optimustv.show:8080",
            "server_url": "http://optimustv.show:8080/c/",
            "macs": [
                "00:1A:79:A0:2F:10"
            ]
        },
        {
            "server_name": "optimustv.show:8080",
            "server_url": "http://optimustv.show:8080/c/",
            "macs": [
                "00:1A:79:A0:FF:42",
                "00:1A:79:A0:FF:42"
            ]
        },
        {
            "server_name": "optimustv.show:8080",
            "server_url": "http://optimustv.show:8080/c/",
            "macs": [
                "00:1A:79:01:72:07",
                "00:1A:79:01:72:07"
            ]
        }
    ]
}