{
    "items": [
        {
            "server_name": "s2.startv.biz",
            "server_url": "http://s2.startv.biz/stalker_portal/c/",
            "macs": [
                "00:1A:79:b1:e8:c7"
            ]
        },
        {
            "server_name": "31.133.44.78:88",
            "server_url": "http://31.133.44.78:88/stalker_portal/c/",
            "macs": [
                "00:1A:79:00:00:00"
            ]
        },
        {
            "server_name": "hdhd.tk",
            "server_url": "http://hdhd.tk/c/",
            "macs": [
                "00:1A:79:04:30:48"
            ]
        },
        {
            "server_name": "pal.alphatx.me:80",
            "server_url": "http://pal.alphatx.me:80/c/",
            "macs": [
                "00:1A:79:E5:D6:D1",
                "00:1A:79:01:77:E8",
                "00:1A:79:C2:AB:59",
                "00:1A:79:25:04:56",
                "00:1A:79:6D:60:34",
                "00:1A:79:C3:A9:14",
                "00:1A:79:53:27:2B",
                "00:1A:79:8C:0B:A4",
                "00:1A:79:42:AF:3B",
                "00:1A:79:B2:80:92",
                "00:1A:79:D4:2F:80",
                "00:1A:79:3C:6F:32",
                "00:1A:79:5C:D6:74",
                "00:1A:79:B4:6F:16",
                "00:1A:79:A9:BE:21",
                "00:1A:79:18:09:9D",
                "00:1A:79:21:0F:9E",
                "00:1A:79:19:44:48",
                "00:1A:79:C5:47:36",
                "00:1A:79:C0:B3:1A"
            ]
        }
    ]
}