{
    "items": [
        {
            "server_name": "50.7.66.234:25462",
            "server_url": "http://50.7.66.234:25462/c/",
            "macs": [
                "00:1A:79:C5:19:3E"
            ]
        },
        {
            "server_name": "31.42.184.163:2082",
            "server_url": "http://31.42.184.163:2082/c/",
            "macs": [
                "00:1A:79:54:AB:FF",
                "00:1A:79:5A:75:43"
            ]
        },
        {
            "server_name": "162.243.126.146",
            "server_url": "http://162.243.126.146/stalker_portal/c/",
            "macs": [
                "00:1A:79:7E:19:46",
                "00:1A:79:66:33:38",
                "00:1A:79:EF:E2:89",
                "00:1A:79:61:09:B4",
                "00:1A:79:EE:CF:CB"
            ]
        },
        {
            "server_name": "109.236.94.48",
            "server_url": "http://109.236.94.48/stalker_portal/c/",
            "macs": [
                "00:1A:79:1D:8C:AD",
                "00:1A:79:43:6E:FD",
                "00:1A:79:44:12:E0",
                "00:1A:79:44:79:F5",
                "00:1A:79:4E:10:48",
                "00:1A:79:4E:75:06",
                "00:1A:79:4E:98:4A"
            ]
        },
        {
            "server_name": "195.154.242.90:88",
            "server_url": "http://195.154.242.90:88/stalker_portal/c/",
            "macs": [
                "00:1A:79:75:16:B5",
                "00:1A:79:B2:90:81",
                "00:1A:79:DD:CA:51",
                "00:1A:79:FE:74:B6",
                "00:1A:79:33:07:30",
                "00:1A:79:15:4E:4C",
                "00:1A:79:5E:80:FE",
                "00:1A:79:27:0A:CB",
                "00:1A:79:51:AD:A6",
                "00:1A:79:0D:90:64",
                "00:1A:79:61:65:CC"
            ]
        },
        {
            "server_name": "tp.nxdns4.com:8080",
            "server_url": "http://tp.nxdns4.com:8080/c/",
            "macs": [
                "00:1A:79:39:34:E4",
                "00:1A:79:0D:D1:33",
                "00:1A:79:44:F4:FB",
                "00:1A:79:47:93:62",
                "00:1A:79:2A:D3:5B",
                "00:1A:79:40:3B:9C",
                "00:1A:79:B0:9D:30",
                "00:1A:79:40:43:DF",
                "00:1A:79:1F:1F:8E",
                "00:1A:79:A7:9E:EF",
                "00:1A:79:6A:7E:BD",
                "00:1A:79:4C:86:5C",
                "00:1A:79:47:61:C5",
                "00:1A:79:1D:9F:48",
                "00:1A:79:33:62:0A",
                "00:1A:79:66:28:A3",
                "00:1A:79:39:34:E4",
                "00:1A:79:70:2A:DC",
                "00:1A:79:B7:0D:C8",
                "00:1A:79:53:81:88",
                "00:1A:79:37:62:31",
                "00:1A:79:3D:AE:A3",
                "00:1A:79:85:D9:0C",
                "00:1A:79:31:65:37",
                "00:1A:79:3F:8A:99",
                "00:1A:79:52:FE:A4",
                "00:1A:79:D6:67:36",
                "00:1A:79:64:ED:E4",
                "00:1A:79:41:B0:8E",
                "00:1A:79:05:01:82",
                "00:1A:79:59:56:5E",
                "00:1A:79:65:2A:09",
                "00:1A:79:AA:EB:BC",
                "00:1A:79:46:55:03",
                "00:1A:79:3A:A0:B8",
                "00:1A:79:8E:2D:FE",
                "00:1A:79:4E:9A:12",
                "00:1A:79:41:B0:8E",
                "00:1A:79:1C:0B:57",
                "00:1A:79:6E:1D:FE",
                "00:1A:79:5E:CA:DD",
                "00:1A:79:52:7A:20",
                "00:1A:79:7A:2D:07",
                "00:1A:79:A1:A6:30",
                "00:1A:79:4C:91:7A",
                "00:1A:79:90:B1:77",
                "00:1A:79:B1:7D:45"
            ]
        },
        {
            "server_name": "brokentv.rip:8080",
            "server_url": "http://brokentv.rip:8080/c/",
            "macs": [
                "00:1a:79:a6:49:2d"
            ]
        },
        {
            "server_name": "joy.panel.tm",
            "server_url": "http://joy.panel.tm/stalker_portal/c/",
            "macs": [
                "00:1A:79:54:44:45",
                "00:1A:79:A0:ED:8E",
                "00:1A:79:68:26:73",
                "00:1A:79:DA:82:76",
                "00:1A:79:48:88:8C",
                "00:1A:79:70:02:F0",
                "00:1A:79:3E:15:C1",
                "00:1A:79:58:71:79",
                "00:1A:79:4B:C4:00",
                "00:1A:79:68:FF:6B",
                "00:1A:79:68:18:A0",
                "00:1A:79:54:BC:25",
                "00:1A:79:49:1D:B5",
                "00:1A:79:6F:BD:2F",
                "00:1A:79:54:44:45",
                "00:1A:79:58:71:79",
                "00:1A:79:70:02:F0",
                "00:1A:79:00:F9:E6",
                "00:1A:79:DA:82:76",
                "00:1A:79:56:21:4F",
                "00:1A:79:75:71:95"
            ]
        },
        {
            "server_name": "137.74.95.206",
            "server_url": "http://137.74.95.206/c/",
            "macs": [
                "00:1A:79:90:0A:AB",
                "00:1a:79:4a:b5:12",
                "00:1A:79:FD:14:33",
                "00:1A:79:4F:BF:2C",
                "00:1A:79:A2:E9:19",
                "00:1A:79:B0:3A:14",
                "00:1A:79:3C:49:C5"
            ]
        }
    ]
}