{
    "items": [
        {
            "server_name": "ss.2665.ninja:8080",
            "server_url": "http://ss.2665.ninja:8080/c/",
            "macs": [
                "00:1a:79:38:04:81",
                "00:1a:79:42:d1:ee",
                "00:1a:79:46:55:03",
                "00:1a:79:43:4d:8e",
                "00:1a:79:4a:45:de",
                "00:1a:79:36:08:05",
                "00:1a:79:31:c2:77",
                "00:1a:79:4c:26:85",
                "00:1a:79:35:a8:4f",
                "00:1a:79:43:76:1c",
                "00:1a:79:39:34:e4",
                "00:1a:79:42:a6:18",
                "00:1a:79:3f:ba:e1"
            ]
        },
        {
            "server_name": "otn20.com:8000",
            "server_url": "http://otn20.com:8000/c/",
            "macs": [
                "00:1a:79:4b:46:16",
                "00:1a:79:41:72:de",
                "00:1a:79:4d:07:6a",
                "00:1a:79:3a:9d:4c",
                "00:1a:79:3a:a0:b8",
                "00:1a:79:47:63:56",
                "00:1a:79:31:d1:d8",
                "00:1a:79:33:62:0a",
                "00:1a:79:45:ca:d5",
                "00:1a:79:3f:8a:99",
                "00:1a:79:3c:b6:bf"
            ]
        },
        {
            "server_name": "login.boxlion.nl:80",
            "server_url": "http://login.boxlion.nl:80/c/",
            "macs": [
                "00:1a:79:ae:db:e2"
            ]
        },
        {
            "server_name": "clubtv.pro-ott.com:25443",
            "server_url": "http://clubtv.pro-ott.com:25443/c/",
            "macs": [
                "00:1a:79:44:b5:67"
            ]
        },
        {
            "server_name": "arenamax.net:25461",
            "server_url": "http://arenamax.net:25461/c/",
            "macs": [
                "00:1a:79:3a:26:cb"
            ]
        },
        {
            "server_name": "line.cableguy.pro:88",
            "server_url": "http://line.cableguy.pro:88/c/",
            "macs": [
                "00:1a:79:ba:2b:a9"
            ]
        },
        {
            "server_name": "tvalb.xyz:8080",
            "server_url": "http://tvalb.xyz:8080/c/",
            "macs": [
                "00:1a:79:19:fa:e3",
                "00:1a:79:bc:e9:67",
                "00:1a:79:1d:6b:60",
                "00:1a:79:4c:5b:25",
                "00:1a:79:31:c2:77",
                "00:1a:79:12:3b:96",
                "00:1a:79:c7:b2:44",
                "00:1a:79:22:f7:35",
                "00:1a:79:2a:d2:1c",
                "00:1a:79:aa:73:24",
                "00:1a:79:15:72:d8"
            ]
        },
        {
            "server_name": "neroiptv.xyz:8000",
            "server_url": "http://neroiptv.xyz:8000/c/",
            "macs": [
                "00:1a:79:8e:2d:fe",
                "00:1a:79:43:d6:0c",
                "00:1a:79:73:67:b6",
                "00:1a:79:75:ee:ee",
                "00:1a:79:c0:9e:ea",
                "00:1a:79:f3:ad:19",
                "00:1a:79:46:c6:a4",
                "00:1a:79:ed:25:fe",
                "00:1a:79:c9:f5:e1",
                "00:1a:79:fa:07:49"
            ]
        },
        {
            "server_name": "p1.iptvrocket.tv:80",
            "server_url": "http://p1.iptvrocket.tv:80/c/",
            "macs": [
                "00:1a:79:b8:f9:01",
                "00:1a:79:83:bc:c7",
                "00:1a:79:94:90:75",
                "00:1a:79:30:1e:86",
                "00:1a:79:64:68:35",
                "00:1a:79:a2:38:43",
                "00:1a:79:12:16:22",
                "00:1a:79:5e:48:54",
                "00:1a:79:49:13:a8",
                "00:1a:79:b4:62:ef",
                "00:1a:79:a9:16:d0",
                "00:1a:79:30:28:21",
                "00:1a:79:8a:ed:00",
                "00:1a:79:67:65:51",
                "00:1a:79:56:d6:fb"
            ]
        },
        {
            "server_name": "world.marvelhd.eu:8080",
            "server_url": "http://world.marvelhd.eu:8080/c/",
            "macs": [
                "00:1a:79:d6:fe:3c",
                "00:1a:79:bd:5b:70",
                "00:1a:79:39:d5:68",
                "00:1a:79:78:8f:9a",
                "00:1a:79:90:b9:85",
                "00:1a:79:90:7b:61",
                "00:1a:79:4c:9b:85",
                "00:1a:79:5f:da:4b",
                "00:1a:79:71:3f:38",
                "00:1a:79:c7:a1:a8"
            ]
        }
    ]
}