{
    "items": [
        {
            "server_name": "51.222.85.38",
            "server_url": "http://51.222.85.38/stalker_portal/c/",
            "macs": [
                "00:1A:79:00:25:3F"
            ]
        },
        {
            "server_name": "a1.dinott.com",
            "server_url": "http://a1.dinott.com/c/",
            "macs": [
                "00:1A:79:69:E4:83",
                "00:1A:79:6E:0E:F5",
                "00:1A:79:AE:76:C5",
                "00:1A:79:8F:9A:07",
                "00:1A:79:A3:A8:95",
                "00:1A:79:44:81:79"
            ]
        },
        {
            "server_name": "line.atlaspro4k.me:80",
            "server_url": "http://line.atlaspro4k.me:80/c/",
            "macs": [
                "00:1A:79:6B:B3:F5",
                "00:1A:79:E3:D8:E2",
                "00:1A:79:BD:11:EF",
                "00:1A:79:06:64:F2"
            ]
        }
    ]
}