{
    "items": [
        {
            "server_name": "7.iptv11.is:80",
            "server_url": "http://7.iptv11.is:80/c/",
            "macs": []
        },
        {
            "server_name": "31.220.40.132:80",
            "server_url": "http://31.220.40.132:80/c/",
            "macs": [
                "00:1A:79:8E:25:E2",
                "00:1A:79:54:9E:5A",
                "00:1A:79:48:76:02",
                "00:1A:79:C3:11:97",
                "00:1A:79:F8:5D:FC",
                "00:1A:79:C0:62:35",
                "00:1A:79:C0:12:44"
            ]
        }
    ]
}