{
    "items": [
        {
            "server_name": "cdn.ipk.biz",
            "server_url": "http://cdn.ipk.biz/stalker_portal/c/",
            "macs": [
                "00:1A:79:49:ED:40"
            ]
        },
        {
            "server_name": "line.greatstar.me:80",
            "server_url": "http://line.greatstar.me:80/c/",
            "macs": [
                "00:1A:79:a5:b7:b0",
                "00:1A:79:A5:B7:B0",
                "00:1A:79:BF:E6:C8"
            ]
        }
    ]
}