{
    "items": [
        {
            "server_name": "magnum-ott.net:80",
            "server_url": "http://magnum-ott.net:80/c/",
            "macs": [
                "00:1a:79:70:8d:eb",
                "00:1a:79:7b:8f:50",
                "00:1a:79:5d:6f:45",
                "00:1a:79:75:c2:9b",
                "00:1a:79:25:54:56",
                "00:1a:79:f3:ce:59",
                "00:1a:79:fc:12:35",
                "00:1a:79:d3:93:df",
                "00:1a:79:78:9d:50",
                "00:1a:79:44:d5:44",
                "00:1a:79:2c:7e:31",
                "00:1a:79:4a:aa:85"
            ]
        },
        {
            "server_name": "qsmarter.4kfastcode.net",
            "server_url": "http://qsmarter.4kfastcode.net/c/",
            "macs": [
                "00:1a:79:c2:8c:98",
                "00:1a:79:6f:3f:a6",
                "00:1a:79:8b:85:44",
                "00:1a:79:17:2d:74",
                "00:1a:79:ab:10:f7",
                "00:1a:79:71:be:a7",
                "00:1a:79:18:92:f7",
                "00:1a:79:bd:1a:3d",
                "00:1a:79:1e:0a:1f",
                "00:1a:79:c4:08:91",
                "00:1a:79:df:36:c9",
                "00:1a:79:e9:66:96",
                "00:1a:79:78:5a:70",
                "00:1a:79:a2:bb:b6"
            ]
        },
        {
            "server_name": "nimi.sytes.net:8080",
            "server_url": "http://nimi.sytes.net:8080/c/",
            "macs": [
                "00:1a:79:f0:25:3e"
            ]
        },
        {
            "server_name": "tv.cloudcdn.online",
            "server_url": "http://tv.cloudcdn.online/c/",
            "macs": [
                "00:1a:79:b0:fc:98"
            ]
        },
        {
            "server_name": "pt.chape-shop.com:8080",
            "server_url": "http://pt.chape-shop.com:8080/c/",
            "macs": [
                "00:1a:79:70:38:d7"
            ]
        },
        {
            "server_name": "22th.me:8080",
            "server_url": "http://22th.me:8080/c/",
            "macs": [
                "00:1a:79:aa:87:5d"
            ]
        },
        {
            "server_name": "topiptv.net:5890",
            "server_url": "http://topiptv.net:5890/c/",
            "macs": [
                "00:1a:79:5e:23:cf"
            ]
        },
        {
            "server_name": "ghost-x99.uno:8080",
            "server_url": "http://ghost-x99.uno:8080/c/",
            "macs": [
                "00:1a:79:b9:a4:61"
            ]
        },
        {
            "server_name": "1sc33n.com:8000",
            "server_url": "http://1sc33n.com:8000/c/",
            "macs": [
                "00:1a:79:46:b6:19"
            ]
        },
        {
            "server_name": "62.182.83.91:80",
            "server_url": "http://62.182.83.91:80/c/",
            "macs": [
                "00:1a:79:af:7a:ca"
            ]
        },
        {
            "server_name": "tptv.cz:34567",
            "server_url": "http://tptv.cz:34567/c/",
            "macs": [
                "00:1a:79:28:00:87",
                "00:1a:79:c2:a6:f7",
                "00:1a:79:4f:96:96",
                "00:1a:79:11:96:6a",
                "00:1a:79:79:3f:b1",
                "00:1a:79:b6:d2:02",
                "00:1a:79:1a:71:4d",
                "00:1a:79:19:6d:33",
                "00:1a:79:c4:b5:67",
                "00:1a:79:2b:7b:43",
                "00:1a:79:e4:c2:30",
                "00:1a:79:67:bd:08"
            ]
        },
        {
            "server_name": "bosszx.bio:80",
            "server_url": "http://bosszx.bio:80/c/",
            "macs": [
                "00:1a:79:3a:e2:e3",
                "00:1a:79:71:71:71",
                "00:1a:79:c8:97:1e",
                "00:1a:79:6a:39:2f",
                "00:1a:79:c1:c9:2e",
                "00:1a:79:27:8f:f7",
                "00:1a:79:c5:b3:45",
                "00:1a:79:49:a5:ab",
                "00:1a:79:22:22:4e",
                "00:1a:79:a4:80:51",
                "00:1a:79:4f:eb:72"
            ]
        },
        {
            "server_name": "kingseu.xyz:80",
            "server_url": "http://kingseu.xyz:80/c/",
            "macs": [
                "00:1A:79:c3:e7:b2",
                "00:1A:79:4a:80:59",
                "00:1A:79:78:02:06",
                "00:1A:79:6b:96:75",
                "00:1A:79:02:fb:36",
                "00:1A:79:57:2d:91",
                "00:1A:79:40:40:f7",
                "00:1A:79:d7:57:5c",
                "00:1A:79:b7:de:72",
                "00:1A:79:1c:10:c1",
                "00:1A:79:8e:2c:b1",
                "00:1A:79:b7:a3:4e",
                "00:1A:79:71:11:29",
                "00:1A:79:36:78:67",
                "00:1A:79:40:3d:77",
                "00:1A:79:ae:83:9b",
                "00:1A:79:a1:e0:f9",
                "00:1A:79:b8:35:da",
                "00:1A:79:3a:bc:a5",
                "00:1A:79:16:71:b0",
                "00:1A:79:43:93:cb",
                "00:1A:79:50:be:4a",
                "00:1A:79:b9:fc:44",
                "00:1A:79:c7:0d:8c",
                "00:1A:79:b4:ae:ae",
                "00:1A:79:a2:9e:c7",
                "00:1A:79:0d:10:01",
                "00:1A:79:bb:7b:fb",
                "00:1A:79:a5:7d:0a",
                "00:1A:79:08:8d:a9",
                "00:1A:79:24:82:10",
                "00:1A:79:a6:a2:bc",
                "00:1A:79:4f:b2:a4",
                "00:1A:79:4d:25:8a"
            ]
        },
        {
            "server_name": "45.139.122.199:8080",
            "server_url": "http://45.139.122.199:8080/c/",
            "macs": [
                "00:1A:79:b5:0e:03",
                "00:1A:79:c0:86:ea",
                "00:1A:79:bf:ce:d5",
                "00:1A:79:b8:73:af",
                "00:1A:79:a9:f3:8f"
            ]
        },
        {
            "server_name": "109.169.37.140:8000",
            "server_url": "http://109.169.37.140:8000/c/",
            "macs": [
                "00:1A:79:B5:94:10",
                "00:1A:79:4e:2D:25",
                "00:1A:79:DE:FE:2B"
            ]
        },
        {
            "server_name": "94.130.136.116",
            "server_url": "http://94.130.136.116/stalker_portal/c/",
            "macs": [
                "00:1A:79:4f:39:b8"
            ]
        },
        {
            "server_name": "51.89.96.89:8080",
            "server_url": "http://51.89.96.89:8080/c/",
            "macs": [
                "00:1A:79:22:5a:c7",
                "00:1A:79:b9:e9:ef",
                "00:1A:79:b9:f9:5e",
                "00:1A:79:b7:58:0a",
                "00:1A:79:bd:3c:87",
                "00:1A:79:bf:db:2c",
                "00:1A:79:c8:4f:b1",
                "00:1A:79:bc:f2:35",
                "00:1A:79:b2:48:6d",
                "00:1A:79:bf:8e:f3"
            ]
        },
        {
            "server_name": "spainott.site",
            "server_url": "http://spainott.site/c/",
            "macs": [
                "00:1A:79:1c:ad:d0",
                "00:1A:79:c9:3c:5a",
                "00:1A:79:d2:01:62",
                "00:1A:79:6e:91:84",
                "00:1A:79:39:44:ce",
                "00:1A:79:98:05:f9",
                "00:1A:79:6e:b5:d0",
                "00:1A:79:3d:75:23",
                "00:1A:79:ac:55:44",
                "00:1A:79:49:cf:89",
                "00:1A:79:a7:82:ec",
                "00:1A:79:f9:a6:0a"
            ]
        },
        {
            "server_name": "rocketmedia.4-life.co.uk:2095",
            "server_url": "http://rocketmedia.4-life.co.uk:2095/c/",
            "macs": [
                "00:1A:79:AB:55:F3",
                "00:1A:79:31:09:15",
                "00:1A:79:52:F6:9A",
                "00:1A:79:5C:B2:76",
                "00:1A:79:67:B5:AB",
                "00:1A:79:73:CC:69",
                "00:1A:79:00:1D:85",
                "00:1A:79:A1:6F:E1",
                "00:1A:79:17:76:AD",
                "00:1A:79:C1:48:5E",
                "00:1A:79:03:73:1A",
                "00:1A:79:35:65:2D",
                "00:1A:79:52:CA:75",
                "00:1A:79:00:21:1D",
                "00:1A:79:48:01:83",
                "00:1A:79:A1:5C:6A",
                "00:1A:79:52:D3:A6",
                "00:1A:79:35:6F:82",
                "00:1A:79:C3:EB:C9",
                "00:1A:79:5B:DE:02",
                "00:1A:79:83:A3:91",
                "00:1A:79:00:21:18",
                "00:1A:79:51:BF:AF",
                "00:1A:79:AD:24:8B",
                "00:1A:79:20:2A:58",
                "00:1A:79:00:44:CA",
                "00:1A:79:25:C7:47",
                "00:1A:79:C6:D2:1B",
                "00:1A:79:49:42:79",
                "00:1A:79:AF:0C:08",
                "00:1A:79:5A:0D:03",
                "00:1A:79:23:F4:C5",
                "00:1A:79:3A:26:18",
                "00:1A:79:CA:BA:68",
                "00:1A:79:92:70:96",
                "00:1A:79:03:FC:BA",
                "00:1A:79:AB:F5:9C",
                "00:1A:79:CA:70:E6",
                "00:1A:79:69:32:0A",
                "00:1A:79:57:0F:AB",
                "00:1A:79:3B:FF:02",
                "00:1A:79:A2:B7:D2",
                "00:1A:79:49:D3:10",
                "00:1A:79:D5:58:03",
                "00:1A:79:04:C1:E8",
                "00:1A:79:AD:85:C7",
                "00:1A:79:57:42:96",
                "00:1A:79:00:5C:06",
                "00:1A:79:3F:BB:04",
                "00:1A:79:6D:3F:E9",
                "00:1A:79:90:3A:E7",
                "00:1A:79:CB:B6:8B",
                "00:1A:79:B1:AE:C3",
                "00:1A:79:99:8C:96",
                "00:1A:79:06:BA:AC",
                "00:1A:79:58:43:D0",
                "00:1A:79:4B:29:59",
                "00:1A:79:3F:CF:D0",
                "00:1A:79:07:54:D4",
                "00:1A:79:A5:7F:50",
                "00:1A:79:4B:9B:54",
                "00:1A:79:57:A9:B9",
                "00:1A:79:70:FE:68",
                "00:1A:79:B0:33:F4",
                "00:1A:79:4C:46:41",
                "00:1A:79:59:D2:7F",
                "00:1A:79:71:3F:4B",
                "00:1A:79:09:5B:F8",
                "00:1A:79:D5:3D:84",
                "00:1A:79:4E:2C:90",
                "00:1A:79:40:0B:DB",
                "00:1A:79:58:CD:C0",
                "00:1A:79:72:F5:38",
                "00:1A:79:08:A5:86",
                "00:1A:79:CE:7C:E2",
                "00:1A:79:40:02:CB",
                "00:1A:79:4F:D1:1A",
                "00:1A:79:09:0F:98",
                "00:1A:79:40:1C:B3"
            ]
        }
    ]
}