{
    "items": [
        {
            "server_name": "tipxpto.club:8080",
            "server_url": "http://tipxpto.club:8080/c/",
            "macs": [
                "00:1a:79:c1:a1:86",
                "00:1a:79:a7:9d:d2",
                "00:1a:79:a9:1f:e6",
                "00:1a:79:c6:a6:3b",
                "00:1a:79:cb:57:de"
            ]
        },
        {
            "server_name": "vbn123.com:8080",
            "server_url": "http://vbn123.com:8080/c/",
            "macs": [
                "00:1a:79:c1:b5:44",
                "00:1a:79:c7:88:15",
                "00:1a:79:c1:dd:53"
            ]
        },
        {
            "server_name": "5.206.227.184:8080",
            "server_url": "http://5.206.227.184:8080/c/",
            "macs": [
                "00:1a:79:d7:44:20",
                "00:1a:79:ab:a8:30",
                "00:1a:79:c7:cc:57"
            ]
        },
        {
            "server_name": "bigbossman.club",
            "server_url": "http://bigbossman.club/c/",
            "macs": [
                "00:1a:79:a5:2d:2d",
                "00:1a:79:ba:49:73",
                "00:1a:79:c6:4b:38",
                "00:1a:79:c3:3f:e0",
                "00:1a:79:b1:56:57"
            ]
        },
        {
            "server_name": "diyarbekir21.com:8080",
            "server_url": "http://diyarbekir21.com:8080/c/",
            "macs": [
                "00:1a:79:31:c1:8e",
                "00:1a:79:32:9d:09",
                "00:1a:79:41:e1:fe",
                "00:1a:79:3c:1f:e0"
            ]
        },
        {
            "server_name": "liveline.store:8000",
            "server_url": "http://liveline.store:8000/c/",
            "macs": [
                "00:1a:79:a2:f9:9e",
                "00:1a:79:2a:d2:4a",
                "00:1a:79:ec:c2:be",
                "00:1A:79:01:00:31"
            ]
        }
    ]
}