{
    "items": [
        {
            "server_name": "innovationpro.nl",
            "server_url": "http://innovationpro.nl/c/",
            "macs": [
                "00:1A:79:05:B2:48",
                "00:1A:79:09:EB:AB",
                "00:1A:79:13:DA:F8",
                "00:1A:79:17:26:7F",
                "00:1A:79:18:16:94",
                "00:1A:79:22:EA:59",
                "00:1A:79:41:BC:29",
                "00:1A:79:43:2D:EE",
                "00:1A:79:48:F9:FF",
                "00:1A:79:53:B2:53",
                "00:1A:79:59:43:D3",
                "00:1A:79:5F:C3:05",
                "00:1A:79:66:12:8A",
                "00:1A:79:67:C5:B5",
                "00:1A:79:76:8C:13",
                "00:1A:79:7E:33:F0",
                "00:1A:79:8C:59:E4",
                "00:1A:79:8D:7B:B9",
                "00:1A:79:8E:6A:D6",
                "00:1A:79:A5:FC:A7",
                "00:1A:79:B6:52:CF",
                "00:1A:79:B8:73:02",
                "00:1A:79:C4:BF:05",
                "00:1A:79:CC:29:8C",
                "00:1A:79:CC:3B:F3",
                "00:1A:79:CD:00:C9",
                "00:1A:79:CF:62:85",
                "00:1A:79:DA:D8:2E",
                "00:1A:79:E0:DF:FC",
                "00:1A:79:FA:36:5B"
            ]
        },
        {
            "server_name": "stb5.rucolor.tv",
            "server_url": "http://stb5.rucolor.tv/stalker_portal/c/",
            "macs": [
                "00:1A:79:21:77:67",
                "00:1A:79:22:CB:5A",
                "00:1A:79:78:89:EA",
                "00:1A:79:7A:0C:AD"
            ]
        },
        {
            "server_name": "109.169.37.140:8000",
            "server_url": "http://109.169.37.140:8000/c/",
            "macs": [
                "00:1A:79:39:16:ED",
                "00:1A:79:47:77:25",
                "00:1A:79:4E:B7:88"
            ]
        },
        {
            "server_name": "yedek.realiptv.org:80",
            "server_url": "http://yedek.realiptv.org:80/c/",
            "macs": [
                "00:1A:79:2A:2F:1E",
                "00:1A:79:43:2E:DA",
                "00:1A:79:63:59:F2",
                "00:1A:79:B5:19:A6",
                "00:1A:79:CB:8A:EF",
                "00:1A:79:CC:62:4D",
                "00:1A:79:CC:65:C7",
                "00:1A:79:D2:2D:EF"
            ]
        },
        {
            "server_name": "212.46.43.24:2082",
            "server_url": "http://212.46.43.24:2082/c/",
            "macs": [
                "00:1A:79:A3:00:61"
            ]
        },
        {
            "server_name": "upsrock.xyz:8080",
            "server_url": "http://upsrock.xyz:8080/c/",
            "macs": [
                "00:1A:79:44:E9:2A"
            ]
        },
        {
            "server_name": "yolospeed.pro:80",
            "server_url": "http://yolospeed.pro:80/c/",
            "macs": [
                "00:1A:79:00:1A:20",
                "00:1A:79:5E:C5:77"
            ]
        },
        {
            "server_name": "fastgo.cam:8080",
            "server_url": "http://fastgo.cam:8080/c/",
            "macs": [
                "00:1A:79:39:21:34",
                "00:1A:79:3E:7F:99",
                "00:1A:79:D4:16:CC"
            ]
        },
        {
            "server_name": "cyber-system.xyz:8080",
            "server_url": "http://cyber-system.xyz:8080/c/",
            "macs": [
                "00:1A:79:01:B2:E5",
                "00:1A:79:02:16:7A",
                "00:1A:79:3C:C9:EA",
                "00:1A:79:42:DA:84",
                "00:1A:79:43:02:77",
                "00:1A:79:43:09:F8",
                "00:1A:79:4B:F9:31",
                "00:1A:79:54:E0:BE",
                "00:1A:79:5B:EF:E7",
                "00:1A:79:60:3E:54",
                "00:1A:79:60:49:5F",
                "00:1A:79:A6:5E:9F",
                "00:1A:79:A7:A5:CE",
                "00:1A:79:C2:DF:DE"
            ]
        },
        {
            "server_name": "89.46.92.13:80",
            "server_url": "http://89.46.92.13:80/c/",
            "macs": [
                "00:1A:79:80:B9:1F",
                "00:1A:79:98:E3:43",
                "00:1A:79:AD:58:01",
                "00:1A:79:AE:55:EC",
                "00:1A:79:BB:FD:4B",
                "00:1A:79:F2:1B:24"
            ]
        },
        {
            "server_name": "62419-don.ott-cdn.me:80",
            "server_url": "http://62419-don.ott-cdn.me:80/c/",
            "macs": [
                "00:1A:79:00:00:07",
                "00:1A:79:00:00:0D",
                "00:1A:79:00:00:11",
                "00:1A:79:00:00:22",
                "00:1A:79:00:00:4D",
                "00:1A:79:00:00:52",
                "00:1A:79:00:00:78",
                "00:1A:79:00:00:97",
                "00:1A:79:00:00:98",
                "00:1A:79:00:01:23",
                "00:1A:79:00:01:5F",
                "00:1A:79:00:01:A2",
                "00:1A:79:00:05:E6",
                "00:1A:79:00:06:3C",
                "00:1A:79:00:06:5C",
                "00:1A:79:00:0B:0F",
                "00:1A:79:00:18:40",
                "00:1A:79:00:1A:20",
                "00:1A:79:00:1D:04",
                "00:1A:79:00:22:13"
            ]
        },
        {
            "server_name": "51.159.70.234",
            "server_url": "http://51.159.70.234/stalker_portal/c/",
            "macs": [
                "00:1A:79:18:B5:15",
                "00:1A:79:2E:88:6D",
                "00:1A:79:3D:AD:BE",
                "00:1A:79:4D:77:7D",
                "00:1A:79:63:55:4C",
                "00:1A:79:8B:94:20",
                "00:1A:79:8B:DC:DF",
                "00:1A:79:97:D3:58",
                "00:1A:79:AF:AD:C5",
                "00:1A:79:B4:F2:58"
            ]
        },
        {
            "server_name": "tv.indigotv.me",
            "server_url": "http://tv.indigotv.me/c/",
            "macs": [
                "00:1A:79:09:AC:16",
                "00:1A:79:10:1B:4C",
                "00:1A:79:14:78:32",
                "00:1A:79:17:BD:BA",
                "00:1A:79:17:BE:AE",
                "00:1A:79:31:34:27",
                "00:1A:79:42:01:5D",
                "00:1A:79:43:ED:D4",
                "00:1A:79:4B:14:40",
                "00:1A:79:4C:9A:52",
                "00:1A:79:60:12:16",
                "00:1A:79:7E:83:58",
                "00:1A:79:A6:04:35",
                "00:1A:79:CC:56:3B",
                "00:1A:79:F8:73:78",
                "00:1A:79:F8:76:B7",
                "00:1A:79:F9:3B:CD"
            ]
        },
        {
            "server_name": "jiotv.be",
            "server_url": "http://jiotv.be/stalker_portal/c/",
            "macs": [
                "00:1A:79:39:0F:34",
                "00:1A:79:3D:E3:87",
                "00:1A:79:4E:D3:5D",
                "00:1A:79:5E:A1:F9",
                "00:1A:79:6D:B7:88",
                "00:1A:79:75:CD:6C",
                "00:1A:79:77:71:89",
                "00:1A:79:7C:3E:97",
                "00:1A:79:B3:4E:B3",
                "00:1A:79:BE:E9:E2",
                "00:1A:79:C4:9A:F0",
                "00:1A:79:CD:EA:93"
            ]
        }
    ]
}