{
    "items": [
        {
            "server_name": "vip47.xyz:8080",
            "server_url": "http://vip47.xyz:8080/c/",
            "macs": [
                "00:1A:79:05:E8:12",
                "00:1A:79:2F:02:69",
                "00:1A:79:AB:62:92"
            ]
        },
        {
            "server_name": "eysantv.club:6464",
            "server_url": "http://eysantv.club:6464/c/",
            "macs": [
                "00:1A:79:01:71:8E",
                "00:1A:79:03:1F:DA",
                "00:1A:79:05:FA:60",
                "00:1A:79:27:1F:B7",
                "00:1A:79:4F:24:ED",
                "00:1A:79:50:19:CE",
                "00:1A:79:90:0B:F7",
                "00:1A:79:A3:F5:92",
                "00:1A:79:A4:74:BD",
                "00:1A:79:A4:96:A6",
                "00:1A:79:C1:B0:64",
                "00:1A:79:C4:2E:10",
                "00:1A:79:CC:3C:2D"
            ]
        },
        {
            "server_name": "tvmate.icu:8080",
            "server_url": "http://tvmate.icu:8080/c/",
            "macs": [
                "00:1A:79:ED:FA:5C"
            ]
        },
        {
            "server_name": "abcnew.site:8880",
            "server_url": "http://abcnew.site:8880/c/",
            "macs": [
                "00:1A:79:6A:E7:F8"
            ]
        },
        {
            "server_name": "zorrohunter.com",
            "server_url": "http://zorrohunter.com/c/",
            "macs": [
                "00:1A:79:40:F2:11",
                "00:1A:79:41:0A:A2",
                "00:1A:79:66:32:B3",
                "00:1A:79:67:9E:3F",
                "00:1A:79:8F:21:0D",
                "00:1A:79:95:90:4F",
                "00:1A:79:9A:23:75",
                "00:1A:79:AE:E8:CF"
            ]
        },
        {
            "server_name": "m.suportline.xyz",
            "server_url": "http://m.suportline.xyz/stalker_portal/c/",
            "macs": [
                "00:1A:79:77:FC:35"
            ]
        },
        {
            "server_name": "live.baltazar.pro",
            "server_url": "http://live.baltazar.pro/c/",
            "macs": [
                "00:1A:79:77:B9:37"
            ]
        },
        {
            "server_name": "89.45.13.153:25461",
            "server_url": "http://89.45.13.153:25461/c/",
            "macs": [
                "00:1A:79:4F:01:87",
                "00:1A:79:B7:55:EB",
                "00:1A:79:B8:47:35",
                "00:1A:79:BF:C2:03"
            ]
        },
        {
            "server_name": "eu.bosstv.live:8080",
            "server_url": "http://eu.bosstv.live:8080/c/",
            "macs": [
                "00:1A:79:A3:5B:68"
            ]
        },
        {
            "server_name": "new.ivue.co:25461",
            "server_url": "http://new.ivue.co:25461/c/",
            "macs": [
                "00:1A:79:FC:43:30"
            ]
        },
        {
            "server_name": "germanydns1.info:8000",
            "server_url": "http://germanydns1.info:8000/c/",
            "macs": [
                "00:1A:79:5C:24:76"
            ]
        },
        {
            "server_name": "revteam9.offshorerev.cc",
            "server_url": "http://revteam9.offshorerev.cc/c/",
            "macs": [
                "00:1A:79:82:26:15",
                "00:1A:79:B2:AC:EE"
            ]
        }
    ]
}