{
    "items": [
        {
            "server_name": "bigline.club:8080",
            "server_url": "http://bigline.club:8080/c/",
            "macs": [
                "00:1A:79:31:15:FB"
            ]
        },
        {
            "server_name": "onrev.xyz:80",
            "server_url": "http://onrev.xyz:80/c/",
            "macs": [
                "00:1A:79:4F:0C:99",
                "00:1A:79:83:48:63",
                "00:1A:79:AE:09:73",
                "00:1A:79:BF:04:5E"
            ]
        },
        {
            "server_name": "p1.iptvrocket.tv:80",
            "server_url": "http://p1.iptvrocket.tv:80/c/",
            "macs": [
                "00:1A:79:17:F9:8F",
                "00:1A:79:31:66:34",
                "00:1A:79:33:39:32",
                "00:1A:79:37:86:33",
                "00:1A:79:3A:3D:F3",
                "00:1A:79:52:08:D9",
                "00:1A:79:63:F9:CB",
                "00:1A:79:A3:B9:5D",
                "00:1A:79:AE:F2:D6",
                "00:1A:79:B4:67:6D",
                "00:1A:79:B7:EC:9D",
                "00:1A:79:B8:B9:82",
                "00:1A:79:BE:18:05",
                "00:1A:79:C3:22:60",
                "00:1A:79:FC:46:37"
            ]
        },
        {
            "server_name": "starshare.live:8080",
            "server_url": "http://starshare.live:8080/c/",
            "macs": [
                "00:1A:79:73:17:6D",
                "00:1A:79:A9:93:22"
            ]
        },
        {
            "server_name": "4kgoott.com:8880",
            "server_url": "http://4kgoott.com:8880/c/",
            "macs": [
                "00:1A:79:38:39:92",
                "00:1A:79:66:13:FD"
            ]
        },
        {
            "server_name": "hellas.sltv.pw:8080",
            "server_url": "http://hellas.sltv.pw:8080/c/",
            "macs": [
                "00:1A:79:F5:0B:2A"
            ]
        }
    ]
}