{
    "items": [
        {
            "server_name": "vip2102.112421.net:2050",
            "server_url": "http://vip2102.112421.net:2050/c/",
            "macs": [
                "00:1A:79:6c:4c:7a",
                "00:1A:79:7e:5f:cf",
                "00:1A:79:3e:3f:8b"
            ]
        },
        {
            "server_name": "fhdtv.club:8080",
            "server_url": "http://fhdtv.club:8080/c/",
            "macs": [
                "00:1a:79:cb:5b:bc",
                "00:1a:79:28:6f:c6",
                "00:1a:79:8b:2c:be",
                "00:1a:79:7c:d0:a1",
                "00:1a:79:77:4e:e7",
                "00:1a:79:72:0c:2e",
                "00:1a:79:9b:c6:88",
                "00:1a:79:4e:e0:57",
                "00:1a:79:55:6c:bf",
                "00:1a:79:00:95:39"
            ]
        }
    ]
}