{
    "items": [
        {
            "server_name": "fast.newdns.world",
            "server_url": "http://fast.newdns.world/c/",
            "macs": [
                "00:1A:79:19:3B:4E",
                "00:1A:79:20:85:32",
                "00:1A:79:4C:90:58",
                "00:1A:79:4E:4B:07",
                "00:1A:79:4F:4B:74",
                "00:1A:79:52:7C:8A",
                "00:1A:79:53:9F:C9",
                "00:1A:79:58:0C:29",
                "00:1A:79:89:90:46",
                "00:1A:79:94:3D:82",
                "00:1A:79:9B:98:60",
                "00:1A:79:9C:28:16",
                "00:1A:79:A7:EB:7B",
                "00:1A:79:AA:83:92",
                "00:1A:79:B3:F6:1E",
                "00:1A:79:B8:78:00",
                "00:1A:79:BA:9E:2F",
                "00:1A:79:BD:43:9A",
                "00:1A:79:C4:17:87",
                "00:1A:79:D4:7F:84"
            ]
        },
        {
            "server_name": "poiuy6.com",
            "server_url": "http://poiuy6.com/c/",
            "macs": [
                "00:1A:79:2B:BD:0B"
            ]
        },
        {
            "server_name": "brokentv.rip:8080",
            "server_url": "http://brokentv.rip:8080/c/",
            "macs": [
                "00:1A:79:02:46:41",
                "00:1A:79:BD:46:23",
                "00:1A:79:CE:0D:51"
            ]
        },
        {
            "server_name": "tit.ipsh.tv",
            "server_url": "http://tit.ipsh.tv/c/",
            "macs": [
                "00:1A:79:03:2C:77",
                "00:1A:79:16:59:40",
                "00:1A:79:56:A9:30",
                "00:1A:79:5E:43:46",
                "00:1A:79:94:F9:EB",
                "00:1A:79:A7:45:E8",
                "00:1A:79:B0:79:59",
                "00:1A:79:B7:5A:96",
                "00:1A:79:BB:84:D5",
                "00:1A:79:C1:75:97",
                "00:1A:79:E6:E7:29",
                "00:1A:79:EC:EE:5A"
            ]
        }
    ]
}