{
    "items": [
        {
            "server_name": "rapid-4k.com",
            "server_url": "http://rapid-4k.com/c/",
            "macs": [
                "00:1A:79:01:81:01",
                "00:1A:79:33:08:BE",
                "00:1A:79:33:35:26",
                "00:1A:79:49:0D:70",
                "00:1A:79:49:63:E1",
                "00:1A:79:53:26:66",
                "00:1A:79:53:FB:1E",
                "00:1A:79:58:14:FE",
                "00:1A:79:59:E1:E5",
                "00:1A:79:5C:ED:DB",
                "00:1A:79:5E:D6:A5",
                "00:1A:79:62:9B:E3",
                "00:1A:79:64:51:36",
                "00:1A:79:69:D7:78",
                "00:1A:79:71:12:1A",
                "00:1A:79:71:46:14",
                "00:1A:79:76:4A:31",
                "00:1A:79:83:84:C8",
                "00:1A:79:9A:14:E2",
                "00:1A:79:9E:B1:EF",
                "00:1A:79:9F:AD:ED",
                "00:1A:79:A2:77:93",
                "00:1A:79:A2:88:D8",
                "00:1A:79:A2:D6:23",
                "00:1A:79:A3:49:15",
                "00:1A:79:A5:C5:87",
                "00:1A:79:A5:D0:67",
                "00:1A:79:A6:92:F5",
                "00:1A:79:A7:71:05",
                "00:1A:79:A8:41:D8",
                "00:1A:79:A8:5C:68",
                "00:1A:79:A8:6A:A1",
                "00:1A:79:A8:6B:0C",
                "00:1A:79:A8:73:6C",
                "00:1A:79:A8:82:9C",
                "00:1A:79:A8:9B:A1",
                "00:1A:79:A8:A2:59",
                "00:1A:79:A9:46:30",
                "00:1A:79:A9:4F:96",
                "00:1A:79:A9:8F:54",
                "00:1A:79:A9:9E:73",
                "00:1A:79:AC:0F:0A",
                "00:1A:79:AC:8E:9B",
                "00:1A:79:AC:98:73",
                "00:1A:79:AC:9F:50",
                "00:1A:79:AC:A5:FD",
                "00:1A:79:AC:AA:00",
                "00:1A:79:AD:89:56",
                "00:1A:79:AF:B8:31",
                "00:1A:79:B0:D3:1B",
                "00:1A:79:B1:12:8C",
                "00:1A:79:B2:93:77",
                "00:1A:79:B8:6C:A8",
                "00:1A:79:EE:24:B6",
                "00:1A:79:F0:0B:73",
                "00:1A:79:F5:26:44",
                "00:1A:79:F5:27:F7",
                "00:1A:79:FB:10:49",
                "00:1A:79:FB:30:11"
            ]
        },
        {
            "server_name": "line.iptveros.com:80",
            "server_url": "http://line.iptveros.com:80/c/",
            "macs": [
                "00:1A:79:45:B7:1C",
                "00:1A:79:98:C5:21",
                "00:1A:79:C5:0F:A0",
                "00:1A:79:E6:63:8D"
            ]
        },
        {
            "server_name": "reseller.mytv4k.net:2082",
            "server_url": "http://reseller.mytv4k.net:2082/c/",
            "macs": [
                "00:1A:79:A2:09:D1"
            ]
        },
        {
            "server_name": "mag.moi-dom.tv",
            "server_url": "http://mag.moi-dom.tv/stalker_portal/c/",
            "macs": [
                "00:1A:79:51:9C:D6"
            ]
        },
        {
            "server_name": "e1.ciko.ch",
            "server_url": "http://e1.ciko.ch/c/",
            "macs": [
                "00:1A:79:5D:DB:26"
            ]
        },
        {
            "server_name": "a111.info:80",
            "server_url": "http://a111.info:80/stalker_portal/c/",
            "macs": [
                "00:1A:79:E7:E0:FD"
            ]
        },
        {
            "server_name": "rumania.xyz:25461",
            "server_url": "http://rumania.xyz:25461/c/",
            "macs": [
                "00:1A:79:72:9D:F4"
            ]
        },
        {
            "server_name": "rocketmedia.4-life.co.uk:2095",
            "server_url": "http://rocketmedia.4-life.co.uk:2095/c/",
            "macs": [
                "00:1A:79:04:C1:E8",
                "00:1A:79:23:F4:C5",
                "00:1A:79:3A:26:18",
                "00:1A:79:90:3A:E7",
                "00:1A:79:AD:85:C7",
                "00:1A:79:AF:0C:08",
                "00:1A:79:B1:AE:C3",
                "00:1A:79:C6:D2:1B",
                "00:1A:79:D5:58:03"
            ]
        }
    ]
}