{
    "items": [
        {
            "server_name": "kocaeli41.xyz:8000",
            "server_url": "http://kocaeli41.xyz:8000/c/",
            "macs": [
                "00:1a:79:a5:a2:28",
                "00:1a:79:b2:58:15",
                "00:1a:79:a4:5c:92",
                "00:1a:79:a2:e8:e0"
            ]
        },
        {
            "server_name": "onfireboxtv.com",
            "server_url": "http://onfireboxtv.com/c/",
            "macs": [
                "00:1a:79:b5:9f:23",
                "00:1a:79:b7:21:80",
                "00:1a:79:a5:93:0d",
                "00:1a:79:b6:19:42",
                "00:1a:79:ae:d9:5d"
            ]
        }
    ]
}