{
    "items": [
        {
            "server_name": "mag.premiumplus.tv",
            "server_url": "http://mag.premiumplus.tv/c/",
            "macs": [
                "00:1A:79:CC:1E:6C"
            ]
        },
        {
            "server_name": "owliptv.gentv.to:8080",
            "server_url": "http://owliptv.gentv.to:8080/c/",
            "macs": [
                "00:1A:79:A4:CE:90"
            ]
        },
        {
            "server_name": "mag.ukhd.tv",
            "server_url": "http://mag.ukhd.tv/c/",
            "macs": [
                "00:1A:79:FA:41:75",
                "00:1A:79:DC:A2:1A",
                "00:1A:79:34:2F:BC",
                "00:1A:79:02:7F:8B",
                "00:1A:79:2B:06:62",
                "00:1A:79:22:02:30"
            ]
        },
        {
            "server_name": "iptv.darkbox.nu",
            "server_url": "http://iptv.darkbox.nu/c/",
            "macs": [
                "00:1A:79:45:50:A8"
            ]
        },
        {
            "server_name": "apksmart.dino.ws",
            "server_url": "http://apksmart.dino.ws/c/",
            "macs": [
                "00:1A:79:25:D8:51",
                "00:1A:79:BC:15:CF",
                "00:1A:79:4F:0B:2B",
                "00:1A:79:C7:CE:9F"
            ]
        },
        {
            "server_name": "line.gofast-tv.me",
            "server_url": "http://line.gofast-tv.me/c/",
            "macs": [
                "00:1A:79:D6:5F:B6",
                "00:1A:79:B8:74:BC"
            ]
        },
        {
            "server_name": "sony4k.vip:8000",
            "server_url": "http://sony4k.vip:8000/c/",
            "macs": [
                "00:1A:79:19:46:59",
                "00:1A:79:0C:9E:2F",
                "00:1A:79:B9:09:5C"
            ]
        },
        {
            "server_name": "iup-tv.com:8080",
            "server_url": "http://iup-tv.com:8080/c/",
            "macs": [
                "00:1A:79:4D:95:74",
                "00:1A:79:53:71:D3",
                "00:1A:79:C4:77:B2"
            ]
        },
        {
            "server_name": "fultv.sytes.net:8080",
            "server_url": "http://fultv.sytes.net:8080/c/",
            "macs": [
                "00:1A:79:7A:4D:98",
                "00:1A:79:23:9C:08"
            ]
        },
        {
            "server_name": "www.fonziptv.com:8080",
            "server_url": "http://www.fonziptv.com:8080/c/",
            "macs": [
                "00:1A:79:a6:70:c4",
                "00:1A:79:C0:C0:83",
                "00:1A:79:5E:C7:16"
            ]
        },
        {
            "server_name": "portal.redlinetv.in:8080",
            "server_url": "http://portal.redlinetv.in:8080/c/",
            "macs": [
                "00:1A:79:32:32:81"
            ]
        }
    ]
}