{
    "items": [
        {
            "server_name": "shooters.live:80",
            "server_url": "http://shooters.live:80/c/",
            "macs": [
                "00:1A:79:01:81:01",
                "00:1A:79:33:08:BE",
                "00:1A:79:49:63:E1",
                "00:1A:79:53:26:66",
                "00:1A:79:53:FB:1E",
                "00:1A:79:58:14:FE",
                "00:1A:79:59:E1:E5",
                "00:1A:79:5E:D6:A5",
                "00:1A:79:62:9B:E3",
                "00:1A:79:64:51:36",
                "00:1A:79:71:12:1A",
                "00:1A:79:71:46:14",
                "00:1A:79:76:4A:31",
                "00:1A:79:9E:B1:EF",
                "00:1A:79:9F:AD:ED",
                "00:1A:79:A2:D6:23",
                "00:1A:79:A3:49:15",
                "00:1A:79:A5:C5:87",
                "00:1A:79:A7:71:05",
                "00:1A:79:A8:41:D8",
                "00:1A:79:A8:6B:0C",
                "00:1A:79:A8:73:6C",
                "00:1A:79:A8:9B:A1",
                "00:1A:79:A9:8F:54",
                "00:1A:79:A9:9E:73",
                "00:1A:79:AC:0F:0A",
                "00:1A:79:AC:98:73",
                "00:1A:79:AC:9F:50",
                "00:1A:79:AC:AA:00",
                "00:1A:79:AF:B8:31",
                "00:1A:79:B2:93:77",
                "00:1A:79:F0:0B:73",
                "00:1A:79:F5:26:44",
                "00:1A:79:FB:30:11"
            ]
        },
        {
            "server_name": "4kplus.org:80",
            "server_url": "http://4kplus.org:80/c/",
            "macs": [
                "00:1A:79:A6:D7:94",
                "00:1A:79:D4:0F:C6",
                "00:1A:79:DD:9D:72"
            ]
        },
        {
            "server_name": "62.182.83.91:80",
            "server_url": "http://62.182.83.91:80/c/",
            "macs": [
                "00:1A:79:DA:65:A9"
            ]
        },
        {
            "server_name": "fpro.webvps.de:25443",
            "server_url": "http://fpro.webvps.de:25443/c/",
            "macs": [
                "00:1A:79:12:A6:64",
                "00:1A:79:C1:BC:C6",
                "00:1A:79:C7:DF:77"
            ]
        },
        {
            "server_name": "humiptv.live:8080",
            "server_url": "http://humiptv.live:8080/c/",
            "macs": [
                "00:1A:79:00:0B:B2",
                "00:1A:79:68:C2:63",
                "00:1A:79:AD:2E:9F",
                "00:1A:79:CE:09:98"
            ]
        },
        {
            "server_name": "flumine.cc",
            "server_url": "http://flumine.cc/stalker_portal/c/",
            "macs": [
                "00:1A:79:C2:CA:FA"
            ]
        },
        {
            "server_name": "51.91.57.198",
            "server_url": "http://51.91.57.198/stalker_portal/c/",
            "macs": [
                "00:1A:79:25:FA:F9",
                "00:1A:79:40:2F:C6",
                "00:1A:79:6A:38:E9",
                "00:1A:79:7B:8C:19",
                "00:1A:79:7B:8E:E3"
            ]
        },
        {
            "server_name": "45.139.122.199:8080",
            "server_url": "http://45.139.122.199:8080/c/",
            "macs": [
                "00:1A:79:49:89:99",
                "00:1A:79:A6:61:2B",
                "00:1A:79:AB:B7:4E",
                "00:1A:79:B6:56:12",
                "00:1A:79:B7:1A:B0",
                "00:1A:79:C0:BE:59",
                "00:1A:79:C7:02:CE",
                "00:1A:79:CC:41:23"
            ]
        }
    ]
}