{
    "items": [
        {
            "server_name": "line.klasstv.eu:80",
            "server_url": "http://line.klasstv.eu:80/c/",
            "macs": [
                "00:1A:79:25:78:11"
            ]
        },
        {
            "server_name": "ip.xtremetv.eu:8000",
            "server_url": "http://ip.xtremetv.eu:8000/c/",
            "macs": [
                "00:1A:79:97:C6:97",
                "00:1A:79:4E:2F:69"
            ]
        },
        {
            "server_name": "calipsosm.xyz:8080",
            "server_url": "http://calipsosm.xyz:8080/c/",
            "macs": [
                "00:1A:79:31:79:44",
                "00:1A:79:31:79:A1"
            ]
        },
        {
            "server_name": "adoiptv.com:8080",
            "server_url": "http://adoiptv.com:8080/c/",
            "macs": [
                "00:1A:79:B0:BE:4A",
                "00:1A:79:32:3A:34",
                "00:1A:79:C5:F4:A1"
            ]
        },
        {
            "server_name": "amon.live",
            "server_url": "http://amon.live/c/",
            "macs": [
                "00:1A:79:51:86:B2",
                "00:1A:79:51:CF:92"
            ]
        },
        {
            "server_name": "apple.frequency.rocks",
            "server_url": "http://apple.frequency.rocks/c/",
            "macs": [
                "00:1A:79:4B:66:26",
                "00:1A:79:4C:9F:CC"
            ]
        },
        {
            "server_name": "cmjl.online:8080",
            "server_url": "http://cmjl.online:8080/c/",
            "macs": [
                "00:1A:79:70:04:85",
                "00:1A:79:70:09:5C"
            ]
        },
        {
            "server_name": "exprestv.win",
            "server_url": "http://exprestv.win/c/",
            "macs": [
                "00:1A:79:4A:77:5D",
                "00:1A:79:C0:25:5A",
                "00:1A:79:BC:27:09"
            ]
        },
        {
            "server_name": "mag.realvip.co",
            "server_url": "http://mag.realvip.co/c/",
            "macs": [
                "00:1A:79:70:7D:42",
                "00:1A:79:19:19:19"
            ]
        },
        {
            "server_name": "line.klasstv.eu",
            "server_url": "http://line.klasstv.eu/c/",
            "macs": [
                "00:1A:79:1D:0F:5C",
                "00:1A:79:68:0F:80",
                "00:1A:79:6F:5F:55",
                "00:1A:79:56:96:8C",
                "00:1A:79:3F:3C:50",
                "00:1A:79:19:47:2F"
            ]
        }
    ]
}