{
    "items": [
        {
            "server_name": "ip.paket.live:80",
            "server_url": "http://ip.paket.live:80/c/",
            "macs": [
                "00:1A:79:52:CE:1A"
            ]
        },
        {
            "server_name": "117tv.icu:8080",
            "server_url": "http://117tv.icu:8080/c/",
            "macs": [
                "00:1A:79:5F:4D:B9",
                "00:1A:79:A8:10:62",
                "00:1A:79:AD:D0:92",
                "00:1A:79:BB:77:CB",
                "00:1A:79:BE:3F:17",
                "00:1A:79:D0:05:96"
            ]
        },
        {
            "server_name": "coresys.dvrdns.org:25461",
            "server_url": "http://coresys.dvrdns.org:25461/c/",
            "macs": [
                "00:1A:79:5E:B5:A9",
                "00:1A:79:8F:9F:76"
            ]
        },
        {
            "server_name": "line.premiumpowers.net:8000",
            "server_url": "http://line.premiumpowers.net:8000/c/",
            "macs": [
                "00:1A:79:67:5F:7E"
            ]
        },
        {
            "server_name": "portal.magic8kip.tv:80",
            "server_url": "http://portal.magic8kip.tv:80/c/",
            "macs": [
                "00:1A:79:37:E8:82"
            ]
        },
        {
            "server_name": "stb.iphd.tv",
            "server_url": "http://stb.iphd.tv/c/",
            "macs": [
                "00:1A:79:63:AD:BD"
            ]
        },
        {
            "server_name": "yedek.realiptv.org",
            "server_url": "http://yedek.realiptv.org/c/",
            "macs": [
                "00:1A:79:05:E0:C1"
            ]
        },
        {
            "server_name": "restream.globaltv1.net:8080",
            "server_url": "http://restream.globaltv1.net:8080/c/",
            "macs": [
                "00:1A:79:08:4B:DE",
                "00:1A:79:10:E0:FD",
                "00:1A:79:10:E1:BD",
                "00:1A:79:13:54:EF",
                "00:1A:79:4D:02:D9",
                "00:1A:79:AF:38:32"
            ]
        },
        {
            "server_name": "cmjl.online:8080",
            "server_url": "http://cmjl.online:8080/c/",
            "macs": [
                "00:1A:79:55:24:B2",
                "00:1A:79:7E:9A:A8",
                "00:1A:79:92:89:D9",
                "00:1A:79:BD:B6:7C"
            ]
        },
        {
            "server_name": "proxym3u.watchtv.best",
            "server_url": "http://proxym3u.watchtv.best/c/",
            "macs": [
                "00:1A:79:04:8B:E2",
                "00:1A:79:61:83:47",
                "00:1A:79:D3:B4:8B"
            ]
        },
        {
            "server_name": "185.243.7.51:80",
            "server_url": "http://185.243.7.51:80/c/",
            "macs": [
                "00:1A:79:02:FE:01",
                "00:1A:79:0E:1C:C5",
                "00:1A:79:18:1F:1C",
                "00:1A:79:2A:1F:A9",
                "00:1A:79:44:A8:C6",
                "00:1A:79:5D:6C:42",
                "00:1A:79:7A:56:34",
                "00:1A:79:9A:44:15",
                "00:1A:79:A0:E8:47",
                "00:1A:79:A1:90:9C",
                "00:1A:79:A1:A6:FD",
                "00:1A:79:A1:D5:F6",
                "00:1A:79:A2:6C:92",
                "00:1A:79:A2:B9:D3",
                "00:1A:79:A2:C5:F8",
                "00:1A:79:A2:C8:99",
                "00:1A:79:A3:29:C2",
                "00:1A:79:A3:8B:8A",
                "00:1A:79:A3:C1:80",
                "00:1A:79:A3:C1:81",
                "00:1A:79:A3:C2:28",
                "00:1A:79:A3:D4:B1",
                "00:1A:79:A3:F3:FA",
                "00:1A:79:A3:F8:42",
                "00:1A:79:A4:48:1C",
                "00:1A:79:A4:CA:47",
                "00:1A:79:A5:2C:CD"
            ]
        },
        {
            "server_name": "tv.zaintv.net",
            "server_url": "http://tv.zaintv.net/c/",
            "macs": [
                "00:1A:79:B0:D5:AD",
                "00:1A:79:B5:46:6D",
                "00:1A:79:DD:6C:C1"
            ]
        },
        {
            "server_name": "brokentv.rip:8080",
            "server_url": "http://brokentv.rip:8080/c/",
            "macs": [
                "00:1A:79:2C:60:44",
                "00:1A:79:55:18:A9",
                "00:1A:79:58:EC:A5",
                "00:1A:79:79:25:A2",
                "00:1A:79:7A:B4:0A",
                "00:1A:79:7E:27:17",
                "00:1A:79:ED:2A:1C",
                "00:1A:79:F7:A6:DC"
            ]
        },
        {
            "server_name": "94.130.136.116",
            "server_url": "http://94.130.136.116/stalker_portal/c/",
            "macs": [
                "00:1A:79:7E:78:B3",
                "00:1A:79:94:18:BF",
                "00:1A:79:B8:4D:6A"
            ]
        },
        {
            "server_name": "194.76.0.140",
            "server_url": "http://194.76.0.140/c/",
            "macs": [
                "00:1A:79:00:00:00"
            ]
        },
        {
            "server_name": "portal.galaxytv.biz",
            "server_url": "http://portal.galaxytv.biz/stalker_portal/c/",
            "macs": [
                "00:1A:79:03:B9:B9",
                "00:1A:79:7A:2C:C4",
                "00:1A:79:93:08:10"
            ]
        },
        {
            "server_name": "jiotv.be",
            "server_url": "http://jiotv.be/stalker_portal/c/",
            "macs": [
                "00:1A:79:66:3B:74"
            ]
        },
        {
            "server_name": "live.max4k.cc",
            "server_url": "http://live.max4k.cc/stalker_portal/c/",
            "macs": [
                "00:1A:79:37:4B:47"
            ]
        },
        {
            "server_name": "167.114.60.51",
            "server_url": "http://167.114.60.51/stalker_portal/c/",
            "macs": [
                "00:1A:79:75:AA:BA"
            ]
        },
        {
            "server_name": "15.235.13.183:88",
            "server_url": "http://15.235.13.183:88/stalker_portal/c/",
            "macs": [
                "00:1A:79:52:7F:33",
                "00:1A:79:6B:8F:AB",
                "00:1A:79:AD:C3:D6",
                "00:1A:79:AF:1A:E5",
                "00:1A:79:B2:D9:C2",
                "00:1A:79:B3:FB:B1",
                "00:1A:79:B4:69:60",
                "00:1A:79:B7:DE:D4",
                "00:1A:79:C4:CA:B0",
                "00:1A:79:C4:D1:F0"
            ]
        },
        {
            "server_name": "dp-elite.net:2095",
            "server_url": "http://dp-elite.net:2095/c/",
            "macs": [
                "00:1A:79:1A:57:FA",
                "00:1A:79:57:EA:79",
                "00:1A:79:C7:4A:35"
            ]
        },
        {
            "server_name": "streamcode.one:2082",
            "server_url": "http://streamcode.one:2082/c/",
            "macs": [
                "00:1A:79:7E:69:FE"
            ]
        },
        {
            "server_name": "don-balon.ddns.net:8080",
            "server_url": "http://don-balon.ddns.net:8080/c/",
            "macs": [
                "00:1A:79:CD:84:A4"
            ]
        },
        {
            "server_name": "yo.ikitv.site:8080",
            "server_url": "http://yo.ikitv.site:8080/c/",
            "macs": [
                "00:1A:79:C4:45:F4"
            ]
        },
        {
            "server_name": "145.239.253.183",
            "server_url": "http://145.239.253.183/stalker_portal/c/",
            "macs": [
                "00:1A:79:63:B5:C8",
                "00:1A:79:66:0B:0D",
                "00:1A:79:72:DC:5A"
            ]
        },
        {
            "server_name": "skunkytv.live",
            "server_url": "http://skunkytv.live/c/",
            "macs": [
                "00:1A:79:00:1C:A7",
                "00:1A:79:6B:5F:85",
                "00:1A:79:B9:77:09"
            ]
        },
        {
            "server_name": "ph-info.xyz",
            "server_url": "http://ph-info.xyz/c/",
            "macs": [
                "00:1A:79:01:4A:BA"
            ]
        },
        {
            "server_name": "pal.alphatx.me",
            "server_url": "http://pal.alphatx.me/c/",
            "macs": [
                "00:1A:79:78:70:03"
            ]
        },
        {
            "server_name": "fastopen.live:8080",
            "server_url": "http://fastopen.live:8080/c/",
            "macs": [
                "00:1A:79:A4:80:28",
                "00:1A:79:C0:94:1C"
            ]
        },
        {
            "server_name": "iup-tv.com:8080",
            "server_url": "http://iup-tv.com:8080/c/",
            "macs": [
                "00:1A:79:32:B0:9A",
                "00:1A:79:A6:E8:91",
                "00:1A:79:A8:CF:B0",
                "00:1A:79:A9:D3:0F",
                "00:1A:79:AD:58:90",
                "00:1A:79:AE:2A:37",
                "00:1A:79:B4:63:C3",
                "00:1A:79:B5:61:7E",
                "00:1A:79:BC:D9:36",
                "00:1A:79:BE:90:48",
                "00:1A:79:C6:C1:75",
                "00:1A:79:CD:49:04"
            ]
        },
        {
            "server_name": "marvelhd.eu:8080",
            "server_url": "http://marvelhd.eu:8080/c/",
            "macs": [
                "00:1A:79:00:00:02"
            ]
        },
        {
            "server_name": "rufus.zone",
            "server_url": "http://rufus.zone/stalker_portal/c/",
            "macs": [
                "00:1A:79:96:51:77",
                "00:1A:79:9D:29:77",
                "00:1A:79:9E:06:5F",
                "00:1A:79:E5:2B:DC",
                "00:1A:79:E5:8F:15"
            ]
        },
        {
            "server_name": "pearliptv.live:8080",
            "server_url": "http://pearliptv.live:8080/c/",
            "macs": [
                "00:1A:79:00:4F:00",
                "00:1A:79:01:19:AE"
            ]
        },
        {
            "server_name": "iptvworld.xyz:2095",
            "server_url": "http://iptvworld.xyz:2095/c/",
            "macs": [
                "00:1A:79:B8:75:67"
            ]
        },
        {
            "server_name": "line.protv.cc",
            "server_url": "http://line.protv.cc/c/",
            "macs": [
                "00:1A:79:C2:31:E0"
            ]
        },
        {
            "server_name": "zorrohunter.com",
            "server_url": "http://zorrohunter.com/c/",
            "macs": [
                "00:1A:79:44:25:72",
                "00:1A:79:66:32:B3",
                "00:1A:79:70:0B:52",
                "00:1A:79:8F:21:0D"
            ]
        },
        {
            "server_name": "medotv.nl:8000",
            "server_url": "http://medotv.nl:8000/c/",
            "macs": [
                "00:1A:79:4C:5D:40",
                "00:1A:79:4E:2D:25",
                "00:1A:79:D9:45:62"
            ]
        },
        {
            "server_name": "tv.psmarters.xyz:8080",
            "server_url": "http://tv.psmarters.xyz:8080/c/",
            "macs": [
                "00:1A:79:13:51:E3",
                "00:1A:79:13:51:E9",
                "00:1A:79:13:54:EF",
                "00:1A:79:13:55:59",
                "00:1A:79:13:55:65",
                "00:1A:79:13:57:45"
            ]
        },
        {
            "server_name": "line.iptvwings.com",
            "server_url": "http://line.iptvwings.com/c/",
            "macs": [
                "00:1A:79:EF:AA:F5"
            ]
        },
        {
            "server_name": "youfoxtv.com:8080",
            "server_url": "http://youfoxtv.com:8080/c/",
            "macs": [
                "00:1A:79:74:CF:AC",
                "00:1A:79:AA:EF:38",
                "00:1A:79:B4:F8:DD",
                "00:1A:79:B8:86:BE",
                "00:1A:79:BA:62:A3",
                "00:1A:79:BF:29:1F",
                "00:1A:79:BF:2B:6C",
                "00:1A:79:C7:E9:08",
                "00:1A:79:C8:44:84",
                "00:1A:79:FB:16:D5"
            ]
        },
        {
            "server_name": "mutant.arrox.top:80",
            "server_url": "http://mutant.arrox.top:80/c/",
            "macs": [
                "00:1A:79:00:59:53",
                "00:1A:79:09:56:BD",
                "00:1A:79:0F:92:4D",
                "00:1A:79:37:2E:CA",
                "00:1A:79:88:0B:EF",
                "00:1A:79:BA:30:5D",
                "00:1A:79:CE:38:6B",
                "00:1A:79:D2:E0:75"
            ]
        },
        {
            "server_name": "1234up.com:8080",
            "server_url": "http://1234up.com:8080/c/",
            "macs": [
                "00:1A:79:0E:37:F0",
                "00:1A:79:14:2E:3F",
                "00:1A:79:19:9A:07",
                "00:1A:79:24:14:CB",
                "00:1A:79:25:17:26",
                "00:1A:79:4C:4F:FB",
                "00:1A:79:72:40:40",
                "00:1A:79:7C:4C:18",
                "00:1A:79:A9:26:7B",
                "00:1A:79:C5:4C:C1",
                "00:1A:79:C7:9B:4A",
                "00:1A:79:C8:06:8D",
                "00:1A:79:C8:6B:E8",
                "00:1A:79:CC:FC:2A",
                "00:1A:79:FB:21:DC"
            ]
        },
        {
            "server_name": "jt-info.xyz",
            "server_url": "http://jt-info.xyz/c/",
            "macs": [
                "00:1A:79:37:AE:37",
                "00:1A:79:4F:A7:DC",
                "00:1A:79:B4:E7:DB"
            ]
        },
        {
            "server_name": "apksmart.dino.ws",
            "server_url": "http://apksmart.dino.ws/c/",
            "macs": [
                "00:1A:79:33:BD:70",
                "00:1A:79:B5:69:3A"
            ]
        },
        {
            "server_name": "cbrlig.com:8080",
            "server_url": "http://cbrlig.com:8080/c/",
            "macs": [
                "00:1A:79:38:2D:E4",
                "00:1A:79:7B:F2:8A",
                "00:1A:79:CD:1F:23"
            ]
        },
        {
            "server_name": "speed-gaz.xyz",
            "server_url": "http://speed-gaz.xyz/c/",
            "macs": [
                "00:1A:79:A2:E7:E5",
                "00:1A:79:A6:F3:33",
                "00:1A:79:CB:8C:DD"
            ]
        },
        {
            "server_name": "77.74.193.158:88",
            "server_url": "http://77.74.193.158:88/stalker_portal/c/",
            "macs": [
                "00:1A:79:36:55:F0",
                "00:1A:79:6A:09:4A",
                "00:1A:79:F4:C4:7B"
            ]
        },
        {
            "server_name": "safetv.vip:8080",
            "server_url": "http://safetv.vip:8080/c/",
            "macs": [
                "00:1A:79:BC:36:09"
            ]
        },
        {
            "server_name": "sotu.ws:26928",
            "server_url": "http://sotu.ws:26928/c/",
            "macs": [
                "00:1A:79:38:22:2A"
            ]
        },
        {
            "server_name": "vip2102.112421.net:2050",
            "server_url": "http://vip2102.112421.net:2050/c/",
            "macs": [
                "00:1A:79:1D:3A:2A",
                "00:1A:79:58:3F:8D",
                "00:1A:79:C9:D3:C8"
            ]
        },
        {
            "server_name": "anonymoustv.club",
            "server_url": "http://anonymoustv.club/c/",
            "macs": [
                "00:1A:79:00:20:6C"
            ]
        },
        {
            "server_name": "tit.ipsh.tv",
            "server_url": "http://tit.ipsh.tv/c/",
            "macs": [
                "00:1A:79:49:C8:D5"
            ]
        },
        {
            "server_name": "iptvfy.com:2095",
            "server_url": "http://iptvfy.com:2095/c/",
            "macs": [
                "00:1A:79:1A:7C:D0"
            ]
        },
        {
            "server_name": "cod123.biz",
            "server_url": "http://cod123.biz/stalker_portal/c/",
            "macs": [
                "00:1A:79:40:44:38"
            ]
        },
        {
            "server_name": "crystalott.org",
            "server_url": "http://crystalott.org/c/",
            "macs": [
                "00:1A:79:00:00:00"
            ]
        },
        {
            "server_name": "vip2102.112421.net",
            "server_url": "http://vip2102.112421.net/c/",
            "macs": [
                "00:1A:79:26:6F:69",
                "00:1A:79:58:5F:78",
                "00:1A:79:65:9F:BD"
            ]
        },
        {
            "server_name": "atytruw3987hter.11121367.xyz:8080",
            "server_url": "http://atytruw3987hter.11121367.xyz:8080/c/",
            "macs": [
                "00:1A:79:76:0A:0E",
                "00:1A:79:B1:00:17"
            ]
        },
        {
            "server_name": "llllllllliiiiiiiiiiiiii.funtogether.xyz:8080",
            "server_url": "http://llllllllliiiiiiiiiiiiii.funtogether.xyz:8080/c/",
            "macs": [
                "00:1A:79:4B:52:95",
                "00:1A:79:7B:4D:9C",
                "00:1A:79:80:88:9D",
                "00:1A:79:A2:C6:B6",
                "00:1A:79:AD:FA:CA",
                "00:1A:79:D0:F7:74"
            ]
        },
        {
            "server_name": "ip.plat.cx:8080",
            "server_url": "http://ip.plat.cx:8080/c/",
            "macs": [
                "00:1A:79:A7:DC:97",
                "00:1A:79:AA:57:F5",
                "00:1A:79:AB:5D:F5",
                "00:1A:79:AD:FE:D9",
                "00:1A:79:C6:D1:02"
            ]
        },
        {
            "server_name": "185.66.88.145:8912",
            "server_url": "http://185.66.88.145:8912/c/",
            "macs": [
                "00:1A:79:51:A4:87"
            ]
        },
        {
            "server_name": "trial48fb.hopto.org",
            "server_url": "http://trial48fb.hopto.org/stalker_portal/c/",
            "macs": [
                "00:1A:79:06:C1:51",
                "00:1A:79:38:85:16"
            ]
        },
        {
            "server_name": "xegd.ultapulta.com",
            "server_url": "http://xegd.ultapulta.com/stalker_portal/c/",
            "macs": [
                "00:1A:79:4D:0E:0D",
                "00:1A:79:54:4C:F3",
                "00:1A:79:55:C5:07",
                "00:1A:79:56:3C:BE"
            ]
        },
        {
            "server_name": "mag.ukhd.tv",
            "server_url": "http://mag.ukhd.tv/c/",
            "macs": [
                "00:1A:79:3A:A1:6B"
            ]
        },
        {
            "server_name": "line.iptveros.com:8000",
            "server_url": "http://line.iptveros.com:8000/c/",
            "macs": [
                "00:1A:79:04:3B:3C",
                "00:1A:79:08:5F:95",
                "00:1A:79:63:DA:A8",
                "00:1A:79:70:C3:4C",
                "00:1A:79:7A:41:18",
                "00:1A:79:80:C8:C1",
                "00:1A:79:A5:33:E2",
                "00:1A:79:A5:DC:2C",
                "00:1A:79:A7:6C:3A",
                "00:1A:79:B0:26:3C",
                "00:1A:79:B6:25:35",
                "00:1A:79:B8:CD:54"
            ]
        },
        {
            "server_name": "ogzpunk.live:8080",
            "server_url": "http://ogzpunk.live:8080/c/",
            "macs": [
                "00:1A:79:4D:05:30",
                "00:1A:79:C1:92:32"
            ]
        },
        {
            "server_name": "drks.info:8080",
            "server_url": "http://drks.info:8080/c/",
            "macs": [
                "00:1A:79:75:6B:BF"
            ]
        },
        {
            "server_name": "ibrafr.com:8789",
            "server_url": "http://ibrafr.com:8789/c/",
            "macs": [
                "00:1A:79:46:FB:7D",
                "00:1A:79:4D:01:2B"
            ]
        },
        {
            "server_name": "pointpython.streamtv.to:8080",
            "server_url": "http://pointpython.streamtv.to:8080/c/",
            "macs": [
                "00:1A:79:55:5E:9A",
                "00:1A:79:C4:5F:B6",
                "00:1A:79:D1:9E:54",
                "00:1A:79:D2:0C:CA"
            ]
        }
    ]
}