{
    "items": [
        {
            "server_name": "worldiptv.nl:80",
            "server_url": "http://worldiptv.nl:80/c/",
            "macs": [
                "00:1A:79:09:80:11",
                "00:1A:79:90:96:F6",
                "00:1A:79:F8:F2:53"
            ]
        },
        {
            "server_name": "z.xzzz.vip:80",
            "server_url": "http://z.xzzz.vip:80/c/",
            "macs": [
                "00:1A:79:77:22:11",
                "00:1A:79:AB:EB:A7",
                "00:1A:79:B5:CD:F7",
                "00:1A:79:BB:37:E4",
                "00:1A:79:BF:AE:9A",
                "00:1A:79:C6:F7:E3",
                "00:1A:79:F4:35:70"
            ]
        },
        {
            "server_name": "innovationpro.nl:80",
            "server_url": "http://innovationpro.nl:80/c/",
            "macs": [
                "00:1A:79:0A:8F:FE",
                "00:1A:79:16:4C:94",
                "00:1A:79:24:17:67",
                "00:1A:79:32:C8:A3",
                "00:1A:79:4B:C4:A3",
                "00:1A:79:50:C1:50",
                "00:1A:79:63:99:30",
                "00:1A:79:64:34:66",
                "00:1A:79:74:F2:3D",
                "00:1A:79:79:B0:22",
                "00:1A:79:87:7F:CA",
                "00:1A:79:8C:02:FC",
                "00:1A:79:A9:EA:65",
                "00:1A:79:B6:18:9A",
                "00:1A:79:B7:1A:3C",
                "00:1A:79:BC:2E:1A",
                "00:1A:79:C1:16:96",
                "00:1A:79:C4:9F:F3",
                "00:1A:79:C5:75:20",
                "00:1A:79:DD:C6:EC",
                "00:1A:79:F1:A3:2B",
                "00:1A:79:FB:2C:F3"
            ]
        }
    ]
}