{
    "items": [
        {
            "server_name": "skipcf.cwdn.cx",
            "server_url": "http://skipcf.cwdn.cx/c/",
            "macs": [
                "00:1A:79:5E:3E:7A",
                "00:1A:79:2C:DE:53",
                "00:1A:79:DE:93:BF"
            ]
        },
        {
            "server_name": "mag.trexlive.me:8000",
            "server_url": "http://mag.trexlive.me:8000/c/",
            "macs": [
                "00:1A:79:F1:68:1D",
                "00:1A:79:FB:32:2B",
                "00:1A:79:9D:83:E9",
                "00:1A:79:7D:9F:F0"
            ]
        },
        {
            "server_name": "roxs.xyz",
            "server_url": "http://roxs.xyz/c/",
            "macs": [
                "00:1A:79:CA:3F:09"
            ]
        },
        {
            "server_name": "spacextv.live:8080",
            "server_url": "http://spacextv.live:8080/c/",
            "macs": [
                "00:1A:79:77:03:02",
                "00:1A:79:05:D7:97"
            ]
        },
        {
            "server_name": "fastopen.live:8080",
            "server_url": "http://fastopen.live:8080/c/",
            "macs": [
                "00:1A:79:CB:14:14",
                "00:1A:79:F4:4A:05",
                "00:1A:79:5D:D1:56",
                "00:1A:79:73:7E:45"
            ]
        },
        {
            "server_name": "buyspamtool.com:8080",
            "server_url": "http://buyspamtool.com:8080/c/",
            "macs": [
                "00:1A:79:88:54:B0",
                "00:1A:79:C1:A4:DC",
                "00:1A:79:C0:A9:55",
                "00:1A:79:42:D4:72"
            ]
        },
        {
            "server_name": "99ab99.com:80",
            "server_url": "http://99ab99.com:80/c/",
            "macs": [
                "00:1A:79:11:8f:f1",
                "00:1A:79:2c:1f:31",
                "00:1A:79:2e:81:c8",
                "00:1A:79:b1:90:fa",
                "00:1A:79:92:09:92",
                "00:1A:79:0a:6f:47",
                "00:1A:79:92:09:92"
            ]
        }
    ]
}