{
    "items": [
        {
            "server_name": "procdnnet.eu:80",
            "server_url": "http://procdnnet.eu:80/c/",
            "macs": [
                "00:1A:79:AE:CB:D5",
                "00:1A:79:E7:AD:E1",
                "00:1A:79:E7:59:C4"
            ]
        },
        {
            "server_name": "aabb.is:2095",
            "server_url": "http://aabb.is:2095/c/",
            "macs": [
                "00:1A:79:BA:B4:36",
                "00:1A:79:B7:30:98"
            ]
        },
        {
            "server_name": "ledir.thund.re",
            "server_url": "http://ledir.thund.re/c/",
            "macs": [
                "00:1A:79:00:30:43",
                "00:1A:79:00:65:72",
                "00:1A:79:00:93:02",
                "00:1A:79:00:60:70",
                "00:1A:79:02:65:92",
                "00:1A:79:00:37:60",
                "00:1A:79:22:72:16",
                "00:1A:79:00:35:34",
                "00:1A:79:22:5A:77"
            ]
        },
        {
            "server_name": "wiki-ott.org:8789",
            "server_url": "http://wiki-ott.org:8789/c/",
            "macs": [
                "00:1A:79:3D:5C:6F",
                "00:1A:79:A5:40:70",
                "00:1A:79:23:7A:F4",
                "00:1A:79:70:68:3F",
                "00:1A:79:94:21:A0",
                "00:1A:79:A4:58:03",
                "00:1A:79:5E:F3:6F",
                "00:1A:79:98:97:56",
                "00:1A:79:7A:42:12",
                "00:1A:79:05:A3:28",
                "00:1A:79:6A:AC:A5"
            ]
        },
        {
            "server_name": "xc.xvip58.xyz:8080",
            "server_url": "http://xc.xvip58.xyz:8080/c/",
            "macs": [
                "00:1A:79:14:e1:71",
                "00:1A:79:22:40:c2",
                "00:1A:79:4d:07:54",
                "00:1A:79:22:db:ad",
                "00:1A:79:10:de:e9"
            ]
        },
        {
            "server_name": "poiuy6.com",
            "server_url": "http://poiuy6.com/c/",
            "macs": [
                "00:1A:79:6D:60:65"
            ]
        },
        {
            "server_name": "stb.iphd.tv",
            "server_url": "http://stb.iphd.tv/c/",
            "macs": [
                "00:1A:79:0B:65:A5",
                "00:1A:79:B2:45:1A",
                "00:1A:79:4A:42:F4"
            ]
        },
        {
            "server_name": "fastrunner.live:8080",
            "server_url": "http://fastrunner.live:8080/c/",
            "macs": [
                "00:1A:79:B1:F7:0A",
                "00:1A:79:BE:58:E8"
            ]
        },
        {
            "server_name": "45.139.122.199:8080",
            "server_url": "http://45.139.122.199:8080/c/",
            "macs": [
                "00:1A:79:4D:83:E3"
            ]
        },
        {
            "server_name": "tvonpt.net:80",
            "server_url": "http://tvonpt.net:80/c/",
            "macs": [
                "00:1A:79:B7:98:CF",
                "00:1A:79:18:6F:B8",
                "00:1A:79:53:9F:08",
                "00:1A:79:A2:B3:F2",
                "00:1A:79:2B:7F:D0",
                "00:1A:79:AE:B5:92",
                "00:1A:79:E0:8F:45"
            ]
        },
        {
            "server_name": "onair4k.com",
            "server_url": "http://onair4k.com/c/",
            "macs": [
                "00:1A:79:A0:01:B2",
                "00:1A:79:A0:0E:2F",
                "00:1A:79:A0:17:64",
                "00:1A:79:A0:22:66",
                "00:1A:79:A0:2B:52",
                "00:1A:79:A0:64:6B",
                "00:1A:79:A0:67:45",
                "00:1A:79:A0:78:78",
                "00:1A:79:A0:88:93",
                "00:1A:79:A0:8E:C6",
                "00:1A:79:A0:98:5A"
            ]
        },
        {
            "server_name": "pirate-teleiptv.com:80",
            "server_url": "http://pirate-teleiptv.com:80/c/",
            "macs": [
                "00:1A:79:44:16:FD"
            ]
        },
        {
            "server_name": "dm.lion-ott.com",
            "server_url": "http://dm.lion-ott.com/c/",
            "macs": [
                "00:1A:79:00:00:00"
            ]
        },
        {
            "server_name": "tv.lietuviska.tv",
            "server_url": "http://tv.lietuviska.tv/stalker_portal/c/",
            "macs": [
                "00:1A:79:00:00:1F",
                "00:1A:79:00:1A:1D",
                "00:1A:79:00:3C:9C",
                "00:1A:79:00:86:00",
                "00:1A:79:01:01:11",
                "00:1A:79:01:81:31",
                "00:1A:79:04:6C:80",
                "00:1a:79:04:85:5b",
                "00:1a:79:05:06:52",
                "00:1A:79:06:00:00",
                "00:1a:79:06:22:58",
                "00:1A:79:06:AB:53",
                "00:1A:79:07:F0:6E",
                "00:1A:79:08:EF:25",
                "00:1A:79:09:4B:B1",
                "00:1a:79:09:21:b7",
                "00:1A:79:09:25:6A"
            ]
        },
        {
            "server_name": "tv.supertv.life:80",
            "server_url": "http://tv.supertv.life:80/c/",
            "macs": [
                "00:1A:79:05:8F:1C",
                "00:1A:79:05:8F:2B",
                "00:1A:79:06:8F:D9",
                "00:1a:79:06:8f:d7",
                "00:1A:79:06:8F:E3",
                "00:1A:79:06:8F:C0",
                "00:1A:79:06:8F:F8",
                "00:1A:79:07:4F:D4",
                "00:1A:79:07:4F:DE",
                "00:1A:79:07:4F:DD",
                "00:1A:79:07:6F:8F",
                "00:1A:79:07:9F:F4",
                "00:1A:79:07:9F:F6",
                "00:1A:79:0A:9F:00",
                "00:1A:79:35:EF:33",
                "00:1A:79:44:B3:E5",
                "00:1a:79:4a:99:cc",
                "00:1a:79:4a:cb:cc",
                "00:1a:79:4c:0a:d9",
                "00:1A:79:4C:31:10",
                "00:1a:79:4C:31:12",
                "00:1A:79:4C:3B:52",
                "00:1A:79:55:20:b4",
                "00:1A:79:55:9C:AD",
                "00:1a:79:55:a1:7a",
                "00:1A:79:59:21:6A"
            ]
        },
        {
            "server_name": "chaine.ddns.net:80",
            "server_url": "http://chaine.ddns.net:80/c/",
            "macs": [
                "00:1A:79:85:8F:C7",
                "00:1A:79:79:0F:D4",
                "00:1A:79:23:7F:37",
                "00:1A:79:5E:8F:25",
                "00:1A:79:23:6F:3F",
                "00:1A:79:A3:4F:D5",
                "00:1A:79:19:0A:16",
                "00:1A:79:B3:F4:C9",
                "00:1A:79:B1:6B:BA",
                "00:1A:79:A6:EE:D0"
            ]
        },
        {
            "server_name": "kp76.dfqz.cc:80",
            "server_url": "http://kp76.dfqz.cc:80/c/",
            "macs": [
                "00:1A:79:18:C9:2E",
                "00:1A:79:FB:32:E8",
                "00:1A:79:BE:7A:49",
                "00:1A:79:C4:51:A2",
                "00:1A:79:C4:22:E5",
                "00:1A:79:A0:D8:97",
                "00:1A:79:2B:C9:23",
                "00:1A:79:44:72:80",
                "00:1A:79:2A:AD:52",
                "00:1A:79:99:2B:B7",
                "00:1A:79:FF:0A:0A",
                "00:1A:79:B4:B7:24",
                "00:1A:79:D2:97:7E",
                "00:1A:79:73:5D:79"
            ]
        },
        {
            "server_name": "magictvliege.com:8080",
            "server_url": "http://magictvliege.com:8080/c/",
            "macs": [
                "00:1A:79:BE:5B:F5",
                "00:1A:79:4A:05:96",
                "00:1A:79:B5:AB:3C",
                "00:1A:79:74:FB:1C",
                "00:1A:79:F5:53:C6"
            ]
        },
        {
            "server_name": "hdmiclub.online:8080",
            "server_url": "http://hdmiclub.online:8080/c/",
            "macs": [
                "00:1A:79:AD:FC:D0",
                "00:1A:79:AB:AB:67",
                "00:1A:79:CD:12:32",
                "00:1A:79:C1:C6:B0",
                "00:1A:79:14:5F:1B"
            ]
        },
        {
            "server_name": "brokentv.rip:8080",
            "server_url": "http://brokentv.rip:8080/c/",
            "macs": [
                "00:1A:79:C3:10:15",
                "00:1A:79:62:9C:D7",
                "00:1A:79:0F:61:E6",
                "00:1A:79:AB:C0:EA",
                "00:1A:79:58:24:26"
            ]
        },
        {
            "server_name": "magico.livrexs.xyz",
            "server_url": "http://magico.livrexs.xyz/c/",
            "macs": [
                "00:1A:79:C2:00:EE",
                "00:1A:79:A2:C5:AD"
            ]
        },
        {
            "server_name": "exm3u.123tv.to:8080",
            "server_url": "http://exm3u.123tv.to:8080/c/",
            "macs": [
                "00:1A:79:2B:89:46"
            ]
        },
        {
            "server_name": "23232.top:80",
            "server_url": "http://23232.top:80/c/",
            "macs": [
                "00:1A:79:C0:CD:34",
                "00:1A:79:1C:18:61",
                "00:1A:79:81:5E:60",
                "00:1A:79:C9:A6:CD",
                "00:1A:79:B4:F0:E3"
            ]
        },
        {
            "server_name": "procdnnet.eu:80",
            "server_url": "http://procdnnet.eu:80/c/",
            "macs": [
                "00:1A:79:AD:94:2E",
                "00:1A:79:E7:AD:E1",
                "00:1A:79:BA:8F:78",
                "00:1A:79:E7:59:C4",
                "00:1A:79:AE:CB:D5",
                "00:1A:79:ED:9C:61"
            ]
        },
        {
            "server_name": "catirtv.ddns.me:8080",
            "server_url": "http://catirtv.ddns.me:8080/c/",
            "macs": [
                "00:1A:79:D1:FF:DB",
                "00:1A:79:B0:BE:4A",
                "00:1A:79:C1:91:FD"
            ]
        },
        {
            "server_name": "black-ghost.live:8080",
            "server_url": "http://black-ghost.live:8080/c/",
            "macs": [
                "00:1A:79:14:E7:E2",
                "00:1A:79:10:DF:E8",
                "00:1A:79:84:C1:0B"
            ]
        },
        {
            "server_name": "chunkymunky.site:8080",
            "server_url": "http://chunkymunky.site:8080/c/",
            "macs": [
                "00:1A:79:52:CF:9E",
                "00:1A:79:52:D6:4D",
                "00:1A:79:52:EB:B6",
                "00:1A:79:52:EC:91",
                "00:1A:79:52:F6:54",
                "00:1A:79:52:F7:8C",
                "00:1A:79:53:01:58",
                "00:1A:79:53:0C:10"
            ]
        },
        {
            "server_name": "sharktv.alphatx.me",
            "server_url": "http://sharktv.alphatx.me/c/",
            "macs": [
                "00:1A:79:06:45:53",
                "00:1A:79:3C:CA:F5",
                "00:1a:79:36:B2:90",
                "00:1A:79:19:10:07",
                "00:1a:79:9d:1a:cb"
            ]
        },
        {
            "server_name": "marvelhd.eu:8080",
            "server_url": "http://marvelhd.eu:8080/c/",
            "macs": [
                "00:1A:79:25:03:87",
                "00:1a:79:34:1a:a5",
                "00:1A:79:50:09:42",
                "00:1A:79:00:4d:c4",
                "00:1a:79:a4:80:bb",
                "00:1a:79:fc:a4:84",
                "00:1A:79:67:AF:0A"
            ]
        }
    ]
}