{
    "items": [
        {
            "server_name": "stb.iphd.tv",
            "server_url": "http://stb.iphd.tv/c/",
            "macs": [
                "00:1A:79:41:E6:8C",
                "00:1A:79:6A:1A:8D",
                "00:1A:79:B3:77:B5",
                "00:1A:79:B7:2E:E8"
            ]
        },
        {
            "server_name": "magico.livrexs.xyz",
            "server_url": "http://magico.livrexs.xyz/c/",
            "macs": [
                "00:1A:79:46:B5:96",
                "00:1A:79:A2:C6:1B",
                "00:1A:79:A2:E5:B2",
                "00:1A:79:AE:00:5B",
                "00:1A:79:AE:22:8F",
                "00:1A:79:BB:CE:6F",
                "00:1A:79:C1:E0:3A",
                "00:1A:79:D1:90:98"
            ]
        },
        {
            "server_name": "balkan-x.net:80",
            "server_url": "http://balkan-x.net:80/c/",
            "macs": [
                "00:1A:79:4C:F2:ED",
                "00:1A:79:50:72:09",
                "00:1A:79:55:E0:FD",
                "00:1A:79:5D:4E:9C",
                "00:1A:79:64:DB:8C",
                "00:1A:79:6F:88:FF",
                "00:1A:79:72:14:2C",
                "00:1A:79:72:AF:08",
                "00:1A:79:76:A3:4F",
                "00:1A:79:7B:AF:09",
                "00:1A:79:7E:1A:2A",
                "00:1A:79:7F:CD:64"
            ]
        },
        {
            "server_name": "iptvswiss.com.123tv.to:8080",
            "server_url": "http://iptvswiss.com.123tv.to:8080/c/",
            "macs": [
                "00:1A:79:49:D7:47",
                "00:1A:79:6E:38:4A",
                "00:1A:79:AE:A5:DE",
                "00:1A:79:B5:62:78",
                "00:1A:79:B8:8D:1F",
                "00:1A:79:BD:50:70",
                "00:1A:79:EE:DC:D4"
            ]
        },
        {
            "server_name": "tv.psmarters.xyz:8080",
            "server_url": "http://tv.psmarters.xyz:8080/c/",
            "macs": [
                "00:1A:79:10:DF:69",
                "00:1A:79:10:DF:6F",
                "00:1A:79:10:DF:7B",
                "00:1A:79:10:DF:81",
                "00:1A:79:10:DF:E0",
                "00:1A:79:10:DF:F2",
                "00:1A:79:10:DF:F8",
                "00:1A:79:10:DF:FE",
                "00:1A:79:10:E0:22",
                "00:1A:79:10:E0:40"
            ]
        },
        {
            "server_name": "vip2102.112421.net:2050",
            "server_url": "http://vip2102.112421.net:2050/c/",
            "macs": [
                "00:1A:79:3C:7F:C5",
                "00:1A:79:5D:5F:72",
                "00:1A:79:70:FA:59",
                "00:1A:79:7A:73:81",
                "00:1A:79:7C:3F:40",
                "00:1A:79:91:0F:DC",
                "00:1A:79:9B:9F:4B",
                "00:1A:79:B6:9C:B7",
                "00:1A:79:BF:16:C3"
            ]
        },
        {
            "server_name": "trsat.ddns.us",
            "server_url": "http://trsat.ddns.us/c/",
            "macs": [
                "00:1A:79:0E:25:3C"
            ]
        },
        {
            "server_name": "45.139.122.199:8080",
            "server_url": "http://45.139.122.199:8080/c/",
            "macs": [
                "00:1A:79:51:40:D7",
                "00:1A:79:AE:89:7B",
                "00:1A:79:B6:E0:7B",
                "00:1A:79:C7:01:98",
                "00:1A:79:D0:DD:7E"
            ]
        },
        {
            "server_name": "fastrunner.live:8080",
            "server_url": "http://fastrunner.live:8080/c/",
            "macs": [
                "00:1A:79:4E:E6:E3",
                "00:1A:79:A1:FB:35",
                "00:1A:79:B6:39:31",
                "00:1A:79:C7:CA:98",
                "00:1A:79:C8:10:EF",
                "00:1A:79:D8:D5:E5"
            ]
        },
        {
            "server_name": "117tv.icu:8080",
            "server_url": "http://117tv.icu:8080/c/",
            "macs": [
                "00:1A:79:92:FF:C3",
                "00:1A:79:AA:66:94"
            ]
        },
        {
            "server_name": "streamcode.one:2082",
            "server_url": "http://streamcode.one:2082/c/",
            "macs": [
                "00:1A:79:77:27:92",
                "00:1A:79:88:D3:F1"
            ]
        },
        {
            "server_name": "drks.info:8080",
            "server_url": "http://drks.info:8080/c/",
            "macs": [
                "00:1A:79:41:CE:F9"
            ]
        },
        {
            "server_name": "topminho.xyz:8080",
            "server_url": "http://topminho.xyz:8080/c/",
            "macs": [
                "00:1A:79:30:0D:2C"
            ]
        },
        {
            "server_name": "line.iptveros.com:8000",
            "server_url": "http://line.iptveros.com:8000/c/",
            "macs": [
                "00:1A:79:CD:35:3C"
            ]
        },
        {
            "server_name": "mag.realvip.co",
            "server_url": "http://mag.realvip.co/c/",
            "macs": [
                "00:1A:79:B5:D0:05"
            ]
        },
        {
            "server_name": "live.max4k.cc",
            "server_url": "http://live.max4k.cc/stalker_portal/c/",
            "macs": [
                "00:1A:79:37:4B:47",
                "00:1A:79:E5:CF:75"
            ]
        },
        {
            "server_name": "jiotv.be",
            "server_url": "http://jiotv.be/stalker_portal/c/",
            "macs": [
                "00:1A:79:C6:56:04"
            ]
        },
        {
            "server_name": "cdn.satocean.co",
            "server_url": "http://cdn.satocean.co/stalker_portal/c/",
            "macs": [
                "00:1A:79:4A:F9:8C",
                "00:1A:79:7D:E3:71"
            ]
        },
        {
            "server_name": "ph-info.xyz",
            "server_url": "http://ph-info.xyz/c/",
            "macs": [
                "00:1A:79:29:6E:8B"
            ]
        },
        {
            "server_name": "coresys.dvrdns.org:25461",
            "server_url": "http://coresys.dvrdns.org:25461/c/",
            "macs": [
                "00:1A:79:42:BD:3E",
                "00:1A:79:5E:BE:B6",
                "00:1A:79:B7:41:9F"
            ]
        },
        {
            "server_name": "ip.xtremetv.eu:8000",
            "server_url": "http://ip.xtremetv.eu:8000/c/",
            "macs": [
                "00:1A:79:90:0D:DD",
                "00:1A:79:AD:52:39"
            ]
        },
        {
            "server_name": "portal.galaxytv.biz",
            "server_url": "http://portal.galaxytv.biz/stalker_portal/c/",
            "macs": [
                "00:1A:79:00:00:00",
                "00:1A:79:00:00:84"
            ]
        },
        {
            "server_name": "tkosportz.live:25461",
            "server_url": "http://tkosportz.live:25461/c/",
            "macs": [
                "00:1A:79:2D:6A:6E"
            ]
        },
        {
            "server_name": "tv.banjotv.tv",
            "server_url": "http://tv.banjotv.tv/stalker_portal/c/",
            "macs": [
                "00:1A:79:50:FE:F5",
                "00:1A:79:99:88:B9",
                "00:1A:79:B1:90:1C"
            ]
        },
        {
            "server_name": "212.129.8.69",
            "server_url": "http://212.129.8.69/stalker_portal/c/",
            "macs": [
                "00:1A:79:1A:95:9D",
                "00:1A:79:2C:33:C9",
                "00:1A:79:D2:AE:4B"
            ]
        },
        {
            "server_name": "iptvs4.ultapulta.com",
            "server_url": "http://iptvs4.ultapulta.com/stalker_portal/c/",
            "macs": [
                "00:1A:79:5B:0B:32",
                "00:1A:79:E5:3C:AB"
            ]
        }
    ]
}