{
    "items": [
        {
            "server_name": "sonymax.org:8080",
            "server_url": "http://sonymax.org:8080/c/",
            "macs": [
                "00:1A:79:08:90:0E",
                "00:1A:79:4F:2E:88",
                "00:1A:79:66:19:01",
                "00:1A:79:78:15:49",
                "00:1A:79:A0:80:8B",
                "00:1A:79:B8:7A:2C",
                "00:1A:79:CA:7F:3B",
                "00:1A:79:E2:E4:A7"
            ]
        },
        {
            "server_name": "212.129.8.69",
            "server_url": "http://212.129.8.69/stalker_portal/c/",
            "macs": [
                "00:1A:79:6A:E5:C5"
            ]
        },
        {
            "server_name": "flumine.cc",
            "server_url": "http://flumine.cc/stalker_portal/c/",
            "macs": [
                "00:1A:79:C1:55:52",
                "00:1A:79:EC:D0:82"
            ]
        },
        {
            "server_name": "one4alltech.net:8080",
            "server_url": "http://one4alltech.net:8080/c/",
            "macs": [
                "00:1A:79:6A:C8:CF"
            ]
        },
        {
            "server_name": "185.243.7.154",
            "server_url": "http://185.243.7.154/c/",
            "macs": [
                "00:1A:79:1C:12:2B"
            ]
        },
        {
            "server_name": "line.gofast-tv.me",
            "server_url": "http://line.gofast-tv.me/c/",
            "macs": [
                "00:1A:79:04:57:88",
                "00:1A:79:19:05:24",
                "00:1A:79:2D:1D:35",
                "00:1A:79:B6:25:3E"
            ]
        },
        {
            "server_name": "fultv.sytes.net:8080",
            "server_url": "http://fultv.sytes.net:8080/c/",
            "macs": [
                "00:1A:79:01:68:77",
                "00:1A:79:31:DB:88",
                "00:1A:79:3D:13:32",
                "00:1A:79:6A:6F:E5",
                "00:1A:79:78:75:E7",
                "00:1A:79:8C:35:25",
                "00:1A:79:B8:97:DD",
                "00:1A:79:C4:4F:80"
            ]
        },
        {
            "server_name": "hdmiclub.online:8080",
            "server_url": "http://hdmiclub.online:8080/c/",
            "macs": [
                "00:1A:79:35:8D:40",
                "00:1A:79:C6:AB:69"
            ]
        },
        {
            "server_name": "tv.banjotv.tv",
            "server_url": "http://tv.banjotv.tv/stalker_portal/c/",
            "macs": [
                "00:1A:79:20:13:56",
                "00:1A:79:30:2F:EF",
                "00:1A:79:31:23:3E",
                "00:1A:79:32:4A:55",
                "00:1A:79:55:2F:95",
                "00:1A:79:63:F6:1E",
                "00:1A:79:9F:6F:B6",
                "00:1A:79:A3:D1:E1",
                "00:1A:79:B7:BB:BA",
                "00:1A:79:B8:3E:1E"
            ]
        },
        {
            "server_name": "45.139.122.199:8080",
            "server_url": "http://45.139.122.199:8080/c/",
            "macs": [
                "00:1A:79:6D:9D:D7"
            ]
        }
    ]
}