{
    "items": [
        {
            "server_name": "4connect.link",
            "server_url": "http://4connect.link/c/",
            "macs": [
                "00:1a:79:ad:7f:26",
                "00:1a:79:a2:35:bd",
                "00:1a:79:ae:81:41",
                "00:1a:79:ab:cd:c1",
                "00:1a:79:b6:51:de",
                "00:1a:79:ae:5b:59",
                "00:1a:79:b7:e9:2f",
                "00:1a:79:b1:a8:1a",
                "00:1a:79:b8:75:ee",
                "00:1a:79:b9:e8:32",
                "00:1a:79:ae:5b:59",
                "00:1a:79:b6:30:09"
            ]
        },
        {
            "server_name": "king.viviotv.xyz",
            "server_url": "http://king.viviotv.xyz/c/",
            "macs": [
                "00:1A:79:74:DE:5F",
                "00:1A:79:0E:20:20"
            ]
        },
        {
            "server_name": "promaxhd.com:8080",
            "server_url": "http://promaxhd.com:8080/c/",
            "macs": [
                "00:1A:79:6C:F1:73",
                "00:1A:79:85:ED:3E",
                "00:1A:79:AF:B4:FC"
            ]
        },
        {
            "server_name": "energyiptv.streamtv.to:8080",
            "server_url": "http://energyiptv.streamtv.to:8080/c/",
            "macs": [
                "00:1A:79:AE:36:84"
            ]
        },
        {
            "server_name": "iptvserver.info:8080",
            "server_url": "http://iptvserver.info:8080/c/",
            "macs": [
                "00:1A:79:08:45:B2",
                "00:1A:79:6B:C1:54",
                "00:1A:79:6A:68:9D",
                "00:1A:79:BC:28:5C",
                "00:1A:79:21:03:0B",
                "00:1A:79:BC:28:5C"
            ]
        },
        {
            "server_name": "185.243.7.154",
            "server_url": "http://185.243.7.154/c/",
            "macs": [
                "00:1A:79:33:F2:93",
                "00:1A:79:8C:80:E9"
            ]
        },
        {
            "server_name": "iup-tv.com:8080",
            "server_url": "http://iup-tv.com:8080/c/",
            "macs": [
                "00:1A:79:C6:B2:1A",
                "00:1A:79:A9:24:C5"
            ]
        },
        {
            "server_name": "darknetiptv1.ddns.net:25461",
            "server_url": "http://darknetiptv1.ddns.net:25461/c/",
            "macs": [
                "00:1A:79:11:74:15",
                "00:1A:79:E7:99:50"
            ]
        },
        {
            "server_name": "livein1.com:2095",
            "server_url": "http://livein1.com:2095/c/",
            "macs": [
                "00:1A:79:45:2F:15",
                "00:1A:79:C0:F5:C8",
                "00:1A:79:6A:C2:3A"
            ]
        }
    ]
}