{
    "items": [
        {
            "server_name": "uhd3.one",
            "server_url": "http://uhd3.one/c/",
            "macs": [
                "00:1A:79:BF:8E:54"
            ]
        },
        {
            "server_name": "tv.premiumplus.tv",
            "server_url": "http://tv.premiumplus.tv/c/",
            "macs": [
                "00:1A:79:08:F1:D4",
                "00:1A:79:78:D1:DA"
            ]
        },
        {
            "server_name": "promaxhd.com:8080",
            "server_url": "http://promaxhd.com:8080/c/",
            "macs": [
                "00:1a:79:31:ac:6b",
                "00:1a:79:54:09:1b",
                "00:1a:79:6a:35:e5",
                "00:1a:79:a2:05:cb",
                "00:1a:79:6d:97:8e",
                "00:1a:79:3a:d7:f6",
                "00:1A:79:6C:CA:1E",
                "00:1A:79:6D:E5:96",
                "00:1A:79:21:3A:E1",
                "00:1A:79:DA:0B:6C",
                "00:1a:79:a2:e8:72",
                "00:1a:79:02:f4:dc",
                "00:1a:79:49:d2:c7",
                "00:1a:79:cc:1e:5e",
                "00:1A:79:5B:F8:88",
                "00:1A:79:C8:17:90",
                "00:1A:79:AF:5F:DF",
                "00:1A:79:51:0A:13"
            ]
        },
        {
            "server_name": "ultra-box.club",
            "server_url": "http://ultra-box.club/c/",
            "macs": [
                "00:1a:79:a3:6b:50",
                "00:1a:79:b4:32:3d",
                "00:1a:79:b4:cb:6b",
                "00:1a:79:a1:bb:04",
                "00:1a:79:a3:b7:88",
                "00:1a:79:ac:1e:93",
                "00:1a:79:ad:7f:3a",
                "00:1a:79:bb:c7:5f",
                "00:1a:79:ad:1e:d8",
                "00:1a:79:a6:3f:5c",
                "00:1a:79:b7:70:f8",
                "00:1a:79:bd:e3:61",
                "00:1a:79:ae:81:44",
                "00:1a:79:ba:a1:b6",
                "00:1a:79:bc:0d:53",
                "00:1a:79:a7:84:0a",
                "00:1a:79:ba:00:13",
                "00:1a:79:b0:60:9c",
                "00:1a:79:b0:6b:cf",
                "00:1a:79:ae:7c:76",
                "00:1a:79:b7:77:5d",
                "00:1a:79:a2:8f:7e",
                "00:1a:79:b9:d3:f3",
                "00:1a:79:b5:10:48"
            ]
        },
        {
            "server_name": "iptvfy.com:2095",
            "server_url": "http://iptvfy.com:2095/c/",
            "macs": [
                "00:1A:79:84:E6:CA"
            ]
        },
        {
            "server_name": "mag.premiumplus.tv",
            "server_url": "http://mag.premiumplus.tv/c/",
            "macs": [
                "00:1A:79:7D:D7:6A",
                "00:1A:79:17:49:F3"
            ]
        },
        {
            "server_name": "invale.party:80",
            "server_url": "http://invale.party:80/c/",
            "macs": [
                "00:1A:79:31:FB:73",
                "00:1A:79:32:07:09"
            ]
        },
        {
            "server_name": "ip219.ip-188-165-28.eu",
            "server_url": "http://ip219.ip-188-165-28.eu/c/",
            "macs": [
                "00:1a:79:92:74:39",
                "00:1a:79:05:f5:61"
            ]
        },
        {
            "server_name": "restream.globaltv1.net:8080",
            "server_url": "http://restream.globaltv1.net:8080/c/",
            "macs": [
                "00:1A:79:14:E3:85",
                "00:1A:79:C1:A0:E6",
                "00:1A:79:08:46:3B",
                "00:1A:79:A1:83:3B"
            ]
        },
        {
            "server_name": "tango.123tv.to:8080",
            "server_url": "http://tango.123tv.to:8080/c/",
            "macs": [
                "00:1a:79:9d:40:66"
            ]
        },
        {
            "server_name": "hanaiptv.com:8080",
            "server_url": "http://hanaiptv.com:8080/c/",
            "macs": [
                "00:1A:79:a6:47:b7",
                "00:1A:79:4e:8f:4c"
            ]
        },
        {
            "server_name": "wolftv.me:80",
            "server_url": "http://wolftv.me:80/c/",
            "macs": [
                "00:1A:79:cf:46:6a",
                "00:1A:79:43:f6:69"
            ]
        },
        {
            "server_name": "89.45.13.220:8080",
            "server_url": "http://89.45.13.220:8080/c/",
            "macs": [
                "00:1A:79:08:EA:85"
            ]
        },
        {
            "server_name": "k7uit0otb.ddnsking.com:80",
            "server_url": "http://k7uit0otb.ddnsking.com:80/c/",
            "macs": [
                "00:1A:79:1C:10:9B",
                "00:1A:79:24:35:CF",
                "00:1A:79:55:57:F2",
                "00:1A:79:5A:E4:0F",
                "00:1A:79:7B:F7:13",
                "00:1A:79:8E:AA:C5",
                "00:1A:79:AD:52:54"
            ]
        },
        {
            "server_name": "tr.simotvgold.com:80",
            "server_url": "http://tr.simotvgold.com:80/c/",
            "macs": [
                "00:1A:79:50:7C:E9"
            ]
        },
        {
            "server_name": "ip.01live.club:8080",
            "server_url": "http://ip.01live.club:8080/c/",
            "macs": [
                "00:1A:79:43:96:70"
            ]
        },
        {
            "server_name": "reddevil.life:8080",
            "server_url": "http://reddevil.life:8080/c/",
            "macs": [
                "00:1A:79:60:A2:6A",
                "00:1A:79:60:C2:CD",
                "00:1A:79:60:E3:BF",
                "00:1A:79:60:F3:E0",
                "00:1A:79:61:20:07"
            ]
        },
        {
            "server_name": "foxvpn.vip:80",
            "server_url": "http://foxvpn.vip:80/c/",
            "macs": [
                "00:1A:79:52:F5:58"
            ]
        },
        {
            "server_name": "mutant.arrox.top:80",
            "server_url": "http://mutant.arrox.top:80/c/",
            "macs": [
                "00:1A:79:97:9F:EA",
                "00:1A:79:D7:4F:93",
                "00:1A:79:C0:BD:63",
                "00:1A:79:AF:8F:69",
                "00:1A:79:4D:07:82",
                "00:1A:79:A0:95:29",
                "00:1A:79:08:4C:3A"
            ]
        },
        {
            "server_name": "globaltv.world",
            "server_url": "http://globaltv.world/c/",
            "macs": [
                "00:1A:79:A1:CD:FB"
            ]
        }
    ]
}