{
    "items": [
        {
            "server_name": "ultra-box.club",
            "server_url": "http://ultra-box.club/c/",
            "macs": [
                "00:1A:79:AB:31:31",
                "00:1A:79:BA:6E:DF",
                "00:1A:79:BC:11:E3",
                "00:1A:79:BC:E7:53"
            ]
        },
        {
            "server_name": "promaxhd.com:8080",
            "server_url": "http://promaxhd.com:8080/c/",
            "macs": [
                "00:1A:79:42:51:59",
                "00:1A:79:6B:3F:61",
                "00:1A:79:6F:35:98",
                "00:1A:79:7A:26:3F",
                "00:1A:79:91:D0:90",
                "00:1A:79:C7:AD:ED",
                "00:1A:79:DD:5F:2B",
                "00:1A:79:EB:A6:06"
            ]
        },
        {
            "server_name": "mypaste.fun.gentv.to:8080",
            "server_url": "http://mypaste.fun.gentv.to:8080/c/",
            "macs": [
                "00:1A:79:B7:2E:C5",
                "00:1A:79:BC:4C:86",
                "00:1A:79:BC:D8:00"
            ]
        },
        {
            "server_name": "hd-max.org:8080",
            "server_url": "http://hd-max.org:8080/c/",
            "macs": [
                "00:1A:79:37:59:AB",
                "00:1A:79:37:97:5D",
                "00:1A:79:3D:13:83",
                "00:1A:79:4B:11:C7",
                "00:1A:79:4C:E5:A6",
                "00:1A:79:64:B3:C5"
            ]
        },
        {
            "server_name": "redson.xyz:3800",
            "server_url": "http://redson.xyz:3800/c/",
            "macs": [
                "00:1A:79:40:DF:E2",
                "00:1A:79:85:FD:8C",
                "00:1A:79:B5:C9:76"
            ]
        },
        {
            "server_name": "matrix-ott.tv:8080",
            "server_url": "http://matrix-ott.tv:8080/c/",
            "macs": [
                "00:1A:79:63:BA:B9",
                "00:1A:79:68:8E:AF",
                "00:1A:79:7A:2D:75",
                "00:1A:79:B5:A6:3D"
            ]
        },
        {
            "server_name": "tv.trexiptv.com:80",
            "server_url": "http://tv.trexiptv.com:80/c/",
            "macs": [
                "00:1A:79:00:AA:0E",
                "00:1A:79:55:66:77",
                "00:1A:79:7B:7B:8C",
                "00:1A:79:FF:08:0D"
            ]
        },
        {
            "server_name": "mystb.top",
            "server_url": "http://mystb.top/stalker_portal/c/",
            "macs": [
                "00:1A:79:02:27:A4",
                "00:1A:79:21:11:D3"
            ]
        },
        {
            "server_name": "chaine.ddns.net:26928",
            "server_url": "http://chaine.ddns.net:26928/c/",
            "macs": [
                "00:1A:79:21:0C:00",
                "00:1A:79:23:7F:C5",
                "00:1A:79:53:9F:42",
                "00:1A:79:53:9F:CE",
                "00:1A:79:55:9F:06",
                "00:1A:79:5E:9F:E6",
                "00:1A:79:60:A6:21"
            ]
        }
    ]
}