{
    "items": [
        {
            "server_name": "line.klasstv.eu:80",
            "server_url": "http://line.klasstv.eu:80/c/",
            "macs": [
                "00:1A:79:25:78:11"
            ]
        },
        {
            "server_name": "ip.xtremetv.eu:8000",
            "server_url": "http://ip.xtremetv.eu:8000/c/",
            "macs": [
                "00:1A:79:4E:2F:69",
                "00:1A:79:97:C6:97"
            ]
        },
        {
            "server_name": "calipsosm.xyz:8080",
            "server_url": "http://calipsosm.xyz:8080/c/",
            "macs": [
                "00:1A:79:31:79:44",
                "00:1A:79:31:79:A1"
            ]
        },
        {
            "server_name": "adoiptv.com:8080",
            "server_url": "http://adoiptv.com:8080/c/",
            "macs": [
                "00:1A:79:32:3A:34",
                "00:1A:79:B0:BE:4A",
                "00:1A:79:C5:F4:A1"
            ]
        },
        {
            "server_name": "amon.live",
            "server_url": "http://amon.live/c/",
            "macs": [
                "00:1A:79:51:86:B2",
                "00:1A:79:51:CF:92"
            ]
        },
        {
            "server_name": "apple.frequency.rocks",
            "server_url": "http://apple.frequency.rocks/c/",
            "macs": [
                "00:1A:79:4B:66:26",
                "00:1A:79:4C:9F:CC"
            ]
        },
        {
            "server_name": "cmjl.online:8080",
            "server_url": "http://cmjl.online:8080/c/",
            "macs": [
                "00:1A:79:70:04:85",
                "00:1A:79:70:09:5C"
            ]
        },
        {
            "server_name": "exprestv.win",
            "server_url": "http://exprestv.win/c/",
            "macs": [
                "00:1A:79:4A:77:5D",
                "00:1A:79:BC:27:09",
                "00:1A:79:C0:25:5A"
            ]
        },
        {
            "server_name": "mag.realvip.co",
            "server_url": "http://mag.realvip.co/c/",
            "macs": [
                "00:1A:79:19:19:19",
                "00:1A:79:70:7D:42"
            ]
        },
        {
            "server_name": "line.klasstv.eu",
            "server_url": "http://line.klasstv.eu/c/",
            "macs": [
                "00:1A:79:19:47:2F",
                "00:1A:79:1D:0F:5C",
                "00:1A:79:3F:3C:50",
                "00:1A:79:56:96:8C",
                "00:1A:79:68:0F:80",
                "00:1A:79:6F:5F:55"
            ]
        },
        {
            "server_name": "mutant.arrox.top:80",
            "server_url": "http://mutant.arrox.top:80/c/",
            "macs": [
                "00:1A:79:00:2C:13",
                "00:1A:79:0E:B4:A2",
                "00:1A:79:14:C6:AA",
                "00:1A:79:18:1F:74",
                "00:1A:79:30:BC:6C",
                "00:1A:79:43:2B:76",
                "00:1A:79:4C:2D:5F",
                "00:1A:79:5E:56:EA",
                "00:1A:79:6F:6F:64",
                "00:1A:79:7B:7A:1C",
                "00:1A:79:A6:4F:87",
                "00:1A:79:AA:73:3C",
                "00:1A:79:AB:5B:E1",
                "00:1A:79:AE:6B:0E",
                "00:1A:79:B9:80:CB",
                "00:1A:79:BB:E9:36",
                "00:1A:79:BF:FC:13",
                "00:1A:79:C0:0D:AB",
                "00:1A:79:FB:A4:E7",
                "00:1A:79:FE:67:EA"
            ]
        },
        {
            "server_name": "stalker.ugoiptv.com",
            "server_url": "http://stalker.ugoiptv.com/c/",
            "macs": [
                "00:1A:79:00:07:95",
                "00:1A:79:00:4E:D7",
                "00:1A:79:00:82:F6",
                "00:1A:79:00:E5:D2",
                "00:1A:79:0B:B2:EA",
                "00:1A:79:0B:BC:F3",
                "00:1A:79:0B:C5:9B",
                "00:1A:79:0B:D9:9F",
                "00:1A:79:3A:9F:86",
                "00:1A:79:41:08:76",
                "00:1A:79:57:3E:BE",
                "00:1A:79:5D:7F:BA",
                "00:1A:79:5D:91:03",
                "00:1A:79:66:BE:A8",
                "00:1A:79:6C:8A:75",
                "00:1A:79:85:D8:AF",
                "00:1A:79:9D:AA:58",
                "00:1A:79:A1:A4:4F",
                "00:1A:79:AC:86:27",
                "FC:4B:BC:A6:42:53"
            ]
        },
        {
            "server_name": "cbrlig.com:8080",
            "server_url": "http://cbrlig.com:8080/c/",
            "macs": [
                "00:1A:79:A4:4F:7E",
                "00:1A:79:BB:C7:DE"
            ]
        },
        {
            "server_name": "line.greatstar.me",
            "server_url": "http://line.greatstar.me/c/",
            "macs": [
                "00:1A:79:10:85:42",
                "00:1A:79:47:76:E7",
                "00:1A:79:7C:6F:2B",
                "00:1A:79:8C:06:A5",
                "00:1A:79:B5:28:FB",
                "00:1A:79:CD:FE:F8",
                "00:1A:79:D0:5F:38"
            ]
        },
        {
            "server_name": "king.viviotv.xyz",
            "server_url": "http://king.viviotv.xyz/c/",
            "macs": [
                "00:1A:79:0C:BA:25",
                "00:1A:79:43:46:34",
                "00:1A:79:6C:3F:78",
                "00:1A:79:83:6F:7A",
                "00:1A:79:C7:6B:86",
                "00:1A:79:D5:1F:1C",
                "00:1A:79:F2:4B:7E"
            ]
        }
    ]
}