{
    "items": [
        {
            "server_name": "ln.tabox.in:24651",
            "server_url": "http://ln.tabox.in:24651/c/",
            "macs": [
                "00:1A:79:4E:70:85"
            ]
        },
        {
            "server_name": "flumine.cc",
            "server_url": "http://flumine.cc/stalker_portal/c/",
            "macs": [
                "00:1A:79:64:E2:44"
            ]
        },
        {
            "server_name": "lordofthepings.xyz:8080",
            "server_url": "http://lordofthepings.xyz:8080/c/",
            "macs": [
                "00:1A:79:B6:85:8D",
                "00:1A:79:BD:27:27",
                "00:1A:79:BD:27:30"
            ]
        },
        {
            "server_name": "4kgoott.com:2052",
            "server_url": "http://4kgoott.com:2052/c/",
            "macs": [
                "00:1A:79:3F:A6:F7",
                "00:1A:79:65:B0:92",
                "00:1A:79:7F:1E:84",
                "00:1A:79:AE:3E:88"
            ]
        },
        {
            "server_name": "bosst.net:80",
            "server_url": "http://bosst.net:80/c/",
            "macs": [
                "00:1A:79:41:0F:1C",
                "00:1A:79:41:8C:7C",
                "00:1A:79:42:8E:C1"
            ]
        },
        {
            "server_name": "sonymax.org:8080",
            "server_url": "http://sonymax.org:8080/c/",
            "macs": [
                "00:1A:79:57:A6:E6",
                "00:1A:79:57:E2:DF"
            ]
        },
        {
            "server_name": "premiumtv4k.ottct.pro:80",
            "server_url": "http://premiumtv4k.ottct.pro:80/c/",
            "macs": [
                "00:1A:79:05:9B:8E",
                "00:1A:79:50:CE:D2"
            ]
        },
        {
            "server_name": "mutant.arrox.top:80",
            "server_url": "http://mutant.arrox.top:80/c/",
            "macs": [
                "00:1A:79:03:AE:61",
                "00:1A:79:0B:BE:36",
                "00:1A:79:19:1D:CA",
                "00:1A:79:19:1E:7C",
                "00:1A:79:24:34:7D",
                "00:1A:79:4A:EC:F9",
                "00:1A:79:57:E6:A3",
                "00:1A:79:59:CC:9F",
                "00:1A:79:5E:37:FC",
                "00:1A:79:5F:19:EA",
                "00:1A:79:64:D2:22",
                "00:1A:79:7C:7F:C9",
                "00:1A:79:83:8F:91",
                "00:1A:79:83:9F:08",
                "00:1A:79:BC:7B:7C",
                "00:1A:79:BC:7F:96",
                "00:1A:79:BF:92:2D",
                "00:1A:79:C7:87:07",
                "00:1A:79:EB:B1:0E",
                "00:1A:79:FC:80:50"
            ]
        },
        {
            "server_name": "mag.premiumplus.tv",
            "server_url": "http://mag.premiumplus.tv/c/",
            "macs": [
                "00:1A:79:00:FB:5F",
                "00:1A:79:16:8E:76",
                "00:1A:79:2C:3A:00",
                "00:1A:79:31:03:83",
                "00:1A:79:43:4C:59",
                "00:1A:79:47:53:9C",
                "00:1A:79:4B:6A:74",
                "00:1A:79:52:41:D7",
                "00:1A:79:53:88:0C",
                "00:1A:79:63:EF:E8",
                "00:1A:79:66:3F:51",
                "00:1A:79:6F:6A:4E",
                "00:1A:79:73:BB:50",
                "00:1A:79:77:C2:FA",
                "00:1A:79:78:3A:5B",
                "00:1A:79:79:90:0B",
                "00:1A:79:91:9C:DE",
                "00:1A:79:A8:F8:30",
                "00:1A:79:AB:DA:B9",
                "00:1A:79:AF:3B:73",
                "00:1A:79:B5:7F:84",
                "00:1A:79:BD:BA:6A",
                "00:1A:79:C1:5A:A1",
                "00:1A:79:C6:E8:03",
                "00:1A:79:E6:5E:DC"
            ]
        },
        {
            "server_name": "holipop.xyz",
            "server_url": "http://holipop.xyz/c/",
            "macs": [
                "00:1A:79:54:6C:7C",
                "00:1A:79:A5:26:B0",
                "00:1A:79:A6:ED:1B",
                "00:1A:79:AB:2D:81",
                "00:1A:79:AB:A5:3C",
                "00:1A:79:AB:A8:25",
                "00:1A:79:AD:4D:4F",
                "00:1A:79:AD:5F:D9",
                "00:1A:79:B9:E6:26",
                "00:1A:79:C1:C8:5E"
            ]
        },
        {
            "server_name": "new.gprod.co",
            "server_url": "http://new.gprod.co/stalker_portal/c/",
            "macs": [
                "00:1A:79:47:05:BD"
            ]
        },
        {
            "server_name": "m.suportline.xyz",
            "server_url": "http://m.suportline.xyz/stalker_portal/c/",
            "macs": [
                "00:1A:79:EB:E2:1A"
            ]
        },
        {
            "server_name": "iup-tv.com:8080",
            "server_url": "http://iup-tv.com:8080/c/",
            "macs": [
                "00:1A:79:BD:67:2B"
            ]
        },
        {
            "server_name": "vip2102.112421.net:2050",
            "server_url": "http://vip2102.112421.net:2050/c/",
            "macs": [
                "00:1A:79:9B:0F:72",
                "00:1A:79:CF:3D:18"
            ]
        },
        {
            "server_name": "tv1.darktv.eu",
            "server_url": "http://tv1.darktv.eu/c/",
            "macs": [
                "00:1A:79:31:2F:EE",
                "00:1A:79:5E:14:56",
                "00:1A:79:CD:12:27"
            ]
        },
        {
            "server_name": "hdmiclub.online:8080",
            "server_url": "http://hdmiclub.online:8080/c/",
            "macs": [
                "00:1A:79:BB:34:E7",
                "00:1A:79:C4:1E:46",
                "00:1A:79:C7:DA:1C"
            ]
        },
        {
            "server_name": "zupanet.live:8080",
            "server_url": "http://zupanet.live:8080/c/",
            "macs": [
                "00:1A:79:1C:0B:DC",
                "00:1A:79:72:2B:C0"
            ]
        }
    ]
}