{
    "items": [
        {
            "server_name": "mag.premiumplus.tv:80",
            "server_url": "http://mag.premiumplus.tv:80/c/",
            "macs": [
                "00:1A:79:00:00:00",
                "00:1A:79:00:00:0A",
                "00:1A:79:00:00:11",
                "00:1A:79:00:00:12",
                "00:1A:79:00:00:16"
            ]
        },
        {
            "server_name": "diyarbekir21.com:8080",
            "server_url": "http://diyarbekir21.com:8080/c/",
            "macs": [
                "00:1A:79:02:76:4C",
                "00:1A:79:22:51:70",
                "00:1A:79:7C:1E:F1",
                "00:1A:79:8A:CC:D2",
                "00:1A:79:B4:F3:ED",
                "00:1A:79:C1:94:26",
                "00:1A:79:CA:8F:74",
                "00:1A:79:FB:48:67"
            ]
        },
        {
            "server_name": "mag.greatott.me:80",
            "server_url": "http://mag.greatott.me:80/c/",
            "macs": [
                "00:1A:79:00:00:00",
                "00:1A:79:00:10:10",
                "00:1A:79:01:64:3B",
                "00:1A:79:03:00:1B",
                "00:1A:79:04:A7:D4",
                "00:1A:79:04:A9:52",
                "00:1A:79:09:F6:96",
                "00:1A:79:0B:09:DB",
                "00:1A:79:0B:C1:AF",
                "00:1A:79:0E:D7:01",
                "00:1A:79:11:7F:29",
                "00:1A:79:14:D1:E9",
                "00:1A:79:17:03:E8",
                "00:1A:79:17:21:52",
                "00:1A:79:1C:05:A9",
                "00:1A:79:1C:0D:8A",
                "00:1A:79:1D:0F:BD",
                "00:1A:79:1E:0A:C4",
                "00:1A:79:20:BD:DF",
                "00:1A:79:21:0C:4D",
                "00:1A:79:21:0C:EE",
                "00:1A:79:22:20:D3",
                "00:1A:79:22:33:44",
                "00:1A:79:2D:21:42",
                "00:1A:79:31:5E:AE",
                "00:1A:79:32:C2:37",
                "00:1A:79:35:32:61",
                "00:1A:79:3A:DC:9E",
                "00:1A:79:40:2E:9B",
                "00:1A:79:40:79:6A",
                "00:1A:79:42:60:DB",
                "00:1A:79:42:BB:8F",
                "00:1A:79:43:A8:95",
                "00:1A:79:47:EB:49",
                "00:1A:79:48:04:34",
                "00:1A:79:48:63:BB",
                "00:1A:79:48:86:96",
                "00:1A:79:4B:AA:8C",
                "00:1A:79:50:4C:C7",
                "00:1A:79:50:5D:8A",
                "00:1A:79:50:C2:B3",
                "00:1A:79:52:F0:2B",
                "00:1A:79:53:98:08",
                "00:1A:79:55:51:C4",
                "00:1A:79:55:78:73",
                "00:1A:79:5A:03:4C",
                "00:1A:79:5A:0F:7F",
                "00:1A:79:5B:45:DB",
                "00:1A:79:5C:D2:48",
                "00:1A:79:5C:E8:95",
                "00:1A:79:5D:44:98"
            ]
        },
        {
            "server_name": "marvelhd.eu:8080",
            "server_url": "http://marvelhd.eu:8080/c/",
            "macs": [
                "00:1A:79:3E:D0:69",
                "00:1A:79:C3:4A:D6"
            ]
        },
        {
            "server_name": "185.243.7.154",
            "server_url": "http://185.243.7.154/c/",
            "macs": [
                "00:1A:79:00:55:D4",
                "00:1A:79:06:9A:D8",
                "00:1A:79:07:41:A7",
                "00:1A:79:15:79:DF",
                "00:1A:79:19:E4:A2",
                "00:1A:79:1F:C7:4D",
                "00:1A:79:22:9F:B1",
                "00:1A:79:24:45:E6",
                "00:1A:79:25:4F:8B",
                "00:1A:79:27:7F:C4",
                "00:1A:79:40:F0:D1",
                "00:1A:79:43:67:76",
                "00:1A:79:44:D5:76",
                "00:1A:79:47:53:9C",
                "00:1A:79:4C:9F:AA",
                "00:1A:79:4F:5C:58",
                "00:1A:79:54:EB:17",
                "00:1A:79:57:DF:67",
                "00:1A:79:5C:A6:53",
                "00:1A:79:5E:07:F5",
                "00:1A:79:5E:4F:B4",
                "00:1A:79:61:2D:0E",
                "00:1A:79:62:13:CC",
                "00:1A:79:65:C1:14",
                "00:1A:79:67:C6:BD",
                "00:1A:79:67:FD:D8",
                "00:1A:79:68:29:8B",
                "00:1A:79:6B:F9:BE",
                "00:1A:79:6D:9F:8C",
                "00:1A:79:6F:5A:2B",
                "00:1A:79:73:7D:10",
                "00:1A:79:74:08:76",
                "00:1A:79:74:F4:52",
                "00:1A:79:76:7B:D9",
                "00:1A:79:77:8C:BD",
                "00:1A:79:7B:9D:91",
                "00:1A:79:7D:9F:91",
                "00:1A:79:80:30:12",
                "00:1A:79:82:8F:16",
                "00:1A:79:8A:E8:EA",
                "00:1A:79:8C:01:CC",
                "00:1A:79:8C:0F:25",
                "00:1A:79:8E:82:85",
                "00:1A:79:92:0F:B0",
                "00:1A:79:9B:D3:A5",
                "00:1A:79:A2:2B:CE",
                "00:1A:79:A2:6A:41",
                "00:1A:79:A6:21:9B",
                "00:1A:79:AA:76:80",
                "00:1A:79:AB:E5:55",
                "00:1A:79:AE:30:DD",
                "00:1A:79:B0:62:56",
                "00:1A:79:B0:CB:97",
                "00:1A:79:B4:B6:17",
                "00:1A:79:B4:F1:D8",
                "00:1A:79:B5:05:F2",
                "00:1A:79:B5:10:2A",
                "00:1A:79:B5:10:6F",
                "00:1A:79:B5:11:C4",
                "00:1A:79:B5:12:D3",
                "00:1A:79:B5:50:BA",
                "00:1A:79:B5:5E:C2",
                "00:1A:79:B7:5A:6B",
                "00:1A:79:BB:F1:87",
                "00:1A:79:BC:69:67",
                "00:1A:79:BC:87:62",
                "00:1A:79:BF:54:E0",
                "00:1A:79:BF:A9:63",
                "00:1A:79:BF:E2:47",
                "00:1A:79:BF:F5:2B",
                "00:1A:79:C0:35:14",
                "00:1A:79:C0:40:C6",
                "00:1A:79:C0:87:18",
                "00:1A:79:C0:E2:AA",
                "00:1A:79:C1:26:36",
                "00:1A:79:C1:93:23",
                "00:1A:79:C1:C6:A0",
                "00:1A:79:C2:BA:3B",
                "00:1A:79:C2:E1:23",
                "00:1A:79:C3:AA:E6",
                "00:1A:79:C4:A1:62",
                "00:1A:79:C4:C4:FC",
                "00:1A:79:C5:1A:6C",
                "00:1A:79:C5:6D:9D",
                "00:1A:79:C6:42:81",
                "00:1A:79:C6:8E:D0",
                "00:1A:79:C7:2A:90",
                "00:1A:79:CD:B7:D9",
                "00:1A:79:CF:C7:F8",
                "00:1A:79:D5:55:24",
                "00:1A:79:D5:92:88",
                "00:1A:79:DC:31:53",
                "00:1A:79:DE:54:40",
                "00:1A:79:DF:CC:26",
                "00:1A:79:E5:2D:BC",
                "00:1A:79:E5:7C:87",
                "00:1A:79:E6:82:8B",
                "00:1A:79:EF:A0:B0",
                "00:1A:79:F1:B0:0E",
                "00:1A:79:FB:08:01",
                "00:1A:79:FB:39:6C",
                "00:1A:79:FC:2A:48"
            ]
        },
        {
            "server_name": "sonymax.org:8080",
            "server_url": "http://sonymax.org:8080/c/",
            "macs": [
                "00:1A:79:03:E5:5C"
            ]
        },
        {
            "server_name": "p1.uiop.tv",
            "server_url": "http://p1.uiop.tv/stalker_portal/c/",
            "macs": [
                "00:1A:79:0F:51:F9",
                "00:1A:79:1D:C8:07",
                "00:1A:79:2E:6D:B2",
                "00:1A:79:2E:DC:A0",
                "00:1A:79:36:EF:69",
                "00:1A:79:40:47:71",
                "00:1A:79:4E:D2:BA",
                "00:1A:79:52:43:22",
                "00:1A:79:53:E9:29",
                "00:1A:79:55:CE:A0",
                "00:1A:79:58:1E:38",
                "00:1A:79:58:AC:4A",
                "00:1A:79:5F:47:7C",
                "00:1A:79:6C:35:5B",
                "00:1A:79:E7:72:58"
            ]
        }
    ]
}