{
    "items": [
        {
            "server_name": "main.light-ott.net",
            "server_url": "http://main.light-ott.net/c/",
            "macs": [
                "00:1A:79:F5:20:6C",
                "00:1A:79:A0:E8:19",
                "00:1A:79:C6:D5:E4",
                "00:1A:79:80:BD:AF"
            ]
        },
        {
            "server_name": "neroiptv.xyz:8080",
            "server_url": "http://neroiptv.xyz:8080/c/",
            "macs": [
                "00:1A:79:55:48:C7",
                "00:1A:79:46:59:CD",
                "00:1A:79:3B:46:C8",
                "00:1A:79:9D:E0:26",
                "00:1A:79:DA:E1:C4",
                "00:1A:79:E9:72:B1",
                "00:1A:79:A4:7D:C3"
            ]
        },
        {
            "server_name": "live.liveuk.xyz:8080",
            "server_url": "http://live.liveuk.xyz:8080/c/",
            "macs": [
                "00:1A:79:AF:67:19",
                "00:1A:79:B7:42:78",
                "00:1A:79:BB:CC:80"
            ]
        },
        {
            "server_name": "llllllllliiiiiiiiiiiiii.funtogether.xyz:8080",
            "server_url": "http://llllllllliiiiiiiiiiiiii.funtogether.xyz:8080/c/",
            "macs": [
                "00:1A:79:c3:b0:57",
                "00:1A:79:ba:66:7f",
                "00:1A:79:38:b9:07",
                "00:1A:79:fc:62:5c"
            ]
        },
        {
            "server_name": "king4k.tv",
            "server_url": "http://king4k.tv/c/",
            "macs": [
                "00:1A:79:C3:12:90",
                "00:1A:79:6A:93:07",
                "00:1A:79:FE:39:2A",
                "00:1A:79:30:9C:6A",
                "00:1A:79:78:F3:00",
                "00:1A:79:93:00:79",
                "00:1A:79:78:31:42",
                "00:1A:79:A8:B9:3F",
                "00:1A:79:68:A5:3C",
                "00:1A:79:A5:2E:C5",
                "00:1A:79:67:4C:32",
                "00:1A:79:F2:65:04",
                "00:1A:79:DA:FD:1E",
                "00:1A:79:74:0B:C9",
                "00:1A:79:B5:71:44",
                "00:1A:79:BA:7C:7F",
                "00:1A:79:3C:AA:2F",
                "00:1A:79:2A:FC:DA",
                "00:1A:79:71:70:07",
                "00:1A:79:96:D1:8C",
                "00:1A:79:A3:BC:B1",
                "00:1A:79:E9:09:6C",
                "00:1A:79:FC:E5:F0",
                "00:1A:79:EB:B2:84"
            ]
        },
        {
            "server_name": "king4k.tv",
            "server_url": "http://king4k.tv/c/",
            "macs": [
                "00:1A:79:6F:BB:2D",
                "00:1A:79:C7:DA:9B",
                "00:1A:79:68:37:80",
                "00:1A:79:93:22:30",
                "00:1A:79:AC:F2:1D",
                "00:1A:79:6A:81:29",
                "00:1A:79:09:A1:92",
                "00:1A:79:66:ED:5D",
                "00:1A:79:5C:A2:F4",
                "00:1A:79:A2:E2:A9",
                "00:1A:79:41:AE:62",
                "00:1A:79:54:82:84"
            ]
        },
        {
            "server_name": "ispy1.click:8080",
            "server_url": "http://ispy1.click:8080/c/",
            "macs": [
                "00:1A:79:45:1D:59"
            ]
        },
        {
            "server_name": "162.19.37.133:8080",
            "server_url": "http://162.19.37.133:8080/c/",
            "macs": [
                "00:1A:79:c5:db:4f",
                "00:1A:79:ba:75:76",
                "00:1A:79:20:00:ED",
                "00:1A:79:20:08:85",
                "00:1A:79:20:0E:63",
                "00:1A:79:20:0F:2F",
                "00:1A:79:20:0F:8F",
                "00:1A:79:20:10:B5",
                "00:1A:79:20:18:D2",
                "00:1A:79:20:1A:A1",
                "00:1A:79:20:1F:0D",
                "00:1A:79:20:1F:1B",
                "00:1A:79:20:1F:3E",
                "00:1A:79:20:1F:49",
                "00:1A:79:20:21:22",
                "00:1A:79:20:28:B0",
                "00:1A:79:20:29:EE"
            ]
        },
        {
            "server_name": "line.greatstar.me",
            "server_url": "http://line.greatstar.me/c/",
            "macs": [
                "00:1A:79:65:33:38"
            ]
        },
        {
            "server_name": "new.ivue.co:25461",
            "server_url": "http://new.ivue.co:25461/c/",
            "macs": [
                "00:1A:79:B8:47:CB",
                "00:1A:79:B8:47:6F",
                "00:1A:79:B8:4D:37"
            ]
        },
        {
            "server_name": "promaxhd.com:8080",
            "server_url": "http://promaxhd.com:8080/c/",
            "macs": [
                "00:1A:79:57:E1:70",
                "00:1A:79:6C:32:FD",
                "00:1A:79:26:E6:95"
            ]
        },
        {
            "server_name": "llllllllliiiiiiiiiiiiii.funtogether.xyz:8080",
            "server_url": "http://llllllllliiiiiiiiiiiiii.funtogether.xyz:8080/c/",
            "macs": [
                "00:1A:79:57:e0:52",
                "00:1A:79:c3:b0:57",
                "00:1A:79:fc:62:5c",
                "00:1A:79:ac:54:cd",
                "00:1A:79:38:b9:07",
                "00:1A:79:35:58:36",
                "00:1A:79:ab:56:5d",
                "00:1A:79:e3:60:13",
                "00:1A:79:ba:66:7f",
                "00:1A:79:0a:74:20",
                "00:1A:79:ba:9e:2b"
            ]
        },
        {
            "server_name": "live.liveuk.xyz:8080",
            "server_url": "http://live.liveuk.xyz:8080/c/",
            "macs": [
                "00:1A:79:4F:A3:27",
                "00:1A:79:AF:67:19",
                "00:1A:79:B7:42:78",
                "00:1A:79:BB:CC:80",
                "00:1A:79:CC:4D:8E",
                "00:1A:79:A7:B4:C1",
                "00:1A:79:C2:02:0F"
            ]
        },
        {
            "server_name": "21tv.net:2052",
            "server_url": "http://21tv.net:2052/c/",
            "macs": [
                "00:1A:79:57:9E:4B",
                "00:1A:79:82:06:3A",
                "00:1A:79:DE:78:DC",
                "00:1A:79:DD:EF:BE"
            ]
        },
        {
            "server_name": "162.19.37.133:8080",
            "server_url": "http://162.19.37.133:8080/c/",
            "macs": [
                "00:1A:79:c5:db:4f",
                "00:1A:79:ba:75:76"
            ]
        },
        {
            "server_name": "alexiptv.ddns.me:8080",
            "server_url": "http://alexiptv.ddns.me:8080/c/",
            "macs": [
                "00:1A:79:B4:32:B2"
            ]
        },
        {
            "server_name": "new.ivue.co:25461",
            "server_url": "http://new.ivue.co:25461/c/",
            "macs": [
                "00:1A:79:33:CB:CA",
                "00:1A:79:B8:4D:1E",
                "00:1A:79:59:FA:59"
            ]
        },
        {
            "server_name": "mag.d60.co:8080",
            "server_url": "http://mag.d60.co:8080/c/",
            "macs": [
                "00:1A:79:B1:1C:A0"
            ]
        },
        {
            "server_name": "line.godofiptv.com",
            "server_url": "http://line.godofiptv.com/c/",
            "macs": [
                "00:1A:79:E9:DF:E3",
                "00:1A:79:6D:6F:9E",
                "00:1A:79:92:09:AE",
                "00:1A:79:6D:4A:4E",
                "00:1A:79:9F:58:FA",
                "00:1A:79:50:C2:AD",
                "00:1A:79:C0:76:D3",
                "00:1A:79:C5:7E:FA",
                "00:1A:79:77:18:7F",
                "00:1A:79:72:1E:13",
                "00:1A:79:C1:28:28",
                "00:1A:79:90:22:5E"
            ]
        },
        {
            "server_name": "mag.ukhd.tv",
            "server_url": "http://mag.ukhd.tv/c/",
            "macs": [
                "00:1a:79:23:b0:bb"
            ]
        },
        {
            "server_name": "162.19.37.133:8080",
            "server_url": "http://162.19.37.133:8080/c/",
            "macs": [
                "00:1a:79:ae:b7:70"
            ]
        },
        {
            "server_name": "162.19.37.133:8080",
            "server_url": "http://162.19.37.133:8080/c/",
            "macs": [
                "00:1a:79:F1:B8:05"
            ]
        },
        {
            "server_name": "162.19.37.133:8080",
            "server_url": "http://162.19.37.133:8080/c/",
            "macs": [
                "00:1a:79:c3:af:1b"
            ]
        },
        {
            "server_name": "mutant.arrox.top:80",
            "server_url": "http://mutant.arrox.top:80/c/",
            "macs": [
                "00:1a:79:ab:4f:5b"
            ]
        },
        {
            "server_name": "58315-mobile.oot-mx.me:80",
            "server_url": "http://58315-mobile.oot-mx.me:80/c/",
            "macs": [
                "00:1A:79:7f:b7:71",
                "00:1A:79:e7:1f:99",
                "00:1A:79:d0:08:96"
            ]
        }
    ]
}