{
    "items": [
        {
            "server_name": "darknetiptv1.ddns.net:25461",
            "server_url": "http://darknetiptv1.ddns.net:25461/c/",
            "macs": [
                "00:1A:79:40:19:28"
            ]
        },
        {
            "server_name": "p1.iptvrocket.tv:80",
            "server_url": "http://p1.iptvrocket.tv:80/c/",
            "macs": [
                "00:1a:79:a2:16:96",
                "00:1a:79:f7:24:46",
                "00:1a:79:b6:c7:60",
                "00:1a:79:72:6a:dd",
                "00:1a:79:62:37:66",
                "00:1a:79:79:20:8e",
                "00:1a:79:0a:4a:0f",
                "00:1a:79:11:29:23",
                "00:1a:79:02:74:a3",
                "00:1a:79:30:89:35",
                "00:1a:79:20:38:45",
                "00:1a:79:a6:35:75",
                "00:1a:79:ae:f9:7e"
            ]
        },
        {
            "server_name": "tp.nxdns4.com:8080",
            "server_url": "http://tp.nxdns4.com:8080/c/",
            "macs": [
                "00:1A:79:2B:DA:5F",
                "00:1A:79:5D:8B:53",
                "00:1A:79:78:97:51",
                "00:1A:79:59:77:24",
                "00:1A:79:76:24:E8",
                "00:1A:79:48:64:06",
                "00:1A:79:9D:E7:A5"
            ]
        },
        {
            "server_name": "001004.eu:8080",
            "server_url": "http://001004.eu:8080/c/",
            "macs": [
                "00:1a:79:af:63:7c",
                "00:1a:79:ad:aa:4b",
                "00:1a:79:a7:d8:7a",
                "00:1a:79:ad:a0:b1"
            ]
        },
        {
            "server_name": "149.56.23.36",
            "server_url": "http://149.56.23.36/stalker_portal/c/",
            "macs": [
                "00:1A:79:15:79:99",
                "00:1A:79:2D:40:D4",
                "00:1A:79:38:C3:F3",
                "00:1A:79:25:91:78",
                "00:1A:79:1C:F0:6B",
                "00:1A:79:24:31:9A",
                "00:1A:79:0B:3B:15",
                "00:1A:79:30:BB:0C",
                "00:1A:79:2F:8B:A0",
                "00:1A:79:0B:64:61",
                "00:1A:79:0B:73:79",
                "00:1A:79:24:D4:49",
                "00:1A:79:0B:40:9F",
                "00:1A:79:2D:7E:04",
                "00:1A:79:25:A9:E1"
            ]
        },
        {
            "server_name": "pdata.ddns.me:8080",
            "server_url": "http://pdata.ddns.me:8080/c/",
            "macs": [
                "00:1A:79:B1:84:54",
                "00:1A:79:CC:0F:69",
                "00:1A:79:B2:20:B9",
                "00:1A:79:8E:B8:9E",
                "00:1A:79:BF:AA:A7",
                "00:1A:79:B1:FE:FD",
                "00:1A:79:04:A9:51",
                "00:1A:79:C3:AF:87",
                "00:1A:79:B2:3C:2F",
                "00:1A:79:69:45:C5",
                "00:1A:79:05:7B:D5"
            ]
        },
        {
            "server_name": "starshare.live:8080",
            "server_url": "http://starshare.live:8080/c/",
            "macs": [
                "00:1A:79:A9:8F:DE",
                "00:1A:79:5E:4D:3E",
                "00:1A:79:78:47:23",
                "00:1A:79:A4:80:9B",
                "00:1A:79:F9:9D:69",
                "00:1A:79:23:37:07",
                "00:1A:79:79:A2:32",
                "00:1A:79:0A:D5:AE",
                "00:1A:79:64:AB:69",
                "00:1A:79:26:FA:7C"
            ]
        },
        {
            "server_name": "154.16.143.181:8080",
            "server_url": "http://154.16.143.181:8080/c/",
            "macs": [
                "00:1A:79:7D:96:10",
                "00:1A:79:C1:3A:35",
                "00:1A:79:75:C8:46",
                "00:1A:79:79:1C:9C",
                "00:1A:79:12:66:A9",
                "00:1A:79:85:E6:38",
                "00:1A:79:A4:05:93",
                "00:1A:79:FB:3D:98",
                "00:1A:79:B0:02:BC",
                "00:1A:79:76:1C:76"
            ]
        },
        {
            "server_name": "invale.parti",
            "server_url": "http://invale.parti/c/",
            "macs": [
                "00:1A:79:C8:1C:D1",
                "00:1A:79:A1:67:51",
                "00:1A:79:3B:46:CC",
                "00:1A:79:A4:53:48",
                "00:1A:79:25:17:C6",
                "00:1A:79:C6:C5:7D",
                "00:1A:79:25:86:35",
                "00:1A:79:A6:D9:CF"
            ]
        },
        {
            "server_name": "hawkpt.cc:8080",
            "server_url": "http://hawkpt.cc:8080/c/",
            "macs": [
                "00:1A:79:64:B8:49",
                "00:1A:79:A6:F2:2F",
                "00:1A:79:C4:75:A2",
                "00:1A:79:AD:D2:F5",
                "00:1A:79:A2:6E:79",
                "00:1A:79:D4:C1:17",
                "00:1A:79:B9:9C:2B",
                "00:1A:79:B0:BD:DE",
                "00:1A:79:A1:A0:7D",
                "00:1A:79:BD:56:72",
                "00:1A:79:53:3C:EC",
                "00:1A:79:46:4E:03",
                "00:1A:79:B1:F4:A5",
                "00:1A:79:B5:59:EF",
                "00:1A:79:44:FB:0F",
                "00:1A:79:AF:56:B4",
                "00:1A:79:40:35:87"
            ]
        },
        {
            "server_name": "51.91.57.198",
            "server_url": "http://51.91.57.198/stalker_portal/c/",
            "macs": [
                "00:1A:79:0F:1A:10",
                "00:1A:79:35:37:A5",
                "00:1A:79:33:50:B5",
                "00:1A:79:38:63:37",
                "00:1A:79:3E:D7:57",
                "00:1A:79:32:5F:E5",
                "00:1A:79:38:15:FF",
                "00:1A:79:20:FF:75",
                "00:1A:79:3E:D6:2C",
                "00:1A:79:36:BF:E9",
                "00:1A:79:32:5F:EA",
                "00:1A:79:2D:86:58",
                "00:1A:79:2B:C0:18",
                "00:1A:79:36:B9:84",
                "00:1A:79:32:61:BB"
            ]
        }
    ]
}