{
    "items": [
        {
            "server_name": "mag.premiumplus.tv:80",
            "server_url": "http://mag.premiumplus.tv:80/c/",
            "macs": [
                "00:1A:79:00:02:02",
                "00:1A:79:00:46:00",
                "00:1A:79:03:3F:D9",
                "00:1A:79:0C:0A:98",
                "00:1A:79:0D:1F:83",
                "00:1A:79:19:3F:F2",
                "00:1A:79:5A:16:AB",
                "00:1A:79:6A:A2:CB",
                "00:1A:79:7C:64:22"
            ]
        },
        {
            "server_name": "rajtv.online",
            "server_url": "http://rajtv.online/c/",
            "macs": [
                "00:1A:79:00:00:11",
                "00:1A:79:2A:69:9B",
                "00:1A:79:76:26:61",
                "00:1A:79:B0:5B:8E",
                "00:1A:79:B6:A2:10",
                "00:1A:79:B8:34:C0",
                "00:1A:79:F0:05:1D",
                "00:1A:79:FF:08:0D"
            ]
        },
        {
            "server_name": "line.clear-ocean.link:80",
            "server_url": "http://line.clear-ocean.link:80/c/",
            "macs": [
                "00:1A:79:30:1E:F9",
                "00:1A:79:30:22:C0",
                "00:1A:79:30:26:FE",
                "00:1A:79:30:34:31",
                "00:1A:79:30:36:32",
                "00:1A:79:30:48:35",
                "00:1A:79:30:4A:E9"
            ]
        },
        {
            "server_name": "alex.rocktv.be",
            "server_url": "http://alex.rocktv.be/stalker_portal/c/",
            "macs": [
                "00:1A:79:62:0C:58",
                "00:1A:79:6F:00:93",
                "00:1A:79:B6:64:C4"
            ]
        },
        {
            "server_name": "zupanet.live:8080",
            "server_url": "http://zupanet.live:8080/c/",
            "macs": [
                "00:1A:79:66:7F:72",
                "00:1A:79:6E:50:21"
            ]
        },
        {
            "server_name": "kocaeli41.xyz:8000",
            "server_url": "http://kocaeli41.xyz:8000/c/",
            "macs": [
                "00:1A:79:32:C3:5B",
                "00:1A:79:6A:47:BA"
            ]
        },
        {
            "server_name": "tvfalcon.net:8080",
            "server_url": "http://tvfalcon.net:8080/c/",
            "macs": [
                "00:1A:79:01:6D:71",
                "00:1A:79:08:4B:69",
                "00:1A:79:5D:91:E9",
                "00:1A:79:5D:AA:BB",
                "00:1A:79:6E:28:76",
                "00:1A:79:A2:FC:94",
                "00:1A:79:A7:DC:62",
                "00:1A:79:AB:5F:73",
                "00:1A:79:BA:38:DD",
                "00:1A:79:BC:39:E9",
                "00:1A:79:BD:1D:DB",
                "00:1A:79:C8:62:49"
            ]
        }
    ]
}