{
    "items": [
        {
            "server_name": "albkostv.net:5000",
            "server_url": "http://albkostv.net:5000/c/",
            "macs": [
                "00:1A:79:4E:8F:11"
            ]
        },
        {
            "server_name": "airoserver.net:25461",
            "server_url": "http://airoserver.net:25461/c/",
            "macs": [
                "00:1A:79:59:E6:30",
                "00:1A:79:5A:75:3C"
            ]
        },
        {
            "server_name": "agroworlddergisi.com:8080",
            "server_url": "http://agroworlddergisi.com:8080/c/",
            "macs": [
                "00:1A:79:11:8F:4D"
            ]
        },
        {
            "server_name": "admin.newstarttv.pro:8080",
            "server_url": "http://admin.newstarttv.pro:8080/c/",
            "macs": [
                "00:1A:79:6D:24:DC"
            ]
        },
        {
            "server_name": "super-tvnow.com:80",
            "server_url": "http://super-tvnow.com:80/c/",
            "macs": [
                "00:1A:79:7D:79:02",
                "00:1A:79:D2:FE:68"
            ]
        },
        {
            "server_name": "dtv21.org:2082",
            "server_url": "http://dtv21.org:2082/c/",
            "macs": [
                "00:1A:79:03:06:2C",
                "00:1A:79:05:CF:09",
                "00:1A:79:1C:01:27",
                "00:1A:79:47:35:D3",
                "00:1A:79:55:BB:A7",
                "00:1A:79:FE:F1:5B"
            ]
        },
        {
            "server_name": "pal.alphatx.me:80",
            "server_url": "http://pal.alphatx.me:80/c/",
            "macs": [
                "00:1A:79:00:00:0A",
                "00:1A:79:00:01:A0",
                "00:1A:79:00:01:FA",
                "00:1A:79:00:02:50",
                "00:1A:79:00:06:FC",
                "00:1A:79:00:12:D2",
                "00:1A:79:00:1E:64"
            ]
        },
        {
            "server_name": "d.tvplusfr.com:80",
            "server_url": "http://d.tvplusfr.com:80/c/",
            "macs": [
                "00:1A:79:00:00:07",
                "00:1A:79:00:00:0D",
                "00:1A:79:00:00:11",
                "00:1A:79:00:00:22",
                "00:1A:79:00:00:4D",
                "00:1A:79:00:00:52",
                "00:1A:79:00:00:78",
                "00:1A:79:00:00:91",
                "00:1A:79:00:00:97",
                "00:1A:79:00:00:98",
                "00:1A:79:00:00:FF",
                "00:1A:79:00:01:23",
                "00:1A:79:00:01:50",
                "00:1A:79:00:01:5F",
                "00:1A:79:00:01:A2"
            ]
        },
        {
            "server_name": "tango.123tv.to:8080",
            "server_url": "http://tango.123tv.to:8080/c/",
            "macs": [
                "00:1A:79:6A:EB:83",
                "00:1A:79:C8:3D:F6"
            ]
        },
        {
            "server_name": "innovationpro.nl",
            "server_url": "http://innovationpro.nl/c/",
            "macs": [
                "00:1A:79:48:F9:FF",
                "00:1A:79:8E:6A:D6",
                "00:1A:79:DA:D8:2E"
            ]
        },
        {
            "server_name": "89.187.189.59",
            "server_url": "http://89.187.189.59/stalker_portal/c/",
            "macs": [
                "00:1A:79:00:00:01",
                "00:1A:79:00:01:72",
                "00:1A:79:03:A0:9D",
                "00:1A:79:0B:1F:82",
                "00:1A:79:0B:C7:9D",
                "00:1A:79:24:1F:B1",
                "00:1A:79:2A:D1:39",
                "00:1A:79:33:69:69",
                "00:1A:79:35:A7:ED",
                "00:1A:79:3B:03:37",
                "00:1A:79:3F:C5:75"
            ]
        },
        {
            "server_name": "185.246.209.95",
            "server_url": "http://185.246.209.95/stalker_portal/c/",
            "macs": [
                "00:1A:79:00:05:46",
                "00:1A:79:00:07:76",
                "00:1A:79:00:08:92",
                "00:1A:79:00:0A:43",
                "00:1A:79:05:BB:4D",
                "00:1A:79:08:D5:CF",
                "00:1A:79:0B:9E:F0"
            ]
        },
        {
            "server_name": "x11.live:8080",
            "server_url": "http://x11.live:8080/c/",
            "macs": [
                "00:1A:79:1A:00:71"
            ]
        },
        {
            "server_name": "lionboxiptv.xyz",
            "server_url": "http://lionboxiptv.xyz/c/",
            "macs": [
                "00:1A:79:C9:EA:3A"
            ]
        },
        {
            "server_name": "5gtv.online:8080",
            "server_url": "http://5gtv.online:8080/c/",
            "macs": [
                "00:1A:79:51:A6:63"
            ]
        },
        {
            "server_name": "94.130.3.238:8080",
            "server_url": "http://94.130.3.238:8080/c/",
            "macs": [
                "00:1A:79:44:F7:50"
            ]
        },
        {
            "server_name": "dinka-iptv.live",
            "server_url": "http://dinka-iptv.live/c/",
            "macs": [
                "00:1A:79:B7:E6:87"
            ]
        },
        {
            "server_name": "worldiptv.nl:80",
            "server_url": "http://worldiptv.nl:80/c/",
            "macs": [
                "00:1A:79:09:80:11",
                "00:1A:79:90:96:F6",
                "00:1A:79:F8:F2:53"
            ]
        },
        {
            "server_name": "skunkytv.live",
            "server_url": "http://skunkytv.live/c/",
            "macs": [
                "00:1A:79:02:1A:C1",
                "00:1A:79:3A:4E:6F"
            ]
        },
        {
            "server_name": "tr.redatvgold.com",
            "server_url": "http://tr.redatvgold.com/c/",
            "macs": [
                "00:1A:79:30:32:44",
                "00:1A:79:55:0C:C1",
                "00:1A:79:56:F8:47",
                "00:1A:79:5F:24:2B",
                "00:1A:79:61:42:72",
                "00:1A:79:76:9F:D6",
                "00:1A:79:8C:A6:D1",
                "00:1A:79:AE:27:3A",
                "00:1A:79:AF:0D:4F",
                "00:1A:79:B2:02:7A",
                "00:1A:79:C1:7D:77",
                "00:1A:79:C2:A5:53",
                "00:1A:79:C4:7E:11",
                "00:1A:79:CA:96:28"
            ]
        }
    ]
}