{
    "items": [
        {
            "server_name": "my.iptvtuga.com:8080",
            "server_url": "http://my.iptvtuga.com:8080/c/",
            "macs": [
                "00:1A:79:B7:15:FA"
            ]
        },
        {
            "server_name": "51.91.57.198",
            "server_url": "http://51.91.57.198/stalker_portal/c/",
            "macs": [
                "00:1A:79:43:3B:1F",
                "00:1A:79:66:1B:16",
                "00:1A:79:6B:BB:11",
                "00:1A:79:76:50:5C",
                "00:1A:79:C7:75:F8"
            ]
        },
        {
            "server_name": "entertainmentj4u.com",
            "server_url": "http://entertainmentj4u.com/stalker_portal/c/",
            "macs": [
                "00:1A:79:24:19:CF",
                "00:1A:79:62:46:CD",
                "00:1A:79:77:88:D8",
                "00:1A:79:7D:FD:E6",
                "00:1A:79:AF:9B:51",
                "00:1A:79:C4:11:AE"
            ]
        },
        {
            "server_name": "iptvs4.ultapulta.com",
            "server_url": "http://iptvs4.ultapulta.com/stalker_portal/c/",
            "macs": [
                "00:1A:79:68:A9:FB"
            ]
        },
        {
            "server_name": "flumine.cc",
            "server_url": "http://flumine.cc/stalker_portal/c/",
            "macs": [
                "00:1A:79:65:40:23",
                "00:1A:79:D3:84:B1"
            ]
        },
        {
            "server_name": "one4alltech.net:8080",
            "server_url": "http://one4alltech.net:8080/c/",
            "macs": [
                "00:1A:79:AB:D6:D2"
            ]
        },
        {
            "server_name": "51.159.70.234",
            "server_url": "http://51.159.70.234/stalker_portal/c/",
            "macs": [
                "00:1A:79:00:11:29",
                "00:1A:79:37:01:B1",
                "00:1A:79:72:B1:8E",
                "00:1A:79:75:D7:AC",
                "00:1A:79:7B:01:21",
                "00:1A:79:A8:2E:26"
            ]
        },
        {
            "server_name": "45.139.122.199:8080",
            "server_url": "http://45.139.122.199:8080/c/",
            "macs": [
                "00:1A:79:66:23:F5",
                "00:1A:79:75:61:19",
                "00:1A:79:A2:F0:0F",
                "00:1A:79:AB:99:49",
                "00:1A:79:B3:20:27",
                "00:1A:79:B4:76:DE",
                "00:1A:79:B6:40:8B",
                "00:1A:79:C7:0F:DC"
            ]
        },
        {
            "server_name": "m.tvmera.com",
            "server_url": "http://m.tvmera.com/c/",
            "macs": [
                "00:1A:79:06:2A:46",
                "00:1A:79:68:1F:7D",
                "00:1A:79:B7:2A:DB",
                "00:1A:79:CC:FB:7A",
                "00:1A:79:CD:10:31",
                "00:1A:79:D8:95:01"
            ]
        },
        {
            "server_name": "212.129.8.69",
            "server_url": "http://212.129.8.69/stalker_portal/c/",
            "macs": [
                "00:1A:79:34:39:30",
                "00:1A:79:35:33:66",
                "00:1A:79:4F:D4:A5",
                "00:1A:79:65:00:F8"
            ]
        },
        {
            "server_name": "hdmiclub.online:8080",
            "server_url": "http://hdmiclub.online:8080/c/",
            "macs": [
                "00:1A:79:AB:42:93",
                "00:1A:79:AB:49:13",
                "00:1A:79:AB:65:79",
                "00:1A:79:AE:62:9B",
                "00:1A:79:B3:65:1E",
                "00:1A:79:BB:43:E1",
                "00:1A:79:BB:C8:56",
                "00:1A:79:BF:A3:61",
                "00:1A:79:C1:9B:1E",
                "00:1A:79:C1:B8:A8",
                "00:1A:79:D0:1E:96"
            ]
        }
    ]
}