{
    "items": [
        {
            "server_name": "coresys.dvrdns.org:25461",
            "server_url": "http://coresys.dvrdns.org:25461/c/",
            "macs": [
                "00:1A:79:2C:3F:DB"
            ]
        },
        {
            "server_name": "cmjl.online:8080",
            "server_url": "http://cmjl.online:8080/c/",
            "macs": [
                "00:1A:79:70:34:99",
                "00:1A:79:70:36:2E"
            ]
        },
        {
            "server_name": "mag.premiumplus.tv",
            "server_url": "http://mag.premiumplus.tv/c/",
            "macs": [
                "00:1A:79:06:45:53",
                "00:1A:79:18:07:7B",
                "00:1A:79:19:10:07",
                "00:1A:79:2F:1F:F7",
                "00:1A:79:31:00:91",
                "00:1A:79:36:B2:90",
                "00:1A:79:4C:BC:0B",
                "00:1A:79:5B:E9:61",
                "00:1A:79:74:89:E5",
                "00:1A:79:7F:58:D7",
                "00:1A:79:9D:1A:CB",
                "00:1A:79:B0:91:09",
                "00:1A:79:B5:AD:F0",
                "00:1A:79:DF:1F:B7"
            ]
        },
        {
            "server_name": "lionboxiptv.xyz",
            "server_url": "http://lionboxiptv.xyz/c/",
            "macs": [
                "00:1A:79:5C:FF:D7",
                "00:1A:79:A2:8A:73"
            ]
        },
        {
            "server_name": "doyoureallywantit.kozow.com:8080",
            "server_url": "http://doyoureallywantit.kozow.com:8080/c/",
            "macs": [
                "00:1A:79:94:F6:77"
            ]
        },
        {
            "server_name": "oceanstream.me",
            "server_url": "http://oceanstream.me/c/",
            "macs": [
                "00:1A:79:08:48:73",
                "00:1A:79:0B:E0:39",
                "00:1A:79:20:22:23",
                "00:1A:79:82:6F:2E",
                "00:1A:79:A2:C3:44",
                "00:1A:79:B5:50:AD",
                "00:1A:79:DA:CE:98"
            ]
        },
        {
            "server_name": "5.206.227.184",
            "server_url": "http://5.206.227.184/c/",
            "macs": [
                "00:1A:79:00:01:16",
                "00:1A:79:00:11:22",
                "00:1A:79:1B:F2:2F",
                "00:1A:79:37:15:2A",
                "00:1A:79:41:5D:22",
                "00:1A:79:41:BD:5C",
                "00:1A:79:44:F9:E4",
                "00:1A:79:45:0F:50",
                "00:1A:79:4D:F6:F4",
                "00:1A:79:53:0A:0A",
                "00:1A:79:54:4E:EE",
                "00:1A:79:55:BC:5A",
                "00:1A:79:60:05:C3",
                "00:1A:79:A5:B7:21",
                "00:1A:79:AB:5B:4B",
                "00:1A:79:AE:B0:40",
                "00:1A:79:AF:71:4E",
                "00:1A:79:B0:E7:27",
                "00:1A:79:B3:BF:CF",
                "00:1A:79:B6:2F:CE",
                "00:1A:79:B6:82:B6",
                "00:1A:79:B7:42:38",
                "00:1A:79:BD:00:74",
                "00:1A:79:BD:04:85",
                "00:1A:79:BE:64:27",
                "00:1A:79:C3:5F:E4",
                "00:1A:79:C3:C5:D0",
                "00:1A:79:CB:77:3B",
                "00:1A:79:CB:C0:FD",
                "00:1A:79:F9:DD:1C",
                "00:1A:79:FB:06:93",
                "00:1A:79:FB:20:0B",
                "00:1A:79:FB:3B:33",
                "00:1A:79:FB:4F:C1"
            ]
        },
        {
            "server_name": "hd-max.org:8080",
            "server_url": "http://hd-max.org:8080/c/",
            "macs": [
                "00:1A:79:45:1E:CB",
                "00:1A:79:67:AF:0A",
                "00:1A:79:A4:80:BB"
            ]
        },
        {
            "server_name": "185.245.2.85",
            "server_url": "http://185.245.2.85/c/",
            "macs": [
                "00:1A:79:00:11:7E",
                "00:1A:79:40:03:8C",
                "00:1A:79:42:5A:8E",
                "00:1A:79:51:73:89",
                "00:1A:79:55:1B:00",
                "00:1A:79:7B:4D:4B"
            ]
        },
        {
            "server_name": "103.211.100.201",
            "server_url": "http://103.211.100.201/c/",
            "macs": [
                "00:1A:79:00:18:29",
                "00:1A:79:00:18:50",
                "00:1A:79:00:1C:5E"
            ]
        },
        {
            "server_name": "nien.tvwerk.org:8080",
            "server_url": "http://nien.tvwerk.org:8080/c/",
            "macs": [
                "00:1A:79:00:08:09",
                "00:1A:79:01:70:51",
                "00:1A:79:0E:37:90",
                "00:1A:79:5D:8C:A6"
            ]
        },
        {
            "server_name": "185.11.145.188",
            "server_url": "http://185.11.145.188/c/",
            "macs": [
                "00:1A:79:37:15:2A",
                "00:1A:79:41:BD:5C",
                "00:1A:79:53:0A:0A",
                "00:1A:79:54:4E:EE",
                "00:1A:79:58:14:35",
                "00:1A:79:AB:5B:4B",
                "00:1A:79:AF:71:4E",
                "00:1A:79:B6:82:B6",
                "00:1A:79:D6:F2:FC"
            ]
        },
        {
            "server_name": "45.139.122.199:8080",
            "server_url": "http://45.139.122.199:8080/c/",
            "macs": [
                "00:1A:79:37:20:BC",
                "00:1A:79:40:F4:7E",
                "00:1A:79:52:3C:D6",
                "00:1A:79:57:6E:66",
                "00:1A:79:5C:CC:25",
                "00:1A:79:67:4C:8F",
                "00:1A:79:72:10:14",
                "00:1A:79:AA:87:7B",
                "00:1A:79:AB:52:E3",
                "00:1A:79:B0:B0:59",
                "00:1A:79:B3:2C:C6",
                "00:1A:79:B8:84:2C",
                "00:1A:79:BC:33:5C",
                "00:1A:79:C1:07:D8",
                "00:1A:79:CA:81:5B",
                "00:1A:79:FB:39:E0"
            ]
        },
        {
            "server_name": "one.dream4ktv.biz:2082",
            "server_url": "http://one.dream4ktv.biz:2082/c/",
            "macs": [
                "00:1A:79:07:DB:E9",
                "00:1A:79:46:C0:C3",
                "00:1A:79:73:18:52",
                "00:1A:79:9B:30:1D",
                "00:1A:79:DB:7A:A3"
            ]
        },
        {
            "server_name": "200.26.188.39",
            "server_url": "http://200.26.188.39/c/",
            "macs": [
                "00:1A:79:03:86:AD",
                "00:1A:79:07:23:4E",
                "00:1A:79:24:5C:BE",
                "00:1A:79:25:13:B8",
                "00:1A:79:41:F5:11",
                "00:1A:79:45:1F:76",
                "00:1A:79:50:7A:C3",
                "00:1A:79:A6:4A:6D",
                "00:1A:79:BF:81:5D",
                "00:1A:79:BF:A5:8B",
                "00:1A:79:C0:0D:A2",
                "00:1A:79:C2:95:EE",
                "00:1A:79:C8:5B:CD",
                "00:1A:79:EE:D1:68",
                "00:1A:79:F5:34:74"
            ]
        },
        {
            "server_name": "185.243.7.154",
            "server_url": "http://185.243.7.154/c/",
            "macs": [
                "00:1A:79:01:2F:BA",
                "00:1A:79:26:7C:F4",
                "00:1A:79:62:ED:98",
                "00:1A:79:6E:2E:2F",
                "00:1A:79:73:C3:03",
                "00:1A:79:78:8B:69",
                "00:1A:79:7C:6E:45",
                "00:1A:79:7D:BA:DB",
                "00:1A:79:97:2F:E4",
                "00:1A:79:A5:D1:1B",
                "00:1A:79:BC:5A:40",
                "00:1A:79:C5:1C:9D",
                "00:1A:79:DD:5C:07",
                "00:1A:79:FA:01:9D"
            ]
        },
        {
            "server_name": "tp.nxdns4.com:8080",
            "server_url": "http://tp.nxdns4.com:8080/c/",
            "macs": [
                "00:1A:79:15:8E:B3",
                "00:1A:79:2E:58:2D",
                "00:1A:79:3B:07:47",
                "00:1A:79:3B:42:BF",
                "00:1A:79:4F:46:28",
                "00:1A:79:50:D3:2A",
                "00:1A:79:5C:75:EE",
                "00:1A:79:6A:78:D7",
                "00:1A:79:6D:9C:6C",
                "00:1A:79:76:7E:54",
                "00:1A:79:8F:AC:05",
                "00:1A:79:AF:63:9F",
                "00:1A:79:BB:8B:8B",
                "00:1A:79:C5:CE:A1",
                "00:1A:79:D0:E9:CF",
                "00:1A:79:FB:1A:FE"
            ]
        },
        {
            "server_name": "4connect.link",
            "server_url": "http://4connect.link/c/",
            "macs": [
                "00:1A:79:3C:0D:04",
                "00:1A:79:46:60:5C",
                "00:1A:79:46:8F:8C",
                "00:1A:79:5A:81:7B",
                "00:1A:79:5B:BB:9C",
                "00:1A:79:6B:E3:57",
                "00:1A:79:74:BC:2A",
                "00:1A:79:74:DA:81",
                "00:1A:79:75:3A:AB",
                "00:1A:79:76:89:72",
                "00:1A:79:77:44:D2",
                "00:1A:79:78:5E:FD",
                "00:1A:79:7B:C9:B5",
                "00:1A:79:91:A3:A2",
                "00:1A:79:94:4B:2F",
                "00:1A:79:97:4A:B6",
                "00:1A:79:BA:EB:16",
                "00:1A:79:C3:37:78",
                "00:1A:79:DB:35:AF",
                "00:1A:79:DF:98:9E",
                "00:1A:79:F9:D9:29"
            ]
        },
        {
            "server_name": "portal.geniptv.com:8080",
            "server_url": "http://portal.geniptv.com:8080/c/",
            "macs": [
                "00:1A:79:0E:DF:5F",
                "00:1A:79:3A:C4:58",
                "00:1A:79:43:1F:BB",
                "00:1A:79:4D:3B:08",
                "00:1A:79:4E:46:5F",
                "00:1A:79:4E:8F:4C",
                "00:1A:79:4F:9D:3A",
                "00:1A:79:56:B9:DF",
                "00:1A:79:5D:04:C3",
                "00:1A:79:5E:C4:84",
                "00:1A:79:69:02:44",
                "00:1A:79:71:AC:25",
                "00:1A:79:9D:56:54",
                "00:1A:79:A6:7D:B3",
                "00:1A:79:B0:C2:5B",
                "00:1A:79:B6:7F:17",
                "00:1A:79:B7:0D:CB",
                "00:1A:79:BA:90:86",
                "00:1A:79:BD:25:3F",
                "00:1A:79:C3:B1:16",
                "00:1A:79:E1:1C:47"
            ]
        },
        {
            "server_name": "dontuse.doublesmashedpudding.xyz:8080",
            "server_url": "http://dontuse.doublesmashedpudding.xyz:8080/c/",
            "macs": [
                "00:1A:79:8C:BF:8E"
            ]
        },
        {
            "server_name": "diavolopazzo.endofinternet.org",
            "server_url": "http://diavolopazzo.endofinternet.org/c/",
            "macs": [
                "00:1A:79:72:6C:79"
            ]
        },
        {
            "server_name": "tv.greatstar.me",
            "server_url": "http://tv.greatstar.me/c/",
            "macs": [
                "00:1A:79:14:8A:AC",
                "00:1A:79:A8:2E:92"
            ]
        },
        {
            "server_name": "ya.trythisone.cc",
            "server_url": "http://ya.trythisone.cc/c/",
            "macs": [
                "00:1A:79:19:47:2F",
                "00:1A:79:1D:0F:5C",
                "00:1A:79:36:65:32",
                "00:1A:79:3F:3C:50",
                "00:1A:79:56:96:8C",
                "00:1A:79:65:61:36",
                "00:1A:79:68:0F:80",
                "00:1A:79:6F:5F:55"
            ]
        },
        {
            "server_name": "www.funmitra.com:8080",
            "server_url": "http://www.funmitra.com:8080/c/",
            "macs": [
                "00:1A:79:08:91:1F",
                "00:1A:79:1F:0F:C8",
                "00:1A:79:3F:04:2C",
                "00:1A:79:4E:B6:EA",
                "00:1A:79:50:D3:2A",
                "00:1A:79:52:BE:44",
                "00:1A:79:76:7E:54",
                "00:1A:79:AF:63:9F",
                "00:1A:79:BB:8B:8B",
                "00:1A:79:C5:CE:A1",
                "00:1A:79:F6:D5:EB",
                "00:1A:79:FB:1A:FE"
            ]
        },
        {
            "server_name": "pro.maxhd.eu:8080",
            "server_url": "http://pro.maxhd.eu:8080/c/",
            "macs": [
                "00:1A:79:19:19:19",
                "00:1A:79:32:C3:94",
                "00:1A:79:4C:C2:65",
                "00:1A:79:59:3F:A6",
                "00:1A:79:5D:4C:A6",
                "00:1A:79:70:7D:42",
                "00:1A:79:83:4D:48",
                "00:1A:79:A5:D6:46",
                "00:1A:79:BB:EF:5D",
                "00:1A:79:C1:3D:E0",
                "00:1A:79:C4:95:1E",
                "00:1A:79:CD:47:11",
                "00:1A:79:CF:7B:9B",
                "00:1A:79:E7:4F:D2"
            ]
        },
        {
            "server_name": "pp.prison8break.com:8080",
            "server_url": "http://pp.prison8break.com:8080/c/",
            "macs": [
                "00:1A:79:B8:80:57",
                "00:1A:79:CA:F1:2B",
                "00:1A:79:CF:89:71",
                "00:1A:79:D0:0D:5D"
            ]
        },
        {
            "server_name": "line.iptveros.com:8000",
            "server_url": "http://line.iptveros.com:8000/c/",
            "macs": [
                "00:1A:79:26:7F:76",
                "00:1A:79:2A:8F:C1",
                "00:1A:79:2B:28:AE",
                "00:1A:79:2C:3F:24",
                "00:1A:79:31:5F:35",
                "00:1A:79:34:5F:20",
                "00:1A:79:37:0F:13",
                "00:1A:79:3E:02:01",
                "00:1A:79:3E:4F:11",
                "00:1A:79:50:4F:EA",
                "00:1A:79:D5:A4:E3",
                "00:1A:79:D8:6F:79"
            ]
        },
        {
            "server_name": "23.94.101.233",
            "server_url": "http://23.94.101.233/stalker_portal/c/",
            "macs": [
                "00:1A:79:AD:02:FC"
            ]
        },
        {
            "server_name": "owliptv.gentv.to:8080",
            "server_url": "http://owliptv.gentv.to:8080/c/",
            "macs": [
                "00:1A:79:00:04:BD",
                "00:1A:79:1A:7E:09",
                "00:1A:79:55:F2:11",
                "00:1A:79:65:FF:6B",
                "00:1A:79:C3:AE:27",
                "10:27:BE:0D:20:A1",
                "10:27:BE:15:DF:31"
            ]
        },
        {
            "server_name": "line.iptvwings.com",
            "server_url": "http://line.iptvwings.com/c/",
            "macs": [
                "00:1A:79:05:9C:37",
                "00:1A:79:1C:0E:BE",
                "00:1A:79:25:8A:7D",
                "00:1A:79:49:5D:B6",
                "00:1A:79:4E:B8:36",
                "00:1A:79:98:5B:A3",
                "00:1A:79:A5:4F:2B",
                "00:1A:79:B6:25:F4",
                "00:1A:79:C7:4E:31",
                "00:1A:79:CF:4D:D4",
                "00:1A:79:DB:FC:51",
                "00:1A:79:F2:4F:42"
            ]
        },
        {
            "server_name": "162.19.37.133:8080",
            "server_url": "http://162.19.37.133:8080/c/",
            "macs": [
                "00:1A:79:11:49:E6",
                "00:1A:79:25:58:3F",
                "00:1A:79:50:CA:1B",
                "00:1A:79:A3:80:64"
            ]
        },
        {
            "server_name": "iup-tv.com:8080",
            "server_url": "http://iup-tv.com:8080/c/",
            "macs": [
                "00:1A:79:B5:88:0D"
            ]
        },
        {
            "server_name": "pal.alphatx.me",
            "server_url": "http://pal.alphatx.me/c/",
            "macs": [
                "00:1A:79:62:B3:5D"
            ]
        },
        {
            "server_name": "145.239.253.183",
            "server_url": "http://145.239.253.183/stalker_portal/c/",
            "macs": [
                "00:1A:79:79:6D:31",
                "00:1A:79:7E:0B:F1"
            ]
        },
        {
            "server_name": "wtc05.mi20.cc",
            "server_url": "http://wtc05.mi20.cc/stalker_portal/c/",
            "macs": [
                "00:1A:79:F0:61:51"
            ]
        },
        {
            "server_name": "sonymax.org:8080",
            "server_url": "http://sonymax.org:8080/c/",
            "macs": [
                "00:1A:79:3A:21:E4",
                "00:1A:79:BD:B6:18",
                "00:1A:79:C3:B4:56"
            ]
        }
    ]
}