{
    "items": [
        {
            "server_name": "mag.marsweb.co",
            "server_url": "http://mag.marsweb.co/c/",
            "macs": [
                "00:1A:79:8B:25:C4",
                "00:1A:79:77:06:9B",
                "00:1A:79:9B:3A:F5",
                "00:1A:79:38:7F:15",
                "00:1A:79:C0:0A:B1",
                "00:1A:79:50:C8:F9",
                "00:1A:79:FB:08:E1"
            ]
        },
        {
            "server_name": "aaatjsclientbox2.xyz",
            "server_url": "http://aaatjsclientbox2.xyz/c/",
            "macs": [
                "00:1a:79:ba:af:61",
                "00:1a:79:ae:af:ca",
                "00:1a:79:ae:5c:34",
                "00:1a:79:af:25:7b",
                "00:1a:79:ad:93:53",
                "00:1a:79:b0:95:2b",
                "00:1a:79:ad:99:17",
                "00:1a:79:a1:08:41",
                "00:1a:79:b7:e9:2f",
                "00:1a:79:b4:e5:9a",
                "00:1a:79:ae:ce:e3",
                "00:1a:79:ba:a5:33",
                "00:1a:79:ae:af:ca",
                "00:1a:79:b1:a8:1a",
                "00:1a:79:aa:bd:12",
                "00:1a:79:ad:7f:26",
                "00:1a:79:b6:c9:e8",
                "00:1a:79:b7:47:66",
                "00:1a:79:b9:f6:25",
                "00:1a:79:ae:89:42"
            ]
        },
        {
            "server_name": "iup-tv.com:8080",
            "server_url": "http://iup-tv.com:8080/c/",
            "macs": [
                "00:1A:79:6A:56:EB",
                "00:1A:79:B5:56:6B"
            ]
        },
        {
            "server_name": "sonymax.org:8080",
            "server_url": "http://sonymax.org:8080/c/",
            "macs": []
        },
        {
            "server_name": "ip.efetv.de:8080",
            "server_url": "http://ip.efetv.de:8080/c/",
            "macs": [
                "00:1A:79:AD:5B:D8",
                "00:1A:79:49:06:01"
            ]
        },
        {
            "server_name": "boss.zengplus.xyz:80",
            "server_url": "http://boss.zengplus.xyz:80/c/",
            "macs": [
                "00:1A:79:36:B1:60",
                "00:1A:79:33:6A:9C",
                "00:1A:79:34:59:D4",
                "00:1A:79:34:A6:12",
                "00:1A:79:35:00:CA",
                "00:1A:79:35:01:16",
                "00:1A:79:37:07:F6"
            ]
        },
        {
            "server_name": "zupanet.live:8080",
            "server_url": "http://zupanet.live:8080/c/",
            "macs": [
                "00:1A:79:3E:72:AF",
                "00:1A:79:56:A5:8E",
                "00:1A:79:9A:11:37",
                "00:1A:79:6B:34:22",
                "00:1A:79:20:7F:9C",
                "00:1A:79:ED:0F:68",
                "00:1A:79:C6:FD:CD",
                "00:1A:79:05:96:92",
                "00:1A:79:BA:90:E6",
                "00:1A:79:35:06:77",
                "00:1A:79:14:65:42"
            ]
        },
        {
            "server_name": "c.proserver.in:8080",
            "server_url": "http://c.proserver.in:8080/c/",
            "macs": [
                "00:1A:79:5D:08:BF",
                "00:1A:79:49:FB:CE",
                "00:1A:79:21:09:A8",
                "00:1A:79:21:09:FA",
                "00:1A:79:21:0A:60",
                "00:1A:79:21:0A:8D",
                "00:1A:79:21:0D:BB",
                "00:1A:79:21:0E:37"
            ]
        },
        {
            "server_name": "germanytv.live:8080",
            "server_url": "http://germanytv.live:8080/c/",
            "macs": [
                "00:1A:79:A0:E6:FD",
                "00:1A:79:A0:E7:A2",
                "00:1A:79:A2:E7:DE"
            ]
        },
        {
            "server_name": "pt.chape-shop.com:8080",
            "server_url": "http://pt.chape-shop.com:8080/c/",
            "macs": [
                "00:1A:79:20:9F:8E",
                "00:1A:79:C5:5A:07",
                "00:1A:79:05:E0:8E",
                "00:1A:79:DA:A3:10",
                "00:1A:79:5F:1D:88",
                "00:1A:79:6B:0D:E9",
                "00:1A:79:5D:8E:28",
                "00:1A:79:26:C3:67",
                "00:1A:79:25:66:79",
                "00:1A:79:73:A6:5D",
                "00:1A:79:BC:DE:C4",
                "00:1A:79:81:98:4F",
                "00:1A:79:54:5F:06",
                "00:1A:79:AE:37:DE",
                "00:1A:79:36:E7:D1"
            ]
        },
        {
            "server_name": "tvhouse.live",
            "server_url": "http://tvhouse.live/c/",
            "macs": [
                "00:1A:79:8B:1D:12",
                "00:1A:79:24:19:DD",
                "00:1A:79:6B:5F:07",
                "00:1A:79:F5:33:D0",
                "00:1A:79:6B:F3:84"
            ]
        },
        {
            "server_name": "mag.ukhd.tv",
            "server_url": "http://mag.ukhd.tv/c/",
            "macs": [
                "00:1A:79:18:02:8E",
                "00:1A:79:C7:06:0A",
                "00:1A:79:5E:D5:07",
                "00:1A:79:B0:E6:EF",
                "00:1A:79:93:4E:62"
            ]
        },
        {
            "server_name": "193.176.244.25:8080",
            "server_url": "http://193.176.244.25:8080/c/",
            "macs": [
                "00:1A:79:31:E2:DF",
                "00:1A:79:A1:B0:BF",
                "00:1A:79:72:75:36",
                "00:1A:79:71:F9:45",
                "00:1A:79:7D:E6:AB",
                "00:1A:79:01:6D:64",
                "00:1A:79:85:EF:31",
                "00:1A:79:42:CE:26",
                "00:1A:79:05:F4:DA",
                "00:1A:79:30:D0:75"
            ]
        },
        {
            "server_name": "line.myox.me",
            "server_url": "http://line.myox.me/c/",
            "macs": [
                "00:1A:79:31:2B:32",
                "00:1A:79:3B:A3:FB",
                "00:1A:79:3E:9F:63",
                "00:1A:79:5F:C9:53",
                "00:1A:79:10:6D:D6",
                "00:1A:79:6A:56:EB",
                "00:1A:79:B5:56:6B",
                "00:1A:79:B2:07:C5",
                "00:1A:79:CE:F5:86",
                "00:1A:79:7E:D9:8D",
                "00:1A:79:B8:B7:82",
                "00:1A:79:A9:17:8D",
                "00:1A:79:CE:E9:FE",
                "00:1A:79:C0:9F:D8",
                "00:1A:79:63:7F:1A"
            ]
        },
        {
            "server_name": "ledir.thund.re:80",
            "server_url": "http://ledir.thund.re:80/c/",
            "macs": [
                "00:1A:79:25:50:A8",
                "00:1A:79:00:34:81",
                "00:1A:79:22:13:D3",
                "00:1A:79:00:36:71",
                "00:1A:79:00:09:37",
                "00:1A:79:02:77:07"
            ]
        },
        {
            "server_name": "starshare.live:8080",
            "server_url": "http://starshare.live:8080/c/",
            "macs": [
                "00:1A:79:23:37:07",
                "00:1A:79:79:A2:32",
                "00:1A:79:0A:D5:AE",
                "00:1A:79:64:AB:69",
                "00:1A:79:26:FA:7C",
                "00:1A:79:42:D6:3A",
                "00:1A:79:55:C2:2D",
                "00:1A:79:52:4F:D8",
                "00:1A:79:55:CE:0B",
                "00:1A:79:4F:BE:CE"
            ]
        },
        {
            "server_name": "boss.zengplus.xyz:80",
            "server_url": "http://boss.zengplus.xyz:80/c/",
            "macs": [
                "00:1A:79:33:6A:9C",
                "00:1A:79:34:59:D4",
                "00:1A:79:34:A6:12",
                "00:1A:79:35:00:CA",
                "00:1A:79:35:01:16",
                "00:1A:79:36:B1:60",
                "00:1A:79:37:07:F6",
                "00:1A:79:39:12:CE",
                "00:1A:79:3A:3F:96",
                "00:1A:79:3C:3B:59",
                "00:1A:79:3C:B1:C4",
                "00:1A:79:3C:D4:6E",
                "00:1A:79:3C:F2:0F"
            ]
        },
        {
            "server_name": "bosst.net:80",
            "server_url": "http://bosst.net:80/c/",
            "macs": [
                "00:1A:79:41:0F:1C",
                "00:1A:79:41:8C:7C",
                "00:1A:79:42:8E:C1",
                "00:1A:79:43:00:68",
                "00:1A:79:43:02:2A"
            ]
        },
        {
            "server_name": "sonymax.org:8080",
            "server_url": "http://sonymax.org:8080/c/",
            "macs": [
                "00:1A:79:2A:49:1D",
                "00:1A:79:41:15:83",
                "00:1A:79:52:B5:B2",
                "00:1A:79:79:03:82",
                "00:1A:79:F6:57:2F",
                "00:1A:79:08:65:C1",
                "00:1A:79:54:2D:CD",
                "00:1A:79:96:A7:0A",
                "00:1A:79:AD:5B:D8",
                "00:1A:79:28:52:52",
                "00:1A:79:73:2F:A0",
                "00:1A:79:49:DC:13",
                "00:1A:79:AE:6D:73",
                "00:1A:79:B4:E0:CD",
                "00:1A:79:6D:EA:F5",
                "00:1A:79:43:E0:FC",
                "00:1A:79:49:06:01",
                "00:1A:79:6D:9C:6C",
                "00:1A:79:47:33:DB",
                "00:1A:79:4D:E8:06",
                "00:1A:79:23:E2:6E",
                "00:1A:79:7A:A4:0D",
                "00:1A:79:8A:80:08",
                "00:1A:79:3D:AE:A3",
                "00:1A:79:AA:87:62"
            ]
        },
        {
            "server_name": "zupanet.live:8080",
            "server_url": "http://zupanet.live:8080/c/",
            "macs": [
                "00:1A:79:42:67:3C",
                "00:1A:79:4F:48:0F",
                "00:1A:79:45:20:3F",
                "00:1A:79:34:AD:A3",
                "00:1A:79:69:1D:01",
                "00:1A:79:BB:4B:4A",
                "00:1A:79:4C:23:F7",
                "00:1A:79:46:1D:F2",
                "00:1A:79:85:F5:99"
            ]
        },
        {
            "server_name": "pro.ipcover.lol:8080",
            "server_url": "http://pro.ipcover.lol:8080/c/",
            "macs": [
                "00:1A:79:CC:0A:C1",
                "00:1A:79:CA:9C:52",
                "00:1A:79:69:5D:AE",
                "00:1A:79:B5:B3:6C",
                "00:1A:79:B1:02:B2",
                "00:1A:79:B1:02:A9",
                "00:1A:79:B9:02:3E",
                "00:1A:79:B7:83:A8",
                "00:1A:79:B5:B7:28"
            ]
        },
        {
            "server_name": "050518.pro:8000",
            "server_url": "http://050518.pro:8000/c/",
            "macs": [
                "00:1A:79:02:5F:0A"
            ]
        },
        {
            "server_name": "ledir.thund.re:80",
            "server_url": "http://ledir.thund.re:80/c/",
            "macs": [
                "00:1A:79:22:14:F3"
            ]
        },
        {
            "server_name": "aaatjsclientbox2.xyz",
            "server_url": "http://aaatjsclientbox2.xyz/c/",
            "macs": [
                "00:1A:79:00:08:A1"
            ]
        },
        {
            "server_name": "daydreamer.life:8080",
            "server_url": "http://daydreamer.life:8080/c/",
            "macs": [
                "00:1A:79:6B:ED:EF"
            ]
        }
    ]
}