{
    "items": [
        {
            "server_name": "neofass.com:8080",
            "server_url": "http://neofass.com:8080/c/",
            "macs": [
                "00:1A:79:01:01:F9",
                "00:1A:79:0F:83:51",
                "00:1A:79:10:4B:37",
                "00:1A:79:68:AF:9B",
                "00:1A:79:78:11:E4",
                "00:1A:79:B5:45:6B",
                "00:1A:79:C6:C2:C7"
            ]
        },
        {
            "server_name": "line.iptveros.com:80",
            "server_url": "http://line.iptveros.com:80/c/",
            "macs": [
                "00:1A:79:30:8F:5F",
                "00:1A:79:6A:E6:0A",
                "00:1A:79:7C:0E:F7"
            ]
        },
        {
            "server_name": "ss.2665.ninja:8080",
            "server_url": "http://ss.2665.ninja:8080/c/",
            "macs": [
                "00:1A:79:31:1F:8A",
                "00:1A:79:49:48:E5",
                "00:1A:79:51:64:D7"
            ]
        },
        {
            "server_name": "mypaste.fun.gentv.to:8080",
            "server_url": "http://mypaste.fun.gentv.to:8080/c/",
            "macs": [
                "00:1A:79:AD:8E:B2",
                "00:1A:79:B7:28:62",
                "00:1A:79:BA:B4:27",
                "00:1A:79:BD:F0:F6"
            ]
        },
        {
            "server_name": "mutant.arrox.top:80",
            "server_url": "http://mutant.arrox.top:80/c/",
            "macs": [
                "00:1A:79:05:9D:49",
                "00:1A:79:37:C4:09",
                "00:1A:79:69:51:4B",
                "00:1A:79:A4:1B:9C",
                "00:1A:79:A7:60:E5",
                "00:1A:79:B4:31:AC"
            ]
        },
        {
            "server_name": "tv.trexiptv.com:80",
            "server_url": "http://tv.trexiptv.com:80/c/",
            "macs": [
                "00:1A:79:63:39:DD"
            ]
        },
        {
            "server_name": "darkpower.xyz:8080",
            "server_url": "http://darkpower.xyz:8080/c/",
            "macs": [
                "00:1A:79:50:CB:64",
                "00:1A:79:AB:31:E2",
                "00:1A:79:AE:22:BA"
            ]
        },
        {
            "server_name": "bracaro.bracaro.xyz:8080",
            "server_url": "http://bracaro.bracaro.xyz:8080/c/",
            "macs": [
                "00:1A:79:A5:A8:51",
                "00:1A:79:AA:73:E3",
                "00:1A:79:AE:25:23",
                "00:1A:79:B7:9A:7C",
                "00:1A:79:CE:26:97",
                "00:1A:79:E3:F7:9C"
            ]
        },
        {
            "server_name": "atvodhosting.xyz:8080",
            "server_url": "http://atvodhosting.xyz:8080/c/",
            "macs": [
                "00:1A:79:70:00:C6",
                "00:1A:79:70:01:B2",
                "00:1A:79:70:04:A7",
                "00:1A:79:70:34:BA",
                "00:1A:79:70:8A:60",
                "00:1A:79:70:8B:31",
                "00:1A:79:71:0F:83",
                "00:1A:79:71:19:08",
                "00:1A:79:71:41:F2"
            ]
        },
        {
            "server_name": "super-tvnow.com",
            "server_url": "http://super-tvnow.com/c/",
            "macs": [
                "00:1A:79:71:0B:B1",
                "00:1A:79:72:09:DD",
                "00:1A:79:74:7E:11",
                "00:1A:79:75:06:B2",
                "00:1A:79:75:3C:03",
                "00:1A:79:75:C9:F9",
                "00:1A:79:75:CA:B6",
                "00:1A:79:76:24:89",
                "00:1A:79:76:31:E2",
                "00:1A:79:78:4E:35",
                "00:1A:79:78:9B:F2",
                "00:1A:79:79:1B:CD"
            ]
        },
        {
            "server_name": "pdata.ddns.me:8080",
            "server_url": "http://pdata.ddns.me:8080/c/",
            "macs": [
                "00:1A:79:05:91:56",
                "00:1A:79:30:A3:B0",
                "00:1A:79:31:D1:2B",
                "00:1A:79:31:D7:6B",
                "00:1A:79:31:DE:A3",
                "00:1A:79:31:E4:B7",
                "00:1A:79:31:E4:CB",
                "00:1A:79:31:E9:56",
                "00:1A:79:31:EC:CB",
                "00:1A:79:31:F5:55",
                "00:1A:79:31:FD:2B",
                "00:1A:79:31:FF:57",
                "00:1A:79:32:60:BB",
                "00:1A:79:32:66:06",
                "00:1A:79:32:68:06",
                "00:1A:79:32:75:89",
                "00:1A:79:32:76:2D",
                "00:1A:79:32:77:83",
                "00:1A:79:34:9A:4C",
                "00:1A:79:35:94:67",
                "00:1A:79:35:AC:08",
                "00:1A:79:35:AC:73",
                "00:1A:79:36:39:38",
                "00:1A:79:36:39:61",
                "00:1A:79:36:39:92",
                "00:1A:79:36:61:37",
                "00:1A:79:36:62:37",
                "00:1A:79:36:6E:BD",
                "00:1A:79:36:6F:73",
                "00:1A:79:36:6F:C1",
                "00:1A:79:36:72:C8",
                "00:1A:79:36:77:5A",
                "00:1A:79:36:77:C0",
                "00:1A:79:36:7C:23",
                "00:1A:79:46:BB:86",
                "00:1A:79:53:05:99",
                "00:1A:79:5D:3C:56",
                "00:1A:79:71:64:BF",
                "00:1A:79:9E:5E:A9",
                "00:1A:79:A5:EB:BB",
                "00:1A:79:A9:C7:0F",
                "00:1A:79:BF:99:07",
                "00:1A:79:C2:93:42",
                "00:1A:79:C3:B0:9D",
                "00:1A:79:C5:58:C5",
                "00:1A:79:C5:E3:2F",
                "00:1A:79:C6:18:51",
                "00:1A:79:C6:2E:15",
                "00:1A:79:C7:7E:12",
                "00:1A:79:C7:F0:D6",
                "00:1A:79:C8:6A:9F",
                "00:1A:79:DD:8F:09",
                "00:1A:79:FB:40:F6",
                "00:1A:79:FB:4C:D0"
            ]
        },
        {
            "server_name": "caccapupu.ddns.net",
            "server_url": "http://caccapupu.ddns.net/c/",
            "macs": [
                "00:1A:79:72:0B:44"
            ]
        },
        {
            "server_name": "tv.premiumplus.tv",
            "server_url": "http://tv.premiumplus.tv/c/",
            "macs": [
                "00:1A:79:41:A9:AF",
                "00:1A:79:53:56:F6",
                "00:1A:79:55:0F:A7",
                "00:1A:79:6E:D5:C3",
                "00:1A:79:70:DA:A8",
                "00:1A:79:A7:2F:32",
                "00:1A:79:B1:57:9C",
                "00:1A:79:B5:AA:55",
                "00:1A:79:B8:58:79",
                "00:1A:79:DB:F9:58",
                "00:1A:79:F5:3B:C4"
            ]
        },
        {
            "server_name": "asterix-iptv.club:25461",
            "server_url": "http://asterix-iptv.club:25461/c/",
            "macs": [
                "00:1A:79:6B:16:CE"
            ]
        },
        {
            "server_name": "atvodhosting.xyz",
            "server_url": "http://atvodhosting.xyz/c/",
            "macs": [
                "00:1A:79:71:4C:55"
            ]
        },
        {
            "server_name": "185.182.193.203:25461",
            "server_url": "http://185.182.193.203:25461/c/",
            "macs": [
                "00:1A:79:58:25:F0"
            ]
        },
        {
            "server_name": "zorrohunter.com",
            "server_url": "http://zorrohunter.com/c/",
            "macs": [
                "00:1A:79:26:DA:AC",
                "00:1A:79:66:32:B3",
                "00:1A:79:A2:37:B7"
            ]
        },
        {
            "server_name": "anotv.org:80",
            "server_url": "http://anotv.org:80/c/",
            "macs": [
                "00:1A:79:00:00:35"
            ]
        },
        {
            "server_name": "line.greatstar.me",
            "server_url": "http://line.greatstar.me/c/",
            "macs": [
                "00:1A:79:61:30:35",
                "00:1A:79:7A:67:88"
            ]
        }
    ]
}