{
    "items": [
        {
            "server_name": "ln.tabox.in:24651",
            "server_url": "http://ln.tabox.in:24651/c/",
            "macs": [
                "00:1A:79:77:C1:0D",
                "00:1A:79:B0:B8:34"
            ]
        },
        {
            "server_name": "46.43.69.9:4000",
            "server_url": "http://46.43.69.9:4000/stalker_portal/c/",
            "macs": [
                "00:1A:79:2A:52:63",
                "00:1A:79:F7:C0:48"
            ]
        },
        {
            "server_name": "portal.iptvnorge.xyz:8080",
            "server_url": "http://portal.iptvnorge.xyz:8080/c/",
            "macs": [
                "00:1A:79:BA:61:28"
            ]
        },
        {
            "server_name": "mag.desi123.xyz",
            "server_url": "http://mag.desi123.xyz/stalker_portal/c/",
            "macs": [
                "00:1A:79:EB:2F:5F"
            ]
        },
        {
            "server_name": "flixtv.cc",
            "server_url": "http://flixtv.cc/stalker_portal/c/",
            "macs": [
                "00:1A:79:00:07:03",
                "00:1A:79:00:14:35",
                "00:1A:79:00:1A:01",
                "00:1A:79:D0:95:09"
            ]
        },
        {
            "server_name": "new.jiotv.be",
            "server_url": "http://new.jiotv.be/stalker_portal/c/",
            "macs": [
                "00:1A:79:3A:A1:47",
                "00:1A:79:5F:59:FF",
                "00:1A:79:6C:75:98",
                "00:1A:79:B4:E6:D2",
                "00:1A:79:DB:7B:C7",
                "00:1A:79:FD:6A:DC"
            ]
        },
        {
            "server_name": "play.b4u.live",
            "server_url": "http://play.b4u.live/stalker_portal/c/",
            "macs": [
                "00:1A:79:69:E9:77"
            ]
        },
        {
            "server_name": "tv.jbktv.de",
            "server_url": "http://tv.jbktv.de/stalker_portal/c/",
            "macs": [
                "00:1A:79:00:01:CD"
            ]
        },
        {
            "server_name": "23.227.130.74",
            "server_url": "http://23.227.130.74/stalker_portal/c/",
            "macs": [
                "00:1A:79:00:A6:28"
            ]
        },
        {
            "server_name": "iptv.initv.de",
            "server_url": "http://iptv.initv.de/stalker_portal/c/",
            "macs": [
                "00:1A:79:61:2D:BB",
                "00:1A:79:B5:BB:A8",
                "00:1A:79:CF:69:77",
                "00:1A:79:D0:84:AB"
            ]
        },
        {
            "server_name": "line.greatstar.me",
            "server_url": "http://line.greatstar.me/c/",
            "macs": [
                "00:1A:79:4B:C7:C0",
                "00:1A:79:69:4B:65",
                "00:1A:79:6A:87:16",
                "00:1A:79:8C:0A:6C",
                "00:1A:79:A9:03:AA",
                "00:1A:79:B5:4F:B4",
                "00:1A:79:B9:08:15"
            ]
        },
        {
            "server_name": "darknetiptv1.ddns.net:25461",
            "server_url": "http://darknetiptv1.ddns.net:25461/c/",
            "macs": [
                "00:1A:79:08:B0:38",
                "00:1A:79:2E:A4:01",
                "00:1A:79:5A:86:FA",
                "00:1A:79:5A:EA:36",
                "00:1A:79:5D:A1:E0",
                "00:1A:79:5D:EB:D1",
                "00:1A:79:76:37:CF",
                "00:1A:79:B0:32:B7",
                "00:1A:79:B8:48:D8",
                "00:1A:79:BB:D6:A1",
                "00:1A:79:C2:99:BA",
                "00:1A:79:E5:74:6B"
            ]
        },
        {
            "server_name": "5.255.105.5:80",
            "server_url": "http://5.255.105.5:80/stalker_portal/c/",
            "macs": [
                "00:1A:79:00:4F:13",
                "00:1A:79:0B:52:CB",
                "00:1A:79:2E:82:55",
                "00:1A:79:40:E0:76",
                "00:1A:79:48:DD:FB",
                "00:1A:79:85:F0:44",
                "00:1A:79:A3:A4:85",
                "00:1A:79:E0:58:06"
            ]
        },
        {
            "server_name": "asdsadasdsdaasdffsdfdffgh.diatunnel.link:80",
            "server_url": "http://asdsadasdsdaasdffsdfdffgh.diatunnel.link:80/c/",
            "macs": [
                "00:1A:79:17:2A:CE",
                "00:1A:79:19:43:F0",
                "00:1A:79:36:E4:FC",
                "00:1A:79:3A:A6:08",
                "00:1A:79:47:77:A6"
            ]
        },
        {
            "server_name": "ns31617126.ip-162-19-37.eu:8080",
            "server_url": "http://ns31617126.ip-162-19-37.eu:8080/c/",
            "macs": [
                "00:1A:79:55:EA:94",
                "00:1A:79:B3:6F:69",
                "00:1A:79:BF:49:63",
                "00:1A:79:C1:C0:12",
                "00:1A:79:C8:8D:92"
            ]
        },
        {
            "server_name": "tkosportz.live:25461",
            "server_url": "http://tkosportz.live:25461/c/",
            "macs": [
                "00:1A:79:6F:F5:8A",
                "00:1A:79:E6:46:AC",
                "00:1A:79:E6:4B:71"
            ]
        },
        {
            "server_name": "ch.bosstv.live:8080",
            "server_url": "http://ch.bosstv.live:8080/c/",
            "macs": [
                "00:1A:79:34:39:15",
                "00:1A:79:6F:41:E0",
                "00:1A:79:E5:C1:64",
                "00:1A:79:E6:42:8C",
                "00:1A:79:E6:51:A9",
                "00:1A:79:E6:CF:65",
                "00:1A:79:E7:AE:05"
            ]
        },
        {
            "server_name": "iptv.darkbox.nu:80",
            "server_url": "http://iptv.darkbox.nu:80/c/",
            "macs": [
                "00:1A:79:00:00:88"
            ]
        },
        {
            "server_name": "mag.1da.tv:8080",
            "server_url": "http://mag.1da.tv:8080/c/",
            "macs": [
                "00:1A:79:0B:6F:40",
                "00:1A:79:45:2F:15",
                "00:1A:79:6B:2F:46",
                "00:1A:79:7B:0C:BE",
                "00:1A:79:A7:5F:84",
                "00:1A:79:B4:A8:63",
                "00:1A:79:B5:15:94",
                "00:1A:79:C0:F5:C8",
                "00:1A:79:CC:3F:8B"
            ]
        },
        {
            "server_name": "tv.stream4k.cc",
            "server_url": "http://tv.stream4k.cc/stalker_portal/c/",
            "macs": [
                "00:1A:79:00:07:03"
            ]
        },
        {
            "server_name": "stb5.rucolor.tv",
            "server_url": "http://stb5.rucolor.tv/stalker_portal/c/",
            "macs": [
                "00:1A:79:7A:0C:AD"
            ]
        },
        {
            "server_name": "135.125.45.117",
            "server_url": "http://135.125.45.117/c/",
            "macs": [
                "00:1A:79:BB:EC:2A"
            ]
        },
        {
            "server_name": "mol-2.com:8080",
            "server_url": "http://mol-2.com:8080/c/",
            "macs": [
                "00:1A:79:AD:8F:93"
            ]
        },
        {
            "server_name": "pal.alphatx.me:80",
            "server_url": "http://pal.alphatx.me:80/c/",
            "macs": [
                "00:1A:79:0E:1C:B5",
                "00:1A:79:34:35:33",
                "00:1A:79:37:61:33",
                "00:1A:79:4E:52:4A",
                "00:1A:79:65:4E:E0",
                "00:1A:79:66:C7:2D",
                "00:1A:79:93:48:C5",
                "00:1A:79:99:A6:E4",
                "00:1A:79:AB:F0:EF",
                "00:1A:79:B8:F8:23",
                "00:1A:79:BF:19:53",
                "00:1A:79:E6:49:00",
                "00:1A:79:EA:DE:53",
                "00:1A:79:F1:B0:21",
                "00:1A:79:FE:ED:94"
            ]
        },
        {
            "server_name": "too4youall.net:8080",
            "server_url": "http://too4youall.net:8080/c/",
            "macs": [
                "00:1A:79:AD:3A:EF",
                "00:1A:79:C3:28:A0"
            ]
        },
        {
            "server_name": "spacextv.live:8080",
            "server_url": "http://spacextv.live:8080/c/",
            "macs": [
                "00:1A:79:01:74:93"
            ]
        },
        {
            "server_name": "sapos.ml:80",
            "server_url": "http://sapos.ml:80/c/",
            "macs": [
                "00:1A:79:00:1B:56"
            ]
        },
        {
            "server_name": "ozone.3303.io",
            "server_url": "http://ozone.3303.io/stalker_portal/c/",
            "macs": [
                "00:1A:79:59:DA:66"
            ]
        },
        {
            "server_name": "old.viewtv.me",
            "server_url": "http://old.viewtv.me/stalker_portal/c/",
            "macs": [
                "00:1A:79:38:32:38",
                "00:1A:79:39:64:38"
            ]
        },
        {
            "server_name": "58315-mobile.oot-mx.me:80",
            "server_url": "http://58315-mobile.oot-mx.me:80/c/",
            "macs": [
                "00:1A:79:00:00:11"
            ]
        },
        {
            "server_name": "vps-3ce939b5.vps.ovh.net",
            "server_url": "http://vps-3ce939b5.vps.ovh.net/stalker_portal/c/",
            "macs": [
                "00:1A:79:79:6A:52"
            ]
        },
        {
            "server_name": "51.91.57.198",
            "server_url": "http://51.91.57.198/stalker_portal/c/",
            "macs": [
                "00:1A:79:6A:1A:0D",
                "00:1A:79:74:37:03"
            ]
        },
        {
            "server_name": "rufus.zone",
            "server_url": "http://rufus.zone/stalker_portal/c/",
            "macs": [
                "00:1A:79:56:B6:B2",
                "00:1A:79:66:DB:5F",
                "00:1A:79:D5:64:94"
            ]
        },
        {
            "server_name": "zorrohunter.com",
            "server_url": "http://zorrohunter.com/c/",
            "macs": [
                "00:1A:79:4A:44:E9",
                "00:1A:79:AA:35:0D",
                "00:1A:79:BB:9D:5C",
                "00:1A:79:C0:34:20"
            ]
        },
        {
            "server_name": "gtvstreams.me",
            "server_url": "http://gtvstreams.me/c/",
            "macs": [
                "00:1A:79:22:14:69",
                "00:1A:79:39:F9:20",
                "00:1A:79:C4:7B:B1"
            ]
        },
        {
            "server_name": "nettv.cx",
            "server_url": "http://nettv.cx/c/",
            "macs": [
                "00:1A:79:00:3E:00",
                "00:1A:79:00:3E:0B",
                "00:1A:79:00:41:92",
                "00:1A:79:00:43:D8",
                "00:1A:79:00:44:0B",
                "00:1A:79:01:25:CA",
                "00:1A:79:02:21:4A",
                "00:1A:79:02:3A:CB",
                "00:1A:79:02:61:9D",
                "00:1A:79:02:68:CA",
                "00:1A:79:02:71:B6"
            ]
        },
        {
            "server_name": "magonlyx.abcott.me:80",
            "server_url": "http://magonlyx.abcott.me:80/c/",
            "macs": [
                "00:1A:79:C2:7F:E7"
            ]
        },
        {
            "server_name": "mag.premiumplus.tv:80",
            "server_url": "http://mag.premiumplus.tv:80/c/",
            "macs": [
                "00:1A:79:C7:20:1D"
            ]
        },
        {
            "server_name": "ojpc.live:8080",
            "server_url": "http://ojpc.live:8080/c/",
            "macs": [
                "00:1A:79:AD:48:D1",
                "00:1A:79:C6:A5:7B"
            ]
        },
        {
            "server_name": "1screen4.com:8000",
            "server_url": "http://1screen4.com:8000/c/",
            "macs": [
                "00:1A:79:23:0F:88"
            ]
        },
        {
            "server_name": "ns358711.ovh.net:88",
            "server_url": "http://ns358711.ovh.net:88/stalker_portal/c/",
            "macs": [
                "00:1A:79:23:43:50",
                "00:1A:79:4F:24:2F",
                "00:1A:79:5C:DD:09",
                "00:1A:79:74:30:68"
            ]
        },
        {
            "server_name": "line.iptvwings.com",
            "server_url": "http://line.iptvwings.com/c/",
            "macs": [
                "00:1A:79:47:28:CA",
                "00:1A:79:72:E2:C5",
                "00:1A:79:C4:15:54",
                "00:1A:79:E6:C5:B1",
                "00:1A:79:EB:66:43"
            ]
        },
        {
            "server_name": "new.ivue.co:25461",
            "server_url": "http://new.ivue.co:25461/c/",
            "macs": [
                "00:1A:79:4F:1C:51"
            ]
        }
    ]
}