{
    "items": [
        {
            "server_name": "sonymax.org:8080",
            "server_url": "http://sonymax.org:8080/c/",
            "macs": [
                "00:1A:79:00:9E:43",
                "00:1A:79:02:F4:5D",
                "00:1A:79:1D:24:69",
                "00:1A:79:20:35:BC",
                "00:1A:79:3A:21:E4",
                "00:1A:79:68:1F:4E",
                "00:1A:79:6F:A4:1B",
                "00:1A:79:71:E3:C2",
                "00:1A:79:74:58:F9",
                "00:1A:79:75:3F:36",
                "00:1A:79:76:34:ED",
                "00:1A:79:A0:FE:64",
                "00:1A:79:FC:76:48"
            ]
        },
        {
            "server_name": "zenlink.link",
            "server_url": "http://zenlink.link/c/",
            "macs": [
                "00:1A:79:A6:3F:5C",
                "00:1A:79:AE:81:41",
                "00:1A:79:B1:A8:1A",
                "00:1A:79:B9:E5:F5",
                "00:1A:79:B9:ED:A3",
                "00:1A:79:B9:F6:25",
                "00:1A:79:BA:A5:33"
            ]
        },
        {
            "server_name": "iptv.darktv.in",
            "server_url": "http://iptv.darktv.in/c/",
            "macs": [
                "00:1A:79:06:84:90",
                "00:1A:79:07:C2:DC",
                "00:1A:79:0E:2F:9C",
                "00:1A:79:11:3F:37",
                "00:1A:79:17:26:1C",
                "00:1A:79:1B:B5:10",
                "00:1A:79:21:1F:04",
                "00:1A:79:27:56:A6",
                "00:1A:79:2B:1B:2E",
                "00:1A:79:2B:8F:74",
                "00:1A:79:2C:7F:6A",
                "00:1A:79:2C:9F:62",
                "00:1A:79:31:0F:E6",
                "00:1A:79:3F:DA:E7",
                "00:1A:79:41:E4:61",
                "00:1A:79:4E:E2:73",
                "00:1A:79:4F:9A:AF",
                "00:1A:79:60:7E:42",
                "00:1A:79:6E:E7:03",
                "00:1A:79:71:10:64",
                "00:1A:79:78:3C:93",
                "00:1A:79:98:01:4F",
                "00:1A:79:99:A3:B4",
                "00:1A:79:A1:19:37",
                "00:1A:79:B1:A4:BE",
                "00:1A:79:BC:27:72",
                "00:1A:79:C5:A2:01",
                "00:1A:79:CA:DD:B8",
                "00:1A:79:D2:AB:76",
                "00:1A:79:D5:9F:04",
                "00:1A:79:DD:63:96",
                "00:1A:79:DF:04:FC",
                "00:1A:79:F8:6F:EA",
                "00:1A:79:F8:7F:56",
                "00:1A:79:FC:8F:CC"
            ]
        },
        {
            "server_name": "safetv.vip:8080",
            "server_url": "http://safetv.vip:8080/c/",
            "macs": [
                "00:1A:79:AE:50:16"
            ]
        },
        {
            "server_name": "fastrunner.live:8080",
            "server_url": "http://fastrunner.live:8080/c/",
            "macs": [
                "00:1A:79:32:66:06",
                "00:1A:79:3D:54:71",
                "00:1A:79:4F:4B:74",
                "00:1A:79:58:28:E3",
                "00:1A:79:5F:DD:0B",
                "00:1A:79:63:D4:85",
                "00:1A:79:67:63:9C",
                "00:1A:79:71:AC:25",
                "00:1A:79:74:B7:06",
                "00:1A:79:77:42:D4",
                "00:1A:79:AE:5B:C5",
                "00:1A:79:AE:8D:68",
                "00:1A:79:B5:0B:BF",
                "00:1A:79:B6:72:0B",
                "00:1A:79:BC:FF:43",
                "00:1A:79:C1:81:78",
                "00:1A:79:C2:0C:A0",
                "00:1A:79:C4:32:5D",
                "00:1A:79:C7:06:62"
            ]
        },
        {
            "server_name": "fast.newdns.world:8080",
            "server_url": "http://fast.newdns.world:8080/c/",
            "macs": [
                "00:1A:79:19:3B:4E",
                "00:1A:79:20:85:32",
                "00:1A:79:4C:90:58",
                "00:1A:79:4E:4B:07",
                "00:1A:79:4F:4B:74",
                "00:1A:79:52:7C:8A",
                "00:1A:79:53:9F:C9",
                "00:1A:79:58:0C:29",
                "00:1A:79:89:90:46",
                "00:1A:79:94:3D:82",
                "00:1A:79:9B:98:60",
                "00:1A:79:9C:28:16",
                "00:1A:79:A7:EB:7B",
                "00:1A:79:AA:83:92",
                "00:1A:79:B3:F6:1E",
                "00:1A:79:B8:78:00",
                "00:1A:79:BA:9E:2F",
                "00:1A:79:BD:43:9A",
                "00:1A:79:C4:17:87",
                "00:1A:79:D4:7F:84"
            ]
        },
        {
            "server_name": "line.gofast-tv.me",
            "server_url": "http://line.gofast-tv.me/c/",
            "macs": [
                "00:1A:79:AF:1A:37",
                "00:1A:79:C1:64:BE",
                "00:1A:79:C3:C9:BB",
                "00:1A:79:E7:22:B2",
                "00:1A:79:F8:03:01"
            ]
        },
        {
            "server_name": "45.139.122.199:8080",
            "server_url": "http://45.139.122.199:8080/c/",
            "macs": [
                "00:1A:79:BA:3E:1F"
            ]
        },
        {
            "server_name": "dm7776tv.xyz:8080",
            "server_url": "http://dm7776tv.xyz:8080/c/",
            "macs": [
                "00:1A:79:27:1F:06",
                "00:1A:79:B7:0D:8D",
                "00:1A:79:D2:B3:5D"
            ]
        },
        {
            "server_name": "stb.iphd.tv",
            "server_url": "http://stb.iphd.tv/c/",
            "macs": [
                "00:1A:79:A6:3F:98",
                "00:1A:79:A9:CD:C8"
            ]
        },
        {
            "server_name": "brokentv.rip:8080",
            "server_url": "http://brokentv.rip:8080/c/",
            "macs": [
                "00:1A:79:BD:46:23",
                "00:1A:79:CE:0D:51"
            ]
        },
        {
            "server_name": "tit.ipsh.tv",
            "server_url": "http://tit.ipsh.tv/c/",
            "macs": [
                "00:1A:79:03:2C:77",
                "00:1A:79:16:59:40",
                "00:1A:79:56:A9:30",
                "00:1A:79:5E:43:46",
                "00:1A:79:94:F9:EB",
                "00:1A:79:A7:45:E8",
                "00:1A:79:B0:79:59",
                "00:1A:79:B7:5A:96",
                "00:1A:79:BB:84:D5",
                "00:1A:79:C1:75:97",
                "00:1A:79:E6:E7:29",
                "00:1A:79:EC:EE:5A"
            ]
        },
        {
            "server_name": "fast.newdns.world",
            "server_url": "http://fast.newdns.world/c/",
            "macs": [
                "00:1A:79:19:3B:4E",
                "00:1A:79:20:85:32",
                "00:1A:79:4C:90:58",
                "00:1A:79:4E:4B:07",
                "00:1A:79:4F:4B:74",
                "00:1A:79:52:7C:8A",
                "00:1A:79:53:9F:C9",
                "00:1A:79:58:0C:29",
                "00:1A:79:89:90:46",
                "00:1A:79:94:3D:82",
                "00:1A:79:9B:98:60",
                "00:1A:79:9C:28:16",
                "00:1A:79:A7:EB:7B",
                "00:1A:79:AA:83:92",
                "00:1A:79:B3:F6:1E",
                "00:1A:79:B8:78:00",
                "00:1A:79:BA:9E:2F",
                "00:1A:79:BD:43:9A",
                "00:1A:79:C4:17:87",
                "00:1A:79:D4:7F:84"
            ]
        }
    ]
}