{
    "items": [
        {
            "server_name": "mag.ukhd.tv:80",
            "server_url": "http://mag.ukhd.tv:80/c/",
            "macs": [
                "00:1A:79:0E:5F:88",
                "00:1A:79:0E:7F:46",
                "00:1A:79:11:0F:65",
                "00:1A:79:10:92:22"
            ]
        },
        {
            "server_name": "wildversion.com",
            "server_url": "http://wildversion.com/c/",
            "macs": [
                "00:1A:79:6C:A0:D1"
            ]
        },
        {
            "server_name": "fuego-iptv.net:8080",
            "server_url": "http://fuego-iptv.net:8080/c/",
            "macs": [
                "00:1A:79:54:3f:55"
            ]
        },
        {
            "server_name": "esesfero.mine.nu:3800",
            "server_url": "http://esesfero.mine.nu:3800/c/",
            "macs": [
                "00:1A:79:D2:2C:24"
            ]
        },
        {
            "server_name": "monerotv.net:8080",
            "server_url": "http://monerotv.net:8080/c/",
            "macs": [
                "00:1A:79:31:37:35",
                "00:1A:79:30:66:64",
                "00:1A:79:f4:ff:68"
            ]
        },
        {
            "server_name": "ispy1.click:8080",
            "server_url": "http://ispy1.click:8080/c/",
            "macs": [
                "00:1A:79:5A:43:C9"
            ]
        },
        {
            "server_name": "darknetiptv1.ddns.net:25461",
            "server_url": "http://darknetiptv1.ddns.net:25461/c/",
            "macs": [
                "00:1A:79:B8:4F:1E",
                "00:1A:79:53:62:1F",
                "00:1A:79:C2:99:B9",
                "00:1A:79:6E:63:69",
                "00:1A:79:72:85:2F"
            ]
        },
        {
            "server_name": "dp-elite.net:2095",
            "server_url": "http://dp-elite.net:2095/c/",
            "macs": [
                "00:1a:79:26:86:25",
                "00:1a:79:ac:21:ef",
                "00:1a:79:c2:c9:0b",
                "00:1a:79:c3:5c:e4",
                "00:1a:79:c7:66:d6",
                "00:1a:79:c7:3a:6f",
                "00:1a:79:db:dc:71",
                "00:1a:79:00:fb:26",
                "00:1a:79:be:fd:18",
                "00:1a:79:c4:9f:fa",
                "00:1a:79:bc:60:11",
                "00:1a:79:b4:ca:89",
                "00:1a:79:51:a3:84",
                "00:1a:79:e9:b6:7f",
                "00:1a:79:13:7f:92",
                "00:1a:79:1b:5f:3b",
                "00:1a:79:90:64:9b",
                "00:1a:79:a4:58:1d"
            ]
        },
        {
            "server_name": "new.ivue.co:25461",
            "server_url": "http://new.ivue.co:25461/c/",
            "macs": [
                "00:1A:79:B8:4F:1E",
                "00:1A:79:45:1F:5B",
                "00:1A:79:53:62:1F",
                "00:1A:79:F1:C5:A4",
                "00:1A:79:C2:99:B9",
                "00:1A:79:77:63:67",
                "00:1A:79:6E:63:69",
                "00:1A:79:72:85:2F",
                "00:1A:79:C3:66:EE",
                "00:1A:79:34:C1:C4",
                "00:1A:79:7E:69:A4",
                "00:1A:79:6C:32:B4"
            ]
        },
        {
            "server_name": "1.germany4k.xyz:8080",
            "server_url": "http://1.germany4k.xyz:8080/c/",
            "macs": [
                "00:1A:79:3A:FF:23",
                "00:1A:79:3B:5C:80",
                "00:1A:79:21:DB:33",
                "00:1A:79:64:45:C2",
                "00:1A:79:60:4D:8C",
                "00:1A:79:E0:03:52",
                "00:1A:79:6A:B9:4F",
                "00:1A:79:86:E1:AE",
                "00:1A:79:0F:09:BD",
                "00:1A:79:64:E3:C9"
            ]
        },
        {
            "server_name": "185.243.7.51",
            "server_url": "http://185.243.7.51/c/",
            "macs": [
                "00:1A:79:C3:F1:71",
                "00:1A:79:64:AA:CA",
                "00:1A:79:C6:95:3E",
                "00:1A:79:79:77:B6",
                "00:1A:79:12:30:37"
            ]
        },
        {
            "server_name": "new.ivue.co:25461",
            "server_url": "http://new.ivue.co:25461/c/",
            "macs": [
                "00:1A:79:36:B5:FB",
                "00:1A:79:AA:EA:F2",
                "00:1A:79:64:14:5A",
                "00:1a:79:1c:5d:9e"
            ]
        },
        {
            "server_name": "glavonja.work:5115",
            "server_url": "http://glavonja.work:5115/c/",
            "macs": [
                "00:1A:79:0D:58:EC",
                "00:1A:79:A7:1E:0C",
                "00:1A:79:80:B1:A2",
                "00:1A:79:51:48:10"
            ]
        },
        {
            "server_name": "starshare.live:8080",
            "server_url": "http://starshare.live:8080/c/",
            "macs": [
                "00:1A:79:AF:A4:CA",
                "00:1A:79:8D:BF:A7",
                "00:1A:79:B5:18:26",
                "00:1A:79:70:78:F3",
                "00:1A:79:C8:53:2A",
                "00:1A:79:58:77:2F",
                "00:1A:79:7E:D6:C8"
            ]
        },
        {
            "server_name": "rufus.zone",
            "server_url": "http://rufus.zone/stalker_portal/c/",
            "macs": [
                "00:1A:79:C1:37:22",
                "00:1A:79:CD:57:2C",
                "00:1A:79:2F:2F:13",
                "00:1A:79:B5:5E:66",
                "00:1A:79:C5:2A:38",
                "00:1A:79:E5:17:A9"
            ]
        },
        {
            "server_name": "iup-tv.com:8080",
            "server_url": "http://iup-tv.com:8080/c/",
            "macs": [
                "00:1A:79:A6:F0:CF"
            ]
        },
        {
            "server_name": "glavonja.work:5115",
            "server_url": "http://glavonja.work:5115/c/",
            "macs": [
                "00:1A:79:CB:A7:39",
                "00:1A:79:A5:63:E6"
            ]
        },
        {
            "server_name": "esesfero.mine.nu:3800",
            "server_url": "http://esesfero.mine.nu:3800/c/",
            "macs": [
                "00:1A:79:40:13:AA",
                "00:1A:79:D2:2C:24",
                "00:1A:79:03:0F:25"
            ]
        },
        {
            "server_name": "162.19.37.133:8080",
            "server_url": "http://162.19.37.133:8080/c/",
            "macs": [
                "00:1A:79:B7:34:30"
            ]
        },
        {
            "server_name": "connectwelt.xyz:8080",
            "server_url": "http://connectwelt.xyz:8080/c/",
            "macs": [
                "00:1A:79:40:97:91"
            ]
        },
        {
            "server_name": "200.26.188.39",
            "server_url": "http://200.26.188.39/c/",
            "macs": [
                "00:1A:79:BD:25:FB",
                "00:1A:79:6F:63:A1",
                "00:1A:79:BF:DA:52",
                "00:1A:79:BB:5C:25"
            ]
        },
        {
            "server_name": "new.ivue.co:25461",
            "server_url": "http://new.ivue.co:25461/c/",
            "macs": [
                "00:1A:79:09:C4:73",
                "00:1a:79:53:77:1f",
                "00:1A:79:5C:94:F2",
                "00:1A:79:57:93:FC",
                "00:1A:79:44:2A:0F",
                "00:1A:79:C0:05:12",
                "00:1A:79:BB:D8:6F",
                "00:1A:79:50:57:90"
            ]
        },
        {
            "server_name": "4k.spicetv.cc",
            "server_url": "http://4k.spicetv.cc/stalker_portal/c/",
            "macs": [
                "00:1A:79:B3:E3:AC",
                "00:1A:79:E6:75:F5"
            ]
        },
        {
            "server_name": "z.zkat.me",
            "server_url": "http://z.zkat.me/stalker_portal/c/",
            "macs": [
                "00:1A:79:40:B8:80"
            ]
        },
        {
            "server_name": "tv.tvzon.tv",
            "server_url": "http://tv.tvzon.tv/stalker_portal/c/",
            "macs": [
                "00:1a:79:62:1f:a9"
            ]
        },
        {
            "server_name": "200.26.188.39",
            "server_url": "http://200.26.188.39/c/",
            "macs": [
                "00:1A:79:2B:1D:59",
                "00:1A:79:0B:B9:98",
                "00:1A:79:34:64:31"
            ]
        }
    ]
}