{
    "items": [
        {
            "server_name": "besttv.club:8080",
            "server_url": "http://besttv.club:8080/c/",
            "macs": [
                "00:1a:79:f9:8f:e3",
                "00:1a:79:79:6e:e5",
                "00:1a:79:c5:3b:cf",
                "00:1a:79:75:3f:36",
                "00:1a:79:a0:fe:64"
            ]
        },
        {
            "server_name": "neomixs.com:8080",
            "server_url": "http://neomixs.com:8080/c/",
            "macs": [
                "00:1a:79:c2:f1:d0",
                "00:1a:79:75:3f:36"
            ]
        },
        {
            "server_name": "promaxhd.com:8080",
            "server_url": "http://promaxhd.com:8080/c/",
            "macs": []
        },
        {
            "server_name": "sonymax.org:8080",
            "server_url": "http://sonymax.org:8080/c/",
            "macs": []
        },
        {
            "server_name": "tp.nxdns4.com:8080",
            "server_url": "http://tp.nxdns4.com:8080/c/",
            "macs": [
                "00:1A:79:41:C8:C8",
                "00:1A:79:02:49:2C",
                "00:1A:79:2A:D3:19",
                "00:1A:79:0B:CB:03",
                "00:1A:79:A2:E8:67",
                "00:1A:79:43:82:61",
                "00:1A:79:6B:C8:AE"
            ]
        },
        {
            "server_name": "mag.ukhd.tv:80",
            "server_url": "http://mag.ukhd.tv:80/c/",
            "macs": [
                "00:1a:79:00:AD:73",
                "00:1a:79:00:AF:D1",
                "00:1a:79:00:B5:A8"
            ]
        },
        {
            "server_name": "proxym3u.watchtv.best",
            "server_url": "http://proxym3u.watchtv.best/c/",
            "macs": [
                "00:1A:79:42:F7:4D"
            ]
        },
        {
            "server_name": "mag.realvip.co",
            "server_url": "http://mag.realvip.co/c/",
            "macs": [
                "00:1A:79:D9:67:1C",
                "00:1A:79:6E:CE:CE",
                "00:1A:79:DE:B3:1B",
                "00:1A:79:16:BB:63"
            ]
        },
        {
            "server_name": "kp76.dfqz.cc",
            "server_url": "http://kp76.dfqz.cc/c/",
            "macs": [
                "00:1A:79:38:64:64",
                "00:1A:79:1D:9D:5B",
                "00:1A:79:97:2F:62"
            ]
        },
        {
            "server_name": "jt-info.xyz",
            "server_url": "http://jt-info.xyz/c/",
            "macs": [
                "00:1A:79:56:A7:05"
            ]
        },
        {
            "server_name": "line.chktv.xyz",
            "server_url": "http://line.chktv.xyz/c/",
            "macs": [
                "00:1A:79:76:EB:7E"
            ]
        },
        {
            "server_name": "zepequeno.xyz:8080",
            "server_url": "http://zepequeno.xyz:8080/c/",
            "macs": [
                "00:1A:79:AC:C0:0F",
                "00:1A:79:AF:53:73",
                "00:1A:79:B7:40:9C",
                "00:1a:79:31:61:a4"
            ]
        },
        {
            "server_name": "dhoom4u.me",
            "server_url": "http://dhoom4u.me/stalker_portal/c/",
            "macs": [
                "00:1A:79:65:EC:26"
            ]
        },
        {
            "server_name": "thespectrum.sytes.net",
            "server_url": "http://thespectrum.sytes.net/c/",
            "macs": [
                "00:1A:79:A1:F9:9C",
                "00:1A:79:00:08:24",
                "00:1A:79:00:0E:B0",
                "00:1A:79:00:13:88",
                "00:1A:79:00:24:D7",
                "00:1A:79:00:34:34"
            ]
        },
        {
            "server_name": "15.235.13.183:88",
            "server_url": "http://15.235.13.183:88/stalker_portal/c/",
            "macs": [
                "00:1A:79:A3:BF:CB",
                "00:1A:79:53:3F:F4",
                "00:1A:79:C1:67:99",
                "00:1A:79:01:EB:7C",
                "00:1A:79:1C:57:F4",
                "00:1A:79:10:48:E1",
                "00:1A:79:FC:56:90",
                "00:1A:79:56:12:97",
                "00:1A:79:B0:11:18",
                "00:1A:79:B6:13:9D",
                "00:1A:79:20:21:0A"
            ]
        },
        {
            "server_name": "ott.aet.az",
            "server_url": "http://ott.aet.az/stalker_portal/c/",
            "macs": [
                "00:1A:79:13:63:17",
                "00:1A:79:88:F1:48"
            ]
        },
        {
            "server_name": "proxy.zengplay.net:80",
            "server_url": "http://proxy.zengplay.net:80/c/",
            "macs": [
                "00:1A:79:81:5B:5E",
                "00:1A:79:80:5D:B1",
                "00:1A:79:AB:A3:28",
                "00:1A:79:C1:93:AF",
                "00:1A:79:6B:5F:F1",
                "00:1A:79:33:7F:72",
                "00:1A:79:A9:F2:F1",
                "00:1A:79:A5:97:95",
                "00:1A:79:5E:9F:85",
                "00:1A:79:BA:AD:BB",
                "00:1A:79:CE:1F:C5",
                "00:1A:79:2B:7F:73"
            ]
        },
        {
            "server_name": "calipsosm.xyz:8080",
            "server_url": "http://calipsosm.xyz:8080/c/",
            "macs": [
                "00:1A:79:34:C8:11",
                "00:1A:79:35:55:5A",
                "00:1A:79:35:55:B0",
                "00:1A:79:35:55:DA",
                "00:1A:79:35:56:03",
                "00:1A:79:35:56:1C",
                "00:1A:79:35:56:20",
                "00:1A:79:35:56:4F",
                "00:1A:79:35:56:A1",
                "00:1A:79:35:5B:1A"
            ]
        },
        {
            "server_name": "mag.ukhd.tv:80",
            "server_url": "http://mag.ukhd.tv:80/c/",
            "macs": [
                "00:1a:79:00:AD:73",
                "00:1a:79:00:AF:30",
                "00:1a:79:00:AE:CF",
                "00:1a:79:00:AF:A4",
                "00:1a:79:00:AF:D1",
                "00:1a:79:00:B2:26",
                "00:1a:79:00:B2:C8",
                "00:1a:79:00:B5:A8",
                "00:1a:79:00:B8:42",
                "00:1a:79:00:BA:10",
                "00:1A:79:20:04:54",
                "00:1A:79:20:07:A5",
                "00:1A:79:20:08:85",
                "00:1A:79:20:0D:33",
                "00:1A:79:20:0E:63",
                "00:1A:79:20:0F:2F",
                "00:1A:79:20:0F:8F",
                "00:1A:79:20:10:B5",
                "00:1A:79:20:13:4B",
                "00:1A:79:20:18:D2",
                "00:1A:79:20:1A:A1",
                "00:1A:79:20:1F:0D",
                "00:1A:79:20:1F:3E"
            ]
        },
        {
            "server_name": "darktv.eu:25461",
            "server_url": "http://darktv.eu:25461/c/",
            "macs": [
                "00:1A:79:DE:69:75",
                "00:1A:79:BE:9A:8A",
                "00:1A:79:1E:37:C8",
                "00:1A:79:A1:77:65",
                "00:1A:79:1D:F5:7B",
                "00:1A:79:5B:55:69",
                "00:1A:79:40:7D:90",
                "00:1A:79:C2:1F:E4",
                "00:1A:79:C6:B0:A4",
                "00:1A:79:59:AE:C6",
                "00:1A:79:73:C2:FE",
                "00:1A:79:2C:C7:57",
                "00:1A:79:DE:9F:F4"
            ]
        },
        {
            "server_name": "1screen3.com:8000",
            "server_url": "http://1screen3.com:8000/c/",
            "macs": [
                "00:1A:79:50:18:CA",
                "00:1A:79:AD:66:29",
                "00:1A:79:BE:9E:6E",
                "00:1A:79:BA:F9:56",
                "00:1A:79:2E:28:52"
            ]
        },
        {
            "server_name": "mio.cielo.tf:2052",
            "server_url": "http://mio.cielo.tf:2052/c/",
            "macs": [
                "00:1A:79:18:D4:5F"
            ]
        },
        {
            "server_name": "cxz.orannge.net",
            "server_url": "http://cxz.orannge.net/c/",
            "macs": [
                "00:1A:79:A1:F8:EF",
                "00:1A:79:5D:87:4A",
                "00:1A:79:A8:53:F5",
                "00:1A:79:47:58:89"
            ]
        },
        {
            "server_name": "birutv.my.id",
            "server_url": "http://birutv.my.id/c/",
            "macs": [
                "00:1A:79:BE:9A:8A",
                "00:1A:79:1E:37:C8",
                "00:1A:79:1D:F5:7B",
                "00:1A:79:A1:77:65",
                "00:1A:79:5B:55:69",
                "00:1A:79:40:7D:90",
                "00:1A:79:C2:1F:E4",
                "00:1A:79:73:C2:FE",
                "00:1A:79:59:AE:C6",
                "00:1A:79:2C:C7:57",
                "00:1A:79:DE:9F:F4",
                "00:1A:79:73:1F:3D",
                "00:1A:79:B4:EB:68"
            ]
        },
        {
            "server_name": "line.gofast-tv.me",
            "server_url": "http://line.gofast-tv.me/c/",
            "macs": [
                "00:1A:79:CA:81:5B",
                "00:1A:79:D6:5F:B6",
                "00:1A:79:2E:D4:4C",
                "00:1A:79:B8:D8:01",
                "00:1A:79:55:A2:0C",
                "00:1A:79:7E:A0:43",
                "00:1A:79:7E:6F:1C",
                "00:1A:79:2D:8F:C1",
                "00:1A:79:37:91:BC",
                "00:1A:79:93:5E:5D",
                "00:1A:79:7B:78:49",
                "00:1A:79:6F:7A:CA",
                "00:1A:79:E3:89:84"
            ]
        },
        {
            "server_name": "f1.dinott.com",
            "server_url": "http://f1.dinott.com/c/",
            "macs": [
                "00:1A:79:C2:B6:45",
                "00:1A:79:40:93:0D",
                "00:1A:79:B4:EE:9F",
                "00:1A:79:53:9F:1A",
                "00:1A:79:A1:61:D9",
                "00:1A:79:8B:36:AF",
                "00:1A:79:3B:A7:27",
                "00:1A:79:84:F8:62",
                "00:1A:79:B7:EC:4A",
                "00:1A:79:52:8A:D2",
                "00:1A:79:70:80:EF",
                "00:1A:79:C4:FF:DC",
                "00:1A:79:42:7E:30"
            ]
        },
        {
            "server_name": "kp76.dfqz.cc",
            "server_url": "http://kp76.dfqz.cc/c/",
            "macs": [
                "00:1A:79:97:C4:F0",
                "00:1A:79:38:64:64",
                "00:1A:79:CC:7C:C8",
                "00:1A:79:A9:7A:D2",
                "00:1A:79:03:8F:C9",
                "00:1A:79:C5:19:EE",
                "00:1A:79:C1:CB:41",
                "00:1A:79:3D:35:AD",
                "00:1A:79:97:2F:62",
                "00:1A:79:36:0B:A0",
                "00:1A:79:38:32:34",
                "00:1A:79:1D:9D:5B"
            ]
        },
        {
            "server_name": "mag.realvip.co",
            "server_url": "http://mag.realvip.co/c/",
            "macs": [
                "00:1A:79:35:9F:59",
                "00:1A:79:DE:B3:1B",
                "00:1A:79:B8:1C:0F",
                "00:1A:79:16:BB:63",
                "00:1A:79:D9:67:1C",
                "00:1A:79:36:38:33",
                "00:1A:79:63:F2:70",
                "00:1A:79:6E:CE:CE",
                "00:1A:79:6A:82:CC",
                "00:1A:79:A9:76:41",
                "00:1A:79:FF:16:39"
            ]
        },
        {
            "server_name": "typhoonott.com:8789",
            "server_url": "http://typhoonott.com:8789/c/",
            "macs": [
                "00:1A:79:71:52:90"
            ]
        },
        {
            "server_name": "mag.ukhd.tv:80",
            "server_url": "http://mag.ukhd.tv:80/c/",
            "macs": [
                "00:1a:79:00:AD:73",
                "00:1a:79:00:AF:30",
                "00:1a:79:00:AE:CF",
                "00:1a:79:00:AF:A4",
                "00:1a:79:00:AF:D1",
                "00:1a:79:00:B2:26",
                "00:1a:79:00:B2:C8",
                "00:1a:79:00:B5:A8",
                "00:1a:79:00:B8:42",
                "00:1a:79:00:BA:10"
            ]
        },
        {
            "server_name": "proxy.zengplay.net:80",
            "server_url": "http://proxy.zengplay.net:80/c/",
            "macs": [
                "00:1A:79:81:5B:5E",
                "00:1A:79:80:5D:B1"
            ]
        },
        {
            "server_name": "zepequeno.xyz:8080",
            "server_url": "http://zepequeno.xyz:8080/c/",
            "macs": [
                "00:1A:79:AC:C0:0F",
                "00:1A:79:AF:53:73",
                "00:1A:79:B7:40:9C"
            ]
        },
        {
            "server_name": "trsat.ddns.us",
            "server_url": "http://trsat.ddns.us/c/",
            "macs": [
                "00:1A:79:56:A7:05"
            ]
        }
    ]
}