{
    "items": [
        {
            "server_name": "f1.dinott.com",
            "server_url": "http://f1.dinott.com/c/",
            "macs": [
                "00:1A:79:CB:6E:6C"
            ]
        },
        {
            "server_name": "eurotuga.xyz:8080",
            "server_url": "http://eurotuga.xyz:8080/c/",
            "macs": [
                "00:1A:79:BC:17:09"
            ]
        },
        {
            "server_name": "new.ivue.co:25461",
            "server_url": "http://new.ivue.co:25461/c/",
            "macs": [
                "00:1A:79:77:EA:35"
            ]
        },
        {
            "server_name": "45.139.122.199:2095",
            "server_url": "http://45.139.122.199:2095/c/",
            "macs": [
                "00:1A:79:B6:DF:F6"
            ]
        },
        {
            "server_name": "5.206.227.184:8080",
            "server_url": "http://5.206.227.184:8080/c/",
            "macs": [
                "00:1A:79:79:25:A2",
                "00:1A:79:37:0A:4A",
                "00:1A:79:B3:A1:DA",
                "00:1A:79:DB:2D:FB",
                "00:1A:79:55:97:DC",
                "00:1A:79:04:E9:16",
                "00:1A:79:AB:31:CD"
            ]
        },
        {
            "server_name": "51.75.79.64:8080",
            "server_url": "http://51.75.79.64:8080/c/",
            "macs": [
                "00:1A:79:C6:F2:BF",
                "00:1A:79:AD:EF:C4",
                "00:1A:79:CE:21:F5",
                "00:1A:79:35:CB:C7"
            ]
        },
        {
            "server_name": "line.atlaspro4k.me",
            "server_url": "http://line.atlaspro4k.me/c/",
            "macs": [
                "00:1A:79:B0:6A:F5",
                "00:1A:79:3F:69:FD",
                "00:1A:79:C0:50:DE",
                "00:1A:79:B5:F7:E2",
                "00:1A:79:C3:AA:C2",
                "00:1A:79:71:19:E1",
                "00:1A:79:B5:F8:A7",
                "00:1A:79:B5:9D:E6",
                "00:1A:79:B4:A0:9E",
                "00:1A:79:C0:F7:7B"
            ]
        },
        {
            "server_name": "45.139.122.199:8080",
            "server_url": "http://45.139.122.199:8080/c/",
            "macs": [
                "00:1A:79:4D:98:69",
                "00:1A:79:75:18:86",
                "00:1A:79:C8:51:3B"
            ]
        }
    ]
}