{
    "items": [
        {
            "server_name": "planetiptv.online:80",
            "server_url": "http://planetiptv.online:80/c/",
            "macs": [
                "00:1A:79:01:02:78",
                "00:1A:79:02:54:BE",
                "00:1A:79:03:9F:3A",
                "00:1A:79:04:3F:81",
                "00:1A:79:04:B6:63"
            ]
        },
        {
            "server_name": "rapid-4k.com",
            "server_url": "http://rapid-4k.com/c/",
            "macs": [
                "00:1A:79:01:81:01",
                "00:1A:79:33:08:BE",
                "00:1A:79:33:35:26",
                "00:1A:79:49:0D:70",
                "00:1A:79:49:63:E1",
                "00:1A:79:59:E1:E5",
                "00:1A:79:5C:ED:DB",
                "00:1A:79:5E:D6:A5",
                "00:1A:79:62:9B:E3",
                "00:1A:79:64:51:36",
                "00:1A:79:69:D7:78",
                "00:1A:79:76:4A:31",
                "00:1A:79:83:84:C8",
                "00:1A:79:9A:14:E2",
                "00:1A:79:9F:AD:ED",
                "00:1A:79:A2:77:93",
                "00:1A:79:A2:88:D8",
                "00:1A:79:A2:D6:23",
                "00:1A:79:A3:49:15",
                "00:1A:79:A5:C5:87",
                "00:1A:79:A5:D0:67",
                "00:1A:79:A6:92:F5",
                "00:1A:79:A7:71:05",
                "00:1A:79:A8:41:D8",
                "00:1A:79:A8:5C:68",
                "00:1A:79:A8:6A:A1",
                "00:1A:79:A8:6B:0C",
                "00:1A:79:A8:73:6C",
                "00:1A:79:A8:82:9C",
                "00:1A:79:A8:9B:A1",
                "00:1A:79:A8:A2:59",
                "00:1A:79:A9:46:30",
                "00:1A:79:A9:4F:96",
                "00:1A:79:A9:9E:73",
                "00:1A:79:AC:0F:0A",
                "00:1A:79:AC:8E:9B",
                "00:1A:79:AC:9F:50",
                "00:1A:79:AC:A5:FD",
                "00:1A:79:AC:AA:00",
                "00:1A:79:AD:89:56",
                "00:1A:79:B0:D3:1B",
                "00:1A:79:B1:12:8C",
                "00:1A:79:B2:93:77",
                "00:1A:79:B8:6C:A8",
                "00:1A:79:EE:24:B6",
                "00:1A:79:F0:0B:73",
                "00:1A:79:F5:26:44",
                "00:1A:79:F5:27:F7",
                "00:1A:79:FB:10:49",
                "00:1A:79:FB:30:11"
            ]
        },
        {
            "server_name": "datacentar.org:80",
            "server_url": "http://datacentar.org:80/c/",
            "macs": [
                "00:1A:79:4B:C5:9E",
                "00:1A:79:4F:41:BA",
                "00:1A:79:BD:11:5E"
            ]
        },
        {
            "server_name": "iptvch2.com",
            "server_url": "http://iptvch2.com/c/",
            "macs": [
                "00:1A:79:2B:7B:95",
                "00:1A:79:2E:59:6C",
                "00:1A:79:3E:4F:E8",
                "00:1A:79:BD:B3:DF"
            ]
        },
        {
            "server_name": "p2.iptvprivateserver.ru",
            "server_url": "http://p2.iptvprivateserver.ru/c/",
            "macs": [
                "00:1A:79:16:F9:8F",
                "00:1A:79:2F:DE:B7",
                "00:1A:79:48:CA:DC",
                "00:1A:79:4D:E4:02",
                "00:1A:79:66:D2:F5",
                "00:1A:79:7A:62:7C",
                "00:1A:79:91:9F:96",
                "00:1A:79:A2:A0:32",
                "00:1A:79:BF:0C:C6",
                "00:1A:79:C9:97:78",
                "00:1A:79:D5:12:85",
                "00:1A:79:E6:4E:62",
                "00:1A:79:F9:0F:B2"
            ]
        },
        {
            "server_name": "vod.4kplus.org",
            "server_url": "http://vod.4kplus.org/c/",
            "macs": [
                "00:1A:79:27:3F:82",
                "00:1A:79:30:9F:40",
                "00:1A:79:40:48:7C",
                "00:1A:79:A5:5F:56"
            ]
        },
        {
            "server_name": "176.119.25.75:8080",
            "server_url": "http://176.119.25.75:8080/c/",
            "macs": [
                "00:1A:79:A6:EA:8C"
            ]
        },
        {
            "server_name": "jiotv.be",
            "server_url": "http://jiotv.be/stalker_portal/c/",
            "macs": [
                "00:1A:79:27:E2:4F",
                "00:1A:79:5E:B1:00",
                "00:1A:79:7B:2E:50",
                "00:1A:79:B7:6B:CF",
                "00:1A:79:D5:16:1F"
            ]
        }
    ]
}