{
    "items": [
        {
            "server_name": "myf-tv.com:8080",
            "server_url": "http://myf-tv.com:8080/c/",
            "macs": [
                "00:1A:79:23:0F:98",
                "00:1A:79:5D:35:3F",
                "00:1A:79:62:01:25",
                "00:1A:79:76:06:A9",
                "00:1A:79:9E:B0:F8",
                "00:1A:79:A3:98:23",
                "00:1A:79:AB:C7:2A",
                "00:1A:79:B2:40:8F",
                "00:1A:79:B2:4D:42",
                "00:1A:79:B5:B7:FC",
                "00:1A:79:BA:5D:6E",
                "00:1A:79:BB:22:52",
                "00:1A:79:BF:1F:7E",
                "00:1A:79:BF:3F:B3",
                "00:1A:79:C1:D0:02",
                "00:1A:79:C4:07:7D",
                "00:1A:79:C5:AB:24",
                "00:1A:79:C7:A0:3C",
                "00:1A:79:C7:A8:61",
                "00:1A:79:CA:33:1D",
                "00:1A:79:DD:7F:49",
                "00:1A:79:FA:05:14",
                "00:1A:79:FA:08:49",
                "00:1A:79:FB:24:0B",
                "00:1A:79:FB:29:DB"
            ]
        },
        {
            "server_name": "king4k.tv:80",
            "server_url": "http://king4k.tv:80/c/",
            "macs": [
                "00:1A:79:00:14:03",
                "00:1A:79:01:BD:05",
                "00:1A:79:21:0C:EE",
                "00:1A:79:3C:C6:0F",
                "00:1A:79:40:79:4E",
                "00:1A:79:46:6B:B6",
                "00:1A:79:4D:98:02",
                "00:1A:79:4D:E7:B4",
                "00:1A:79:70:AC:6A",
                "00:1A:79:76:FA:30",
                "00:1A:79:7D:A7:BC"
            ]
        },
        {
            "server_name": "maxzi.pro:80",
            "server_url": "http://maxzi.pro:80/c/",
            "macs": [
                "00:1A:79:A1:62:DB",
                "00:1A:79:CE:E8:79"
            ]
        },
        {
            "server_name": "speed-gaz.xyz",
            "server_url": "http://speed-gaz.xyz/c/",
            "macs": [
                "00:1A:79:BB:48:54"
            ]
        },
        {
            "server_name": "51.91.57.198",
            "server_url": "http://51.91.57.198/stalker_portal/c/",
            "macs": [
                "00:1A:79:35:A5:E1",
                "00:1A:79:3A:39:38",
                "00:1A:79:45:5D:48",
                "00:1A:79:45:73:B3",
                "00:1A:79:52:E8:3B",
                "00:1A:79:53:40:D4",
                "00:1A:79:6B:5E:44",
                "00:1A:79:74:3D:45",
                "00:1A:79:A8:D5:D3",
                "00:1A:79:A9:D2:C2",
                "00:1A:79:AA:BD:12",
                "00:1A:79:AE:74:EB",
                "00:1A:79:AF:FA:5F",
                "00:1A:79:B0:5C:55",
                "00:1A:79:B3:09:8F",
                "00:1A:79:B3:43:2D",
                "00:1A:79:B3:7E:86",
                "00:1A:79:B5:5F:F5",
                "00:1A:79:B5:5F:F8",
                "00:1A:79:B6:73:D9",
                "00:1A:79:B7:71:42",
                "00:1A:79:B7:73:A0",
                "00:1A:79:B7:74:61",
                "00:1A:79:B7:8C:77",
                "00:1A:79:BA:7E:3F",
                "00:1A:79:BA:88:5E",
                "00:1A:79:BC:95:8E",
                "00:1A:79:BE:37:AB",
                "00:1A:79:BE:A1:D6",
                "00:1A:79:BE:CB:11",
                "00:1A:79:C1:F0:8D"
            ]
        }
    ]
}