{
    "items": [
        {
            "server_name": "mutant.arrox.top:80",
            "server_url": "http://mutant.arrox.top:80/c/",
            "macs": [
                "00:1A:79:19:1F:9A",
                "00:1A:79:5B:5C:AA",
                "00:1A:79:AE:6C:9D",
                "00:1A:79:C9:A0:6C"
            ]
        },
        {
            "server_name": "hawkpt.cc:8080",
            "server_url": "http://hawkpt.cc:8080/c/",
            "macs": [
                "00:1A:79:0E:62:E0"
            ]
        },
        {
            "server_name": "iptv.darkbox.nu",
            "server_url": "http://iptv.darkbox.nu/c/",
            "macs": [
                "00:1A:79:28:0F:31",
                "00:1A:79:2E:36:23",
                "00:1A:79:2E:36:9D",
                "00:1A:79:3E:CF:67",
                "00:1A:79:4F:8C:6A",
                "00:1A:79:66:0B:E4",
                "00:1A:79:71:73:D5",
                "00:1A:79:BD:7B:3A",
                "00:1A:79:D7:3F:62"
            ]
        },
        {
            "server_name": "tp.nxdns4.com:8080",
            "server_url": "http://tp.nxdns4.com:8080/c/",
            "macs": [
                "00:1A:79:12:A8:C7",
                "00:1A:79:4A:E5:A1",
                "00:1A:79:62:33:31",
                "00:1A:79:D9:AA:96",
                "00:1A:79:E6:F6:9D"
            ]
        },
        {
            "server_name": "adoiptv.com:8080",
            "server_url": "http://adoiptv.com:8080/c/",
            "macs": [
                "00:1A:79:46:1C:45"
            ]
        },
        {
            "server_name": "sonymax.org:8080",
            "server_url": "http://sonymax.org:8080/c/",
            "macs": [
                "00:1A:79:91:D3:94"
            ]
        },
        {
            "server_name": "typhoonott.com:8789",
            "server_url": "http://typhoonott.com:8789/c/",
            "macs": [
                "00:1A:79:36:1D:59",
                "00:1A:79:6B:D7:AE",
                "00:1A:79:71:52:90"
            ]
        },
        {
            "server_name": "apk-dino.proxytx.cloud:80",
            "server_url": "http://apk-dino.proxytx.cloud:80/c/",
            "macs": [
                "00:1A:79:19:E5:B4"
            ]
        },
        {
            "server_name": "fhdtv.club:8080",
            "server_url": "http://fhdtv.club:8080/c/",
            "macs": [
                "00:1A:79:3B:49:DB",
                "00:1A:79:90:DB:C6"
            ]
        },
        {
            "server_name": "stalker.ugoiptv.com",
            "server_url": "http://stalker.ugoiptv.com/c/",
            "macs": [
                "00:1A:79:B8:4F:BC",
                "00:1A:79:BC:2A:D0"
            ]
        },
        {
            "server_name": "sharktv.alphatx.me",
            "server_url": "http://sharktv.alphatx.me/c/",
            "macs": [
                "00:1A:79:7C:42:5B",
                "00:1A:79:E7:AA:EC"
            ]
        },
        {
            "server_name": "185.182.193.87",
            "server_url": "http://185.182.193.87/stalker_portal/c/",
            "macs": [
                "00:1A:79:75:02:00",
                "00:1A:79:80:C2:19"
            ]
        },
        {
            "server_name": "darknetiptv1.ddns.net:25461",
            "server_url": "http://darknetiptv1.ddns.net:25461/c/",
            "macs": [
                "00:1A:79:3E:65:C0",
                "00:1A:79:B8:45:1D",
                "00:1A:79:C8:96:F9"
            ]
        },
        {
            "server_name": "tv1.darktv.eu",
            "server_url": "http://tv1.darktv.eu/c/",
            "macs": [
                "00:1A:79:23:68:20",
                "00:1A:79:32:9F:3B",
                "00:1A:79:3F:40:35",
                "00:1A:79:4C:A1:C1",
                "00:1A:79:58:C6:28",
                "00:1A:79:5F:FB:BF",
                "00:1A:79:64:8C:82",
                "00:1A:79:68:2F:79",
                "00:1A:79:AC:D1:79",
                "00:1A:79:B5:2B:0D"
            ]
        },
        {
            "server_name": "line.iptveros.com:8000",
            "server_url": "http://line.iptveros.com:8000/c/",
            "macs": [
                "00:1A:79:03:03:0D",
                "00:1A:79:04:2E:E9",
                "00:1A:79:05:C5:C8",
                "00:1A:79:05:C7:69",
                "00:1A:79:20:D2:FA",
                "00:1A:79:55:B7:31",
                "00:1A:79:58:A5:E7",
                "00:1A:79:7C:30:8C",
                "00:1A:79:8C:3B:DA",
                "00:1A:79:B3:0B:76",
                "00:1A:79:B4:90:F9",
                "00:1A:79:B8:4D:53"
            ]
        },
        {
            "server_name": "5.206.227.184:8080",
            "server_url": "http://5.206.227.184:8080/c/",
            "macs": [
                "00:1A:79:1D:18:EA",
                "00:1A:79:B0:BF:70",
                "00:1A:79:D1:FF:DB",
                "00:1A:79:D2:0D:30"
            ]
        },
        {
            "server_name": "eu.eutech.pw:8080",
            "server_url": "http://eu.eutech.pw:8080/c/",
            "macs": [
                "00:1A:79:25:7F:7D",
                "00:1A:79:3B:07:47",
                "00:1A:79:3F:04:2C",
                "00:1A:79:4F:46:28",
                "00:1A:79:50:D3:2A",
                "00:1A:79:52:B1:E1",
                "00:1A:79:57:9A:7C",
                "00:1A:79:76:7E:54",
                "00:1A:79:AF:63:9F",
                "00:1A:79:BB:8B:8B",
                "00:1A:79:C5:CE:A1",
                "00:1A:79:FB:1A:FE"
            ]
        },
        {
            "server_name": "portal.tiptop4k.tv",
            "server_url": "http://portal.tiptop4k.tv/stalker_portal/c/",
            "macs": [
                "00:1A:79:F1:9F:5C",
                "00:1A:79:FB:DB:D6"
            ]
        },
        {
            "server_name": "irish.kicks-ass.net:8080",
            "server_url": "http://irish.kicks-ass.net:8080/c/",
            "macs": [
                "00:1A:79:26:A7:13",
                "00:1A:79:6D:95:08",
                "00:1A:79:9D:27:AC",
                "00:1A:79:CE:6A:C2"
            ]
        },
        {
            "server_name": "laurenlending.pproxy.cc",
            "server_url": "http://laurenlending.pproxy.cc/c/",
            "macs": [
                "00:1A:79:CC:F0:D3"
            ]
        },
        {
            "server_name": "digi-play.ru:8080",
            "server_url": "http://digi-play.ru:8080/c/",
            "macs": [
                "00:1A:79:5D:9E:CD"
            ]
        },
        {
            "server_name": "tv.greatstar.me",
            "server_url": "http://tv.greatstar.me/c/",
            "macs": [
                "00:1A:79:05:A4:1F",
                "00:1A:79:37:A7:85",
                "00:1A:79:68:8B:DF",
                "00:1A:79:73:B8:DA",
                "00:1A:79:79:C0:3D",
                "00:1A:79:AF:06:1B",
                "00:1A:79:B7:B5:A2",
                "00:1A:79:D6:A0:E4"
            ]
        },
        {
            "server_name": "mag.marsweb.co",
            "server_url": "http://mag.marsweb.co/c/",
            "macs": [
                "00:1A:79:C3:5E:62",
                "00:1A:79:C6:5E:88"
            ]
        },
        {
            "server_name": "line.dino.ws",
            "server_url": "http://line.dino.ws/c/",
            "macs": [
                "00:1A:79:12:4D:08",
                "00:1A:79:63:38:64",
                "00:1A:79:8D:93:77"
            ]
        },
        {
            "server_name": "speed-gaz.xyz",
            "server_url": "http://speed-gaz.xyz/c/",
            "macs": [
                "00:1A:79:AF:7A:4E",
                "00:1A:79:C1:E0:30"
            ]
        },
        {
            "server_name": "hellas.sltv.pw:8080",
            "server_url": "http://hellas.sltv.pw:8080/c/",
            "macs": [
                "00:1A:79:01:70:93",
                "00:1A:79:0E:C3:6D",
                "00:1A:79:2A:D2:9F",
                "00:1A:79:3F:AC:47",
                "00:1A:79:47:73:DC"
            ]
        },
        {
            "server_name": "mag.greatott.me",
            "server_url": "http://mag.greatott.me/c/",
            "macs": [
                "00:1A:79:32:C6:8D"
            ]
        },
        {
            "server_name": "jt-info.xyz",
            "server_url": "http://jt-info.xyz/c/",
            "macs": [
                "00:1A:79:65:C2:21"
            ]
        },
        {
            "server_name": "mag.premiumplus.tv",
            "server_url": "http://mag.premiumplus.tv/c/",
            "macs": [
                "00:1A:79:CC:1E:6C"
            ]
        },
        {
            "server_name": "portal.free-net.tv",
            "server_url": "http://portal.free-net.tv/stalker_portal/c/",
            "macs": [
                "00:1A:79:E4:1F:39"
            ]
        },
        {
            "server_name": "st1.ipweb.site",
            "server_url": "http://st1.ipweb.site/stalker_portal/c/",
            "macs": [
                "00:1A:79:00:20:E3",
                "00:1A:79:00:25:F2",
                "00:1A:79:00:81:07",
                "00:1A:79:2E:B7:26",
                "00:1A:79:30:98:A4",
                "00:1A:79:45:0F:E0",
                "00:1A:79:46:E7:E4",
                "00:1A:79:4A:D4:5E",
                "00:1A:79:6B:EA:89",
                "00:1A:79:6D:80:F2",
                "00:1A:79:72:F0:20",
                "00:1A:79:7C:CE:FB"
            ]
        },
        {
            "server_name": "45.139.122.199:8080",
            "server_url": "http://45.139.122.199:8080/c/",
            "macs": [
                "00:1A:79:0D:62:B0",
                "00:1A:79:72:D7:5A",
                "00:1A:79:AB:B6:ED",
                "00:1A:79:B5:AD:C7",
                "00:1A:79:BC:E0:81",
                "00:1A:79:BF:E5:24",
                "00:1A:79:C3:2E:5C",
                "00:1A:79:C3:B5:09"
            ]
        },
        {
            "server_name": "pdata.ddns.me:8080",
            "server_url": "http://pdata.ddns.me:8080/c/",
            "macs": [
                "00:1A:79:59:7B:0C",
                "00:1A:79:69:18:EA",
                "00:1A:79:B6:5E:95",
                "00:1A:79:B8:71:23",
                "00:1A:79:B9:B2:0A",
                "00:1A:79:BA:72:11",
                "00:1A:79:C3:BE:60",
                "00:1A:79:C4:00:E8",
                "00:1A:79:C6:FA:1C",
                "00:1A:79:C8:25:95",
                "00:1A:79:C8:4D:A4",
                "00:1A:79:CC:0F:38",
                "00:1A:79:F5:08:33",
                "00:1A:79:FB:33:02",
                "00:1A:79:FB:42:A4"
            ]
        }
    ]
}