{
    "items": [
        {
            "server_name": "sansat.net:25461",
            "server_url": "http://sansat.net:25461/c/",
            "macs": [
                "00:1A:79:09:D0:FE",
                "00:1A:79:37:3D:09",
                "00:1A:79:88:F3:68",
                "00:1A:79:90:56:BD",
                "00:1A:79:99:76:F4",
                "00:1A:79:A1:E1:4F",
                "00:1A:79:A2:73:84"
            ]
        },
        {
            "server_name": "shooters.live:80",
            "server_url": "http://shooters.live:80/c/",
            "macs": [
                "00:1A:79:01:81:01",
                "00:1A:79:02:D0:A9",
                "00:1A:79:02:D2:AE",
                "00:1A:79:04:76:A9",
                "00:1A:79:04:A7:38",
                "00:1A:79:04:B9:27",
                "00:1A:79:05:89:B2",
                "00:1A:79:08:EC:4B",
                "00:1A:79:08:ED:4C",
                "00:1A:79:08:F4:9B",
                "00:1A:79:0C:27:9D",
                "00:1A:79:13:17:3D",
                "00:1A:79:13:B0:60",
                "00:1A:79:17:7A:B3",
                "00:1A:79:19:35:E6"
            ]
        },
        {
            "server_name": "myf-tv.com:8080",
            "server_url": "http://myf-tv.com:8080/c/",
            "macs": [
                "00:1A:79:3F:0C:B4",
                "00:1A:79:A3:BE:D2",
                "00:1A:79:AC:F7:40",
                "00:1A:79:AE:70:FD",
                "00:1A:79:B2:67:A2",
                "00:1A:79:B3:A4:37",
                "00:1A:79:B5:9D:58",
                "00:1A:79:B6:3E:B5",
                "00:1A:79:B6:43:CA",
                "00:1A:79:BD:89:31",
                "00:1A:79:BE:78:73",
                "00:1A:79:BE:7D:9B",
                "00:1A:79:BF:BD:F8",
                "00:1A:79:C0:1B:09",
                "00:1A:79:C2:97:15"
            ]
        },
        {
            "server_name": "dlta4k.com:80",
            "server_url": "http://dlta4k.com:80/c/",
            "macs": [
                "00:1A:79:05:D7:FB",
                "00:1A:79:21:0A:03",
                "00:1A:79:22:21:67",
                "00:1A:79:2F:3D:07",
                "00:1A:79:40:0F:DA",
                "00:1A:79:44:9D:8C",
                "00:1A:79:44:EE:37",
                "00:1A:79:45:00:28",
                "00:1A:79:48:E1:6C",
                "00:1A:79:4C:34:C6",
                "00:1A:79:51:82:61",
                "00:1A:79:53:44:26",
                "00:1A:79:58:8E:44",
                "00:1A:79:5E:86:F5",
                "00:1A:79:A0:E6:32",
                "00:1A:79:A1:79:8D",
                "00:1A:79:C4:D1:C5",
                "00:1A:79:DB:8E:02",
                "00:1A:79:EC:50:64",
                "00:1A:79:FB:0B:90"
            ]
        },
        {
            "server_name": "195.62.32.117:8080",
            "server_url": "http://195.62.32.117:8080/c/",
            "macs": [
                "00:1A:79:58:07:CC",
                "00:1A:79:5D:43:99",
                "00:1A:79:BA:09:69",
                "00:1A:79:C3:BF:93",
                "00:1A:79:CC:61:CD"
            ]
        },
        {
            "server_name": "45.139.122.199:2095",
            "server_url": "http://45.139.122.199:2095/c/",
            "macs": [
                "00:1A:79:4C:85:81",
                "00:1A:79:B4:53:0A",
                "00:1A:79:B7:2B:83"
            ]
        }
    ]
}