{
    "items": [
        {
            "server_name": "teckpro-lus.xyz:8080",
            "server_url": "http://teckpro-lus.xyz:8080/c/",
            "macs": [
                "00:1A:79:BA:60:C8",
                "00:1A:79:CB:61:09"
            ]
        },
        {
            "server_name": "nicolaj.123tv.to:8080",
            "server_url": "http://nicolaj.123tv.to:8080/c/",
            "macs": [
                "00:1A:79:70:0F:06",
                "00:1A:79:EA:17:41"
            ]
        },
        {
            "server_name": "sony4k.vip:8000",
            "server_url": "http://sony4k.vip:8000/c/",
            "macs": [
                "00:1A:79:10:AD:F7",
                "00:1A:79:1C:5C:F7",
                "00:1A:79:31:CE:2F",
                "00:1A:79:4F:E1:60",
                "00:1A:79:55:F3:96",
                "00:1A:79:77:45:D4"
            ]
        },
        {
            "server_name": "new.ivue.co:25461",
            "server_url": "http://new.ivue.co:25461/c/",
            "macs": [
                "00:1A:79:5A:88:09",
                "00:1A:79:5B:FC:15",
                "00:1A:79:B8:47:97"
            ]
        },
        {
            "server_name": "matrix-ott.tv:8080",
            "server_url": "http://matrix-ott.tv:8080/c/",
            "macs": [
                "00:1A:79:19:40:70",
                "00:1A:79:1D:C9:36",
                "00:1A:79:27:41:47",
                "00:1A:79:31:85:B9",
                "00:1A:79:44:1F:77",
                "00:1A:79:4F:CC:12",
                "00:1A:79:63:BA:B9",
                "00:1A:79:68:8E:AF",
                "00:1A:79:75:6A:3D",
                "00:1A:79:78:70:AC",
                "00:1A:79:7A:2D:75",
                "00:1A:79:85:DF:A7",
                "00:1A:79:AB:9D:7D",
                "00:1A:79:AD:E1:78",
                "00:1A:79:B5:A6:3D",
                "00:1A:79:C4:3D:CB"
            ]
        },
        {
            "server_name": "176.119.25.75:8080",
            "server_url": "http://176.119.25.75:8080/c/",
            "macs": [
                "00:1A:79:76:32:29"
            ]
        },
        {
            "server_name": "birutv.my.id",
            "server_url": "http://birutv.my.id/c/",
            "macs": [
                "00:1A:79:34:1F:38",
                "00:1A:79:3B:44:3A",
                "00:1A:79:3F:9F:7A",
                "00:1A:79:40:6C:7B",
                "00:1A:79:5D:E8:FA",
                "00:1A:79:7C:4F:8B"
            ]
        },
        {
            "server_name": "optimus-tv.org:8080",
            "server_url": "http://optimus-tv.org:8080/c/",
            "macs": [
                "00:1A:79:59:6C:FA",
                "00:1A:79:AB:5C:41",
                "00:1A:79:AF:F8:5B",
                "00:1A:79:B1:F9:13",
                "00:1A:79:BB:C7:94"
            ]
        },
        {
            "server_name": "mol-2.com:8080",
            "server_url": "http://mol-2.com:8080/c/",
            "macs": [
                "00:1A:79:3F:CE:54",
                "00:1A:79:5D:E0:13",
                "00:1A:79:76:2E:3A",
                "00:1A:79:AD:67:39",
                "00:1A:79:B1:77:1E",
                "00:1A:79:B2:2C:B9",
                "00:1A:79:B5:1C:5E",
                "00:1A:79:B9:A0:56",
                "00:1A:79:BB:21:B7",
                "00:1A:79:C2:83:7E",
                "00:1A:79:C3:AF:14",
                "00:1A:79:CD:76:99"
            ]
        },
        {
            "server_name": "powerip.be:8000",
            "server_url": "http://powerip.be:8000/c/",
            "macs": [
                "00:1A:79:01:03:9A",
                "00:1A:79:25:78:E8",
                "00:1A:79:26:5F:17",
                "00:1A:79:3D:7B:72",
                "00:1A:79:4E:AE:A8",
                "00:1A:79:56:55:47",
                "00:1A:79:70:89:2A",
                "00:1A:79:7C:67:45",
                "00:1A:79:C5:B4:4F",
                "00:1A:79:F3:EE:50"
            ]
        }
    ]
}