{
    "items": [
        {
            "server_name": "foxx-tv.com:9600",
            "server_url": "http://foxx-tv.com:9600/c/",
            "macs": [
                "00:1A:79:62:FC:3F",
                "00:1A:79:66:21:EC",
                "00:1A:79:70:D8:C6",
                "00:1A:79:73:34:AF",
                "00:1A:79:A6:F9:7D",
                "00:1A:79:B0:B6:DB",
                "00:1A:79:B3:B8:09",
                "00:1A:79:B4:56:C1",
                "00:1A:79:B4:E6:04",
                "00:1A:79:B9:98:D4",
                "00:1A:79:C3:B0:B7",
                "00:1A:79:C8:31:2F",
                "00:1A:79:CF:00:B5",
                "00:1A:79:FB:16:1B"
            ]
        },
        {
            "server_name": "jiotv.be",
            "server_url": "http://jiotv.be/stalker_portal/c/",
            "macs": [
                "00:1A:79:3B:03:F0",
                "00:1A:79:53:1D:83",
                "00:1A:79:C2:F2:37",
                "00:1A:79:C3:24:72"
            ]
        },
        {
            "server_name": "p1.uiop.tv",
            "server_url": "http://p1.uiop.tv/stalker_portal/c/",
            "macs": [
                "00:1A:79:1C:00:0F",
                "00:1A:79:32:08:18",
                "00:1A:79:33:0E:7F",
                "00:1A:79:37:2C:08",
                "00:1A:79:40:58:9F",
                "00:1A:79:67:C1:C7"
            ]
        },
        {
            "server_name": "planetiptv.online",
            "server_url": "http://planetiptv.online/c/",
            "macs": [
                "00:1A:79:58:8A:98",
                "00:1A:79:7D:BA:6D",
                "00:1A:79:C2:B8:AE"
            ]
        },
        {
            "server_name": "iptvs4.ultapulta.com",
            "server_url": "http://iptvs4.ultapulta.com/stalker_portal/c/",
            "macs": [
                "00:1A:79:53:22:3B",
                "00:1A:79:E5:1E:69"
            ]
        },
        {
            "server_name": "foxx-tv.com:8080",
            "server_url": "http://foxx-tv.com:8080/c/",
            "macs": [
                "00:1A:79:56:0F:20",
                "00:1A:79:64:00:45",
                "00:1A:79:B0:A7:72",
                "00:1A:79:B3:67:FD",
                "00:1A:79:B9:B1:4E"
            ]
        },
        {
            "server_name": "45.139.122.199:8080",
            "server_url": "http://45.139.122.199:8080/c/",
            "macs": [
                "00:1A:79:03:04:CC",
                "00:1A:79:4D:99:58",
                "00:1A:79:4D:DD:40",
                "00:1A:79:54:D5:09",
                "00:1A:79:73:E1:6A",
                "00:1A:79:A5:2F:33",
                "00:1A:79:AA:7F:7C",
                "00:1A:79:AD:78:0D",
                "00:1A:79:AE:C7:42",
                "00:1A:79:AE:D6:49",
                "00:1A:79:BA:65:D0",
                "00:1A:79:BC:F2:F4",
                "00:1A:79:BE:8D:B9",
                "00:1A:79:C4:74:BB",
                "00:1A:79:C7:B5:EA",
                "00:1A:79:E1:52:16",
                "00:1A:79:F1:54:F1"
            ]
        },
        {
            "server_name": "tp.nxdns4.com:8080",
            "server_url": "http://tp.nxdns4.com:8080/c/",
            "macs": [
                "00:1A:79:00:B2:06",
                "00:1A:79:01:6E:4B",
                "00:1A:79:02:FC:E1",
                "00:1A:79:03:0B:62",
                "00:1A:79:05:F5:75",
                "00:1A:79:08:8F:32",
                "00:1A:79:0A:84:45",
                "00:1A:79:0E:7B:2E",
                "00:1A:79:10:51:EE",
                "00:1A:79:11:9D:D9",
                "00:1A:79:17:46:D7",
                "00:1A:79:18:1D:B0",
                "00:1A:79:1C:05:6B",
                "00:1A:79:21:0A:B1",
                "00:1A:79:22:88:F4",
                "00:1A:79:23:B7:64",
                "00:1A:79:28:27:9F",
                "00:1A:79:29:BE:FD",
                "00:1A:79:2D:44:35",
                "00:1A:79:2F:00:8C",
                "00:1A:79:31:D0:1D",
                "00:1A:79:33:37:63",
                "00:1A:79:3A:31:F5",
                "00:1A:79:3A:AE:97",
                "00:1A:79:3B:0A:97",
                "00:1A:79:3F:50:8F",
                "00:1A:79:40:01:5F",
                "00:1A:79:43:EC:D5",
                "00:1A:79:46:60:E0",
                "00:1A:79:4E:09:80",
                "00:1A:79:4E:63:71",
                "00:1A:79:4E:A3:2B",
                "00:1A:79:4E:EE:6A",
                "00:1A:79:52:C1:E5",
                "00:1A:79:55:0E:85",
                "00:1A:79:5F:BE:73",
                "00:1A:79:65:12:2B",
                "00:1A:79:67:8D:0A",
                "00:1A:79:68:B3:79",
                "00:1A:79:68:F8:BF",
                "00:1A:79:6F:D7:5E",
                "00:1A:79:71:89:7A",
                "00:1A:79:74:11:43",
                "00:1A:79:75:67:87",
                "00:1A:79:76:7E:2C",
                "00:1A:79:78:55:33",
                "00:1A:79:7C:67:81",
                "00:1A:79:7E:2A:47",
                "00:1A:79:83:D4:A1",
                "00:1A:79:94:92:59",
                "00:1A:79:9C:2B:56",
                "00:1A:79:A2:13:FC",
                "00:1A:79:A2:D1:17",
                "00:1A:79:AD:AE:9C",
                "00:1A:79:B0:A9:DF",
                "00:1A:79:B4:E0:8F",
                "00:1A:79:B4:EE:06",
                "00:1A:79:B5:2B:0C",
                "00:1A:79:B9:47:32",
                "00:1A:79:BB:40:5C",
                "00:1A:79:BD:82:3C",
                "00:1A:79:BF:D4:10",
                "00:1A:79:C0:D0:90",
                "00:1A:79:C6:4D:42",
                "00:1A:79:C8:02:9F",
                "00:1A:79:CB:9B:4F",
                "00:1A:79:CD:3F:F8",
                "00:1A:79:DB:78:AC",
                "00:1A:79:DC:96:91",
                "00:1A:79:E3:FE:C5",
                "00:1A:79:FB:09:89",
                "00:1A:79:FB:B8:68"
            ]
        }
    ]
}