{
    "items": [
        {
            "server_name": "digital121.xyz:80",
            "server_url": "http://digital121.xyz:80/c/",
            "macs": [
                "00:1A:79:50:23:45",
                "00:1A:79:50:48:6D",
                "00:1A:79:50:C7:4D"
            ]
        },
        {
            "server_name": "jokermedia.live:8090",
            "server_url": "http://jokermedia.live:8090/c/",
            "macs": [
                "00:1A:79:20:21:22"
            ]
        },
        {
            "server_name": "juqifsharobt.com:80",
            "server_url": "http://juqifsharobt.com:80/c/",
            "macs": [
                "00:1A:79:42:5E:39",
                "00:1A:79:42:5F:48",
                "00:1A:79:42:61:7E",
                "00:1A:79:42:61:94",
                "00:1A:79:42:61:A7",
                "00:1A:79:42:61:B1",
                "00:1A:79:42:63:36"
            ]
        },
        {
            "server_name": "shacktv.com:8080",
            "server_url": "http://shacktv.com:8080/c/",
            "macs": [
                "00:1A:79:50:6B:B0"
            ]
        }
    ]
}