{
    "items": [
        {
            "server_name": "pal.alphatx.me:80",
            "server_url": "http://pal.alphatx.me:80/c/",
            "macs": [
                "00:1A:79:22:44:E5",
                "00:1A:79:49:87:AA",
                "00:1A:79:BA:AF:26"
            ]
        },
        {
            "server_name": "piorto5i6f7.ddns.net",
            "server_url": "http://piorto5i6f7.ddns.net/c/",
            "macs": [
                "00:1A:79:B6:01:9D",
                "00:1A:79:B9:42:F2",
                "00:1A:79:B9:80:EE",
                "00:1A:79:B9:E6:76"
            ]
        },
        {
            "server_name": "b1g.ooo:80",
            "server_url": "http://b1g.ooo:80/c/",
            "macs": [
                "00:1A:79:08:43:7A",
                "00:1A:79:0F:02:0A",
                "00:1A:79:19:35:C3",
                "00:1A:79:30:33:25",
                "00:1A:79:B4:F0:02"
            ]
        },
        {
            "server_name": "buckpoolgame.xyz:8080",
            "server_url": "http://buckpoolgame.xyz:8080/c/",
            "macs": [
                "00:1A:79:42:37:BE",
                "00:1A:79:53:0C:F1",
                "00:1A:79:6C:1F:B8",
                "00:1A:79:B5:25:73",
                "00:1A:79:C0:23:DF",
                "00:1A:79:C2:4A:17",
                "00:1A:79:C3:71:B0",
                "00:1A:79:C4:59:F7"
            ]
        },
        {
            "server_name": "sport-birutv.my.id:80",
            "server_url": "http://sport-birutv.my.id:80/c/",
            "macs": [
                "00:1A:79:00:00:A1",
                "00:1A:79:01:6E:3C",
                "00:1A:79:18:1F:CA",
                "00:1A:79:19:3F:DB",
                "00:1A:79:20:11:B7",
                "00:1A:79:2A:08:BE",
                "00:1A:79:2A:69:9B",
                "00:1A:79:4D:11:F5",
                "00:1A:79:5C:A4:45",
                "00:1A:79:62:BA:FC",
                "00:1A:79:63:2F:92",
                "00:1A:79:66:1B:50",
                "00:1A:79:94:CD:87",
                "00:1A:79:B0:5B:8E",
                "00:1A:79:B4:C4:12",
                "00:1A:79:B6:A2:10",
                "00:1A:79:B7:75:04",
                "00:1A:79:B8:34:C0",
                "00:1A:79:BB:ED:0B",
                "00:1A:79:BC:AB:47",
                "00:1A:79:BD:0F:9A",
                "00:1A:79:BE:40:4F",
                "00:1A:79:BF:AE:9A",
                "00:1A:79:C4:82:28",
                "00:1A:79:F0:05:18",
                "00:1A:79:F0:05:1D",
                "00:1A:79:F0:05:27",
                "00:1A:79:FF:08:0D"
            ]
        },
        {
            "server_name": "mag.abcdxyz.one:80",
            "server_url": "http://mag.abcdxyz.one:80/c/",
            "macs": [
                "00:1A:79:00:00:11",
                "00:1A:79:00:45:78",
                "00:1A:79:04:0F:2A",
                "00:1A:79:04:ED:80",
                "00:1A:79:22:17:31",
                "00:1A:79:23:56:26",
                "00:1A:79:2D:2F:9E",
                "00:1A:79:33:02:BC",
                "00:1A:79:3C:2F:80",
                "00:1A:79:41:76:F1",
                "00:1A:79:7B:E1:38",
                "00:1A:79:9F:12:E6",
                "00:1A:79:A1:7F:E5",
                "00:1A:79:A1:CA:6F",
                "00:1A:79:A5:2B:1F",
                "00:1A:79:A6:9F:1A",
                "00:1A:79:A7:ED:07",
                "00:1A:79:AA:B6:3F",
                "00:1A:79:AA:DA:5A",
                "00:1A:79:AF:6F:04",
                "00:1A:79:B3:27:35",
                "00:1A:79:B4:F7:31",
                "00:1A:79:B5:57:47",
                "00:1A:79:BA:32:BA",
                "00:1A:79:BB:E6:8C",
                "00:1A:79:BC:2A:BA",
                "00:1A:79:BC:8A:BE",
                "00:1A:79:C0:01:D1",
                "00:1A:79:C7:01:C1",
                "00:1A:79:C7:FE:4F",
                "00:1A:79:EA:37:5D",
                "A0:BB:3E:B5:F9:F5"
            ]
        }
    ]
}