{
    "items": [
        {
            "server_name": "cmjl.online:8080",
            "server_url": "http://cmjl.online:8080/c/",
            "macs": [
                "00:1A:79:70:04:85",
                "00:1A:79:70:09:5C"
            ]
        },
        {
            "server_name": "adoiptv.com:8080",
            "server_url": "http://adoiptv.com:8080/c/",
            "macs": [
                "00:1A:79:C5:F4:A1"
            ]
        },
        {
            "server_name": "jt-info.xyz",
            "server_url": "http://jt-info.xyz/c/",
            "macs": [
                "00:1A:79:C3:5B:DD",
                "00:1A:79:6A:24:4A",
                "00:1A:79:10:D0:CF",
                "00:1A:79:BF:E5:DD",
                "00:1a:79:a0:fe:aa",
                "00:1A:79:5E:47:8C",
                "00:1a:79:97:5e:2f"
            ]
        },
        {
            "server_name": "iptv.darkbox.nu",
            "server_url": "http://iptv.darkbox.nu/c/",
            "macs": [
                "00:1A:79:BE:9A:8A",
                "00:1A:79:1E:37:C8",
                "00:1A:79:A1:77:65",
                "00:1A:79:1D:F5:7B",
                "00:1A:79:5B:55:69",
                "00:1A:79:40:7D:90",
                "00:1A:79:C2:1F:E4",
                "00:1A:79:C6:B0:A4",
                "00:1A:79:59:AE:C6",
                "00:1A:79:73:C2:FE",
                "00:1A:79:2C:C7:57",
                "00:1A:79:DE:9F:F4",
                "00:1A:79:73:1F:3D",
                "00:1A:79:B4:EB:68",
                "00:1A:79:6F:75:19"
            ]
        },
        {
            "server_name": "tkosportz.live:25461",
            "server_url": "http://tkosportz.live:25461/c/",
            "macs": [
                "00:1A:79:E6:CF:8E",
                "00:1A:79:E6:4B:71",
                "00:1A:79:E6:4B:FF",
                "00:1A:79:E6:D1:31",
                "00:1A:79:E6:53:69",
                "00:1A:79:E6:DC:32",
                "00:1A:79:E6:4E:CA"
            ]
        },
        {
            "server_name": "coresys.dvrdns.org:25461",
            "server_url": "http://coresys.dvrdns.org:25461/c/",
            "macs": [
                "00:1A:79:C3:E1:15",
                "00:1A:79:B5:C5:54",
                "00:1A:79:6F:F6:46",
                "00:1A:79:7C:4C:80"
            ]
        },
        {
            "server_name": "iup-tv.com:8080",
            "server_url": "http://iup-tv.com:8080/c/",
            "macs": [
                "00:1A:79:56:02:10",
                "00:1A:79:CD:03:4B"
            ]
        },
        {
            "server_name": "app.yupptv.io",
            "server_url": "http://app.yupptv.io/stalker_portal/c/",
            "macs": [
                "00:1A:79:27:20:60",
                "00:1A:79:17:FF:B4",
                "00:1A:79:20:C1:40",
                "00:1A:79:97:82:82",
                "00:1A:79:A9:3F:3C",
                "00:1A:79:F6:A1:87",
                "00:1A:79:BF:9F:2B",
                "00:1A:79:4E:0A:2F",
                "00:1A:79:BB:CC:89",
                "00:1A:79:74:7C:E9",
                "00:1A:79:DB:99:8F",
                "00:1A:79:FC:28:71",
                "00:1A:79:26:62:53",
                "00:1A:79:E6:69:18",
                "00:1A:79:0E:38:AA",
                "00:1A:79:CD:7B:54"
            ]
        },
        {
            "server_name": "603603.eu:8080",
            "server_url": "http://603603.eu:8080/c/",
            "macs": [
                "00:1A:79:02:1E:7C",
                "00:1A:79:02:5D:18",
                "00:1A:79:02:39:59",
                "00:1A:79:02:5F:50",
                "00:1A:79:02:65:1C",
                "00:1A:79:02:5F:A1",
                "00:1A:79:02:6F:67",
                "00:1A:79:02:76:38"
            ]
        },
        {
            "server_name": "tanix-hnx.xyz:8080",
            "server_url": "http://tanix-hnx.xyz:8080/c/",
            "macs": [
                "00:1A:79:A0:E3:53"
            ]
        },
        {
            "server_name": "mag.rs6ott.com",
            "server_url": "http://mag.rs6ott.com/c/",
            "macs": [
                "00:1A:79:6C:3F:78",
                "00:1A:79:F2:4B:7E",
                "00:1A:79:43:46:34",
                "00:1A:79:C7:6B:86"
            ]
        },
        {
            "server_name": "tissl.club:8080",
            "server_url": "http://tissl.club:8080/c/",
            "macs": [
                "00:1A:79:B6:8E:A2",
                "00:1A:79:e7:49:d4",
                "00:1a:79:35:FD:7A",
                "00:1A:79:5e:ed:a8",
                "00:1A:79:5E:ED:A8",
                "00:1A:79:73:71:7c",
                "00:1A:79:48:53:10"
            ]
        },
        {
            "server_name": "iptv.darktv.in:80",
            "server_url": "http://iptv.darktv.in:80/c/",
            "macs": [
                "00:1A:79:BF:B7:D3",
                "00:1A:79:55:E3:F7",
                "00:1A:79:BC:E8:E1",
                "00:1A:79:36:6F:84",
                "00:1A:79:18:87:9A",
                "00:1A:79:CB:97:51",
                "00:1A:79:C0:2F:75"
            ]
        },
        {
            "server_name": "mag.ukhd.tv",
            "server_url": "http://mag.ukhd.tv/c/",
            "macs": [
                "00:1A:79:DE:69:75",
                "00:1A:79:BE:9A:8A",
                "00:1A:79:1E:37:C8",
                "00:1A:79:A1:77:65",
                "00:1A:79:1D:F5:7B",
                "00:1A:79:5B:55:69",
                "00:1A:79:40:7D:90",
                "00:1A:79:C2:1F:E4",
                "00:1A:79:C6:B0:A4",
                "00:1A:79:59:AE:C6",
                "00:1A:79:73:C2:FE",
                "00:1A:79:2C:C7:57",
                "00:1A:79:DE:9F:F4",
                "00:1A:79:73:1F:3D"
            ]
        },
        {
            "server_name": "jt-info.xyz",
            "server_url": "http://jt-info.xyz/c/",
            "macs": [
                "00:1A:79:C3:5B:DD",
                "00:1A:79:6A:24:4A",
                "00:1A:79:10:D0:CF",
                "00:1A:79:BF:E5:DD"
            ]
        },
        {
            "server_name": "rufus.zone",
            "server_url": "http://rufus.zone/stalker_portal/c/",
            "macs": [
                "00:1A:79:77:81:49"
            ]
        },
        {
            "server_name": "m.suportline.xyz",
            "server_url": "http://m.suportline.xyz/stalker_portal/c/",
            "macs": [
                "00:1A:79:CB:E9:9B"
            ]
        },
        {
            "server_name": "worldclasstv.xyz:8080",
            "server_url": "http://worldclasstv.xyz:8080/c/",
            "macs": [
                "00:1A:79:BB:75:CB"
            ]
        },
        {
            "server_name": "apk.androidtrex.com",
            "server_url": "http://apk.androidtrex.com/c/",
            "macs": [
                "00:1A:79:85:FD:6B"
            ]
        },
        {
            "server_name": "spacextv.live:8080",
            "server_url": "http://spacextv.live:8080/c/",
            "macs": [
                "00:1A:79:A6:4B:E3",
                "00:1a:79:4d:04:1c"
            ]
        },
        {
            "server_name": "line.greatstar.me",
            "server_url": "http://line.greatstar.me/c/",
            "macs": [
                "00:1A:79:A2:0A:AD",
                "00:1a:79:5b:e9:61",
                "00:1A:79:06:45:53",
                "00:1A:79:3C:CA:F5",
                "00:1a:79:36:B2:90",
                "00:1a:79:04:7f:06"
            ]
        },
        {
            "server_name": "pal.alphatx.me",
            "server_url": "http://pal.alphatx.me/c/",
            "macs": [
                "00:1A:79:62:B3:5D"
            ]
        },
        {
            "server_name": "185.243.7.154",
            "server_url": "http://185.243.7.154/c/",
            "macs": [
                "00:1A:79:26:7C:F4"
            ]
        },
        {
            "server_name": "145.239.253.183",
            "server_url": "http://145.239.253.183/stalker_portal/c/",
            "macs": [
                "00:1A:79:79:6D:31"
            ]
        },
        {
            "server_name": "sonymax.org:8080",
            "server_url": "http://sonymax.org:8080/c/",
            "macs": [
                "00:1A:79:C3:B4:56",
                "00:1A:79:3A:21:E4",
                "00:1A:79:BD:B6:18"
            ]
        },
        {
            "server_name": "iup-tv.com:8080",
            "server_url": "http://iup-tv.com:8080/c/",
            "macs": [
                "00:1A:79:CD:03:4B",
                "00:1A:79:56:02:10"
            ]
        },
        {
            "server_name": "app.yupptv.io",
            "server_url": "http://app.yupptv.io/stalker_portal/c/",
            "macs": [
                "00:1A:79:47:62:43",
                "00:1A:79:F2:1F:7E",
                "00:1A:79:08:37:5F"
            ]
        },
        {
            "server_name": "magico.livrexs.xyz",
            "server_url": "http://magico.livrexs.xyz/c/",
            "macs": [
                "00:1A:79:b5:05:c4"
            ]
        },
        {
            "server_name": "tkosportz.live:25461",
            "server_url": "http://tkosportz.live:25461/c/",
            "macs": [
                "00:1A:79:E6:4E:CA",
                "00:1A:79:E6:CF:8E",
                "00:1A:79:E6:4B:71",
                "00:1A:79:E6:4B:FF",
                "00:1A:79:E6:D1:31",
                "00:1A:79:E6:53:69",
                "00:1A:79:E6:DC:32"
            ]
        },
        {
            "server_name": "ip.xtremetv.eu:8000",
            "server_url": "http://ip.xtremetv.eu:8000/c/",
            "macs": [
                "00:1A:79:55:85:0D"
            ]
        },
        {
            "server_name": "117tv.icu:8080",
            "server_url": "http://117tv.icu:8080/c/",
            "macs": [
                "00:1A:79:4C:16:BB"
            ]
        },
        {
            "server_name": "streamcode.one:2082",
            "server_url": "http://streamcode.one:2082/c/",
            "macs": [
                "00:1A:79:A5:0B:4E"
            ]
        },
        {
            "server_name": "coresys.dvrdns.org:25461",
            "server_url": "http://coresys.dvrdns.org:25461/c/",
            "macs": [
                "00:1A:79:6F:F6:46",
                "00:1A:79:7C:4C:80",
                "00:1A:79:C3:E1:15",
                "00:1A:79:B5:C5:54"
            ]
        },
        {
            "server_name": "zupanet.live:8080",
            "server_url": "http://zupanet.live:8080/c/",
            "macs": [
                "00:1A:79:41:13:61",
                "00:1A:79:85:B6:DA",
                "00:1A:79:0A:B0:F5"
            ]
        },
        {
            "server_name": "mag.marsweb.co",
            "server_url": "http://mag.marsweb.co/c/",
            "macs": [
                "00:1A:79:B1:6F:7D",
                "00:1A:79:EF:8C:82",
                "00:1A:79:A6:D0:FA"
            ]
        },
        {
            "server_name": "line.boom-ott.ru",
            "server_url": "http://line.boom-ott.ru/c/",
            "macs": [
                "00:1A:79:68:83:C3",
                "00:1A:79:C3:89:44",
                "00:1A:79:90:36:36",
                "00:1A:79:5F:0A:7B"
            ]
        }
    ]
}