{
    "items": [
        {
            "server_name": "tango.123tv.to:8080",
            "server_url": "http://tango.123tv.to:8080/c/",
            "macs": [
                "00:1A:79:16:f9:b7",
                "00:1A:79:10:d6:f0"
            ]
        },
        {
            "server_name": "mag.ukhd.tv",
            "server_url": "http://mag.ukhd.tv/c/",
            "macs": [
                "00:1A:79:A3:14:01",
                "00:1A:79:75:F5:CD",
                "00:1A:79:AF:9F:EA",
                "00:1A:79:3B:E6:54"
            ]
        },
        {
            "server_name": "promaxhd.com:8080",
            "server_url": "http://promaxhd.com:8080/c/",
            "macs": [
                "00:1a:79:ac:80:11",
                "00:1a:79:a2:f0:80",
                "00:1a:79:a2:e7:2c",
                "00:1a:79:b0:de:33",
                "00:1a:79:b7:21:fb",
                "00:1a:79:b7:21:fb",
                "00:1a:79:ba:22:26",
                "00:1a:79:ad:33:27",
                "00:1a:79:af:57:72",
                "00:1a:79:bc:f7:a1"
            ]
        },
        {
            "server_name": "clientsportals.net:8080",
            "server_url": "http://clientsportals.net:8080/c/",
            "macs": [
                "00:1a:79:ab:3e:5e",
                "00:1a:79:ad:4b:a9",
                "00:1a:79:af:67:61",
                "00:1a:79:ad:be:ba",
                "00:1a:79:b1:6d:fb"
            ]
        }
    ]
}