{
    "items": [
        {
            "server_name": "2a2b2.com:80",
            "server_url": "http://2a2b2.com:80/c/",
            "macs": [
                "00:1A:79:2B:8F:7B",
                "00:1A:79:31:3F:4F",
                "00:1A:79:90:02:60"
            ]
        },
        {
            "server_name": "neptun2022.pro:8080",
            "server_url": "http://neptun2022.pro:8080/c/",
            "macs": [
                "00:1A:79:2A:D1:EE",
                "00:1A:79:43:49:DA",
                "00:1A:79:46:4D:31",
                "00:1A:79:4D:15:9F",
                "00:1A:79:57:9B:14",
                "00:1A:79:5A:AD:D0",
                "00:1A:79:5F:73:6C",
                "00:1A:79:A4:86:3C",
                "00:1A:79:C5:66:3D",
                "00:1A:79:C8:A8:26"
            ]
        },
        {
            "server_name": "letmein.fun:8080",
            "server_url": "http://letmein.fun:8080/c/",
            "macs": [
                "00:1A:79:AD:A1:3B",
                "00:1A:79:B7:53:D0"
            ]
        },
        {
            "server_name": "4connect.link",
            "server_url": "http://4connect.link/c/",
            "macs": [
                "00:1A:79:A1:8C:4B",
                "00:1A:79:A3:40:FC",
                "00:1A:79:A5:2A:74",
                "00:1A:79:B7:24:D9",
                "00:1A:79:BA:D4:53"
            ]
        },
        {
            "server_name": "link4tv.info:80",
            "server_url": "http://link4tv.info:80/c/",
            "macs": [
                "00:1A:79:10:50:52"
            ]
        },
        {
            "server_name": "main.light-ott.net",
            "server_url": "https://main.light-ott.net/c/",
            "macs": [
                "00:1A:79:17:0F:39",
                "00:1A:79:3A:B6:F2",
                "00:1A:79:6A:88:07",
                "00:1A:79:A3:D6:25",
                "00:1A:79:A3:D7:E4",
                "00:1A:79:B7:29:E3",
                "00:1A:79:C0:D4:37",
                "00:1A:79:FB:0A:BD"
            ]
        },
        {
            "server_name": "51.91.57.198",
            "server_url": "http://51.91.57.198/stalker_portal/c/",
            "macs": [
                "00:1A:79:3B:2B:77",
                "00:1A:79:53:B0:D5",
                "00:1A:79:5D:E1:3C",
                "00:1A:79:72:6F:0B",
                "00:1A:79:7F:26:A9"
            ]
        },
        {
            "server_name": "ip.sltv-c.be:8000",
            "server_url": "http://ip.sltv-c.be:8000/c/",
            "macs": [
                "00:1A:79:71:E6:28"
            ]
        },
        {
            "server_name": "hottest.gold:25461",
            "server_url": "http://hottest.gold:25461/c/",
            "macs": [
                "00:1A:79:F0:52:9A"
            ]
        },
        {
            "server_name": "worldfusion.xyz:8080",
            "server_url": "http://worldfusion.xyz:8080/c/",
            "macs": [
                "00:1A:79:CB:8F:B2"
            ]
        },
        {
            "server_name": "innovationdns.eu",
            "server_url": "http://innovationdns.eu/c/",
            "macs": [
                "00:1A:79:2A:9F:3E",
                "00:1A:79:57:D5:11",
                "00:1A:79:74:BF:34",
                "00:1A:79:B0:56:CD",
                "00:1A:79:B4:E8:5E",
                "00:1A:79:B6:26:25",
                "00:1A:79:C0:4F:53",
                "00:1A:79:C3:F6:24",
                "00:1A:79:D7:1F:07",
                "00:1A:79:F4:1F:B0",
                "00:1A:79:FF:B3:96"
            ]
        },
        {
            "server_name": "line.it-ott.net:80",
            "server_url": "http://line.it-ott.net:80/c/",
            "macs": [
                "00:1A:79:20:9D:47",
                "00:1A:79:28:BC:E7",
                "00:1A:79:5D:0B:95",
                "00:1A:79:74:03:49",
                "00:1A:79:9F:21:04",
                "00:1A:79:A4:C8:49",
                "00:1A:79:B8:DD:E1",
                "00:1A:79:BF:67:46",
                "00:1A:79:E1:1D:E8",
                "00:1A:79:F8:E3:EC"
            ]
        },
        {
            "server_name": "eurotuga.xyz:8080",
            "server_url": "http://eurotuga.xyz:8080/c/",
            "macs": [
                "00:1A:79:6D:E8:9E",
                "00:1A:79:C7:8D:B1"
            ]
        },
        {
            "server_name": "54.39.158.233",
            "server_url": "http://54.39.158.233/stalker_portal/c/",
            "macs": [
                "00:1A:79:10:AC:4F",
                "00:1A:79:14:0A:FC",
                "00:1A:79:1F:E9:D3",
                "00:1A:79:30:42:83",
                "00:1A:79:33:85:0C",
                "00:1A:79:34:93:0C"
            ]
        },
        {
            "server_name": "mag.marsweb.co",
            "server_url": "http://mag.marsweb.co/c/",
            "macs": [
                "00:1A:79:78:13:2C",
                "00:1A:79:CC:B7:72"
            ]
        },
        {
            "server_name": "besttv.club:8080",
            "server_url": "http://besttv.club:8080/c/",
            "macs": [
                "00:1A:79:73:88:8E",
                "00:1A:79:C5:5A:07",
                "00:1A:79:D6:B7:83"
            ]
        },
        {
            "server_name": "v7.alternator.pro",
            "server_url": "http://v7.alternator.pro/c/",
            "macs": [
                "00:1A:79:6B:7C:46"
            ]
        },
        {
            "server_name": "15.235.14.77",
            "server_url": "http://15.235.14.77/stalker_portal/c/",
            "macs": [
                "00:1A:79:25:3E:DF",
                "00:1A:79:27:03:23"
            ]
        },
        {
            "server_name": "sp1.live",
            "server_url": "http://sp1.live/c/",
            "macs": [
                "00:1A:79:71:25:86",
                "00:1A:79:D2:4C:C5",
                "00:1A:79:E0:A7:7C"
            ]
        },
        {
            "server_name": "blautv2.xyz:8080",
            "server_url": "http://blautv2.xyz:8080/c/",
            "macs": [
                "00:1A:79:14:E0:F8",
                "00:1A:79:AE:30:1F",
                "00:1A:79:C4:2E:04"
            ]
        },
        {
            "server_name": "line.protv.cc",
            "server_url": "http://line.protv.cc/c/",
            "macs": [
                "00:1A:79:04:9F:62",
                "00:1A:79:0B:BC:F4",
                "00:1A:79:52:EC:28",
                "00:1A:79:5D:DE:A2",
                "00:1A:79:B3:23:97",
                "00:1A:79:B7:6F:43",
                "00:1A:79:C2:D9:1B"
            ]
        },
        {
            "server_name": "line.iptveros.com:8000",
            "server_url": "http://line.iptveros.com:8000/c/",
            "macs": [
                "00:1A:79:01:16:2C",
                "00:1A:79:04:9C:21",
                "00:1A:79:0F:0A:35",
                "00:1A:79:19:44:91",
                "00:1A:79:24:3B:07",
                "00:1A:79:32:C8:6B",
                "00:1A:79:33:B2:DA",
                "00:1A:79:4A:60:FD",
                "00:1A:79:4B:87:FA",
                "00:1A:79:4B:AD:5C",
                "00:1A:79:53:5F:BC",
                "00:1A:79:5E:8A:17",
                "00:1A:79:65:4A:32",
                "00:1A:79:65:B5:81",
                "00:1A:79:6E:58:97",
                "00:1A:79:75:C5:86",
                "00:1A:79:79:27:6E",
                "00:1A:79:80:D5:7B",
                "00:1A:79:87:8D:76",
                "00:1A:79:88:8A:2B",
                "00:1A:79:8F:9A:07",
                "00:1A:79:90:10:EF",
                "00:1A:79:98:48:B7",
                "00:1A:79:A2:8A:2E",
                "00:1A:79:AF:87:6E",
                "00:1A:79:B2:D1:D0",
                "00:1A:79:B5:B9:C4",
                "00:1A:79:B8:C4:12",
                "00:1A:79:BA:53:18",
                "00:1A:79:C0:05:5B",
                "00:1A:79:C0:17:5D",
                "00:1A:79:C6:DA:24",
                "00:1A:79:DC:C1:23",
                "00:1A:79:E5:E4:23",
                "00:1A:79:E6:08:89",
                "00:1A:79:E6:55:D5",
                "00:1A:79:F7:10:3D"
            ]
        }
    ]
}