{
    "items": [
        {
            "server_name": "sonymax.org:8080",
            "server_url": "http://sonymax.org:8080/c/",
            "macs": [
                "00:1A:79:40:00:68",
                "00:1A:79:A7:CC:35",
                "00:1A:79:08:5C:1E",
                "00:1A:79:03:8F:DF",
                "00:1A:79:53:81:88",
                "00:1A:79:82:C5:43",
                "00:1A:79:34:88:59",
                "00:1A:79:55:39:90",
                "00:1A:79:94:69:CB",
                "00:1A:79:1C:15:57",
                "00:1A:79:48:9B:EC"
            ]
        },
        {
            "server_name": "4kplus.org:80",
            "server_url": "http://4kplus.org:80/c/",
            "macs": [
                "00:1A:79:D7:1F:00"
            ]
        },
        {
            "server_name": "ultra-box.club",
            "server_url": "http://ultra-box.club/c/",
            "macs": [
                "00:1a:79:bd:e3:61",
                "00:1a:79:b4:e5:7c"
            ]
        },
        {
            "server_name": "mutant.arrox.top",
            "server_url": "http://mutant.arrox.top/c/",
            "macs": [
                "00:1A:79:24:2F:14",
                "00:1A:79:E4:58:46"
            ]
        },
        {
            "server_name": "mag.ukhd.tv",
            "server_url": "http://mag.ukhd.tv/c/",
            "macs": [
                "00:1A:79:B7:89:19",
                "00:1A:79:D7:5F:78"
            ]
        },
        {
            "server_name": "zupanet.live:8080",
            "server_url": "http://zupanet.live:8080/c/",
            "macs": [
                "00:1A:79:00:0E:6E",
                "00:1A:79:A7:A7:B9",
                "00:1A:79:57:33:40",
                "00:1A:79:54:21:A4"
            ]
        },
        {
            "server_name": "main.light-ott.net",
            "server_url": "http://main.light-ott.net/c/",
            "macs": [
                "00:1A:79:21:3D:1E",
                "00:1A:79:3A:A6:BA"
            ]
        },
        {
            "server_name": "darknetiptv1.ddns.net:25461",
            "server_url": "http://darknetiptv1.ddns.net:25461/c/",
            "macs": [
                "00:1A:79:2A:E1:2E"
            ]
        },
        {
            "server_name": "89.45.13.153:25461",
            "server_url": "http://89.45.13.153:25461/c/",
            "macs": [
                "00:1A:79:D6:CF:57"
            ]
        },
        {
            "server_name": "luxe-4k.xyz",
            "server_url": "http://luxe-4k.xyz/c/",
            "macs": [
                "00:1A:79:52:C6:C9",
                "00:1A:79:51:EE:72",
                "00:1A:79:0C:A9:5B"
            ]
        },
        {
            "server_name": "zepequeno.xyz:8080",
            "server_url": "http://zepequeno.xyz:8080/c/",
            "macs": [
                "00:1A:79:BC:8B:DB"
            ]
        },
        {
            "server_name": "medotv.nl:8000",
            "server_url": "http://medotv.nl:8000/c/",
            "macs": [
                "00:1A:79:A2:FD:0E"
            ]
        },
        {
            "server_name": "mag.ukhd.tv",
            "server_url": "http://mag.ukhd.tv/c/",
            "macs": [
                "00:1A:79:90:13:49",
                "00:1A:79:C6:A0:39",
                "00:1A:79:A6:7F:86",
                "00:1A:79:30:5F:1B",
                "00:1A:79:24:3F:6C"
            ]
        },
        {
            "server_name": "sky.dittotvv.cc",
            "server_url": "http://sky.dittotvv.cc/stalker_portal/c/",
            "macs": [
                "00:1A:79:00:75:55"
            ]
        },
        {
            "server_name": "smart4k.cc",
            "server_url": "http://smart4k.cc/stalker_portal/c/",
            "macs": [
                "00:1A:79:00:02:CB",
                "00:1A:79:00:04:2D",
                "00:1A:79:00:01:74",
                "00:1A:79:00:03:A9",
                "00:1A:79:00:09:1B",
                "00:1A:79:00:01:26",
                "00:1A:79:00:0A:F7"
            ]
        },
        {
            "server_name": "desivicky.pktv.me",
            "server_url": "http://desivicky.pktv.me/c/",
            "macs": [
                "00:1A:79:22:76:22",
                "00:1A:79:07:07:45"
            ]
        },
        {
            "server_name": "mutant.arrox.top",
            "server_url": "http://mutant.arrox.top/c/",
            "macs": [
                "00:1A:79:F9:F6:54",
                "00:1A:79:C7:03:02"
            ]
        },
        {
            "server_name": "ch.bosstv.live:8080",
            "server_url": "http://ch.bosstv.live:8080/c/",
            "macs": [
                "00:1A:79:72:06:08"
            ]
        },
        {
            "server_name": "streamcode.one:2082",
            "server_url": "http://streamcode.one:2082/c/",
            "macs": [
                "00:1A:79:15:5F:82"
            ]
        },
        {
            "server_name": "yasar.club:6464",
            "server_url": "http://yasar.club:6464/c/",
            "macs": [
                "00:1A:79:76:FC:58"
            ]
        },
        {
            "server_name": "starshare.live:8080",
            "server_url": "http://starshare.live:8080/c/",
            "macs": [
                "00:1A:79:10:36:0F",
                "00:1A:79:26:A5:98",
                "00:1A:79:B9:77:0B",
                "00:1A:79:70:66:0B",
                "00:1A:79:96:B2:37"
            ]
        }
    ]
}