{
    "items": [
        {
            "server_name": "stalker.trinity-tv.net",
            "server_url": "http://stalker.trinity-tv.net/stalker_portal/c/",
            "macs": [
                "00:1A:79:5D:FC:43",
                "00:1A:79:E8:05:9C",
                "00:1A:79:1A:11:D9",
                "00:1A:79:28:63:5F",
                "00:1A:79:A2:CB:47",
                "00:1A:79:B4:5F:DA",
                "00:1A:79:03:7f:b1",
                "00:1A:79:40:2B:B5",
                "00:1A:79:20:55:E0",
                "00:1A:79:93:36:12",
                "00:1A:79:40:CE:5B",
                "00:1A:79:55:5D:F0",
                "00:1A:79:0E:2F:CE",
                "00:1A:79:3F:9F:8E",
                "00:1A:79:40:D6:EA",
                "00:1A:79:A1:CB:B6",
                "00:1a:79:4b:e2:b6",
                "00:1A:79:2D:24:A1"
            ]
        },
        {
            "server_name": "eu.bk-local.com:8080",
            "server_url": "http://eu.bk-local.com:8080/c/",
            "macs": [
                "00:1a:79:73:6f:53",
                "00:1A:79:C5:12:38"
            ]
        },
        {
            "server_name": "ogzpunk.live:8080",
            "server_url": "http://ogzpunk.live:8080/c/",
            "macs": [
                "00:1A:79:01:71:E5"
            ]
        },
        {
            "server_name": "wiki-ott.org:8789",
            "server_url": "http://wiki-ott.org:8789/c/",
            "macs": [
                "00:1A:79:A2:65:83",
                "00:1A:79:A1:62:57",
                "00:1A:79:AE:3E:87",
                "00:1A:79:AC:12:D3",
                "00:1A:79:A6:20:F1",
                "00:1A:79:AE:20:51",
                "00:1A:79:AE:6B:28",
                "00:1A:79:A1:3A:1B",
                "00:1A:79:A4:23:B8"
            ]
        },
        {
            "server_name": "trex.8kott.xyz",
            "server_url": "http://trex.8kott.xyz/c/",
            "macs": [
                "00:1A:79:B5:6E:45",
                "00:1A:79:6E:4B:28",
                "00:1A:79:6D:10:34",
                "00:1A:79:61:35:36",
                "00:1A:79:4E:90:B9",
                "00:1A:79:E7:A9:0B"
            ]
        },
        {
            "server_name": "spacextv.live:8080",
            "server_url": "http://spacextv.live:8080/c/",
            "macs": [
                "00:1A:79:BD:23:CE",
                "00:1A:79:AA:A9:CD",
                "00:1A:79:F0:07:FD",
                "00:1A:79:10:D5:BC",
                "00:1A:79:34:22:33",
                "00:1A:79:B6:23:A9",
                "00:1A:79:07:BE:67",
                "00:1A:79:2B:98:8F",
                "00:1A:79:BB:B5:C9",
                "00:1A:79:58:CB:2A",
                "00:1A:79:13:50:FD",
                "00:1A:79:10:E3:77",
                "00:1A:79:14:E0:FB",
                "00:1A:79:1A:01:DA",
                "00:1A:79:F1:B8:05",
                "00:1A:79:07:C8:7F",
                "00:1A:79:4F:43:ED",
                "00:1A:79:17:1C:CC",
                "00:1A:79:30:9A:FF",
                "00:1A:79:58:5F:43",
                "00:1A:79:C7:8C:CD",
                "00:1A:79:17:23:C1",
                "00:1A:79:10:DA:06",
                "00:1A:79:C4:23:74",
                "00:1A:79:D5:EA:1F",
                "00:1A:79:22:01:77",
                "00:1A:79:14:EC:30",
                "00:1A:79:4D:00:5B"
            ]
        },
        {
            "server_name": "nossacasa55.ddns.net:8080",
            "server_url": "http://nossacasa55.ddns.net:8080/c/",
            "macs": [
                "00:1A:79:37:0A:4A",
                "00:1A:79:B3:A1:DA",
                "00:1A:79:55:97:DC",
                "00:1A:79:C4:B7:FE",
                "00:1A:79:FE:1F:92",
                "00:1A:79:3B:17:50",
                "00:1A:79:AB:31:CD",
                "00:1A:79:C8:1B:10",
                "00:1A:79:C1:9F:5B",
                "00:1A:79:52:29:A4",
                "00:1A:79:63:91:A3",
                "00:1A:79:53:7D:C1",
                "00:1A:79:8C:0A:B2",
                "00:1A:79:7E:27:17",
                "00:1A:79:ED:2A:1C",
                "00:1A:79:58:EC:A5",
                "00:1A:79:05:DE:B0",
                "00:1A:79:AE:B2:EB",
                "00:1A:79:0D:AA:1D",
                "00:1A:79:4D:F6:F4"
            ]
        },
        {
            "server_name": "safetv.vip:8080",
            "server_url": "http://safetv.vip:8080/c/",
            "macs": [
                "00:1A:79:4d:f6:f4",
                "00:1A:79:45:0F:50",
                "00:1A:79:44:F9:E4",
                "00:1a:79:37:15:2a",
                "00:1A:79:41:BD:5C",
                "00:1A:79:AB:5B:4B",
                "00:1a:79:1c:3f:6a",
                "00:1A:79:A6:7B:66",
                "00:1A:79:D6:F2:FC",
                "00:1A:79:58:14:35",
                "00:1a:79:19:1f:05",
                "00:1A:79:AB:3F:70",
                "00:1A:79:A2:87:4B",
                "00:1A:79:B0:96:F6",
                "00:1A:79:58:07:87",
                "00:1A:79:09:49:B7"
            ]
        },
        {
            "server_name": "31.220.40.114",
            "server_url": "http://31.220.40.114/c/",
            "macs": [
                "00:1A:79:02:19:27",
                "00:1A:79:A5:11:8C",
                "00:1A:79:2B:F7:2D",
                "00:1a:79:27:fc:e3",
                "00:1A:79:40:1F:80",
                "00:1a:79:40:20:a6"
            ]
        },
        {
            "server_name": "200.26.188.66",
            "server_url": "http://200.26.188.66/c/",
            "macs": [
                "00:1A:79:AA:CD:62",
                "00:1a:79:57:e8:53",
                "00:1A:79:D7:7F:7F",
                "00:1A:79:19:3F:6A",
                "00:1A:79:1F:3F:D6",
                "00:1a:79:ba:15:26",
                "00:1a:79:3d:09:ad",
                "00:1A:79:19:22:1F",
                "00:1A:79:A2:86:7D",
                "00:1A:79:01:6F:55",
                "00:1A:79:18:23:8B"
            ]
        },
        {
            "server_name": "chunkymunky.site:8080",
            "server_url": "http://chunkymunky.site:8080/c/",
            "macs": [
                "00:1A:79:59:CA:09",
                "00:1A:79:59:CD:02",
                "00:1A:79:59:CF:C1",
                "00:1A:79:59:DC:B5"
            ]
        },
        {
            "server_name": "tv.psmarters.xyz:8080",
            "server_url": "http://tv.psmarters.xyz:8080/c/",
            "macs": [
                "00:1A:79:10:E2:25",
                "00:1A:79:10:E1:2D",
                "00:1A:79:10:E2:2B",
                "00:1A:79:10:E1:33",
                "00:1A:79:10:E2:6D",
                "00:1A:79:10:E1:39",
                "00:1A:79:10:E2:79",
                "00:1A:79:10:E2:9D"
            ]
        },
        {
            "server_name": "main876564noblock.site:8080",
            "server_url": "http://main876564noblock.site:8080/c/",
            "macs": [
                "00:1A:79:a1:d2:d9",
                "00:1A:79:a2:02:dc",
                "00:1A:79:a4:3e:69",
                "00:1A:79:a4:4a:2b",
                "00:1A:79:a5:c7:95",
                "00:1A:79:a6:09:25",
                "00:1A:79:a6:6c:72",
                "00:1A:79:a6:6e:b2",
                "00:1A:79:a6:d9:b3",
                "00:1A:79:a6:db:b4",
                "00:1A:79:a7:9d:c7",
                "00:1A:79:a7:c0:04",
                "00:1A:79:a7:c0:33"
            ]
        },
        {
            "server_name": "don-balon.ddns.net:8080",
            "server_url": "http://don-balon.ddns.net:8080/c/",
            "macs": [
                "00:1A:79:BB:77:0A"
            ]
        },
        {
            "server_name": "117tv.icu:8080",
            "server_url": "http://117tv.icu:8080/c/",
            "macs": [
                "00:1A:79:A2:5C:49"
            ]
        },
        {
            "server_name": "honeywatch.net",
            "server_url": "http://honeywatch.net/c/",
            "macs": [
                "00:1A:79:B9:3E:FF",
                "00:1A:79:32:C4:05",
                "00:1A:79:0C:7D:C4",
                "00:1A:79:53:D2:6B",
                "00:1A:79:7D:C6:D6",
                "00:1A:79:78:E9:18",
                "00:1A:79:B0:25:1A",
                "00:1A:79:17:28:8A",
                "00:1A:79:BD:C7:16"
            ]
        },
        {
            "server_name": "mutant.arrox.top",
            "server_url": "http://mutant.arrox.top/c/",
            "macs": [
                "00:1A:79:C5:BF:E0",
                "00:1A:79:42:0E:74",
                "00:1A:79:14:1F:23",
                "00:1A:79:32:C5:57",
                "00:1A:79:3A:84:89",
                "00:1A:79:BF:DF:A6",
                "00:1A:79:D6:4F:18",
                "00:1A:79:5D:82:E9",
                "00:1A:79:B3:B3:63"
            ]
        },
        {
            "server_name": "line.iptveros.com:80",
            "server_url": "http://line.iptveros.com:80/c/",
            "macs": [
                "00:1A:79:B5:AB:17",
                "00:1A:79:77:39:4F"
            ]
        },
        {
            "server_name": "reddevil.life:8080",
            "server_url": "http://reddevil.life:8080/c/",
            "macs": [
                "00:1A:79:60:A2:6A",
                "00:1A:79:60:C2:CD",
                "00:1A:79:60:E3:BF",
                "00:1A:79:60:F3:E0",
                "00:1A:79:61:20:07"
            ]
        },
        {
            "server_name": "bes5.alphatx.me:80",
            "server_url": "http://bes5.alphatx.me:80/c/",
            "macs": [
                "00:1A:79:08:1F:FC",
                "00:1A:79:F0:EF:1F"
            ]
        },
        {
            "server_name": "45.134.200.67",
            "server_url": "http://45.134.200.67/stalker_portal/c/",
            "macs": [
                "00:1A:79:09:E0:F8"
            ]
        },
        {
            "server_name": "coresys.dvrdns.org:25461",
            "server_url": "http://coresys.dvrdns.org:25461/c/",
            "macs": [
                "00:1A:79:24:4F:69"
            ]
        },
        {
            "server_name": "ch.bosstv.live:8080",
            "server_url": "http://ch.bosstv.live:8080/c/",
            "macs": [
                "00:1A:79:C5:34:75"
            ]
        },
        {
            "server_name": "tv70.icu:8080",
            "server_url": "http://tv70.icu:8080/c/",
            "macs": [
                "00:1A:79:2A:42:71"
            ]
        },
        {
            "server_name": "bigcosford.com:8080",
            "server_url": "http://bigcosford.com:8080/c/",
            "macs": [
                "00:1A:79:65:D5:37",
                "00:1A:79:65:D5:3F"
            ]
        },
        {
            "server_name": "tv.indigotv.me",
            "server_url": "http://tv.indigotv.me/c/",
            "macs": [
                "00:1A:79:06:A2:B3"
            ]
        }
    ]
}