{
    "items": [
        {
            "server_name": "proxym3u.watchtv.best",
            "server_url": "http://proxym3u.watchtv.best/c/",
            "macs": [
                "00:1A:79:07:7F:22",
                "00:1A:79:11:7F:C8",
                "00:1A:79:4A:BD:95",
                "00:1A:79:55:E5:8E",
                "00:1A:79:BE:43:29"
            ]
        },
        {
            "server_name": "89.45.13.220:8080",
            "server_url": "http://89.45.13.220:8080/c/",
            "macs": [
                "00:1A:79:B2:7F:9A"
            ]
        },
        {
            "server_name": "23232.top",
            "server_url": "http://23232.top/c/",
            "macs": [
                "00:1A:79:61:2B:D2",
                "00:1A:79:BC:88:0F"
            ]
        },
        {
            "server_name": "zenlink.link",
            "server_url": "http://zenlink.link/c/",
            "macs": [
                "00:1A:79:AC:1B:FB"
            ]
        },
        {
            "server_name": "king4k.tv",
            "server_url": "http://king4k.tv/c/",
            "macs": [
                "00:1A:79:BD:3B:37"
            ]
        },
        {
            "server_name": "tp.nxdns4.com:8080",
            "server_url": "http://tp.nxdns4.com:8080/c/",
            "macs": [
                "00:1A:79:C3:F2:AA"
            ]
        },
        {
            "server_name": "mutant.arrox.top",
            "server_url": "http://mutant.arrox.top/c/",
            "macs": [
                "00:1A:79:56:1F:6C",
                "00:1A:79:BF:A8:E0"
            ]
        },
        {
            "server_name": "5.39.64.31:8080",
            "server_url": "http://5.39.64.31:8080/c/",
            "macs": [
                "00:1A:79:53:E1:B9"
            ]
        },
        {
            "server_name": "tv.premiumplus.tv",
            "server_url": "http://tv.premiumplus.tv/c/",
            "macs": [
                "00:1A:79:01:8F:6D",
                "00:1A:79:0E:19:B7",
                "00:1A:79:11:F9:82",
                "00:1A:79:3D:61:9B",
                "00:1A:79:70:E0:D6",
                "00:1A:79:7C:F6:A4",
                "00:1A:79:9D:52:5D"
            ]
        },
        {
            "server_name": "stalker.ugoiptv.com",
            "server_url": "http://stalker.ugoiptv.com/c/",
            "macs": [
                "00:1A:79:0E:BA:12",
                "00:1A:79:4C:60:9C",
                "00:1A:79:A3:B8:28"
            ]
        },
        {
            "server_name": "mag.trexlive.me",
            "server_url": "http://mag.trexlive.me/c/",
            "macs": [
                "00:1A:79:17:07:AD",
                "00:1A:79:AE:9F:8E"
            ]
        },
        {
            "server_name": "mag.d60.co:8080",
            "server_url": "http://mag.d60.co:8080/c/",
            "macs": [
                "00:1A:79:74:F3:A5"
            ]
        },
        {
            "server_name": "naples.alternate.ovh",
            "server_url": "https://naples.alternate.ovh/c/",
            "macs": [
                "00:1A:79:0E:13:B2"
            ]
        },
        {
            "server_name": "212.129.8.69",
            "server_url": "http://212.129.8.69/stalker_portal/c/",
            "macs": [
                "00:1A:79:6A:E5:C5"
            ]
        },
        {
            "server_name": "flumine.cc",
            "server_url": "http://flumine.cc/stalker_portal/c/",
            "macs": [
                "00:1A:79:C1:55:52",
                "00:1A:79:EC:D0:82"
            ]
        },
        {
            "server_name": "one4alltech.net:8080",
            "server_url": "http://one4alltech.net:8080/c/",
            "macs": [
                "00:1A:79:6A:C8:CF"
            ]
        },
        {
            "server_name": "line.gofast-tv.me",
            "server_url": "http://line.gofast-tv.me/c/",
            "macs": [
                "00:1A:79:04:57:88",
                "00:1A:79:19:05:24",
                "00:1A:79:2D:1D:35",
                "00:1A:79:B6:25:3E"
            ]
        },
        {
            "server_name": "hdmiclub.online:8080",
            "server_url": "http://hdmiclub.online:8080/c/",
            "macs": [
                "00:1A:79:35:8D:40",
                "00:1A:79:A4:4A:00",
                "00:1A:79:BD:5A:C2",
                "00:1A:79:C6:AB:69",
                "00:1A:79:CC:28:8B"
            ]
        },
        {
            "server_name": "ns31617126.ip-162-19-37.eu:8080",
            "server_url": "http://ns31617126.ip-162-19-37.eu:8080/c/",
            "macs": [
                "00:1A:79:1C:13:36",
                "00:1A:79:23:37:31",
                "00:1A:79:7A:5E:D7",
                "00:1A:79:A3:8D:2A",
                "00:1A:79:B2:71:41",
                "00:1A:79:BF:2A:37",
                "00:1A:79:C7:FA:E9",
                "00:1A:79:CF:8B:28",
                "00:1A:79:FB:1B:8D",
                "00:1A:79:FB:58:E6"
            ]
        },
        {
            "server_name": "fultv.sytes.net:8080",
            "server_url": "http://fultv.sytes.net:8080/c/",
            "macs": [
                "00:1A:79:01:68:77",
                "00:1A:79:31:DB:88",
                "00:1A:79:3D:13:32",
                "00:1A:79:6A:6F:E5",
                "00:1A:79:78:75:E7",
                "00:1A:79:8C:35:25",
                "00:1A:79:B8:97:DD",
                "00:1A:79:C4:4F:80"
            ]
        }
    ]
}