{
    "items": [
        {
            "server_name": "tv1.darktv.eu",
            "server_url": "http://tv1.darktv.eu/c/",
            "macs": [
                "00:1A:79:05:E8:BB",
                "00:1A:79:08:65:AC",
                "00:1A:79:08:E2:19",
                "00:1A:79:09:F4:9C",
                "00:1A:79:0E:26:4E",
                "00:1A:79:17:21:14",
                "00:1A:79:19:03:CC",
                "00:1A:79:24:2F:98",
                "00:1A:79:25:C1:2B",
                "00:1A:79:2C:96:9E",
                "00:1A:79:2E:74:60",
                "00:1A:79:30:6F:4E",
                "00:1A:79:31:1F:2E",
                "00:1A:79:39:D6:41",
                "00:1A:79:3B:CC:27",
                "00:1A:79:3D:1E:5A",
                "00:1A:79:3F:A9:58",
                "00:1A:79:41:F6:59",
                "00:1A:79:44:96:54",
                "00:1A:79:46:72:96",
                "00:1A:79:4A:2F:B7",
                "00:1A:79:56:1F:0C",
                "00:1A:79:56:1F:8A",
                "00:1A:79:72:AB:E3",
                "00:1A:79:81:77:34",
                "00:1A:79:8E:39:16",
                "00:1A:79:8E:B6:28",
                "00:1A:79:A5:94:BE",
                "00:1A:79:B6:2F:5A",
                "00:1A:79:C5:BF:77"
            ]
        },
        {
            "server_name": "laurenlending.pproxy.cc",
            "server_url": "http://laurenlending.pproxy.cc/c/",
            "macs": [
                "00:1A:79:0C:DB:23",
                "00:1A:79:55:83:4E",
                "00:1A:79:73:BA:C0",
                "00:1A:79:C0:3F:FD"
            ]
        },
        {
            "server_name": "st1.ipweb.site",
            "server_url": "http://st1.ipweb.site/stalker_portal/c/",
            "macs": [
                "00:1A:79:21:12:14"
            ]
        },
        {
            "server_name": "line.greatstar.me",
            "server_url": "http://line.greatstar.me/c/",
            "macs": [
                "00:1A:79:4B:17:3D"
            ]
        },
        {
            "server_name": "tp.nxdns4.com:8080",
            "server_url": "http://tp.nxdns4.com:8080/c/",
            "macs": [
                "00:1A:79:43:AC:BF",
                "00:1A:79:74:3A:FD"
            ]
        },
        {
            "server_name": "optimus-tv.org:8080",
            "server_url": "http://optimus-tv.org:8080/c/",
            "macs": [
                "00:1A:79:08:48:D6",
                "00:1A:79:10:E3:95",
                "00:1A:79:6B:B9:EB",
                "00:1A:79:BA:D3:DB"
            ]
        },
        {
            "server_name": "10431-plan.ott-cdn.me",
            "server_url": "http://10431-plan.ott-cdn.me/c/",
            "macs": [
                "00:1A:79:B6:CD:0B"
            ]
        },
        {
            "server_name": "pdata.ddns.me:8080",
            "server_url": "http://pdata.ddns.me:8080/c/",
            "macs": [
                "00:1A:79:57:DE:A8",
                "00:1A:79:63:A6:2D",
                "00:1A:79:69:54:9F",
                "00:1A:79:7B:EB:C4",
                "00:1A:79:A3:BE:39",
                "00:1A:79:A9:32:DD",
                "00:1A:79:AE:5D:39",
                "00:1A:79:AF:01:06",
                "00:1A:79:B2:21:BF",
                "00:1A:79:B3:B9:AE",
                "00:1A:79:B5:A7:60",
                "00:1A:79:C0:E4:46",
                "00:1A:79:C7:D1:62",
                "00:1A:79:C8:30:3E",
                "00:1A:79:CA:FA:0F",
                "00:1A:79:CE:3B:4B",
                "00:1A:79:CF:01:C9",
                "00:1A:79:D3:B9:DC",
                "00:1A:79:F5:02:43",
                "00:1A:79:FB:05:B0",
                "00:1A:79:FB:0D:1F",
                "00:1A:79:FB:23:44",
                "00:1A:79:FB:38:9F"
            ]
        },
        {
            "server_name": "a.bittensor.nexus",
            "server_url": "http://a.bittensor.nexus/c/",
            "macs": [
                "00:1A:79:46:00:54"
            ]
        },
        {
            "server_name": "dont.t-v.io",
            "server_url": "http://dont.t-v.io/c/",
            "macs": [
                "00:1A:79:A3:8D:16",
                "00:1A:79:B8:C2:56"
            ]
        },
        {
            "server_name": "planetiptv.online",
            "server_url": "http://planetiptv.online/c/",
            "macs": [
                "00:1A:79:06:8F:9D",
                "00:1A:79:0F:25:4C",
                "00:1A:79:66:47:06",
                "00:1A:79:B3:20:8C",
                "00:1A:79:BE:2E:F2"
            ]
        },
        {
            "server_name": "51.159.70.234",
            "server_url": "http://51.159.70.234/stalker_portal/c/",
            "macs": [
                "00:1A:79:19:54:1B",
                "00:1A:79:39:63:5E",
                "00:1A:79:4B:C7:8F",
                "00:1A:79:70:5A:1C"
            ]
        },
        {
            "server_name": "ibrafr.com:8789",
            "server_url": "http://ibrafr.com:8789/c/",
            "macs": [
                "00:1A:79:40:34:90",
                "00:1A:79:55:3D:98",
                "00:1A:79:74:62:75",
                "00:1A:79:76:B9:80",
                "00:1A:79:AC:5A:A6"
            ]
        },
        {
            "server_name": "wiki-ott.org:8789",
            "server_url": "http://wiki-ott.org:8789/c/",
            "macs": [
                "00:1A:79:5D:9F:BB",
                "00:1A:79:64:25:03",
                "00:1A:79:B5:0D:B2",
                "00:1A:79:C8:44:57"
            ]
        }
    ]
}