{
    "items": [
        {
            "server_name": "tr.redatvgold.com:80",
            "server_url": "http://tr.redatvgold.com:80/c/",
            "macs": [
                "00:1A:79:22:44:E5",
                "00:1A:79:50:18:F6",
                "00:1A:79:75:86:B3",
                "00:1A:79:8A:2F:A3",
                "00:1A:79:92:3F:F1",
                "00:1A:79:DD:78:F2"
            ]
        },
        {
            "server_name": "starshare.live:8080",
            "server_url": "http://starshare.live:8080/c/",
            "macs": [
                "00:1A:79:71:43:99",
                "00:1A:79:7B:1C:DE",
                "00:1A:79:9C:1A:45"
            ]
        },
        {
            "server_name": "iptv.jinbox.eu:1339",
            "server_url": "http://iptv.jinbox.eu:1339/c/",
            "macs": [
                "00:1A:79:36:B8:8B",
                "00:1A:79:36:B8:D7",
                "00:1A:79:3C:5A:32",
                "00:1A:79:50:1C:84",
                "00:1A:79:50:21:11",
                "00:1A:79:9F:7F:A6",
                "00:1A:79:A1:19:B2",
                "00:1A:79:A1:1A:FB",
                "00:1A:79:A1:84:AD",
                "00:1A:79:A1:FD:C5",
                "00:1A:79:A2:09:E9",
                "00:1A:79:A2:6D:EB",
                "00:1A:79:A2:8C:3A",
                "00:1A:79:A2:BF:3B",
                "00:1A:79:AA:D2:0A",
                "00:1A:79:AB:C8:69",
                "00:1A:79:B7:2C:A7",
                "00:1A:79:C8:2B:1B",
                "00:1A:79:FC:8F:7D",
                "00:1A:79:FF:75:86"
            ]
        },
        {
            "server_name": "sonymax.org:8080",
            "server_url": "http://sonymax.org:8080/c/",
            "macs": [
                "00:1A:79:03:C9:B3",
                "00:1A:79:2A:D3:54",
                "00:1A:79:5E:7D:C1",
                "00:1A:79:BC:4E:74"
            ]
        },
        {
            "server_name": "coelhopatobravo.live",
            "server_url": "http://coelhopatobravo.live/c/",
            "macs": [
                "00:1A:79:00:00:07",
                "00:1A:79:00:00:0D",
                "00:1A:79:00:00:11",
                "00:1A:79:00:00:22",
                "00:1A:79:00:00:4D",
                "00:1A:79:00:00:52",
                "00:1A:79:00:00:66",
                "00:1A:79:00:00:97",
                "00:1A:79:00:00:98",
                "00:1A:79:00:00:FF",
                "00:1A:79:00:01:23",
                "00:1A:79:00:01:50",
                "00:1A:79:00:01:5F",
                "00:1A:79:00:01:A2"
            ]
        },
        {
            "server_name": "1.revportal.eu",
            "server_url": "http://1.revportal.eu/c/",
            "macs": [
                "00:1A:79:50:91:9B",
                "00:1A:79:51:6B:97",
                "00:1A:79:53:84:02",
                "00:1A:79:53:88:90",
                "00:1A:79:53:93:67",
                "00:1A:79:54:0B:F1",
                "00:1A:79:58:51:D2",
                "00:1A:79:5B:1C:99",
                "00:1A:79:5C:31:94",
                "00:1A:79:5C:5D:5A"
            ]
        },
        {
            "server_name": "tv.premiumplus.tv",
            "server_url": "http://tv.premiumplus.tv/c/",
            "macs": [
                "00:1A:79:00:00:00",
                "00:1A:79:00:00:0A",
                "00:1A:79:00:00:11",
                "00:1A:79:00:00:39",
                "00:1A:79:00:00:AD",
                "00:1A:79:00:01:04",
                "00:1A:79:00:01:07",
                "00:1A:79:00:01:A0",
                "00:1A:79:00:01:DF",
                "00:1A:79:00:01:E6",
                "00:1A:79:00:01:F2",
                "00:1A:79:00:01:FA",
                "00:1A:79:00:02:50"
            ]
        },
        {
            "server_name": "box.ip1.xyz",
            "server_url": "http://box.ip1.xyz/stalker_portal/c/",
            "macs": [
                "00:1A:79:16:21:29",
                "00:1A:79:4A:9A:74",
                "00:1A:79:6E:9C:B9"
            ]
        },
        {
            "server_name": "77.222.55.117",
            "server_url": "http://77.222.55.117/stalker_portal/c/",
            "macs": [
                "00:1A:79:D5:6A:FA"
            ]
        },
        {
            "server_name": "tv.umcast.ru:88",
            "server_url": "http://tv.umcast.ru:88/stalker_portal/c/",
            "macs": [
                "00:1A:79:00:00:00"
            ]
        },
        {
            "server_name": "portal.roshen.live",
            "server_url": "http://portal.roshen.live/stalker_portal/c/",
            "macs": [
                "00:1A:79:36:03:42"
            ]
        },
        {
            "server_name": "mag.premiumplus.tv:80",
            "server_url": "http://mag.premiumplus.tv:80/c/",
            "macs": [
                "00:1A:79:82:3F:EA",
                "00:1A:79:BD:5C:19"
            ]
        },
        {
            "server_name": "mol-2.com:8080",
            "server_url": "http://mol-2.com:8080/c/",
            "macs": [
                "00:1A:79:23:0F:98",
                "00:1A:79:64:87:4A",
                "00:1A:79:B2:4D:42",
                "00:1A:79:B5:B7:FC",
                "00:1A:79:B9:1F:92",
                "00:1A:79:BA:02:D0",
                "00:1A:79:BB:22:52",
                "00:1A:79:BF:1F:7E",
                "00:1A:79:BF:3F:B3",
                "00:1A:79:C0:01:90",
                "00:1A:79:C5:44:D7",
                "00:1A:79:CA:33:1D",
                "00:1A:79:FB:41:0A",
                "00:1A:79:FB:42:80"
            ]
        },
        {
            "server_name": "speed-gaz.xyz",
            "server_url": "http://speed-gaz.xyz/c/",
            "macs": [
                "00:1A:79:19:39:B3",
                "00:1A:79:65:0F:CE",
                "00:1A:79:89:EC:8D",
                "00:1A:79:AB:A8:27",
                "00:1A:79:AE:20:AE",
                "00:1A:79:AE:62:9B",
                "00:1A:79:B5:A4:BF",
                "00:1A:79:C0:24:29"
            ]
        }
    ]
}