{
    "items": [
        {
            "server_name": "185.243.7.154:80",
            "server_url": "http://185.243.7.154:80/c/",
            "macs": [
                "00:1A:79:55:5F:77",
                "00:1A:79:95:48:DC"
            ]
        },
        {
            "server_name": "red.onlvip.com:80",
            "server_url": "http://red.onlvip.com:80/c/",
            "macs": [
                "00:1A:79:BF:A1:89",
                "00:1A:79:C3:B8:1F"
            ]
        },
        {
            "server_name": "line.iptvhunt.com:80",
            "server_url": "http://line.iptvhunt.com:80/c/",
            "macs": [
                "00:1A:79:97:A6:63"
            ]
        },
        {
            "server_name": "novo1.xyz",
            "server_url": "http://novo1.xyz/c/",
            "macs": [
                "00:1A:79:73:5B:C0"
            ]
        },
        {
            "server_name": "line.iptvwings.com",
            "server_url": "http://line.iptvwings.com/c/",
            "macs": [
                "00:1A:79:BC:98:0B"
            ]
        },
        {
            "server_name": "promaxhd.com:8080",
            "server_url": "http://promaxhd.com:8080/c/",
            "macs": [
                "00:1A:79:16:FB:9E",
                "00:1A:79:3D:94:4E",
                "00:1A:79:6C:D8:05"
            ]
        },
        {
            "server_name": "magonlyx.abcott.me:80",
            "server_url": "http://magonlyx.abcott.me:80/c/",
            "macs": [
                "00:1A:79:18:8B:8B",
                "00:1A:79:19:00:79",
                "00:1A:79:19:05:D9",
                "00:1A:79:19:07:09",
                "00:1A:79:19:0B:6E",
                "00:1A:79:19:3F:47"
            ]
        },
        {
            "server_name": "tv.indigotv.me",
            "server_url": "http://tv.indigotv.me/stalker_portal/c/",
            "macs": [
                "00:1A:79:10:D8:2C"
            ]
        },
        {
            "server_name": "z6.watchme.ie",
            "server_url": "http://z6.watchme.ie/stalker_portal/c/",
            "macs": [
                "00:1A:79:7E:69:85"
            ]
        },
        {
            "server_name": "sky.dittotvv.cc",
            "server_url": "http://sky.dittotvv.cc/stalker_portal/c/",
            "macs": [
                "00:1A:79:67:BA:99"
            ]
        },
        {
            "server_name": "starshare.live:8080",
            "server_url": "http://starshare.live:8080/c/",
            "macs": [
                "00:1A:79:65:66:31"
            ]
        },
        {
            "server_name": "line.greatstar.me:80",
            "server_url": "http://line.greatstar.me:80/c/",
            "macs": [
                "00:1A:79:00:07:95",
                "00:1A:79:00:07:EA",
                "00:1A:79:00:0B:C0",
                "00:1A:79:00:0D:62",
                "00:1A:79:00:0D:DF",
                "00:1A:79:00:0E:1F",
                "00:1A:79:00:10:12",
                "00:1A:79:00:12:85"
            ]
        },
        {
            "server_name": "glavonja.work:5115",
            "server_url": "http://glavonja.work:5115/c/",
            "macs": [
                "00:1A:79:AA:35:0C"
            ]
        },
        {
            "server_name": "ojpc.live:8080",
            "server_url": "http://ojpc.live:8080/c/",
            "macs": [
                "00:1A:79:AF:65:0C"
            ]
        },
        {
            "server_name": "stb.homeiptv.org",
            "server_url": "http://stb.homeiptv.org/stalker_portal/c/",
            "macs": [
                "00:1A:79:1E:7A:C2"
            ]
        },
        {
            "server_name": "tv.cloudcdn.online",
            "server_url": "http://tv.cloudcdn.online/c/",
            "macs": [
                "00:1A:79:86:62:74"
            ]
        },
        {
            "server_name": "ns358711.ovh.net:88",
            "server_url": "http://ns358711.ovh.net:88/stalker_portal/c/",
            "macs": [
                "00:1A:79:44:6F:E0",
                "00:1A:79:4B:07:40",
                "00:1A:79:71:52:BA",
                "00:1A:79:74:42:A1"
            ]
        }
    ]
}