{
    "items": [
        {
            "server_name": "fhdtv.club:8080",
            "server_url": "http://fhdtv.club:8080/c/",
            "macs": [
                "00:1A:79:8F:AC:05",
                "00:1A:79:7C:10:E8"
            ]
        },
        {
            "server_name": "iptv.darkbox.nu",
            "server_url": "http://iptv.darkbox.nu/c/",
            "macs": [
                "00:1A:79:40:6C:7B"
            ]
        },
        {
            "server_name": "89.45.13.220:8080",
            "server_url": "http://89.45.13.220:8080/c/",
            "macs": [
                "00:1A:79:AF:F8:C3",
                "00:1A:79:0F:49:D2",
                "00:1A:79:F5:43:F3",
                "00:1A:79:08:41:B4",
                "00:1A:79:A0:FE:10"
            ]
        },
        {
            "server_name": "tr.simotvgold.com:80",
            "server_url": "http://tr.simotvgold.com:80/c/",
            "macs": [
                "00:1A:79:C0:8B:FE",
                "00:1A:79:A3:12:E8"
            ]
        },
        {
            "server_name": "holipop.xyz",
            "server_url": "http://holipop.xyz/c/",
            "macs": [
                "00:1A:79:BD:75:1E",
                "00:1A:79:C8:02:CD"
            ]
        },
        {
            "server_name": "darktv.nl",
            "server_url": "http://darktv.nl/c/",
            "macs": [
                "00:1A:79:A9:E3:A1",
                "00:1A:79:AD:93:51",
                "00:1A:79:C3:36:33",
                "00:1A:79:6F:1F:C3",
                "00:1A:79:A9:F5:85",
                "00:1A:79:A4:5B:9C",
                "00:1A:79:8F:E7:D1",
                "00:1A:79:27:1F:35",
                "00:1A:79:19:0F:A7",
                "00:1A:79:1E:49:12",
                "00:1A:79:AF:0F:A5",
                "00:1A:79:03:0D:E7",
                "00:1A:79:00:00:88",
                "00:1A:79:70:FE:4F",
                "00:1A:79:BA:39:78",
                "00:1A:79:0D:2F:84"
            ]
        },
        {
            "server_name": "shacktv.com:8080",
            "server_url": "http://shacktv.com:8080/c/",
            "macs": [
                "00:1A:79:50:6B:B0"
            ]
        },
        {
            "server_name": "juqifsharobt.com:80",
            "server_url": "http://juqifsharobt.com:80/c/",
            "macs": [
                "00:1A:79:42:5E:39",
                "00:1A:79:42:5F:48",
                "00:1A:79:42:61:7E",
                "00:1A:79:42:61:94",
                "00:1A:79:42:61:A7",
                "00:1A:79:42:61:B1",
                "00:1A:79:42:63:36"
            ]
        },
        {
            "server_name": "jokermedia.live:8090",
            "server_url": "http://jokermedia.live:8090/c/",
            "macs": [
                "00:1A:79:20:21:22"
            ]
        },
        {
            "server_name": "digital121.xyz:80",
            "server_url": "http://digital121.xyz:80/c/",
            "macs": [
                "00:1A:79:50:23:45",
                "00:1A:79:50:48:6D",
                "00:1A:79:50:C7:4D"
            ]
        },
        {
            "server_name": "ss.2665.ninja:8080",
            "server_url": "http://ss.2665.ninja:8080/c/",
            "macs": [
                "00:1A:79:00:00:DB",
                "00:1A:79:00:00:E4",
                "00:1A:79:00:01:2D",
                "00:1A:79:00:03:15",
                "00:1A:79:00:03:59",
                "00:1A:79:00:04:D3",
                "00:1A:79:00:04:E7",
                "00:1A:79:00:04:E2",
                "00:1A:79:00:05:15",
                "00:1A:79:00:05:23",
                "00:1A:79:00:05:7B",
                "00:1A:79:00:05:86",
                "00:1A:79:00:05:88",
                "00:1A:79:00:07:5A",
                "00:1A:79:00:09:EB",
                "00:1A:79:00:0A:03",
                "00:1A:79:00:0A:76",
                "00:1A:79:00:0A:E2",
                "00:1A:79:00:0A:E6"
            ]
        },
        {
            "server_name": "162.19.37.133:8080",
            "server_url": "http://162.19.37.133:8080/c/",
            "macs": [
                "00:1A:79:BB:0A:9E",
                "00:1A:79:B9:53:98",
                "00:1A:79:C4:44:C8",
                "00:1A:79:BC:74:17",
                "00:1A:79:C1:DD:7B",
                "00:1A:79:FB:0C:38",
                "00:1A:79:C6:3D:01",
                "00:1A:79:FB:03:0A",
                "00:1A:79:C5:FB:E9",
                "00:1A:79:4D:4E:F3",
                "00:1A:79:A6:5C:B3",
                "00:1A:79:C7:84:B1",
                "00:1A:79:B2:20:11",
                "00:1A:79:C7:95:3A",
                "00:1A:79:A9:D1:AA",
                "00:1A:79:4F:BE:11",
                "00:1A:79:F5:08:32",
                "00:1A:79:B5:16:01",
                "00:1A:79:CA:FD:32",
                "00:1A:79:C5:2B:C8"
            ]
        },
        {
            "server_name": "line.boom-ott.ru",
            "server_url": "http://line.boom-ott.ru/c/",
            "macs": [
                "00:1A:79:D5:24:53",
                "00:1A:79:F1:EF:CA",
                "00:1A:79:35:48:5E",
                "00:1A:79:7F:7F:52",
                "00:1A:79:D0:16:20"
            ]
        },
        {
            "server_name": "pal.alphatx.me:80",
            "server_url": "http://pal.alphatx.me:80/c/",
            "macs": [
                "00:1A:79:00:00:00",
                "00:1A:79:00:00:11",
                "00:1A:79:00:00:25",
                "00:1A:79:00:00:39",
                "00:1A:79:00:00:78",
                "00:1A:79:00:00:97",
                "00:1A:79:00:01:04",
                "00:1A:79:00:01:07",
                "00:1A:79:00:01:E6",
                "00:1A:79:00:01:DF",
                "00:1A:79:00:01:FA"
            ]
        },
        {
            "server_name": "tv.indigotv.me",
            "server_url": "http://tv.indigotv.me/c/",
            "macs": [
                "00:1A:79:F8:73:78",
                "00:1A:79:43:ED:D4",
                "00:1A:79:4B:14:40",
                "00:1A:79:4C:9A:52",
                "00:1A:79:60:12:16",
                "00:1A:79:10:1B:4C",
                "00:1A:79:F9:3B:CD",
                "00:1A:79:17:BD:BA",
                "00:1A:79:31:34:27",
                "00:1A:79:CC:56:3B",
                "00:1A:79:F8:76:B7",
                "00:1A:79:42:01:5D",
                "00:1A:79:09:AC:16",
                "00:1A:79:17:BE:AE",
                "00:1A:79:7E:83:58",
                "00:1A:79:14:78:32",
                "00:1A:79:7E:83:58",
                "00:1A:79:A6:04:35"
            ]
        },
        {
            "server_name": "mag.premiumplus.tv",
            "server_url": "http://mag.premiumplus.tv/c/",
            "macs": [
                "00:1A:79:43:B0:09",
                "00:1A:79:57:A3:04",
                "00:1A:79:63:0F:02",
                "00:1A:79:BB:2B:38",
                "00:1A:79:70:93:BA",
                "00:1A:79:57:A3:04",
                "00:1A:79:C2:F9:5B",
                "00:1A:79:24:3B:4D",
                "00:1A:79:2D:26:47",
                "00:1A:79:D9:E9:61"
            ]
        },
        {
            "server_name": "ns31617126.ip-162-19-37.eu:8080",
            "server_url": "http://ns31617126.ip-162-19-37.eu:8080/c/",
            "macs": [
                "00:1A:79:44:FB:74",
                "00:1A:79:FB:56:7F",
                "00:1A:79:AE:6E:3D",
                "00:1A:79:CA:D3:E7",
                "00:1A:79:BF:6A:26",
                "00:1A:79:6F:1B:6F",
                "00:1A:79:B0:CD:6D",
                "00:1A:79:92:B3:C7",
                "00:1A:79:C4:0F:50",
                "00:1A:79:C7:C4:97",
                "00:1A:79:AE:A8:FC",
                "00:1A:79:AB:35:69",
                "00:1A:79:B5:08:2D",
                "00:1A:79:B3:63:1B",
                "00:1A:79:C4:40:24",
                "00:1A:79:FB:10:0E",
                "00:1A:79:C1:E3:8B",
                "00:1A:79:BA:AB:0E",
                "00:1A:79:C8:A7:0A"
            ]
        },
        {
            "server_name": "tvonpt.net",
            "server_url": "http://tvonpt.net/c/",
            "macs": [
                "00:1A:79:45:01:39",
                "00:1A:79:BB:4A:CF",
                "00:1A:79:BA:21:D1"
            ]
        },
        {
            "server_name": "smart.dukoow.net",
            "server_url": "http://smart.dukoow.net/c/",
            "macs": [
                "00:1A:79:08:ED:00"
            ]
        },
        {
            "server_name": "ojpc.live:8080",
            "server_url": "http://ojpc.live:8080/c/",
            "macs": [
                "00:1A:79:C6:AC:F5",
                "00:1A:79:C6:C0:1C",
                "00:1A:79:A7:A4:91",
                "00:1A:79:C1:DF:8E",
                "00:1A:79:BA:21:84",
                "00:1A:79:BA:87:54",
                "00:1A:79:AD:31:6E",
                "00:1A:79:C6:BF:9F",
                "00:1A:79:AB:41:49",
                "00:1A:79:AD:A0:82",
                "00:1A:79:AD:17:F1"
            ]
        },
        {
            "server_name": "tv.greatstar.me",
            "server_url": "http://tv.greatstar.me/c/",
            "macs": [
                "00:1A:79:D6:5F:B6",
                "00:1A:79:C2:B6:45",
                "00:1A:79:CA:81:5B",
                "00:1A:79:FB:39:E0",
                "00:1A:79:B8:74:BC",
                "00:1A:79:C4:04:B7",
                "00:1A:79:53:FA:73",
                "00:1A:79:AF:1A:80",
                "00:1A:79:5B:F3:5C",
                "00:1A:79:CE:05:24",
                "00:1A:79:23:42:20",
                "00:1A:79:2F:51:A9",
                "00:1A:79:B8:D8:01",
                "00:1A:79:90:EF:40"
            ]
        },
        {
            "server_name": "154.56.131.80:8080",
            "server_url": "http://154.56.131.80:8080/c/",
            "macs": [
                "00:1A:79:56:03:95",
                "00:1A:79:A2:FF:FC",
                "00:1A:79:69:D4:5D",
                "00:1A:79:AC:13:2F",
                "00:1A:79:44:FF:1A"
            ]
        },
        {
            "server_name": "iptv.darktv.in",
            "server_url": "http://iptv.darktv.in/c/",
            "macs": [
                "00:1a:79:dc:7f:fd",
                "00:1a:79:34:3f:f8",
                "00:1a:79:af:5f:a1",
                "00:1a:79:a9:ab:a6",
                "00:1a:79:48:65:93",
                "00:1a:79:4c:9b:8f",
                "00:1a:79:68:4a:98",
                "00:1a:79:76:5f:9e",
                "00:1a:79:0a:bd:5b"
            ]
        },
        {
            "server_name": "cineplus-hd.com:80",
            "server_url": "http://cineplus-hd.com:80/c/",
            "macs": [
                "00:1A:79:AB:5B:FA",
                "00:1a:79:75:95:99",
                "00:1a:79:be:5f:c6",
                "00:1A:79:5F:71:1C",
                "00:1A:79:B2:FD:5D"
            ]
        },
        {
            "server_name": "mutant.arrox.top",
            "server_url": "http://mutant.arrox.top/c/",
            "macs": [
                "00:1A:79:91:6D:0C",
                "00:1A:79:CD:2F:65",
                "00:1A:79:7D:55:C6",
                "00:1A:79:64:17:DA",
                "00:1A:79:B4:F2:E7"
            ]
        },
        {
            "server_name": "200.26.188.39",
            "server_url": "http://200.26.188.39/c/",
            "macs": [
                "00:1A:79:34:64:31",
                "00:1A:79:BD:25:FB",
                "00:1A:79:6F:63:A1"
            ]
        },
        {
            "server_name": "1.freepv.live:8080",
            "server_url": "http://1.freepv.live:8080/c/",
            "macs": [
                "00:1a:79:cc:a8:00",
                "00:1a:79:7a:eb:5f",
                "00:1a:79:93:59:e3",
                "00:1a:79:43:24:38",
                "00:1a:79:af:a3:c5",
                "00:1a:79:ba:22:d1",
                "00:1a:79:54:52:a2",
                "00:1a:79:a1:7f:8c",
                "00:1a:79:07:62:88",
                "00:1a:79:7b:ed:91",
                "00:1a:79:a1:9d:66"
            ]
        },
        {
            "server_name": "tkosportz.live:25461",
            "server_url": "http://tkosportz.live:25461/c/",
            "macs": [
                "00:1A:79:E5:88:C5"
            ]
        },
        {
            "server_name": "streamcode.one:2082",
            "server_url": "http://streamcode.one:2082/c/",
            "macs": [
                "00:1A:79:7E:B2:5F",
                "00:1A:79:6E:7A:64"
            ]
        },
        {
            "server_name": "m.suportline.xyz",
            "server_url": "http://m.suportline.xyz/stalker_portal/c/",
            "macs": [
                "00:1A:79:D3:BC:31",
                "00:1A:79:10:E9:98"
            ]
        }
    ]
}