{
    "items": [
        {
            "server_name": "pt.chape-shop.com:8080",
            "server_url": "http://pt.chape-shop.com:8080/c/",
            "macs": [
                "00:1A:79:C2:5D:AC",
                "00:1A:79:E0:04:45"
            ]
        },
        {
            "server_name": "kocaeli41.xyz:8000",
            "server_url": "http://kocaeli41.xyz:8000/c/",
            "macs": [
                "00:1A:79:75:BC:B7",
                "00:1A:79:F8:7C:4A"
            ]
        },
        {
            "server_name": "energyiptv.streamtv.to:8080",
            "server_url": "http://energyiptv.streamtv.to:8080/c/",
            "macs": [
                "00:1A:79:33:58:AD",
                "00:1A:79:41:57:DC",
                "00:1A:79:53:0A:0A",
                "00:1A:79:53:9F:C9",
                "00:1A:79:5F:27:DB",
                "00:1A:79:60:A0:63",
                "00:1A:79:6A:1F:29",
                "00:1A:79:6A:60:C0",
                "00:1A:79:AB:F3:F6",
                "00:1A:79:AE:36:84",
                "00:1A:79:AE:94:73",
                "00:1A:79:B5:5A:02",
                "00:1A:79:B5:63:7C",
                "00:1A:79:BC:58:C8",
                "00:1A:79:C2:09:2A",
                "00:1A:79:D1:A3:E7",
                "00:1A:79:D7:6C:77"
            ]
        },
        {
            "server_name": "desivicky.pktv.me",
            "server_url": "http://desivicky.pktv.me/stalker_portal/c/",
            "macs": [
                "00:1A:79:2A:A0:71",
                "00:1A:79:44:5C:DB"
            ]
        },
        {
            "server_name": "iptv.darkbox.nu:80",
            "server_url": "http://iptv.darkbox.nu:80/c/",
            "macs": [
                "00:1A:79:00:26:B9",
                "00:1A:79:00:3F:C9",
                "00:1A:79:00:45:E7",
                "00:1A:79:00:50:13"
            ]
        },
        {
            "server_name": "45.139.122.199:8080",
            "server_url": "http://45.139.122.199:8080/c/",
            "macs": [
                "00:1A:79:C7:76:37"
            ]
        },
        {
            "server_name": "21tv.net:2052",
            "server_url": "http://21tv.net:2052/c/",
            "macs": [
                "00:1A:79:57:9E:4B",
                "00:1A:79:82:06:3A",
                "00:1A:79:DD:EF:BE",
                "00:1A:79:DE:78:DC"
            ]
        },
        {
            "server_name": "4k.atomtv.cc:80",
            "server_url": "http://4k.atomtv.cc:80/stalker_portal/c/",
            "macs": [
                "00:1A:79:ED:FC:09"
            ]
        },
        {
            "server_name": "4kplus.org:80",
            "server_url": "http://4kplus.org:80/c/",
            "macs": [
                "00:1A:79:0B:BA:13",
                "00:1A:79:0D:1F:56",
                "00:1A:79:1C:04:3D",
                "00:1A:79:2D:DF:E2",
                "00:1A:79:30:8F:AA",
                "00:1A:79:30:9F:42",
                "00:1A:79:90:32:9C",
                "00:1A:79:AA:2F:CA",
                "00:1A:79:E5:88:A8",
                "00:1A:79:E5:88:CC",
                "00:1A:79:E5:91:F7",
                "00:1A:79:E6:43:F3",
                "00:1A:79:E6:53:69",
                "00:1A:79:E6:C7:DF",
                "00:1A:79:E6:D0:34",
                "00:1A:79:E6:D6:59",
                "00:1A:79:E6:D8:1A",
                "00:1A:79:E7:A6:60"
            ]
        },
        {
            "server_name": "streamcode.one:2082",
            "server_url": "http://streamcode.one:2082/c/",
            "macs": [
                "00:1A:79:07:86:2B",
                "00:1A:79:EC:CA:CD"
            ]
        },
        {
            "server_name": "otn20.com:8000",
            "server_url": "http://otn20.com:8000/c/",
            "macs": [
                "00:1A:79:08:43:7A",
                "00:1A:79:08:8F:33",
                "00:1A:79:2A:D2:82",
                "00:1A:79:45:21:8F",
                "00:1A:79:48:C0:EF",
                "00:1A:79:5C:F7:15",
                "00:1A:79:6A:6B:AB",
                "00:1A:79:89:C5:DA",
                "00:1A:79:8F:A5:9C",
                "00:1A:79:AE:A7:92",
                "00:1A:79:C6:4A:DD",
                "00:1A:79:D1:6B:77",
                "00:1A:79:DE:0B:FB"
            ]
        },
        {
            "server_name": "neroiptv.xyz:8080",
            "server_url": "http://neroiptv.xyz:8080/c/",
            "macs": [
                "00:1A:79:03:26:3B",
                "00:1A:79:53:9F:62",
                "00:1A:79:AA:25:B6",
                "00:1A:79:B3:D4:6E",
                "00:1A:79:B5:56:C5"
            ]
        },
        {
            "server_name": "maxzi.pro",
            "server_url": "http://maxzi.pro/c/",
            "macs": [
                "00:1A:79:0A:F7:14",
                "00:1A:79:47:FE:EC",
                "00:1A:79:4F:3D:8B",
                "00:1A:79:53:DC:31",
                "00:1A:79:65:DC:BD",
                "00:1A:79:73:0E:D1",
                "00:1A:79:75:83:C9",
                "00:1A:79:86:5F:F0",
                "00:1A:79:87:7D:C8",
                "00:1A:79:8E:60:EF",
                "00:1A:79:94:6D:04",
                "00:1A:79:BE:76:92",
                "00:1A:79:FA:2D:1D"
            ]
        },
        {
            "server_name": "192.99.19.27:8000",
            "server_url": "http://192.99.19.27:8000/c/",
            "macs": [
                "00:1A:79:0C:A3:8E",
                "00:1A:79:11:11:49",
                "00:1A:79:34:01:60",
                "00:1A:79:47:80:56",
                "00:1A:79:6D:0B:21",
                "00:1A:79:7F:AD:D0",
                "00:1A:79:86:93:75",
                "00:1A:79:94:B1:84",
                "00:1A:79:AE:10:74",
                "00:1A:79:BF:63:9E",
                "00:1A:79:EB:C6:4F"
            ]
        },
        {
            "server_name": "lordofthepings.xyz:8080",
            "server_url": "http://lordofthepings.xyz:8080/c/",
            "macs": [
                "00:1A:79:52:92:78",
                "00:1A:79:53:0C:91",
                "00:1A:79:53:65:69",
                "00:1A:79:B6:85:8D",
                "00:1A:79:BD:27:27",
                "00:1A:79:BD:27:30",
                "00:1A:79:C8:37:8A"
            ]
        },
        {
            "server_name": "pp.prison8break.com:8080",
            "server_url": "http://pp.prison8break.com:8080/c/",
            "macs": [
                "00:1A:79:A1:36:F5"
            ]
        },
        {
            "server_name": "asdktm.nenetwork.xyz:8080",
            "server_url": "http://asdktm.nenetwork.xyz:8080/c/",
            "macs": [
                "00:1A:79:35:92:52",
                "00:1A:79:35:96:0B",
                "00:1A:79:3A:9C:AA",
                "00:1A:79:AE:02:48",
                "00:1A:79:AF:56:5B",
                "00:1A:79:BB:38:E3"
            ]
        },
        {
            "server_name": "gtvstreams.me",
            "server_url": "http://gtvstreams.me/c/",
            "macs": [
                "00:1A:79:22:13:F6",
                "00:1A:79:5B:18:BF",
                "00:1A:79:A1:88:94",
                "00:1A:79:A1:CF:35",
                "00:1A:79:C2:92:49",
                "00:1A:79:C4:7B:BE",
                "00:1A:79:C7:C0:53"
            ]
        },
        {
            "server_name": "vip1.abtv.pro:8000",
            "server_url": "http://vip1.abtv.pro:8000/c/",
            "macs": [
                "00:1A:79:02:5F:0A"
            ]
        },
        {
            "server_name": "15.235.82.195:2052",
            "server_url": "http://15.235.82.195:2052/c/",
            "macs": [
                "00:1A:79:78:5F:EA"
            ]
        },
        {
            "server_name": "tvpro.vprotv.com:25443",
            "server_url": "http://tvpro.vprotv.com:25443/c/",
            "macs": [
                "00:1A:79:98:F7:77",
                "00:1A:79:AE:76:CC"
            ]
        },
        {
            "server_name": "tkosportz.live:25461",
            "server_url": "http://tkosportz.live:25461/c/",
            "macs": [
                "00:1A:79:00:01:CD",
                "00:1A:79:2D:DF:E2",
                "00:1A:79:73:75:04",
                "00:1A:79:E5:A5:B5",
                "00:1A:79:E5:C3:0B",
                "00:1A:79:E5:E7:4D",
                "00:1A:79:E5:E8:85",
                "00:1A:79:E6:04:E6",
                "00:1A:79:E6:06:31",
                "00:1A:79:E6:46:76",
                "00:1A:79:E6:50:AB",
                "00:1A:79:E6:50:EC",
                "00:1A:79:E6:51:5A",
                "00:1A:79:E6:53:11",
                "00:1A:79:E6:CC:8F",
                "00:1A:79:E6:CE:53",
                "00:1A:79:E6:DB:DC",
                "00:1A:79:E6:DE:70",
                "00:1A:79:E6:ED:8F",
                "00:1A:79:E7:0B:03",
                "00:1A:79:E7:59:CB",
                "00:1A:79:E7:AD:BC"
            ]
        },
        {
            "server_name": "51.91.57.198",
            "server_url": "http://51.91.57.198/stalker_portal/c/",
            "macs": [
                "00:1A:79:4A:3F:09",
                "00:1A:79:54:74:E4",
                "00:1A:79:BF:7A:1E",
                "00:1A:79:F8:BE:C8"
            ]
        },
        {
            "server_name": "zorrohunter.com",
            "server_url": "http://zorrohunter.com/c/",
            "macs": [
                "00:1A:79:93:E2:33",
                "00:1A:79:A3:6B:D2",
                "00:1A:79:FD:BD:48"
            ]
        },
        {
            "server_name": "m.suportline.xyz",
            "server_url": "http://m.suportline.xyz/stalker_portal/c/",
            "macs": [
                "00:1A:79:B4:83:BE"
            ]
        },
        {
            "server_name": "162.19.37.133:8080",
            "server_url": "http://162.19.37.133:8080/c/",
            "macs": [
                "00:1A:79:43:B0:E2",
                "00:1A:79:B0:BA:C7",
                "00:1A:79:B3:6B:DA",
                "00:1A:79:B6:67:BD",
                "00:1A:79:BA:72:3A",
                "00:1A:79:BD:9C:86",
                "00:1A:79:C5:40:F2",
                "00:1A:79:CA:EC:73",
                "00:1A:79:FB:0D:36"
            ]
        },
        {
            "server_name": "plugin.dovizip.com:80",
            "server_url": "http://plugin.dovizip.com:80/c/",
            "macs": [
                "00:1A:79:EF:13:A7"
            ]
        },
        {
            "server_name": "kijiji30151.cdngold.me:80",
            "server_url": "http://kijiji30151.cdngold.me:80/c/",
            "macs": [
                "00:1A:79:00:59:E5"
            ]
        },
        {
            "server_name": "wiking.live:8880",
            "server_url": "http://wiking.live:8880/c/",
            "macs": [
                "00:1A:79:01:7F:7E"
            ]
        },
        {
            "server_name": "birutv.my.id",
            "server_url": "http://birutv.my.id/c/",
            "macs": [
                "00:1A:79:24:3F:D0"
            ]
        },
        {
            "server_name": "redmonkeytv.com:8080",
            "server_url": "http://redmonkeytv.com:8080/c/",
            "macs": [
                "00:1A:79:53:98:08"
            ]
        },
        {
            "server_name": "21tv.net:8789",
            "server_url": "http://21tv.net:8789/c/",
            "macs": [
                "00:1A:79:FC:9F:06"
            ]
        },
        {
            "server_name": "dream4ktv.info:2082",
            "server_url": "http://dream4ktv.info:2082/c/",
            "macs": [
                "00:1A:79:01:01:64"
            ]
        },
        {
            "server_name": "deno.zebra.tel:80",
            "server_url": "http://deno.zebra.tel:80/c/",
            "macs": [
                "00:1A:79:00:00:99"
            ]
        },
        {
            "server_name": "marius8.com:8080",
            "server_url": "http://marius8.com:8080/c/",
            "macs": [
                "00:1A:79:80:1F:96"
            ]
        },
        {
            "server_name": "humiptv.live:8080",
            "server_url": "http://humiptv.live:8080/c/",
            "macs": [
                "00:1A:79:D2:3D:87"
            ]
        },
        {
            "server_name": "s2.startv.biz",
            "server_url": "http://s2.startv.biz/stalker_portal/c/",
            "macs": [
                "00:1A:79:E5:B3:E8"
            ]
        },
        {
            "server_name": "cf.bayi2.site:8080",
            "server_url": "http://cf.bayi2.site:8080/c/",
            "macs": [
                "00:1A:79:4C:6A:A1"
            ]
        },
        {
            "server_name": "sab20.superstream.best:8080",
            "server_url": "http://sab20.superstream.best:8080/c/",
            "macs": [
                "00:1A:79:01:81:31"
            ]
        },
        {
            "server_name": "103.76.130.33:13107",
            "server_url": "http://103.76.130.33:13107/c/",
            "macs": [
                "00:1A:79:A1:84:D4"
            ]
        },
        {
            "server_name": "hellohaha.blagh.cc:13107",
            "server_url": "http://hellohaha.blagh.cc:13107/c/",
            "macs": [
                "00:1A:79:B9:90:DD"
            ]
        },
        {
            "server_name": "roxs.xyz",
            "server_url": "http://roxs.xyz/c/",
            "macs": [
                "00:1A:79:44:1D:CF"
            ]
        },
        {
            "server_name": "eclipsepro.co.uk:8080",
            "server_url": "http://eclipsepro.co.uk:8080/c/",
            "macs": [
                "00:1A:79:79:86:CC",
                "00:1A:79:B8:6D:06"
            ]
        },
        {
            "server_name": "ispy1.click:8080",
            "server_url": "http://ispy1.click:8080/c/",
            "macs": [
                "00:1A:79:26:02:CD"
            ]
        },
        {
            "server_name": "mtiede.one:8080",
            "server_url": "http://mtiede.one:8080/c/",
            "macs": [
                "00:1A:79:03:B9:04"
            ]
        },
        {
            "server_name": "95.216.41.50:8080",
            "server_url": "http://95.216.41.50:8080/c/",
            "macs": [
                "00:1A:79:4B:67:87"
            ]
        },
        {
            "server_name": "4kgoott.com:2052",
            "server_url": "http://4kgoott.com:2052/c/",
            "macs": [
                "00:1A:79:3F:A6:F7",
                "00:1A:79:65:B0:92",
                "00:1A:79:7F:1E:84",
                "00:1A:79:8C:D7:DA",
                "00:1A:79:A6:21:FF",
                "00:1A:79:AE:3E:88"
            ]
        },
        {
            "server_name": "zenlink.link",
            "server_url": "http://zenlink.link/c/",
            "macs": [
                "00:1A:79:11:69:2E",
                "00:1A:79:4F:3B:16",
                "00:1A:79:5D:38:71",
                "00:1A:79:7D:9B:45",
                "00:1A:79:B0:A1:A7"
            ]
        },
        {
            "server_name": "flumine.cc",
            "server_url": "http://flumine.cc/stalker_portal/c/",
            "macs": [
                "00:1A:79:64:E2:44"
            ]
        },
        {
            "server_name": "ln.tabox.in:24651",
            "server_url": "http://ln.tabox.in:24651/c/",
            "macs": [
                "00:1A:79:4E:70:85"
            ]
        },
        {
            "server_name": "ipwebtv.dyndns.tv:8000",
            "server_url": "http://ipwebtv.dyndns.tv:8000/c/",
            "macs": [
                "00:1A:79:0C:BB:68",
                "00:1A:79:A9:A5:EB"
            ]
        },
        {
            "server_name": "localiptv.site:85",
            "server_url": "http://localiptv.site:85/c/",
            "macs": [
                "00:1A:79:44:9B:FC"
            ]
        },
        {
            "server_name": "rufus.zone",
            "server_url": "http://rufus.zone/stalker_portal/c/",
            "macs": [
                "00:1A:79:D5:64:94"
            ]
        },
        {
            "server_name": "vip2102.112421.net:2050",
            "server_url": "http://vip2102.112421.net:2050/c/",
            "macs": [
                "00:1A:79:54:37:75"
            ]
        },
        {
            "server_name": "185.243.7.154",
            "server_url": "http://185.243.7.154/c/",
            "macs": [
                "00:1A:79:54:27:DB",
                "00:1A:79:C1:4E:7E"
            ]
        },
        {
            "server_name": "kamikaze.ooguy.com",
            "server_url": "http://kamikaze.ooguy.com/c/",
            "macs": [
                "00:1A:79:70:06:1D"
            ]
        },
        {
            "server_name": "93.119.105.62:25461",
            "server_url": "http://93.119.105.62:25461/c/",
            "macs": [
                "00:1A:79:31:2F:10",
                "00:1A:79:B3:9F:90"
            ]
        },
        {
            "server_name": "7.iptvon.tv.123tv.to:8080",
            "server_url": "http://7.iptvon.tv.123tv.to:8080/c/",
            "macs": [
                "00:1A:79:9C:2C:03",
                "00:1A:79:A7:C4:8F"
            ]
        },
        {
            "server_name": "mag.ukhd.tv",
            "server_url": "http://mag.ukhd.tv/c/",
            "macs": [
                "00:1A:79:40:6C:7B",
                "00:1A:79:64:48:AE"
            ]
        },
        {
            "server_name": "tv.premiumplus.tv",
            "server_url": "http://tv.premiumplus.tv/c/",
            "macs": [
                "00:1A:79:02:FE:01",
                "00:1A:79:1D:7C:F9"
            ]
        },
        {
            "server_name": "zippy.streamtv.to:8080",
            "server_url": "http://zippy.streamtv.to:8080/c/",
            "macs": [
                "00:1A:79:AE:79:5F",
                "00:1A:79:AF:5C:58",
                "00:1A:79:C7:04:54"
            ]
        },
        {
            "server_name": "stb5.rucolor.tv",
            "server_url": "http://stb5.rucolor.tv/stalker_portal/c/",
            "macs": [
                "00:1A:79:7A:0C:AD"
            ]
        },
        {
            "server_name": "honeywatch.net",
            "server_url": "http://honeywatch.net/c/",
            "macs": [
                "00:1A:79:24:14:EA",
                "00:1A:79:5E:0E:74",
                "00:1A:79:6A:86:44",
                "00:1A:79:B5:88:0F",
                "00:1A:79:B5:9B:A4"
            ]
        },
        {
            "server_name": "zupanet.live:8080",
            "server_url": "http://zupanet.live:8080/c/",
            "macs": [
                "00:1A:79:0F:96:7C",
                "00:1A:79:5A:E4:A3",
                "00:1A:79:66:A3:11",
                "00:1A:79:69:05:E5",
                "00:1A:79:80:F4:87",
                "00:1A:79:98:07:3A",
                "00:1A:79:CC:08:3D"
            ]
        },
        {
            "server_name": "line.greatstar.me",
            "server_url": "http://line.greatstar.me/c/",
            "macs": [
                "00:1A:79:66:4E:EF",
                "00:1A:79:AF:0B:75",
                "00:1A:79:B0:56:C3",
                "00:1A:79:B8:C1:CC",
                "00:1A:79:C5:F4:D2"
            ]
        }
    ]
}