{
    "items": [
        {
            "server_name": "tkosportz.live:25461",
            "server_url": "http://tkosportz.live:25461/c/",
            "macs": [
                "00:1A:79:6F:41:E0",
                "00:1A:79:E5:E2:7A",
                "00:1A:79:E6:03:87",
                "00:1A:79:E6:51:97"
            ]
        },
        {
            "server_name": "esesfero.mine.nu:3800",
            "server_url": "http://esesfero.mine.nu:3800/c/",
            "macs": [
                "00:1A:79:03:1C:FA"
            ]
        },
        {
            "server_name": "ch.bosstv.live:8080",
            "server_url": "http://ch.bosstv.live:8080/c/",
            "macs": [
                "00:1A:79:4B:6B:64"
            ]
        },
        {
            "server_name": "glavonja.work:5115",
            "server_url": "http://glavonja.work:5115/c/",
            "macs": [
                "00:1A:79:AD:E9:01"
            ]
        },
        {
            "server_name": "tv.tvzon.tv",
            "server_url": "http://tv.tvzon.tv/stalker_portal/c/",
            "macs": [
                "00:1A:79:62:1F:A9"
            ]
        },
        {
            "server_name": "z.zkat.me",
            "server_url": "http://z.zkat.me/stalker_portal/c/",
            "macs": [
                "00:1A:79:40:B8:80"
            ]
        },
        {
            "server_name": "tissl.club:8080",
            "server_url": "http://tissl.club:8080/c/",
            "macs": [
                "00:1A:79:08:8E:0D",
                "00:1A:79:15:4F:ED",
                "00:1A:79:3C:4A:A7",
                "00:1A:79:3D:99:42",
                "00:1A:79:40:84:F9",
                "00:1A:79:54:D7:FD",
                "00:1A:79:69:28:C8",
                "00:1A:79:AA:8A:77"
            ]
        },
        {
            "server_name": "starshare.live:8080",
            "server_url": "http://starshare.live:8080/c/",
            "macs": [
                "00:1A:79:58:77:2F",
                "00:1A:79:70:78:F3",
                "00:1A:79:7E:D6:C8",
                "00:1A:79:8D:BF:A7",
                "00:1A:79:AF:A4:CA",
                "00:1A:79:B5:18:26",
                "00:1A:79:C8:53:2A"
            ]
        },
        {
            "server_name": "162.19.37.133:8080",
            "server_url": "http://162.19.37.133:8080/c/",
            "macs": [
                "00:1A:79:FB:3C:BB"
            ]
        },
        {
            "server_name": "200.26.188.39",
            "server_url": "http://200.26.188.39/c/",
            "macs": [
                "00:1A:79:0B:B9:98",
                "00:1A:79:2B:1D:59",
                "00:1A:79:34:64:31"
            ]
        },
        {
            "server_name": "new.ivue.co:25461",
            "server_url": "http://new.ivue.co:25461/c/",
            "macs": [
                "00:1A:79:09:C4:73",
                "00:1A:79:44:2A:0F",
                "00:1A:79:50:57:90",
                "00:1A:79:53:77:1F",
                "00:1A:79:57:93:FC",
                "00:1A:79:5C:94:F2",
                "00:1A:79:BB:D8:6F",
                "00:1A:79:C0:05:12"
            ]
        },
        {
            "server_name": "erdin1.com:8000",
            "server_url": "http://erdin1.com:8000/c/",
            "macs": [
                "00:1A:79:0E:96:E0",
                "00:1A:79:20:4F:D1",
                "00:1A:79:2E:58:2D",
                "00:1A:79:32:76:F3",
                "00:1A:79:3F:04:2C",
                "00:1A:79:40:3A:AB",
                "00:1A:79:4A:5A:BF",
                "00:1A:79:4A:D8:98",
                "00:1A:79:4E:B6:EA",
                "00:1A:79:50:D3:2A",
                "00:1A:79:57:9A:7C",
                "00:1A:79:5A:2F:CB",
                "00:1A:79:6D:9C:6C",
                "00:1A:79:76:35:A9",
                "00:1A:79:AF:63:9F",
                "00:1A:79:FB:1A:FE"
            ]
        },
        {
            "server_name": "4connect.link",
            "server_url": "http://4connect.link/c/",
            "macs": [
                "00:1A:79:5D:64:06",
                "00:1A:79:5D:88:81",
                "00:1A:79:6A:E2:E4",
                "00:1A:79:78:39:04",
                "00:1A:79:80:63:0E",
                "00:1A:79:B5:0D:63",
                "00:1A:79:DD:0E:FC",
                "00:1A:79:E9:A0:EA",
                "00:1A:79:F3:66:97"
            ]
        },
        {
            "server_name": "exyubalkan-iptv.com.streamtv.to:8080",
            "server_url": "http://exyubalkan-iptv.com.streamtv.to:8080/c/",
            "macs": [
                "00:1A:79:38:06:99",
                "00:1A:79:5A:9D:6D",
                "00:1A:79:AD:AD:AB",
                "00:1A:79:CA:E7:8E",
                "00:1A:79:CB:78:F7"
            ]
        },
        {
            "server_name": "mutant.arrox.top",
            "server_url": "http://mutant.arrox.top/c/",
            "macs": [
                "00:1A:79:0E:24:19",
                "00:1A:79:17:20:88",
                "00:1A:79:1E:14:F8",
                "00:1A:79:1E:8F:0C",
                "00:1A:79:3B:07:47",
                "00:1A:79:5C:FE:59",
                "00:1A:79:66:1D:7D",
                "00:1A:79:7A:7D:2B",
                "00:1A:79:90:02:2D",
                "00:1A:79:9D:7B:5C",
                "00:1A:79:A5:FD:CF",
                "00:1A:79:B5:1E:78",
                "00:1A:79:BC:01:EC",
                "00:1A:79:BF:74:69",
                "00:1A:79:D0:3F:4A",
                "00:1A:79:D4:6F:EC",
                "00:1A:79:F5:29:4D"
            ]
        },
        {
            "server_name": "dp-elite.net:2095",
            "server_url": "http://dp-elite.net:2095/c/",
            "macs": [
                "00:1A:79:55:9C:98",
                "00:1A:79:BB:6A:52",
                "00:1A:79:C3:E0:08"
            ]
        },
        {
            "server_name": "3e34w7hy7uk-yk.11121367.xyz:8080",
            "server_url": "http://3e34w7hy7uk-yk.11121367.xyz:8080/c/",
            "macs": [
                "00:1A:79:AE:E4:C8"
            ]
        },
        {
            "server_name": "zepequeno.xyz:8080",
            "server_url": "http://zepequeno.xyz:8080/c/",
            "macs": [
                "00:1A:79:4E:66:81",
                "00:1A:79:A6:82:3E",
                "00:1A:79:B5:B2:F0",
                "00:1A:79:C6:DA:5B",
                "00:1A:79:CE:2B:8C"
            ]
        },
        {
            "server_name": "balkan-live.net",
            "server_url": "http://balkan-live.net/c/",
            "macs": [
                "00:1A:79:3E:07:28",
                "00:1A:79:56:21:62",
                "00:1A:79:67:4B:A5",
                "00:1A:79:75:7A:02"
            ]
        },
        {
            "server_name": "ip.xtremetv.eu:8000",
            "server_url": "http://ip.xtremetv.eu:8000/c/",
            "macs": [
                "00:1A:79:2E:41:8C",
                "00:1A:79:45:EF:3D",
                "00:1A:79:45:F5:34"
            ]
        },
        {
            "server_name": "lovor.work:5115",
            "server_url": "http://lovor.work:5115/c/",
            "macs": [
                "00:1A:79:A1:AC:F7"
            ]
        },
        {
            "server_name": "4k.spicetv.cc",
            "server_url": "http://4k.spicetv.cc/stalker_portal/c/",
            "macs": [
                "00:1A:79:B3:E3:AC",
                "00:1A:79:E6:75:F5"
            ]
        },
        {
            "server_name": "vip2102.112421.net:2050",
            "server_url": "http://vip2102.112421.net:2050/c/",
            "macs": [
                "00:1A:79:0A:B1:FD"
            ]
        },
        {
            "server_name": "line.iptveros.com:8000",
            "server_url": "http://line.iptveros.com:8000/c/",
            "macs": [
                "00:1A:79:3C:45:A1",
                "00:1A:79:8C:00:B2"
            ]
        },
        {
            "server_name": "51.91.57.198",
            "server_url": "http://51.91.57.198/stalker_portal/c/",
            "macs": [
                "00:1A:79:32:6A:44",
                "00:1A:79:41:50:E3",
                "00:1A:79:6E:CE:3F",
                "00:1A:79:72:73:71",
                "00:1A:79:78:C5:7E"
            ]
        },
        {
            "server_name": "mag.premiumplus.tv",
            "server_url": "http://mag.premiumplus.tv/c/",
            "macs": [
                "00:1A:79:30:91:AE",
                "00:1A:79:54:52:B5",
                "00:1A:79:66:4F:B5",
                "00:1A:79:71:F8:4E",
                "00:1A:79:A7:3B:E1",
                "00:1A:79:B1:22:DB",
                "00:1A:79:B5:9F:25",
                "00:1A:79:BD:85:DA",
                "00:1A:79:C6:8B:99",
                "00:1A:79:E6:FC:25"
            ]
        },
        {
            "server_name": "mag.greatott.me",
            "server_url": "http://mag.greatott.me/c/",
            "macs": [
                "00:1A:79:5E:40:3F",
                "00:1A:79:A8:81:D2"
            ]
        },
        {
            "server_name": "too4youall.net:8080",
            "server_url": "http://too4youall.net:8080/c/",
            "macs": [
                "00:1A:79:AE:2B:9E",
                "00:1A:79:C1:B3:95"
            ]
        },
        {
            "server_name": "77.74.193.158:88",
            "server_url": "http://77.74.193.158:88/stalker_portal/c/",
            "macs": [
                "00:1A:79:33:64:65"
            ]
        },
        {
            "server_name": "10431-plan.ott-cdn.me",
            "server_url": "http://10431-plan.ott-cdn.me/c/",
            "macs": [
                "00:1A:79:58:14:EF"
            ]
        },
        {
            "server_name": "mag.marsweb.co",
            "server_url": "http://mag.marsweb.co/c/",
            "macs": [
                "00:1A:79:37:38:66",
                "00:1A:79:3D:B5:71",
                "00:1A:79:80:7F:D0",
                "00:1A:79:C5:6C:16"
            ]
        }
    ]
}