{
    "items": [
        {
            "server_name": "bluespain4k.xyz",
            "server_url": "http://bluespain4k.xyz/c/",
            "macs": [
                "00:1A:79:74:41:DF"
            ]
        },
        {
            "server_name": "portal.ramz123.xyz:8080",
            "server_url": "http://portal.ramz123.xyz:8080/c/",
            "macs": [
                "00:1A:79:3B:10:CC",
                "00:1A:79:A6:7D:B6",
                "00:1A:79:A9:30:15",
                "00:1A:79:AD:86:2E",
                "00:1A:79:B2:57:54",
                "00:1A:79:B3:1F:59",
                "00:1A:79:B3:90:60",
                "00:1A:79:BE:59:81"
            ]
        },
        {
            "server_name": "162.19.37.133:8080",
            "server_url": "http://162.19.37.133:8080/c/",
            "macs": [
                "00:1A:79:18:72:30",
                "00:1A:79:22:15:C5",
                "00:1A:79:3A:B3:3D",
                "00:1A:79:56:EC:D7",
                "00:1A:79:59:89:BC",
                "00:1A:79:72:73:E1",
                "00:1A:79:A3:BA:5A",
                "00:1A:79:AA:CC:83",
                "00:1A:79:AC:FD:0B",
                "00:1A:79:AD:79:03",
                "00:1A:79:AE:83:0A",
                "00:1A:79:B0:D8:0A",
                "00:1A:79:B2:37:95",
                "00:1A:79:B2:38:44",
                "00:1A:79:B3:87:69",
                "00:1A:79:B3:95:2D",
                "00:1A:79:B7:1B:63",
                "00:1A:79:B8:70:69",
                "00:1A:79:B8:92:06",
                "00:1A:79:B9:0E:10",
                "00:1A:79:B9:4C:47",
                "00:1A:79:BA:5C:3C",
                "00:1A:79:BE:54:73",
                "00:1A:79:BF:3E:30",
                "00:1A:79:BF:40:9D",
                "00:1A:79:C0:02:E0",
                "00:1A:79:C3:B5:7D",
                "00:1A:79:C3:C0:C5",
                "00:1A:79:C7:82:90",
                "00:1A:79:C8:87:6B",
                "00:1A:79:CB:78:8B",
                "00:1A:79:CC:1A:45",
                "00:1A:79:CC:60:85",
                "00:1A:79:CD:30:89",
                "00:1A:79:D0:2C:C7",
                "00:1A:79:D2:1A:F9",
                "00:1A:79:D2:1E:27",
                "00:1A:79:D2:2B:AC",
                "00:1A:79:D3:B1:08",
                "00:1A:79:FB:21:03",
                "00:1A:79:FB:3D:EF"
            ]
        },
        {
            "server_name": "line.boom-ott.ru",
            "server_url": "http://line.boom-ott.ru/c/",
            "macs": [
                "00:1A:79:65:AB:95"
            ]
        },
        {
            "server_name": "optimus-tv.org:8080",
            "server_url": "http://optimus-tv.org:8080/c/",
            "macs": [
                "00:1A:79:A0:E3:02",
                "00:1A:79:A1:ED:FA"
            ]
        },
        {
            "server_name": "hdmiclub.online:8080",
            "server_url": "http://hdmiclub.online:8080/c/",
            "macs": [
                "00:1A:79:C2:D1:BD"
            ]
        },
        {
            "server_name": "main.light-ott.net",
            "server_url": "http://main.light-ott.net/c/",
            "macs": [
                "00:1A:79:D0:01:CA"
            ]
        },
        {
            "server_name": "tkosportz.live:25461",
            "server_url": "http://tkosportz.live:25461/c/",
            "macs": [
                "00:1A:79:E6:49:C2",
                "00:1A:79:E6:4E:68"
            ]
        },
        {
            "server_name": "zepequeno.xyz:8080",
            "server_url": "http://zepequeno.xyz:8080/c/",
            "macs": [
                "00:1A:79:5B:EB:69",
                "00:1A:79:AF:59:83"
            ]
        },
        {
            "server_name": "154.16.143.181:8080",
            "server_url": "http://154.16.143.181:8080/c/",
            "macs": [
                "00:1A:79:68:8D:CB"
            ]
        },
        {
            "server_name": "fx-lv.com:8080",
            "server_url": "http://fx-lv.com:8080/c/",
            "macs": [
                "00:1A:79:B2:34:BC"
            ]
        },
        {
            "server_name": "tv.greatstar.me",
            "server_url": "http://tv.greatstar.me/c/",
            "macs": [
                "00:1A:79:12:F6:C2",
                "00:1A:79:21:0C:69",
                "00:1A:79:24:14:C1",
                "00:1A:79:2C:3F:EB",
                "00:1A:79:56:7E:09"
            ]
        },
        {
            "server_name": "1.gujaratsat.live",
            "server_url": "http://1.gujaratsat.live/c/",
            "macs": [
                "00:1A:79:0D:BA:51",
                "00:1A:79:0F:4F:86",
                "00:1A:79:10:E3:6C",
                "00:1A:79:15:0C:4B",
                "00:1A:79:2E:29:98",
                "00:1A:79:53:04:B9",
                "00:1A:79:67:BE:26",
                "00:1A:79:6C:8B:DD",
                "00:1A:79:74:BF:44",
                "00:1A:79:7B:D5:EE",
                "00:1A:79:84:B7:7F",
                "00:1A:79:CE:8E:35",
                "00:1A:79:EF:46:A6"
            ]
        },
        {
            "server_name": "portal.entertainmentxl.com:8080",
            "server_url": "http://portal.entertainmentxl.com:8080/c/",
            "macs": [
                "00:1A:79:76:3A:1F",
                "00:1A:79:C0:89:5D"
            ]
        },
        {
            "server_name": "nunal.livrexs.xyz",
            "server_url": "http://nunal.livrexs.xyz/c/",
            "macs": [
                "00:1A:79:A2:C7:6A",
                "00:1A:79:AF:83:55",
                "00:1A:79:C1:EE:98"
            ]
        },
        {
            "server_name": "ip.sltv.xyz:8080",
            "server_url": "http://ip.sltv.xyz:8080/c/",
            "macs": [
                "00:1A:79:05:E0:B8",
                "00:1A:79:C2:F6:44",
                "00:1A:79:EC:DC:0A"
            ]
        },
        {
            "server_name": "sonymax.org:8080",
            "server_url": "http://sonymax.org:8080/c/",
            "macs": [
                "00:1A:79:02:F9:8A",
                "00:1A:79:03:0F:29",
                "00:1A:79:05:46:C0",
                "00:1A:79:11:78:D5",
                "00:1A:79:12:DD:AB",
                "00:1A:79:14:9D:AA",
                "00:1A:79:20:D4:DD",
                "00:1A:79:29:6F:83",
                "00:1A:79:35:CE:71",
                "00:1A:79:37:B6:0C",
                "00:1A:79:38:2C:4B",
                "00:1A:79:43:82:61",
                "00:1A:79:43:BA:E9",
                "00:1A:79:4C:C3:F7",
                "00:1A:79:6B:C8:AE",
                "00:1A:79:6B:E0:FE",
                "00:1A:79:72:9A:BB",
                "00:1A:79:7A:02:16",
                "00:1A:79:7C:6F:76",
                "00:1A:79:91:D3:DE",
                "00:1A:79:98:C6:79",
                "00:1A:79:A3:13:67",
                "00:1A:79:A4:82:E7",
                "00:1A:79:B1:03:E3",
                "00:1A:79:B9:70:01",
                "00:1A:79:B9:74:8C",
                "00:1A:79:BA:81:5F",
                "00:1A:79:C1:FC:63",
                "00:1A:79:C4:06:78",
                "00:1A:79:C7:EB:37",
                "00:1A:79:D9:D5:00",
                "00:1A:79:F0:05:BE"
            ]
        },
        {
            "server_name": "world.marvelhd.eu:8000",
            "server_url": "http://world.marvelhd.eu:8000/c/",
            "macs": [
                "00:1A:79:41:2E:22",
                "00:1A:79:49:DF:1B",
                "00:1A:79:4D:97:F2",
                "00:1A:79:5E:0C:66",
                "00:1A:79:7D:55:46",
                "00:1A:79:A3:A5:2F",
                "00:1A:79:B1:70:93",
                "00:1A:79:BB:2E:44"
            ]
        },
        {
            "server_name": "145.239.198.16:88",
            "server_url": "http://145.239.198.16:88/stalker_portal/c/",
            "macs": [
                "00:1A:79:65:39:30"
            ]
        },
        {
            "server_name": "wtc05.mi20.cc",
            "server_url": "http://wtc05.mi20.cc/stalker_portal/c/",
            "macs": [
                "00:1A:79:66:06:2B",
                "00:1A:79:75:E3:00",
                "00:1A:79:E5:8D:6E",
                "00:1A:79:F0:57:36",
                "00:1A:79:F1:E2:6D"
            ]
        },
        {
            "server_name": "line.chktv.xyz",
            "server_url": "http://line.chktv.xyz/c/",
            "macs": [
                "00:1A:79:5E:65:8A"
            ]
        },
        {
            "server_name": "185.243.7.154",
            "server_url": "http://185.243.7.154/c/",
            "macs": [
                "00:1A:79:27:6C:BE",
                "00:1A:79:A4:37:E4",
                "00:1A:79:BC:62:83",
                "00:1A:79:BC:A9:9B"
            ]
        }
    ]
}