{
    "items": [
        {
            "server_name": "elite-tv.co:80",
            "server_url": "http://elite-tv.co:80/c/",
            "macs": [
                "00:1A:79:01:81:01",
                "00:1A:79:02:D0:A9",
                "00:1A:79:04:76:A9",
                "00:1A:79:04:A7:38",
                "00:1A:79:04:B9:27",
                "00:1A:79:05:89:B2",
                "00:1A:79:08:ED:4C",
                "00:1A:79:08:F4:9B",
                "00:1A:79:0C:27:9D",
                "00:1A:79:13:17:3D",
                "00:1A:79:17:7A:B3",
                "00:1A:79:19:35:E6"
            ]
        },
        {
            "server_name": "line.greatstar.me",
            "server_url": "http://line.greatstar.me/c/",
            "macs": [
                "00:1A:79:03:D5:AD",
                "00:1A:79:0C:FD:7C",
                "00:1A:79:11:5F:CA",
                "00:1A:79:11:6F:A0",
                "00:1A:79:17:7F:78",
                "00:1A:79:17:A9:98",
                "00:1A:79:1E:06:C3",
                "00:1A:79:21:93:91",
                "00:1A:79:22:E6:8F",
                "00:1A:79:28:CE:A6",
                "00:1A:79:2A:5A:DA",
                "00:1A:79:2C:5F:02",
                "00:1A:79:32:9D:57",
                "00:1A:79:32:C0:24",
                "00:1A:79:32:C9:A3",
                "00:1A:79:36:4F:05",
                "00:1A:79:3D:27:58",
                "00:1A:79:45:7E:51",
                "00:1A:79:45:B2:23",
                "00:1A:79:47:A0:23",
                "00:1A:79:4B:F0:22",
                "00:1A:79:4C:0D:51",
                "00:1A:79:4D:5D:D6",
                "00:1A:79:50:C4:F5",
                "00:1A:79:51:12:9F",
                "00:1A:79:52:97:3A",
                "00:1A:79:55:86:AB",
                "00:1A:79:5E:C0:A2",
                "00:1A:79:66:63:36",
                "00:1A:79:6C:1B:5D",
                "00:1A:79:72:21:BA",
                "00:1A:79:75:6F:07",
                "00:1A:79:75:A0:3D",
                "00:1A:79:77:0F:A0",
                "00:1A:79:79:2F:65",
                "00:1A:79:79:DA:9F",
                "00:1A:79:7A:66:46",
                "00:1A:79:7A:D5:33",
                "00:1A:79:7C:B6:19",
                "00:1A:79:81:70:06",
                "00:1A:79:96:6B:1A",
                "00:1A:79:A1:22:86",
                "00:1A:79:AA:71:82",
                "00:1A:79:AB:55:0B",
                "00:1A:79:AE:FB:CC",
                "00:1A:79:B0:33:C3",
                "00:1A:79:B3:98:31",
                "00:1A:79:B4:80:E4",
                "00:1A:79:B4:F2:60",
                "00:1A:79:B4:FD:20",
                "00:1A:79:B5:86:8F",
                "00:1A:79:B5:8B:CB",
                "00:1A:79:B7:84:60",
                "00:1A:79:B9:B0:54",
                "00:1A:79:BC:0B:7F",
                "00:1A:79:BC:69:29",
                "00:1A:79:BE:36:FE",
                "00:1A:79:C0:01:73",
                "00:1A:79:C2:BE:4C",
                "00:1A:79:C3:E0:7D",
                "00:1A:79:C5:6C:9C",
                "00:1A:79:C7:04:48",
                "00:1A:79:C9:20:F0",
                "00:1A:79:CE:F3:4E",
                "00:1A:79:D1:83:05",
                "00:1A:79:D9:12:35",
                "00:1A:79:DD:9E:4A",
                "00:1A:79:DD:EB:09",
                "00:1A:79:DF:FB:33",
                "00:1A:79:E5:04:7D",
                "00:1A:79:E6:65:30",
                "00:1A:79:E7:D3:3A",
                "00:1A:79:FA:07:8F",
                "00:1A:79:FA:8C:97"
            ]
        }
    ]
}