{
    "items": [
        {
            "server_name": "fultv.sytes.net:8080",
            "server_url": "http://fultv.sytes.net:8080/c/",
            "macs": [
                "00:1A:79:6F:09:11",
                "00:1A:79:70:49:95",
                "00:1A:79:90:D6:BE",
                "00:1A:79:A3:B1:59"
            ]
        },
        {
            "server_name": "mutant.arrox.top:80",
            "server_url": "http://mutant.arrox.top:80/c/",
            "macs": [
                "00:1A:79:00:02:01",
                "00:1A:79:00:02:B0",
                "00:1A:79:01:9F:B3",
                "00:1A:79:1A:F8:5B",
                "00:1A:79:47:34:06",
                "00:1A:79:48:04:D6",
                "00:1A:79:4C:0A:1F",
                "00:1A:79:61:30:36",
                "00:1A:79:AE:7D:22",
                "00:1A:79:B6:DE:F4"
            ]
        },
        {
            "server_name": "neptun2022.pro:8080",
            "server_url": "http://neptun2022.pro:8080/c/",
            "macs": [
                "00:1A:79:3F:04:41",
                "00:1A:79:45:87:D8",
                "00:1A:79:45:A0:DB",
                "00:1A:79:55:EE:D9",
                "00:1A:79:57:8F:A0",
                "00:1A:79:66:CC:9A",
                "00:1A:79:6E:EB:C0"
            ]
        },
        {
            "server_name": "piorto5i6f7.ddns.net",
            "server_url": "http://piorto5i6f7.ddns.net/c/",
            "macs": [
                "00:1A:79:B6:01:9D",
                "00:1A:79:B9:42:F2"
            ]
        },
        {
            "server_name": "premiumtv4k.ottct.pro:80",
            "server_url": "http://premiumtv4k.ottct.pro:80/c/",
            "macs": [
                "00:1A:79:05:9B:8E",
                "00:1A:79:23:69:1D",
                "00:1A:79:2F:34:40",
                "00:1A:79:2F:DE:10",
                "00:1A:79:50:CE:D2",
                "00:1A:79:50:D9:99",
                "00:1A:79:5B:93:50",
                "00:1A:79:5D:22:46",
                "00:1A:79:64:32:63",
                "00:1A:79:78:C9:49",
                "00:1A:79:79:3C:46",
                "00:1A:79:7C:9F:01",
                "00:1A:79:7D:7C:7C",
                "00:1A:79:7F:AF:7D",
                "00:1A:79:A9:08:30",
                "00:1A:79:A9:79:CF",
                "00:1A:79:AC:2A:10",
                "00:1A:79:B3:0A:C2",
                "00:1A:79:B4:79:7C",
                "00:1A:79:B5:50:4B",
                "00:1A:79:B9:2D:1F",
                "00:1A:79:BC:FA:7D",
                "00:1A:79:BD:51:09",
                "00:1A:79:C6:F8:B0",
                "00:1A:79:C7:9B:7D",
                "00:1A:79:F5:D7:10"
            ]
        },
        {
            "server_name": "vip.goldtv.org:8080",
            "server_url": "http://vip.goldtv.org:8080/c/",
            "macs": [
                "00:1A:79:23:5B:5F",
                "00:1A:79:30:01:1A",
                "00:1A:79:38:05:94",
                "00:1A:79:BF:B9:F9",
                "00:1A:79:C5:07:5D"
            ]
        },
        {
            "server_name": "darktv.eu:80",
            "server_url": "http://darktv.eu:80/c/",
            "macs": [
                "00:1A:79:01:64:E0",
                "00:1A:79:05:F9:94",
                "00:1A:79:08:48:E4",
                "00:1A:79:0A:D2:EE",
                "00:1A:79:10:11:91",
                "00:1A:79:14:14:A0",
                "00:1A:79:17:47:BB",
                "00:1A:79:1B:E2:59",
                "00:1A:79:23:BA:5C",
                "00:1A:79:24:83:2C",
                "00:1A:79:24:CB:C1",
                "00:1A:79:27:05:AF",
                "00:1A:79:2D:51:FD",
                "00:1A:79:2D:F7:D0",
                "00:1A:79:43:E3:BA",
                "00:1A:79:46:22:C7",
                "00:1A:79:57:10:05",
                "00:1A:79:57:A3:5C",
                "00:1A:79:5E:96:13",
                "00:1A:79:69:6C:80",
                "00:1A:79:71:02:16",
                "00:1A:79:72:AE:3C",
                "00:1A:79:73:0F:A7",
                "00:1A:79:7A:07:92",
                "00:1A:79:7A:7B:C5",
                "00:1A:79:81:47:71",
                "00:1A:79:8C:1C:10",
                "00:1A:79:8E:D4:76",
                "00:1A:79:8F:E1:86",
                "00:1A:79:93:AF:66",
                "00:1A:79:96:2A:FC",
                "00:1A:79:9E:0A:6C",
                "00:1A:79:A3:5F:6E",
                "00:1A:79:A9:EC:E8",
                "00:1A:79:AF:9F:5E",
                "00:1A:79:BA:A0:E6",
                "00:1A:79:BD:2A:15",
                "00:1A:79:C9:AE:A9",
                "00:1A:79:E9:E9:0D",
                "00:1A:79:F5:04:E1",
                "00:1A:79:FC:1F:FC"
            ]
        }
    ]
}