{
    "items": [
        {
            "server_name": "new.ivue.co:25461",
            "server_url": "http://new.ivue.co:25461/c/",
            "macs": [
                "00:1A:79:0A:A4:E0",
                "00:1A:79:11:11:11",
                "00:1A:79:1B:03:DE",
                "00:1A:79:36:B4:AD",
                "00:1A:79:46:53:50",
                "00:1A:79:46:C3:74",
                "00:1A:79:52:97:78",
                "00:1A:79:54:00:0E",
                "00:1A:79:57:4D:C4",
                "00:1A:79:5A:58:CD",
                "00:1A:79:5D:88:DE",
                "00:1A:79:64:0F:B1",
                "00:1A:79:6A:D8:38",
                "00:1A:79:6B:D7:91",
                "00:1A:79:6C:DA:2B",
                "00:1A:79:70:01:88",
                "00:1A:79:77:5E:84",
                "00:1A:79:77:EA:EA",
                "00:1A:79:78:01:42",
                "00:1A:79:78:16:18",
                "00:1A:79:82:B0:AD",
                "00:1A:79:8C:44:0C",
                "00:1A:79:A4:D5:27",
                "00:1A:79:AA:6B:DE",
                "00:1A:79:B5:B4:0C",
                "00:1A:79:B8:48:62",
                "00:1A:79:B8:4D:1E",
                "00:1A:79:B8:4E:5A",
                "00:1A:79:B8:4E:61",
                "00:1A:79:B8:4E:76",
                "00:1A:79:B8:4E:77",
                "00:1A:79:C0:05:27",
                "00:1A:79:C5:F9:10",
                "00:1A:79:C9:31:5A",
                "00:1A:79:CF:29:A7",
                "00:1A:79:D5:E2:DD",
                "00:1A:79:FE:A1:2D"
            ]
        },
        {
            "server_name": "dragoniptv.de:80",
            "server_url": "http://dragoniptv.de:80/c/",
            "macs": [
                "00:1A:79:40:03:B8",
                "00:1A:79:4E:2D:60",
                "00:1A:79:52:C6:30",
                "00:1A:79:55:68:79",
                "00:1A:79:5A:D2:06",
                "00:1A:79:A1:30:EF",
                "00:1A:79:A1:C6:CB",
                "00:1A:79:A2:0A:29",
                "00:1A:79:A2:0A:65",
                "00:1A:79:F9:7F:C6"
            ]
        },
        {
            "server_name": "tvkijken.xyz:8080",
            "server_url": "http://tvkijken.xyz:8080/c/",
            "macs": [
                "00:1A:79:BA:D2:A1",
                "00:1A:79:BC:39:D3",
                "00:1A:79:C7:0F:B3"
            ]
        },
        {
            "server_name": "dns20.xyz",
            "server_url": "http://dns20.xyz/c/",
            "macs": [
                "00:1A:79:B9:C2:13"
            ]
        },
        {
            "server_name": "cms.saiyan.xyz",
            "server_url": "http://cms.saiyan.xyz/c/",
            "macs": [
                "00:1A:79:02:3A:34",
                "00:1A:79:06:BF:0C",
                "00:1A:79:0A:5F:37",
                "00:1A:79:1E:52:B1",
                "00:1A:79:31:2F:6B",
                "00:1A:79:42:9A:BE",
                "00:1A:79:44:D2:66",
                "00:1A:79:5D:01:EC",
                "00:1A:79:66:27:93",
                "00:1A:79:68:F9:43",
                "00:1A:79:72:C1:8B",
                "00:1A:79:73:2F:61",
                "00:1A:79:74:BA:A3",
                "00:1A:79:78:8E:B1",
                "00:1A:79:7D:D9:3E",
                "00:1A:79:89:66:CE",
                "00:1A:79:B1:23:AE",
                "00:1A:79:B1:6F:B5",
                "00:1A:79:B3:1D:AE",
                "00:1A:79:B3:78:52",
                "00:1A:79:B6:A8:25",
                "00:1A:79:BA:1E:4B",
                "00:1A:79:BB:F8:C4",
                "00:1A:79:BC:2A:6C",
                "00:1A:79:C0:8C:DA",
                "00:1A:79:C3:0E:2F",
                "00:1A:79:C4:0C:7F",
                "00:1A:79:DC:07:5B",
                "00:1A:79:E3:56:7C",
                "00:1A:79:EE:EB:EE",
                "00:1A:79:F9:7E:26"
            ]
        },
        {
            "server_name": "m.ktlsattv.com",
            "server_url": "http://m.ktlsattv.com/c/",
            "macs": [
                "00:1A:79:1A:01:32",
                "00:1A:79:6D:8A:5C"
            ]
        },
        {
            "server_name": "optimus-tv.org:8080",
            "server_url": "http://optimus-tv.org:8080/c/",
            "macs": [
                "00:1A:79:F4:36:40"
            ]
        },
        {
            "server_name": "10431-plan.ott-cdn.me",
            "server_url": "http://10431-plan.ott-cdn.me/c/",
            "macs": [
                "00:1A:79:BE:3A:11"
            ]
        },
        {
            "server_name": "51.91.57.198",
            "server_url": "http://51.91.57.198/stalker_portal/c/",
            "macs": [
                "00:1A:79:58:C5:F5",
                "00:1A:79:74:3D:45",
                "00:1A:79:76:08:84"
            ]
        },
        {
            "server_name": "51.159.70.234",
            "server_url": "http://51.159.70.234/stalker_portal/c/",
            "macs": [
                "00:1A:79:06:2C:D5",
                "00:1A:79:06:C0:AC",
                "00:1A:79:72:F5:0E",
                "00:1A:79:7A:FB:E3",
                "00:1A:79:88:C6:1A"
            ]
        },
        {
            "server_name": "tkichi.t4t4.xyz",
            "server_url": "http://tkichi.t4t4.xyz/c/",
            "macs": [
                "00:1A:79:46:5C:8B",
                "00:1A:79:6D:AA:F3",
                "00:1A:79:C3:7C:EB"
            ]
        },
        {
            "server_name": "speed-gaz.xyz",
            "server_url": "http://speed-gaz.xyz/c/",
            "macs": [
                "00:1A:79:B9:A5:C2"
            ]
        },
        {
            "server_name": "roxs.xyz",
            "server_url": "http://roxs.xyz/c/",
            "macs": [
                "00:1A:79:11:5F:BF"
            ]
        },
        {
            "server_name": "invale.party",
            "server_url": "http://invale.party/c/",
            "macs": [
                "00:1A:79:C5:05:56"
            ]
        },
        {
            "server_name": "77.74.193.158:88",
            "server_url": "http://77.74.193.158:88/stalker_portal/c/",
            "macs": [
                "00:1A:79:84:2C:A0"
            ]
        },
        {
            "server_name": "hellas.sltv.pw:8080",
            "server_url": "http://hellas.sltv.pw:8080/c/",
            "macs": [
                "00:1A:79:E9:72:B1"
            ]
        },
        {
            "server_name": "mag.ukhd.tv",
            "server_url": "http://mag.ukhd.tv/c/",
            "macs": [
                "00:1A:79:19:46:E6",
                "00:1A:79:23:3F:91",
                "00:1A:79:31:E9:56",
                "00:1A:79:39:5B:92",
                "00:1A:79:3F:1A:3F",
                "00:1A:79:44:74:1D",
                "00:1A:79:9C:54:68",
                "00:1A:79:A1:37:26",
                "00:1A:79:A4:0F:A8",
                "00:1A:79:AF:5C:8A",
                "00:1A:79:C6:8F:2C",
                "00:1A:79:C8:2D:0E",
                "00:1A:79:D1:D8:1C"
            ]
        },
        {
            "server_name": "brutus.biz:2082",
            "server_url": "http://brutus.biz:2082/c/",
            "macs": [
                "00:1A:79:D8:1B:CC"
            ]
        }
    ]
}