{
    "items": [
        {
            "server_name": "10431-plan.ott-cdn.me:80",
            "server_url": "http://10431-plan.ott-cdn.me:80/c/",
            "macs": [
                "00:1A:79:F0:2D:1B",
                "00:1A:79:C8:3F:22"
            ]
        },
        {
            "server_name": "uhd3.one",
            "server_url": "http://uhd3.one/c/",
            "macs": [
                "00:1A:79:7A:B0:F6",
                "00:1A:79:A9:BE:21",
                "00:1A:79:C7:0E:09",
                "00:1A:79:B5:27:FC",
                "00:1A:79:CE:ED:CC",
                "00:1A:79:13:ED:B0"
            ]
        },
        {
            "server_name": "catirtv.ddns.me:8080",
            "server_url": "http://catirtv.ddns.me:8080/c/",
            "macs": [
                "00:1A:79:C3:8F:32",
                "00:1A:79:24:AD:99"
            ]
        },
        {
            "server_name": "unovpn.fastgo.cam:8080",
            "server_url": "http://unovpn.fastgo.cam:8080/c/",
            "macs": [
                "00:1a:79:09:49:B7",
                "00:1a:79:08:60:D6",
                "00:1a:79:07:13:E8",
                "00:1a:79:07:9F:73",
                "00:1a:79:08:51:F6",
                "00:1a:79:08:E1:BA",
                "00:1a:79:08:E6:27"
            ]
        },
        {
            "server_name": "hans_monika.streamtv.to:8080",
            "server_url": "http://hans_monika.streamtv.to:8080/c/",
            "macs": [
                "00:1A:79:C7:F7:A6"
            ]
        },
        {
            "server_name": "107.189.14.168:8080",
            "server_url": "http://107.189.14.168:8080/c/",
            "macs": [
                "00:1A:79:70:4D:CF"
            ]
        },
        {
            "server_name": "stb.homeiptv.org",
            "server_url": "http://stb.homeiptv.org/stalker_portal/c/",
            "macs": [
                "00:1A:79:04:6C:B6"
            ]
        },
        {
            "server_name": "p1.iptvrocket.tv",
            "server_url": "http://p1.iptvrocket.tv/c/",
            "macs": [
                "00:1A:79:3B:33:E4"
            ]
        },
        {
            "server_name": "mag.ugoiptv.com",
            "server_url": "http://mag.ugoiptv.com/c/",
            "macs": [
                "00:1A:79:25:6C:EB",
                "00:1A:79:C3:C5:C7"
            ]
        },
        {
            "server_name": "restream.globaltv1.net:8080",
            "server_url": "http://restream.globaltv1.net:8080/c/",
            "macs": [
                "00:1A:79:C0:97:07"
            ]
        },
        {
            "server_name": "drks.info:8080",
            "server_url": "http://drks.info:8080/c/",
            "macs": [
                "00:1A:79:7E:EB:2A",
                "00:1A:79:6A:A7:3C",
                "00:1A:79:49:1B:64",
                "00:1A:79:33:5B:D6",
                "00:1A:79:3F:22:D3",
                "00:1A:79:60:7B:57",
                "00:1A:79:6B:06:D6"
            ]
        },
        {
            "server_name": "mag.ukhd.tv:80",
            "server_url": "http://mag.ukhd.tv:80/c/",
            "macs": [
                "00:1a:79:00:A9:24",
                "00:1a:79:00:AA:00",
                "00:1a:79:00:AB:2B",
                "00:1a:79:00:AD:BE",
                "00:1a:79:00:AE:BC",
                "00:1a:79:00:AD:73",
                "00:1a:79:00:AF:30",
                "00:1a:79:00:AE:CF",
                "00:1a:79:00:AF:A4",
                "00:1a:79:00:AF:D1",
                "00:1a:79:00:B2:26",
                "00:1a:79:00:B2:C8",
                "00:1a:79:00:B5:A8",
                "00:1a:79:00:B8:42",
                "00:1A:79:5C:23:CB"
            ]
        },
        {
            "server_name": "apk.androidtrex.com",
            "server_url": "http://apk.androidtrex.com/c/",
            "macs": [
                "00:1A:79:FB:39:E0",
                "00:1A:79:B8:74:BC",
                "00:1A:79:C6:98:4F",
                "00:1A:79:CA:81:5B",
                "00:1A:79:C4:04:B7",
                "00:1A:79:B5:4A:02",
                "00:1A:79:C7:E2:CC",
                "00:1A:79:3A:0C:88",
                "00:1A:79:FB:06:C8",
                "00:1A:79:44:FB:09",
                "00:1A:79:23:42:20",
                "00:1A:79:53:FA:73",
                "00:1A:79:FF:04:32",
                "00:1A:79:BC:BD:F3",
                "00:1A:79:D5:06:B4",
                "00:1A:79:5B:F3:5C"
            ]
        },
        {
            "server_name": "vip2102.112421.net:2050",
            "server_url": "http://vip2102.112421.net:2050/c/",
            "macs": [
                "00:1A:79:2C:86:0F",
                "00:1A:79:61:30:31",
                "00:1A:79:26:6F:F3",
                "00:1A:79:10:06:24",
                "00:1A:79:6A:8F:37",
                "00:1A:79:58:5F:75",
                "00:1A:79:92:4F:2D",
                "00:1A:79:5E:87:49",
                "00:1A:79:26:00:46",
                "00:1A:79:78:5F:98",
                "00:1A:79:75:5F:97",
                "00:1A:79:89:8F:89",
                "00:1A:79:7C:3F:32",
                "00:1A:79:77:5F:17"
            ]
        },
        {
            "server_name": "tr.simotvgold.com",
            "server_url": "http://tr.simotvgold.com/c/",
            "macs": [
                "00:1A:79:68:45:10",
                "00:1A:79:6F:83:14",
                "00:1A:79:5E:6F:14",
                "00:1A:79:1C:14:2F",
                "00:1A:79:01:66:33",
                "00:1A:79:F0:97:05",
                "00:1A:79:0E:6F:50",
                "00:1A:79:33:F2:95",
                "00:1A:79:2A:3F:36",
                "00:1A:79:BE:AB:08",
                "00:1A:79:BE:27:D3",
                "00:1A:79:B8:E4:E9",
                "00:1A:79:56:96:C0",
                "00:1A:79:CE:D6:92",
                "00:1A:79:A2:C4:57"
            ]
        },
        {
            "server_name": "alexiptv.ddns.me:8080",
            "server_url": "http://alexiptv.ddns.me:8080/c/",
            "macs": [
                "00:1A:79:D1:FF:DB",
                "00:1A:79:B0:BE:4A",
                "00:1A:79:C1:91:FD",
                "00:1A:79:B0:95:22",
                "00:1A:79:CA:DB:73",
                "00:1A:79:C5:F4:A1",
                "00:1A:79:B5:66:CE",
                "00:1A:79:C1:E6:4B",
                "00:1A:79:C7:DD:4D",
                "00:1A:79:B5:2E:3C",
                "00:1A:79:C6:AE:7F",
                "00:1A:79:E3:ED:0C",
                "00:1A:79:6D:A7:D0"
            ]
        },
        {
            "server_name": "45.139.122.199:8080",
            "server_url": "http://45.139.122.199:8080/c/",
            "macs": [
                "00:1A:79:BF:E8:AD",
                "00:1A:79:CD:F9:E1",
                "00:1A:79:B7:29:E1",
                "00:1A:79:C8:7C:6F",
                "00:1A:79:BD:BB:22",
                "00:1A:79:B5:07:4C",
                "00:1A:79:96:8D:8F",
                "00:1A:79:52:CC:35",
                "00:1A:79:B8:84:C4",
                "00:1A:79:5E:35:B1",
                "00:1A:79:46:6C:21",
                "00:1A:79:C8:64:80",
                "00:1A:79:B8:83:57",
                "00:1A:79:B5:D2:FD",
                "00:1A:79:B4:49:A5",
                "00:1A:79:69:8F:27",
                "00:1A:79:6A:15:98"
            ]
        },
        {
            "server_name": "danita.xyz",
            "server_url": "http://danita.xyz/c/",
            "macs": [
                "00:1A:79:64:03:E2",
                "00:1A:79:51:57:FB",
                "00:1A:79:66:88:78",
                "00:1A:79:61:95:85",
                "00:1A:79:62:8E:5A",
                "00:1A:79:60:8D:33",
                "00:1A:79:62:31:61",
                "00:1A:79:57:50:AC",
                "00:1A:79:51:71:68",
                "00:1A:79:59:79:8F",
                "00:1A:79:64:33:40",
                "00:1A:79:54:17:5F",
                "00:1A:79:57:5D:02",
                "00:1A:79:7F:63:23"
            ]
        },
        {
            "server_name": "hanaiptv.com:8080",
            "server_url": "http://hanaiptv.com:8080/c/",
            "macs": [
                "00:1A:79:C3:20:01",
                "00:1A:79:CB:9D:10",
                "00:1A:79:B5:12:96"
            ]
        },
        {
            "server_name": "tv.indigotv.me",
            "server_url": "http://tv.indigotv.me/c/",
            "macs": [
                "00:1A:79:F3:9F:F5",
                "00:1A:79:C1:9A:8C",
                "00:1A:79:B0:A9:0C",
                "00:1A:79:CC:56:3B",
                "00:1A:79:A4:26:62"
            ]
        },
        {
            "server_name": "llllllllliiiiiiiiiiiiii.funtogether.xyz:8080",
            "server_url": "http://llllllllliiiiiiiiiiiiii.funtogether.xyz:8080/c/",
            "macs": [
                "00:1a:79:05:DE:AD",
                "00:1a:79:05:DE:B0",
                "00:1a:79:05:EE:67",
                "00:1a:79:05:F5:F2",
                "00:1a:79:06:4D:7D",
                "00:1a:79:06:57:10",
                "00:1a:79:06:5D:87",
                "00:1a:79:06:7C:98",
                "00:1a:79:06:C8:79",
                "00:1a:79:07:13:E8",
                "00:1a:79:07:1C:CB"
            ]
        },
        {
            "server_name": "mag.ukhd.tv:80",
            "server_url": "http://mag.ukhd.tv:80/c/",
            "macs": [
                "00:1a:79:00:A9:24",
                "00:1a:79:00:AA:00",
                "00:1a:79:00:AB:2B",
                "00:1a:79:00:AD:BE",
                "00:1a:79:00:AE:BC",
                "00:1a:79:00:AD:73",
                "00:1a:79:00:AF:30",
                "00:1a:79:00:AE:CF",
                "00:1a:79:00:AF:A4",
                "00:1a:79:00:AF:D1",
                "00:1a:79:00:B2:26",
                "00:1a:79:00:B2:C8",
                "00:1a:79:00:B5:A8",
                "00:1a:79:00:B8:42"
            ]
        },
        {
            "server_name": "line.gofast-tv.me",
            "server_url": "http://line.gofast-tv.me/c/",
            "macs": [
                "00:1A:79:32:C6:CA",
                "00:1A:79:9D:7E:A9",
                "00:1A:79:4E:D5:7F",
                "00:1A:79:21:F2:A1",
                "00:1A:79:E6:C4:E5",
                "00:1A:79:C2:F4:FC",
                "00:1A:79:32:C3:02",
                "00:1A:79:86:21:7B",
                "00:1A:79:B8:E0:5E",
                "00:1A:79:C3:6E:CD",
                "00:1A:79:1F:A0:9A",
                "00:1A:79:A1:67:A4",
                "00:1A:79:8C:08:D6",
                "00:1A:79:79:93:FF"
            ]
        },
        {
            "server_name": "main.light-ott.net",
            "server_url": "http://main.light-ott.net/c/",
            "macs": [
                "00:1A:79:00:2D:61",
                "00:1A:79:00:29:3B",
                "00:1A:79:00:21:B6"
            ]
        },
        {
            "server_name": "stalker.ugoiptv.com",
            "server_url": "http://stalker.ugoiptv.com/c/",
            "macs": [
                "00:1A:79:8E:6A:D6"
            ]
        }
    ]
}