{
    "items": [
        {
            "server_name": "1.germany4k.xyz:8080",
            "server_url": "http://1.germany4k.xyz:8080/c/",
            "macs": [
                "00:1A:79:21:DB:33",
                "00:1A:79:3B:5C:80",
                "00:1A:79:60:4D:8C",
                "00:1A:79:64:E3:C9",
                "00:1A:79:6A:B9:4F",
                "00:1A:79:E0:03:52"
            ]
        },
        {
            "server_name": "brokentv.rip:8080",
            "server_url": "http://brokentv.rip:8080/c/",
            "macs": [
                "00:1A:79:3A:08:59",
                "00:1A:79:64:DF:BB"
            ]
        },
        {
            "server_name": "194.76.0.140",
            "server_url": "http://194.76.0.140/c/",
            "macs": [
                "00:1A:79:1E:14:F8",
                "00:1A:79:1E:8F:0C",
                "00:1A:79:43:74:59",
                "00:1A:79:5C:FE:59",
                "00:1A:79:66:1D:7D",
                "00:1A:79:7A:7D:2B",
                "00:1A:79:A5:FD:CF",
                "00:1A:79:B5:1E:78",
                "00:1A:79:BC:01:EC",
                "00:1A:79:BF:74:69",
                "00:1A:79:D4:6F:EC",
                "00:1A:79:F5:29:4D"
            ]
        },
        {
            "server_name": "onmax.pro",
            "server_url": "http://onmax.pro/c/",
            "macs": [
                "00:1A:79:33:44:55"
            ]
        },
        {
            "server_name": "exm3u.123tv.to:8080",
            "server_url": "http://exm3u.123tv.to:8080/c/",
            "macs": [
                "00:1A:79:94:0F:23",
                "00:1A:79:B8:8C:AF",
                "00:1A:79:D0:06:A6"
            ]
        },
        {
            "server_name": "erdin1.com:8000",
            "server_url": "http://erdin1.com:8000/c/",
            "macs": [
                "00:1A:79:08:F7:B7",
                "00:1A:79:54:D7:97"
            ]
        },
        {
            "server_name": "zupanet.live:8080",
            "server_url": "http://zupanet.live:8080/c/",
            "macs": [
                "00:1A:79:1F:10:2D",
                "00:1A:79:4C:08:51",
                "00:1A:79:55:86:E8",
                "00:1A:79:A2:A1:D1"
            ]
        },
        {
            "server_name": "portal.free-net.tv",
            "server_url": "http://portal.free-net.tv/stalker_portal/c/",
            "macs": [
                "00:1A:79:6E:E9:1F"
            ]
        },
        {
            "server_name": "iup-tv.com:8080",
            "server_url": "http://iup-tv.com:8080/c/",
            "macs": [
                "00:1A:79:A1:5E:CB"
            ]
        },
        {
            "server_name": "hdmiclub.online:8080",
            "server_url": "http://hdmiclub.online:8080/c/",
            "macs": [
                "00:1A:79:0C:F8:5C",
                "00:1A:79:A1:36:FA",
                "00:1A:79:A7:BF:D0",
                "00:1A:79:AB:50:32",
                "00:1A:79:AB:51:79",
                "00:1A:79:AC:CC:7F",
                "00:1A:79:C0:8F:62",
                "00:1A:79:C1:C6:87",
                "00:1A:79:CD:1C:98",
                "00:1A:79:D0:08:8D",
                "00:1A:79:D2:A1:21"
            ]
        },
        {
            "server_name": "king.viviotv.xyz",
            "server_url": "http://king.viviotv.xyz/c/",
            "macs": [
                "00:1A:79:50:72:4D",
                "00:1A:79:55:B2:15",
                "00:1A:79:67:DA:FB",
                "00:1A:79:86:F4:EC",
                "00:1A:79:97:72:C1"
            ]
        },
        {
            "server_name": "m.tvmera.com",
            "server_url": "http://m.tvmera.com/c/",
            "macs": [
                "00:1A:79:08:43:7E",
                "00:1A:79:30:AC:E4",
                "00:1A:79:A5:A8:67"
            ]
        },
        {
            "server_name": "45.139.122.199:8080",
            "server_url": "http://45.139.122.199:8080/c/",
            "macs": [
                "00:1A:79:2D:8E:5B",
                "00:1A:79:B4:31:B2",
                "00:1A:79:B8:74:6B",
                "00:1A:79:CC:5C:1C"
            ]
        }
    ]
}