{
    "items": [
        {
            "server_name": "pro.maxhd.eu:8080",
            "server_url": "http://pro.maxhd.eu:8080/c/",
            "macs": [
                "00:1a:79:bc:ec:ea",
                "00:1a:79:a5:60:ee",
                "00:1a:79:02:a8:e2",
                "00:1a:79:05:e6:95"
            ]
        },
        {
            "server_name": "world.marvelhd.eu:8000",
            "server_url": "http://world.marvelhd.eu:8000/c/",
            "macs": [
                "00:1A:79:66:F6:08",
                "00:1A:79:75:8D:EF"
            ]
        },
        {
            "server_name": "mag.marsweb.co",
            "server_url": "http://mag.marsweb.co/c/",
            "macs": [
                "00:1A:79:0E:12:20",
                "00:1A:79:19:1A:E5",
                "00:1A:79:BA:5E:5A",
                "00:1A:79:C7:80:B8",
                "00:1A:79:FF:04:CC",
                "00:1A:79:1D:0E:6E",
                "00:1A:79:8A:E4:1F",
                "00:1A:79:18:B8:9C"
            ]
        }
    ]
}