{
    "items": [
        {
            "server_name": "ragnartvpars.com:8080",
            "server_url": "http://ragnartvpars.com:8080/c/",
            "macs": [
                "00:1A:79:00:02:4B",
                "00:1A:79:00:03:B5",
                "00:1A:79:00:43:D4",
                "00:1A:79:00:45:D3",
                "00:1A:79:00:48:D9"
            ]
        },
        {
            "server_name": "51.159.70.234",
            "server_url": "http://51.159.70.234/stalker_portal/c/",
            "macs": [
                "00:1A:79:2F:A9:1E",
                "00:1A:79:58:9A:02",
                "00:1A:79:62:48:26",
                "00:1A:79:63:62:02",
                "00:1A:79:6D:FA:DA",
                "00:1A:79:6E:7A:8D",
                "00:1A:79:71:4D:BD",
                "00:1A:79:79:84:AE",
                "00:1A:79:7A:E8:AD",
                "00:1A:79:8A:94:E2",
                "00:1A:79:8B:EB:91",
                "00:1A:79:8F:8D:81",
                "00:1A:79:93:B3:87",
                "00:1A:79:AB:5E:D7",
                "00:1A:79:AE:10:27",
                "00:1A:79:BA:7F:D6",
                "00:1A:79:CB:69:4B",
                "00:1A:79:F2:57:BD"
            ]
        },
        {
            "server_name": "iptv.jinbox.eu:1339",
            "server_url": "http://iptv.jinbox.eu:1339/c/",
            "macs": [
                "00:1A:79:36:B8:8B",
                "00:1A:79:36:B8:D7",
                "00:1A:79:3C:5A:32",
                "00:1A:79:50:1C:84",
                "00:1A:79:50:21:11",
                "00:1A:79:9F:7F:A6",
                "00:1A:79:A1:19:B2",
                "00:1A:79:A1:1A:FB",
                "00:1A:79:A1:84:AD",
                "00:1A:79:A1:FD:C5",
                "00:1A:79:A2:09:E9",
                "00:1A:79:A2:6D:EB",
                "00:1A:79:A2:8C:3A",
                "00:1A:79:A2:BF:3B",
                "00:1A:79:AA:D2:0A",
                "00:1A:79:AB:C8:69",
                "00:1A:79:B7:2C:A7",
                "00:1A:79:C8:2B:1B",
                "00:1A:79:FC:8F:7D",
                "00:1A:79:FF:75:86"
            ]
        },
        {
            "server_name": "balkanika.club:2082",
            "server_url": "http://balkanika.club:2082/c/",
            "macs": [
                "00:1A:79:B9:AF:F8"
            ]
        },
        {
            "server_name": "brutus.biz:2082",
            "server_url": "http://brutus.biz:2082/c/",
            "macs": [
                "00:1A:79:B9:AF:F8"
            ]
        },
        {
            "server_name": "pro.xviptv.com",
            "server_url": "http://pro.xviptv.com/c/",
            "macs": [
                "00:1A:79:5D:91:93",
                "00:1A:79:75:61:E8",
                "00:1A:79:B2:03:88"
            ]
        },
        {
            "server_name": "starshare.live:8080",
            "server_url": "http://starshare.live:8080/c/",
            "macs": [
                "00:1A:79:71:43:99",
                "00:1A:79:7B:1C:DE",
                "00:1A:79:9C:1A:45"
            ]
        },
        {
            "server_name": "plustv.ws:80",
            "server_url": "http://plustv.ws:80/c/",
            "macs": [
                "00:1A:79:27:3F:45",
                "00:1A:79:32:1F:86",
                "00:1A:79:42:EE:84",
                "00:1A:79:B1:7D:A8",
                "00:1A:79:DB:31:81"
            ]
        },
        {
            "server_name": "45.139.122.199:8080",
            "server_url": "http://45.139.122.199:8080/c/",
            "macs": [
                "00:1A:79:0C:9C:7A",
                "00:1A:79:24:6F:56",
                "00:1A:79:47:F4:DB",
                "00:1A:79:58:CF:C8",
                "00:1A:79:5E:FB:31",
                "00:1A:79:64:19:17",
                "00:1A:79:64:93:51",
                "00:1A:79:90:97:11",
                "00:1A:79:A7:DA:39",
                "00:1A:79:AB:E6:64",
                "00:1A:79:AE:7B:AA",
                "00:1A:79:AE:E0:FE",
                "00:1A:79:B9:6C:5F",
                "00:1A:79:B9:D6:A5",
                "00:1A:79:C4:07:F2",
                "00:1A:79:C5:3D:A9",
                "00:1A:79:D4:A6:C3",
                "00:1A:79:EB:34:57",
                "00:1A:79:F8:C0:50"
            ]
        }
    ]
}