{
    "items": [
        {
            "server_name": "mypaste.fun.gentv.to:8080",
            "server_url": "http://mypaste.fun.gentv.to:8080/c/",
            "macs": [
                "00:1a:79:b7:28:62"
            ]
        },
        {
            "server_name": "4connect.link",
            "server_url": "http://4connect.link/c/",
            "macs": [
                "00:1a:79:ad:7f:26"
            ]
        },
        {
            "server_name": "ultra-box.club",
            "server_url": "http://ultra-box.club/c/",
            "macs": [
                "00:1A:79:C4:09:41"
            ]
        },
        {
            "server_name": "iptv.maxlacress.com",
            "server_url": "http://iptv.maxlacress.com/c/",
            "macs": [
                "00:1A:79:73:6E:B7",
                "00:1A:79:74:D7:81",
                "00:1A:79:73:BA:26"
            ]
        },
        {
            "server_name": "invale.party:80",
            "server_url": "http://invale.party:80/c/",
            "macs": [
                "00:1A:79:31:F7:B8",
                "00:1A:79:31:E7:7F"
            ]
        }
    ]
}