{
    "items": [
        {
            "server_name": "tp.nxdns4.com:8080",
            "server_url": "http://tp.nxdns4.com:8080/c/",
            "macs": [
                "00:1A:79:20:0F:2F",
                "00:1A:79:20:1F:0D",
                "00:1A:79:20:1F:1B",
                "00:1A:79:20:3F:58",
                "00:1A:79:20:3F:67",
                "00:1A:79:20:3F:6A",
                "00:1A:79:20:3F:89",
                "00:1A:79:20:3F:9C"
            ]
        },
        {
            "server_name": "mag.ukhd.tv",
            "server_url": "http://mag.ukhd.tv/c/",
            "macs": [
                "00:1A:79:FA:41:75"
            ]
        },
        {
            "server_name": "iptv.darkbox.nu",
            "server_url": "http://iptv.darkbox.nu/c/",
            "macs": [
                "00:1A:79:45:50:A8"
            ]
        },
        {
            "server_name": "owliptv.gentv.to:8080",
            "server_url": "http://owliptv.gentv.to:8080/c/",
            "macs": [
                "00:1A:79:A4:CE:90"
            ]
        },
        {
            "server_name": "bosst.net:80",
            "server_url": "http://bosst.net:80/c/",
            "macs": [
                "00:1A:79:41:0F:1C"
            ]
        },
        {
            "server_name": "boss.zengplus.xyz:80",
            "server_url": "http://boss.zengplus.xyz:80/c/",
            "macs": [
                "00:1A:79:36:B1:60"
            ]
        },
        {
            "server_name": "red.onlvip.com:80",
            "server_url": "http://red.onlvip.com:80/c/",
            "macs": [
                "00:1A:79:AB:B3:90"
            ]
        },
        {
            "server_name": "sonymax.org:8080",
            "server_url": "http://sonymax.org:8080/c/",
            "macs": [
                "00:1A:79:43:82:61",
                "00:1A:79:6B:C8:AE",
                "00:1A:79:7C:6F:76",
                "00:1A:79:72:9A:BB",
                "00:1A:79:12:DD:AB",
                "00:1A:79:20:D4:DD"
            ]
        },
        {
            "server_name": "sonymax.org:8080",
            "server_url": "http://sonymax.org:8080/c/",
            "macs": [
                "00:1A:79:F5:0B:8F",
                "00:1A:79:37:19:10",
                "00:1A:79:AC:C3:0A",
                "00:1A:79:A1:36:62",
                "00:1A:79:44:44:94",
                "00:1A:79:5D:9B:A3"
            ]
        },
        {
            "server_name": "hdmiclub.online:8080",
            "server_url": "http://hdmiclub.online:8080/c/",
            "macs": [
                "00:1A:79:A9:F3:E4",
                "00:1A:79:CC:2E:69",
                "00:1A:79:B7:8B:76",
                "00:1A:79:BD:6A:80",
                "00:1A:79:BD:75:1F",
                "00:1A:79:C4:33:F6",
                "00:1A:79:AD:42:BE"
            ]
        },
        {
            "server_name": "ns31617126.ip-162-19-37.eu:8080",
            "server_url": "http://ns31617126.ip-162-19-37.eu:8080/c/",
            "macs": [
                "00:1A:79:CB:03:14",
                "00:1A:79:C8:7F:B1",
                "00:1A:79:BE:51:E4",
                "00:1A:79:72:28:F9",
                "00:1A:79:A9:C1:9B",
                "00:1A:79:19:46:7C",
                "00:1A:79:19:3C:08"
            ]
        },
        {
            "server_name": "cf.8k.hair",
            "server_url": "http://cf.8k.hair/c/",
            "macs": [
                "00:1A:79:7A:32:BD",
                "00:1A:79:5F:1C:F3",
                "00:1A:79:58:92:ED",
                "00:1A:79:78:62:08",
                "00:1A:79:7E:10:7F",
                "00:1A:79:36:31:62",
                "00:1A:79:E6:18:31",
                "00:1A:79:18:0C:C3"
            ]
        },
        {
            "server_name": "owliptv.gentv.to:8080",
            "server_url": "http://owliptv.gentv.to:8080/c/",
            "macs": [
                "00:1A:79:30:64:63",
                "00:1A:79:AB:49:9A"
            ]
        },
        {
            "server_name": "mag.king-4k.cc",
            "server_url": "http://mag.king-4k.cc/c/",
            "macs": [
                "00:1A:79:BF:E9:96",
                "00:1A:79:77:8E:29",
                "00:1A:79:BB:DE:E5",
                "00:1A:79:47:46:5C",
                "00:1A:79:FA:04:E7",
                "00:1A:79:2F:35:D0",
                "00:1A:79:4C:5A:E0",
                "00:1A:79:04:FB:57",
                "00:1A:79:1F:8F:9F",
                "00:1A:79:A5:23:F6",
                "00:1A:79:74:9B:A7",
                "00:1A:79:62:BB:52",
                "00:1A:79:51:EB:20",
                "00:1A:79:02:2F:D9",
                "00:1A:79:7A:FB:63",
                "00:1A:79:46:75:BB",
                "00:1A:79:C3:2F:7F",
                "00:1A:79:C5:41:98",
                "00:1A:79:B4:F0:4F",
                "00:1A:79:17:01:63",
                "00:1A:79:71:13:E9"
            ]
        },
        {
            "server_name": "laurenlending.pproxy.cc",
            "server_url": "http://laurenlending.pproxy.cc/c/",
            "macs": [
                "00:1A:79:29:FD:7C"
            ]
        },
        {
            "server_name": "30198-puppy.ott-cdn.me",
            "server_url": "http://30198-puppy.ott-cdn.me/c/",
            "macs": [
                "00:1A:79:26:7F:C4"
            ]
        },
        {
            "server_name": "royal.rfdte99.com",
            "server_url": "http://royal.rfdte99.com/c/",
            "macs": [
                "00:1A:79:A1:FD:45"
            ]
        },
        {
            "server_name": "mypaste.fun.gentv.to:8080",
            "server_url": "http://mypaste.fun.gentv.to:8080/c/",
            "macs": [
                "00:1A:79:E0:1F:21"
            ]
        },
        {
            "server_name": "neroiptv.xyz:8080",
            "server_url": "http://neroiptv.xyz:8080/c/",
            "macs": [
                "00:1A:79:B5:56:C5"
            ]
        },
        {
            "server_name": "xp1.tv",
            "server_url": "http://xp1.tv/c/",
            "macs": [
                "00:1A:79:A1:31:CB"
            ]
        }
    ]
}