{
    "items": [
        {
            "server_name": "royal.rfdte99.com:8080",
            "server_url": "http://royal.rfdte99.com:8080/c/",
            "macs": [
                "00:1A:79:60:0A:A7"
            ]
        },
        {
            "server_name": "sapos.ml:80",
            "server_url": "http://sapos.ml:80/c/",
            "macs": [
                "00:1A:79:80:B4:2B",
                "00:1A:79:81:20:24",
                "00:1A:79:82:A9:1D"
            ]
        },
        {
            "server_name": "novo1.xyz",
            "server_url": "http://novo1.xyz/c/",
            "macs": [
                "00:1A:79:73:5B:C0"
            ]
        },
        {
            "server_name": "mag.iudtv.org:8080",
            "server_url": "http://mag.iudtv.org:8080/c/",
            "macs": [
                "00:1A:79:81:B6:08",
                "00:1A:79:81:CC:C2",
                "00:1A:79:81:F6:16",
                "00:1A:79:81:FB:E5",
                "00:1A:79:82:04:FC",
                "00:1A:79:82:B8:9F"
            ]
        },
        {
            "server_name": "ns14.koddos.com:2082",
            "server_url": "http://ns14.koddos.com:2082/c/",
            "macs": [
                "00:1A:79:20:15:36",
                "00:1A:79:20:7F:34",
                "00:1A:79:20:9F:28",
                "00:1A:79:20:EA:CC"
            ]
        },
        {
            "server_name": "humiptv.live:8080",
            "server_url": "http://humiptv.live:8080/c/",
            "macs": [
                "00:1A:79:44:4A:3D",
                "00:1A:79:66:63:39"
            ]
        },
        {
            "server_name": "jaish4k.de",
            "server_url": "http://jaish4k.de/c/",
            "macs": [
                "00:1A:79:00:14:FB"
            ]
        },
        {
            "server_name": "live.max4k.cc",
            "server_url": "http://live.max4k.cc/stalker_portal/c/",
            "macs": [
                "00:1A:79:69:1A:F2"
            ]
        },
        {
            "server_name": "uhdtv.one:2095",
            "server_url": "http://uhdtv.one:2095/c/",
            "macs": [
                "00:1A:79:E9:BA:52"
            ]
        },
        {
            "server_name": "89.45.13.153:25461",
            "server_url": "http://89.45.13.153:25461/c/",
            "macs": [
                "00:1A:79:17:14:E7",
                "00:1A:79:35:CA:FA",
                "00:1A:79:54:29:7A",
                "00:1A:79:6A:38:A1",
                "00:1A:79:70:E0:29",
                "00:1A:79:78:58:BC",
                "00:1A:79:B8:49:DB",
                "00:1A:79:BC:3F:51"
            ]
        },
        {
            "server_name": "desivicky.pktv.me:80",
            "server_url": "http://desivicky.pktv.me:80/c/",
            "macs": [
                "00:1A:79:00:00:11",
                "00:1A:79:09:AC:16",
                "00:1A:79:17:BE:AE",
                "00:1A:79:31:34:27",
                "00:1A:79:43:ED:D4",
                "00:1A:79:4C:9A:52",
                "00:1A:79:7E:83:58",
                "00:1A:79:CC:56:3B",
                "00:1A:79:F8:73:78",
                "00:1A:79:F8:76:B7",
                "00:1A:79:F9:3B:CD"
            ]
        },
        {
            "server_name": "fx-lv.com:8080",
            "server_url": "http://fx-lv.com:8080/c/",
            "macs": [
                "00:1A:79:35:44:41",
                "00:1A:79:4C:1B:81",
                "00:1A:79:B2:7D:16",
                "00:1A:79:B3:15:43",
                "00:1A:79:BB:04:D8",
                "00:1A:79:BB:1C:96",
                "00:1A:79:C3:CB:8B",
                "00:1A:79:C7:79:91",
                "00:1A:79:F5:09:25",
                "00:1A:79:FB:0D:3C"
            ]
        },
        {
            "server_name": "enndy75.com:2086",
            "server_url": "http://enndy75.com:2086/c/",
            "macs": [
                "00:1A:79:3D:16:6A"
            ]
        },
        {
            "server_name": "162.19.37.133:8080",
            "server_url": "http://162.19.37.133:8080/c/",
            "macs": [
                "00:1A:79:4D:4E:F3",
                "00:1A:79:4F:BE:11",
                "00:1A:79:A6:5C:B3",
                "00:1A:79:A9:D1:AA",
                "00:1A:79:B2:20:11",
                "00:1A:79:B5:16:01",
                "00:1A:79:C7:95:3A",
                "00:1A:79:F5:08:32"
            ]
        },
        {
            "server_name": "starshare.live:8080",
            "server_url": "http://starshare.live:8080/c/",
            "macs": [
                "00:1A:79:D0:DD:58"
            ]
        },
        {
            "server_name": "167.99.186.2",
            "server_url": "http://167.99.186.2/stalker_portal/c/",
            "macs": [
                "00:1A:79:B7:21:D6"
            ]
        },
        {
            "server_name": "51.159.70.234",
            "server_url": "http://51.159.70.234/stalker_portal/c/",
            "macs": [
                "00:1A:79:39:6D:06",
                "00:1A:79:62:16:1E",
                "00:1A:79:6C:E2:B1",
                "00:1A:79:7A:E5:88"
            ]
        },
        {
            "server_name": "23232.top",
            "server_url": "http://23232.top/c/",
            "macs": [
                "00:1A:79:0F:D6:05",
                "00:1A:79:72:3E:49"
            ]
        },
        {
            "server_name": "tvkijken.xyz:8080",
            "server_url": "http://tvkijken.xyz:8080/c/",
            "macs": [
                "00:1A:79:08:E9:76",
                "00:1A:79:1C:05:E7"
            ]
        },
        {
            "server_name": "optimus-tv.org:8080",
            "server_url": "http://optimus-tv.org:8080/c/",
            "macs": [
                "00:1A:79:13:4F:A4"
            ]
        },
        {
            "server_name": "jt-info.xyz",
            "server_url": "http://jt-info.xyz/c/",
            "macs": [
                "00:1A:79:ED:56:00"
            ]
        },
        {
            "server_name": "mag.ukhd.tv",
            "server_url": "http://mag.ukhd.tv/c/",
            "macs": [
                "00:1A:79:2A:D3:9A",
                "00:1A:79:F9:4F:8D"
            ]
        },
        {
            "server_name": "mag.greatott.me",
            "server_url": "http://mag.greatott.me/c/",
            "macs": [
                "00:1A:79:80:D6:F4",
                "00:1A:79:9C:9F:E6"
            ]
        }
    ]
}