{
    "items": [
        {
            "server_name": "brokentv.rip:8080",
            "server_url": "http://brokentv.rip:8080/c/",
            "macs": [
                "00:1a:79:b5:d1:e7",
                "00:1a:79:ac:da:13",
                "00:1a:79:ab:65:5e",
                "00:1a:79:a9:f2:db",
                "00:1a:79:bc:ef:29",
                "00:1a:79:b0:34:c5",
                "00:1a:79:bd:3c:18",
                "00:1a:79:ad:aa:f2",
                "00:1a:79:a2:ef:e1",
                "00:1a:79:b2:15:c3",
                "00:1a:79:b1:49:b5",
                "00:1a:79:b5:18:02",
                "00:1a:79:b5:d1:e7",
                "00:1a:79:be:80:9b"
            ]
        },
        {
            "server_name": "4kplus.org",
            "server_url": "http://4kplus.org/c/",
            "macs": [
                "00:1a:79:1e:0f:cd",
                "00:1a:79:69:4f:e0",
                "00:1a:79:31:1f:0c",
                "00:1a:79:ab:e5:7c",
                "00:1a:79:90:43:85",
                "00:1a:79:2c:1f:1c",
                "00:1a:79:a9:75:ea",
                "00:1a:79:5b:d6:7d"
            ]
        },
        {
            "server_name": "31.42.176.59",
            "server_url": "http://31.42.176.59/c/",
            "macs": [
                "00:1a:79:73:8e:06",
                "00:1a:79:7a:29:fd",
                "00:1a:79:26:71:d1",
                "00:1a:79:7b:f2:2c"
            ]
        },
        {
            "server_name": "redima.pro:8880",
            "server_url": "http://redima.pro:8880/c/",
            "macs": [
                "00:1a:79:0d:1b:76",
                "00:1a:79:cf:8f:83"
            ]
        },
        {
            "server_name": "iptvch2.com",
            "server_url": "http://iptvch2.com/c/",
            "macs": [
                "00:1a:79:ed:b7:11",
                "00:1a:79:b4:4c:91",
                "00:1a:79:6a:42:8e",
                "00:1a:79:36:c3:6c",
                "00:1a:79:58:8a:ba",
                "00:1A:79:50:B4:0B"
            ]
        },
        {
            "server_name": "mag.redmytv.com",
            "server_url": "http://mag.redmytv.com/c/",
            "macs": [
                "00:1a:79:bf:2a:c0",
                "00:1a:79:05:c2:54"
            ]
        },
        {
            "server_name": "apkonrev.store:8080",
            "server_url": "http://apkonrev.store:8080/c/",
            "macs": [
                "00:1a:79:48:f2:40",
                "00:1a:79:32:4a:3b",
                "00:1a:79:5c:29:46"
            ]
        },
        {
            "server_name": "stb.homeiptv.org",
            "server_url": "http://stb.homeiptv.org/stalker_portal/c/",
            "macs": [
                "00:1A:79:10:de:7d",
                "00:1A:79:02:77:cd",
                "00:1A:79:02:76:68",
                "00:1A:79:02:74:70"
            ]
        },
        {
            "server_name": "world.marvelhd.eu:8000",
            "server_url": "http://world.marvelhd.eu:8000/c/",
            "macs": [
                "00:1A:79:43:3F:7D",
                "00:1A:79:C3:B8:AA",
                "00:1A:79:C9:AA:3C"
            ]
        },
        {
            "server_name": "mysp03.wanicelife.com:8880",
            "server_url": "http://mysp03.wanicelife.com:8880/c/",
            "macs": [
                "00:1a:79:6d:55:78",
                "00:1a:79:6c:87:c9"
            ]
        },
        {
            "server_name": "185.129.1.249:88",
            "server_url": "http://185.129.1.249:88/stalker_portal/c/",
            "macs": [
                "00:1A:79:1E:AE:CA"
            ]
        },
        {
            "server_name": "185.50.148.2:88",
            "server_url": "http://185.50.148.2:88/stalker_portal/c/",
            "macs": [
                "00:1A:79:3B:8A:FA",
                "00:1A:79:C9:A4:07"
            ]
        },
        {
            "server_name": "spectrum4k.pro:8080",
            "server_url": "http://spectrum4k.pro:8080/c/",
            "macs": [
                "00:1a:79:3e:28:cd",
                "00:1a:79:08:ef:65",
                "00:1a:79:80:f5:92",
                "00:1a:79:d3:4a:69",
                "00:1a:79:08:ed:c9",
                "00:1a:79:bc:ef:b3"
            ]
        },
        {
            "server_name": "51.159.70.234",
            "server_url": "http://51.159.70.234/stalker_portal/c/",
            "macs": [
                "00:1A:79:8F:8D:81",
                "00:1A:79:D5:0F:62",
                "00:1A:79:00:37:19",
                "00:1A:79:00:E6:A4",
                "00:1A:79:00:E8:05"
            ]
        },
        {
            "server_name": "2a2b2.com",
            "server_url": "http://2a2b2.com/c/",
            "macs": [
                "00:1a:79:d4:3f:c8",
                "00:1a:79:90:25:04",
                "00:1a:79:20:4f:52",
                "00:1a:79:a2:f3:94",
                "00:1a:79:a7:a5:fd",
                "00:1a:79:c3:46:9d",
                "00:1a:79:17:59:af",
                "00:1a:79:2b:8f:e9",
                "00:1a:79:36:23:0c"
            ]
        }
    ]
}