{
    "items": [
        {
            "server_name": "4kgoott.com:8880",
            "server_url": "http://4kgoott.com:8880/c/",
            "macs": [
                "00:1A:79:BA:90:E4"
            ]
        },
        {
            "server_name": "onceeer.top:8080",
            "server_url": "http://onceeer.top:8080/c/",
            "macs": [
                "00:1A:79:4F:44:E8"
            ]
        },
        {
            "server_name": "zepequeno.xyz:8080",
            "server_url": "http://zepequeno.xyz:8080/c/",
            "macs": [
                "00:1A:79:C1:DF:3B",
                "00:1A:79:C2:01:85"
            ]
        },
        {
            "server_name": "tvkijken.xyz:8080",
            "server_url": "http://tvkijken.xyz:8080/c/",
            "macs": [
                "00:1A:79:08:4B:F3",
                "00:1A:79:C0:BF:62"
            ]
        },
        {
            "server_name": "51.159.70.234",
            "server_url": "http://51.159.70.234/stalker_portal/c/",
            "macs": [
                "00:1A:79:24:7F:DE",
                "00:1A:79:28:6F:5C",
                "00:1A:79:30:92:86",
                "00:1A:79:48:8D:AA",
                "00:1A:79:59:BD:AE",
                "00:1A:79:61:FD:D3",
                "00:1A:79:63:EF:A6",
                "00:1A:79:64:A9:87",
                "00:1A:79:65:34:37",
                "00:1A:79:65:DC:44",
                "00:1A:79:6C:52:AB",
                "00:1A:79:6D:F4:84",
                "00:1A:79:B2:DC:C1",
                "00:1A:79:C2:08:B7",
                "00:1A:79:EE:6D:15",
                "00:1A:79:F4:40:A4"
            ]
        },
        {
            "server_name": "dns20.xyz",
            "server_url": "http://dns20.xyz/c/",
            "macs": [
                "00:1A:79:65:A9:5E"
            ]
        },
        {
            "server_name": "speed-gaz.xyz",
            "server_url": "http://speed-gaz.xyz/c/",
            "macs": [
                "00:1A:79:43:99:01",
                "00:1A:79:82:D6:D4",
                "00:1A:79:AD:50:1B",
                "00:1A:79:BA:95:9A",
                "00:1A:79:BD:5C:9B",
                "00:1A:79:C2:01:1E",
                "00:1A:79:C5:BC:7C",
                "00:1A:79:C8:27:C9",
                "00:1A:79:C8:32:C8",
                "00:1A:79:CB:67:D2",
                "00:1A:79:DA:D1:5D"
            ]
        },
        {
            "server_name": "optimus-tv.org:8080",
            "server_url": "http://optimus-tv.org:8080/c/",
            "macs": [
                "00:1A:79:01:74:05",
                "00:1A:79:07:BB:8F",
                "00:1A:79:07:BB:B1",
                "00:1A:79:07:BE:3D",
                "00:1A:79:07:BE:A1",
                "00:1A:79:07:C9:09",
                "00:1A:79:08:44:ED",
                "00:1A:79:08:46:A6",
                "00:1A:79:08:48:12",
                "00:1A:79:08:49:90",
                "00:1A:79:0E:9F:96",
                "00:1A:79:10:3F:E1",
                "00:1A:79:10:DC:63",
                "00:1A:79:13:58:B1",
                "00:1A:79:5D:8F:83",
                "00:1A:79:76:FC:91",
                "00:1A:79:77:05:31",
                "00:1A:79:A0:FE:6A",
                "00:1A:79:A1:00:2D",
                "00:1A:79:A3:5D:8F",
                "00:1A:79:AF:F7:CF"
            ]
        },
        {
            "server_name": "23232.top",
            "server_url": "http://23232.top/c/",
            "macs": [
                "00:1A:79:52:03:8C",
                "00:1A:79:71:B2:F9",
                "00:1A:79:7B:20:39",
                "00:1A:79:98:6F:5A",
                "00:1A:79:B0:27:47",
                "00:1A:79:B2:56:44",
                "00:1A:79:BC:4F:FD",
                "00:1A:79:C3:E3:4B",
                "00:1A:79:C4:A0:2D",
                "00:1A:79:D5:17:7E",
                "00:1A:79:EB:C5:93"
            ]
        },
        {
            "server_name": "owliptv.gentv.to:8080",
            "server_url": "http://owliptv.gentv.to:8080/c/",
            "macs": [
                "00:1A:79:C3:C3:1F"
            ]
        },
        {
            "server_name": "mag.ukhd.tv",
            "server_url": "http://mag.ukhd.tv/c/",
            "macs": [
                "00:1A:79:02:1A:7F",
                "00:1A:79:03:9F:7E",
                "00:1A:79:0F:F1:48",
                "00:1A:79:25:9F:62",
                "00:1A:79:26:71:B9",
                "00:1A:79:2B:93:20",
                "00:1A:79:38:87:0A",
                "00:1A:79:7A:13:17",
                "00:1A:79:86:9E:FD",
                "00:1A:79:A4:9B:02",
                "00:1A:79:C7:7F:35",
                "00:1A:79:E1:9E:33"
            ]
        },
        {
            "server_name": "tvhouse.live",
            "server_url": "http://tvhouse.live/c/",
            "macs": [
                "00:1A:79:39:21:DF",
                "00:1A:79:81:71:03"
            ]
        },
        {
            "server_name": "10431-plan.ott-cdn.me",
            "server_url": "http://10431-plan.ott-cdn.me/c/",
            "macs": [
                "00:1A:79:78:22:04",
                "00:1A:79:AE:1C:44",
                "00:1A:79:B5:B3:73"
            ]
        },
        {
            "server_name": "mag.premiumplus.tv",
            "server_url": "http://mag.premiumplus.tv/c/",
            "macs": [
                "00:1A:79:17:E4:68",
                "00:1A:79:2D:7F:D7",
                "00:1A:79:5C:43:A7",
                "00:1A:79:7A:C7:51",
                "00:1A:79:A9:18:CF",
                "00:1A:79:B7:00:1F",
                "00:1A:79:BF:E8:71",
                "00:1A:79:C9:B0:10",
                "00:1A:79:CF:1E:7B",
                "00:1A:79:DF:4C:D4",
                "00:1A:79:E9:AF:FC"
            ]
        },
        {
            "server_name": "line.darktv-pro.me",
            "server_url": "http://line.darktv-pro.me/c/",
            "macs": [
                "00:1A:79:00:AE:05",
                "00:1A:79:02:49:A8",
                "00:1A:79:10:42:60",
                "00:1A:79:10:74:C5"
            ]
        },
        {
            "server_name": "wildversion.com",
            "server_url": "http://wildversion.com/c/",
            "macs": [
                "00:1A:79:AA:A8:A5"
            ]
        },
        {
            "server_name": "ggddnss2.com:8080",
            "server_url": "http://ggddnss2.com:8080/c/",
            "macs": [
                "00:1A:79:44:C0:D8"
            ]
        },
        {
            "server_name": "tv.pro-ott.com",
            "server_url": "http://tv.pro-ott.com/c/",
            "macs": [
                "00:1A:79:67:F8:03"
            ]
        },
        {
            "server_name": "77.74.193.158:88",
            "server_url": "http://77.74.193.158:88/stalker_portal/c/",
            "macs": [
                "00:1A:79:5C:C0:CA"
            ]
        },
        {
            "server_name": "tv1.darktv.eu",
            "server_url": "http://tv1.darktv.eu/c/",
            "macs": [
                "00:1A:79:08:44:D3",
                "00:1A:79:1C:0C:0C",
                "00:1A:79:2C:7F:BE",
                "00:1A:79:5A:1F:1C",
                "00:1A:79:63:B5:36",
                "00:1A:79:6F:1B:12",
                "00:1A:79:83:7F:63",
                "00:1A:79:92:FA:21",
                "00:1A:79:A1:FE:D0",
                "00:1A:79:A5:D2:65",
                "00:1A:79:AF:F8:50",
                "00:1A:79:BF:D0:25"
            ]
        },
        {
            "server_name": "185.243.7.51",
            "server_url": "http://185.243.7.51/c/",
            "macs": [
                "00:1A:79:06:CD:23",
                "00:1A:79:24:1A:0F",
                "00:1A:79:5B:E7:F3",
                "00:1A:79:6D:45:52",
                "00:1A:79:6F:7A:D4",
                "00:1A:79:78:88:50",
                "00:1A:79:B7:74:3B",
                "00:1A:79:BE:FC:4D",
                "00:1A:79:C6:68:4F",
                "00:1A:79:DF:F3:15"
            ]
        },
        {
            "server_name": "laurenlending.pproxy.cc",
            "server_url": "http://laurenlending.pproxy.cc/c/",
            "macs": [
                "00:1A:79:2B:F4:B2",
                "00:1A:79:30:8F:6E",
                "00:1A:79:BB:D1:2F",
                "00:1A:79:D0:D9:F7",
                "00:1A:79:F8:30:0D"
            ]
        },
        {
            "server_name": "pdata.ddns.me:8080",
            "server_url": "http://pdata.ddns.me:8080/c/",
            "macs": [
                "00:1A:79:22:1F:82",
                "00:1A:79:54:E0:70",
                "00:1A:79:73:8D:8C",
                "00:1A:79:AE:1A:B1",
                "00:1A:79:B4:F2:B9",
                "00:1A:79:B9:17:C8",
                "00:1A:79:BF:74:CC",
                "00:1A:79:C8:2F:DF",
                "00:1A:79:FB:09:AA",
                "00:1A:79:FB:22:D6"
            ]
        },
        {
            "server_name": "tv.premiumplus.tv",
            "server_url": "http://tv.premiumplus.tv/c/",
            "macs": [
                "00:1A:79:19:22:3C",
                "00:1A:79:53:0E:10",
                "00:1A:79:6D:8F:31",
                "00:1A:79:84:5D:13",
                "00:1A:79:8B:A3:2B",
                "00:1A:79:A2:C5:2A",
                "00:1A:79:AB:D4:6F",
                "00:1A:79:AD:15:67",
                "00:1A:79:C5:C8:AA",
                "00:1A:79:CD:05:8D",
                "00:1A:79:D4:87:F4",
                "00:1A:79:F1:F0:80",
                "00:1A:79:F5:2A:C9"
            ]
        },
        {
            "server_name": "keycdn.co:8880",
            "server_url": "http://keycdn.co:8880/c/",
            "macs": [
                "00:1A:79:18:BF:04",
                "00:1A:79:57:23:73"
            ]
        },
        {
            "server_name": "drks.info:8080",
            "server_url": "http://drks.info:8080/c/",
            "macs": [
                "00:1A:79:4E:48:0D",
                "00:1A:79:63:35:33"
            ]
        },
        {
            "server_name": "xegd.ultapulta.com",
            "server_url": "http://xegd.ultapulta.com/stalker_portal/c/",
            "macs": [
                "00:1A:79:5B:0D:5A"
            ]
        },
        {
            "server_name": "centra.stream",
            "server_url": "http://centra.stream/stalker_portal/c/",
            "macs": [
                "00:1A:79:68:79:9F",
                "00:1A:79:78:27:9A",
                "00:1A:79:7A:93:24",
                "00:1A:79:7E:01:AE"
            ]
        },
        {
            "server_name": "main.light-ott.net",
            "server_url": "http://main.light-ott.net/c/",
            "macs": [
                "00:1A:79:5D:AC:15",
                "00:1A:79:A1:CE:96",
                "00:1A:79:AF:5A:B8",
                "00:1A:79:C2:78:FD",
                "00:1A:79:D5:C2:CF"
            ]
        }
    ]
}