{
    "items": [
        {
            "server_name": "4connect.link",
            "server_url": "http://4connect.link/c/",
            "macs": [
                "00:1A:79:00:21:18",
                "00:1A:79:CA:BA:68"
            ]
        },
        {
            "server_name": "piorto5i6f7.ddns.net:80",
            "server_url": "http://piorto5i6f7.ddns.net:80/c/",
            "macs": [
                "00:1A:79:00:00:00",
                "00:1A:79:27:C1:8F",
                "00:1A:79:F6:91:57"
            ]
        },
        {
            "server_name": "matrix-ott.tv:8080",
            "server_url": "http://matrix-ott.tv:8080/c/",
            "macs": [
                "00:1A:79:23:33:89",
                "00:1A:79:23:4E:C4",
                "00:1A:79:23:A0:8E",
                "00:1A:79:3B:7F:87",
                "00:1A:79:3D:1F:1D",
                "00:1A:79:42:23:A6",
                "00:1A:79:46:6D:E3",
                "00:1A:79:46:84:9E",
                "00:1A:79:5B:F0:31",
                "00:1A:79:60:0B:76",
                "00:1A:79:66:22:D5",
                "00:1A:79:6D:C7:38",
                "00:1A:79:A1:6E:AC",
                "00:1A:79:A6:6E:D2",
                "00:1A:79:C7:28:47"
            ]
        },
        {
            "server_name": "myf-tv.com:8080",
            "server_url": "http://myf-tv.com:8080/c/",
            "macs": [
                "00:1A:79:1C:0F:E5",
                "00:1A:79:6B:55:E8",
                "00:1A:79:70:F7:DB",
                "00:1A:79:B2:3C:CB",
                "00:1A:79:B3:6B:CA",
                "00:1A:79:B4:F3:71",
                "00:1A:79:B6:A6:D8",
                "00:1A:79:BA:82:9D",
                "00:1A:79:BC:EA:F0",
                "00:1A:79:EB:9A:D8"
            ]
        },
        {
            "server_name": "nightmare-tv.xyz:8080",
            "server_url": "http://nightmare-tv.xyz:8080/c/",
            "macs": [
                "00:1A:79:01:6C:5F",
                "00:1A:79:01:6E:7C",
                "00:1A:79:01:73:0A",
                "00:1A:79:07:BF:D5",
                "00:1A:79:07:C8:B9",
                "00:1A:79:08:47:9F",
                "00:1A:79:08:48:DF",
                "00:1A:79:08:E3:17",
                "00:1A:79:08:E8:F9",
                "00:1A:79:59:B1:A5",
                "00:1A:79:A0:E5:B2",
                "00:1A:79:A0:E6:AA",
                "00:1A:79:A0:E8:7E",
                "00:1A:79:A0:FD:C6",
                "00:1A:79:AA:58:F6",
                "00:1A:79:AA:59:3D",
                "00:1A:79:AF:F9:6D",
                "00:1A:79:B3:21:2D"
            ]
        },
        {
            "server_name": "fpro.webvps.de:25443",
            "server_url": "http://fpro.webvps.de:25443/c/",
            "macs": [
                "00:1A:79:56:92:A7",
                "00:1A:79:57:5C:FD"
            ]
        },
        {
            "server_name": "gitr21g.bloodshot.eu:8080",
            "server_url": "http://gitr21g.bloodshot.eu:8080/c/",
            "macs": [
                "00:1A:79:AA:B1:8A",
                "00:1A:79:AA:B2:9E",
                "00:1A:79:B6:D7:06"
            ]
        },
        {
            "server_name": "humiptv.live:8080",
            "server_url": "http://humiptv.live:8080/c/",
            "macs": [
                "00:1A:79:04:45:49",
                "00:1A:79:12:08:68",
                "00:1A:79:61:FE:91",
                "00:1A:79:97:FA:F6",
                "00:1A:79:EC:73:62"
            ]
        },
        {
            "server_name": "portal.tiptop4k.tv",
            "server_url": "http://portal.tiptop4k.tv/stalker_portal/c/",
            "macs": [
                "00:1A:79:0F:10:97",
                "00:1A:79:3B:6F:5D",
                "00:1A:79:5B:95:3D"
            ]
        },
        {
            "server_name": "hg.speedtestmt.com",
            "server_url": "http://hg.speedtestmt.com/c/",
            "macs": [
                "00:1A:79:05:2A:00",
                "00:1A:79:35:32:62",
                "00:1A:79:AD:89:A3",
                "00:1A:79:C1:92:9F",
                "00:1A:79:CA:17:20",
                "00:1A:79:CB:A9:BD",
                "00:1A:79:F5:16:50"
            ]
        }
    ]
}