{
    "items": [
        {
            "server_name": "iptv.darktv.in",
            "server_url": "http://iptv.darktv.in/c/",
            "macs": [
                "00:1A:79:4C:13:33",
                "00:1A:79:56:1F:DB",
                "00:1A:79:56:C7:51",
                "00:1A:79:57:39:6F",
                "00:1A:79:5C:99:18"
            ]
        },
        {
            "server_name": "yasar.club:6464",
            "server_url": "http://yasar.club:6464/c/",
            "macs": [
                "00:1A:79:1D:8F:28"
            ]
        },
        {
            "server_name": "lourenco.selfip.org:8080",
            "server_url": "http://lourenco.selfip.org:8080/c/",
            "macs": [
                "00:1A:79:40:08:AF"
            ]
        },
        {
            "server_name": "zupanet.live:8080",
            "server_url": "http://zupanet.live:8080/c/",
            "macs": [
                "00:1A:79:05:D8:D0",
                "00:1A:79:2A:90:83",
                "00:1A:79:4B:19:35",
                "00:1A:79:57:8F:C1",
                "00:1A:79:58:A1:59",
                "00:1A:79:74:FD:21",
                "00:1A:79:84:A0:DD",
                "00:1A:79:AA:82:C2",
                "00:1A:79:AD:9C:B6",
                "00:1A:79:AD:EE:89",
                "00:1A:79:B1:03:E5",
                "00:1A:79:BE:7F:C5",
                "00:1A:79:C1:E4:D0",
                "00:1A:79:C3:28:9A",
                "00:1A:79:D5:DB:F4"
            ]
        },
        {
            "server_name": "apex02.keycdn.cc",
            "server_url": "http://apex02.keycdn.cc/stalker_portal/c/",
            "macs": [
                "00:1A:79:4C:54:6E"
            ]
        },
        {
            "server_name": "tv.indigotv.me",
            "server_url": "http://tv.indigotv.me/c/",
            "macs": [
                "00:1A:79:06:A2:B3",
                "00:1A:79:17:BD:BA",
                "00:1A:79:26:53:9D",
                "00:1A:79:31:34:27",
                "00:1A:79:43:ED:D4",
                "00:1A:79:4C:9A:52"
            ]
        },
        {
            "server_name": "tv.cloudcdn.me",
            "server_url": "http://tv.cloudcdn.me/c/",
            "macs": [
                "00:1A:79:17:BE:AE",
                "00:1A:79:F8:76:B7"
            ]
        },
        {
            "server_name": "lightnings.live",
            "server_url": "http://lightnings.live/c/",
            "macs": [
                "00:1A:79:30:BA:53"
            ]
        },
        {
            "server_name": "lordiptv.123tv.to:8080",
            "server_url": "http://lordiptv.123tv.to:8080/c/",
            "macs": [
                "00:1A:79:10:3D:4E"
            ]
        },
        {
            "server_name": "lol.bz:2095",
            "server_url": "http://lol.bz:2095/c/",
            "macs": [
                "00:1A:79:70:04:74"
            ]
        },
        {
            "server_name": "sygri.ytsmlve.com:2082",
            "server_url": "http://sygri.ytsmlve.com:2082/c/",
            "macs": [
                "00:1A:79:01:8D:0B",
                "00:1A:79:5B:3B:57",
                "00:1A:79:B5:5D:FE"
            ]
        },
        {
            "server_name": "arabfoundationsforum.e-buy.cc:25461",
            "server_url": "http://arabfoundationsforum.e-buy.cc:25461/c/",
            "macs": [
                "00:1A:79:B5:15:94"
            ]
        },
        {
            "server_name": "apple.frequency.rocks",
            "server_url": "http://apple.frequency.rocks/c/",
            "macs": [
                "00:1A:79:5A:0F:6A"
            ]
        },
        {
            "server_name": "arabitv5.com:8000",
            "server_url": "http://arabitv5.com:8000/c/",
            "macs": [
                "00:1A:79:F1:B8:05"
            ]
        },
        {
            "server_name": "host-aurora.vip:8000",
            "server_url": "http://host-aurora.vip:8000/c/",
            "macs": [
                "00:1A:79:43:11:BF"
            ]
        },
        {
            "server_name": "deno.one-intro.net:80",
            "server_url": "http://deno.one-intro.net:80/c/",
            "macs": [
                "00:1A:79:12:9E:E9"
            ]
        },
        {
            "server_name": "clientsportals.com:80",
            "server_url": "http://clientsportals.com:80/c/",
            "macs": [
                "00:1A:79:1B:5D:5B"
            ]
        },
        {
            "server_name": "line.clear-ocean.link:80",
            "server_url": "http://line.clear-ocean.link:80/c/",
            "macs": [
                "00:1A:79:18:18:D9"
            ]
        },
        {
            "server_name": "crystalott.net:80",
            "server_url": "http://crystalott.net:80/c/",
            "macs": [
                "00:1A:79:57:A3:16"
            ]
        },
        {
            "server_name": "alex.rocktv.be",
            "server_url": "http://alex.rocktv.be/stalker_portal/c/",
            "macs": [
                "00:1A:79:23:88:13",
                "00:1A:79:2E:62:C3",
                "00:1A:79:4F:BC:27",
                "00:1A:79:76:64:22",
                "00:1A:79:B6:28:5D"
            ]
        },
        {
            "server_name": "1screen3.com:8000",
            "server_url": "http://1screen3.com:8000/c/",
            "macs": [
                "00:1A:79:BA:F0:8F"
            ]
        },
        {
            "server_name": "admin.newstarttv.pro:8080",
            "server_url": "http://admin.newstarttv.pro:8080/c/",
            "macs": [
                "00:1A:79:A4:43:AE",
                "00:1A:79:AA:AD:B1"
            ]
        },
        {
            "server_name": "ph-info.xyz",
            "server_url": "http://ph-info.xyz/c/",
            "macs": [
                "00:1A:79:6D:49:1D"
            ]
        },
        {
            "server_name": "portal.tiptop4k.tv",
            "server_url": "http://portal.tiptop4k.tv/stalker_portal/c/",
            "macs": [
                "00:1A:79:AC:24:88",
                "00:1A:79:C1:09:DC"
            ]
        },
        {
            "server_name": "192.99.19.27:8000",
            "server_url": "http://192.99.19.27:8000/c/",
            "macs": [
                "00:1A:79:A8:A8:A2"
            ]
        },
        {
            "server_name": "tvizle.nl:8080",
            "server_url": "http://tvizle.nl:8080/c/",
            "macs": [
                "00:1A:79:EE:03:AE"
            ]
        },
        {
            "server_name": "line.greatstar.me",
            "server_url": "http://line.greatstar.me/c/",
            "macs": [
                "00:1A:79:7C:6F:8B"
            ]
        }
    ]
}