{
    "items": [
        {
            "server_name": "neptun2022.pro:8080",
            "server_url": "http://neptun2022.pro:8080/c/",
            "macs": [
                "00:1A:79:36:C3:2E",
                "00:1A:79:53:A2:22",
                "00:1A:79:67:8D:65"
            ]
        },
        {
            "server_name": "hellas.sltv.pw:8080",
            "server_url": "http://hellas.sltv.pw:8080/c/",
            "macs": [
                "00:1A:79:69:D1:78",
                "00:1A:79:72:6B:63",
                "00:1A:79:CB:70:86"
            ]
        },
        {
            "server_name": "line.protv.cc:80",
            "server_url": "http://line.protv.cc:80/c/",
            "macs": [
                "00:1A:79:04:9F:62",
                "00:1A:79:52:EC:28",
                "00:1A:79:5D:DE:A2",
                "00:1A:79:B3:23:97",
                "00:1A:79:B7:6F:43",
                "00:1A:79:C2:D9:1B"
            ]
        },
        {
            "server_name": "103.161.35.131:80",
            "server_url": "http://103.161.35.131:80/c/",
            "macs": [
                "00:1A:79:6B:7C:46"
            ]
        },
        {
            "server_name": "15.235.14.77",
            "server_url": "http://15.235.14.77/stalker_portal/c/",
            "macs": [
                "00:1A:79:25:3E:DF",
                "00:1A:79:27:03:23"
            ]
        },
        {
            "server_name": "mag.marsweb.co",
            "server_url": "http://mag.marsweb.co/c/",
            "macs": [
                "00:1A:79:78:13:2C"
            ]
        },
        {
            "server_name": "besttv.club:8080",
            "server_url": "http://besttv.club:8080/c/",
            "macs": [
                "00:1A:79:C5:5A:07"
            ]
        },
        {
            "server_name": "line.greatstar.me",
            "server_url": "http://line.greatstar.me/c/",
            "macs": [
                "00:1A:79:5E:6A:FF",
                "00:1A:79:92:D7:83"
            ]
        },
        {
            "server_name": "blautv2.xyz:8080",
            "server_url": "http://blautv2.xyz:8080/c/",
            "macs": [
                "00:1A:79:14:E0:F8",
                "00:1A:79:AE:30:1F",
                "00:1A:79:C4:2E:04"
            ]
        },
        {
            "server_name": "tv1.darktv.eu",
            "server_url": "http://tv1.darktv.eu/c/",
            "macs": [
                "00:1A:79:27:2F:5D",
                "00:1A:79:4E:B2:7A"
            ]
        },
        {
            "server_name": "nunal.livrexs.xyz",
            "server_url": "http://nunal.livrexs.xyz/c/",
            "macs": [
                "00:1A:79:C1:EE:98"
            ]
        },
        {
            "server_name": "5.206.227.184:8080",
            "server_url": "http://5.206.227.184:8080/c/",
            "macs": [
                "00:1A:79:2B:7F:93",
                "00:1A:79:6C:8A:F7",
                "00:1A:79:AB:68:78",
                "00:1A:79:BA:66:7F",
                "00:1A:79:C3:15:41"
            ]
        },
        {
            "server_name": "starshare.live:8080",
            "server_url": "http://starshare.live:8080/c/",
            "macs": [
                "00:1A:79:37:8C:BE",
                "00:1A:79:C8:28:FD",
                "00:1A:79:E9:C8:75"
            ]
        },
        {
            "server_name": "ojpc.live:8080",
            "server_url": "http://ojpc.live:8080/c/",
            "macs": [
                "00:1A:79:B0:C7:04",
                "00:1A:79:BB:C0:78"
            ]
        },
        {
            "server_name": "ns358711.ovh.net:88",
            "server_url": "http://ns358711.ovh.net:88/stalker_portal/c/",
            "macs": [
                "00:1A:79:77:46:11",
                "00:1A:79:B9:CC:E7"
            ]
        },
        {
            "server_name": "new.ivue.co:25461",
            "server_url": "http://new.ivue.co:25461/c/",
            "macs": [
                "00:1A:79:68:7C:3C",
                "00:1A:79:99:BC:6A",
                "00:1A:79:B8:49:9E"
            ]
        },
        {
            "server_name": "lynxtv.pro:8080",
            "server_url": "http://lynxtv.pro:8080/c/",
            "macs": [
                "00:1A:79:4E:5D:75",
                "00:1A:79:F5:48:06"
            ]
        },
        {
            "server_name": "1.gujaratsat.live",
            "server_url": "http://1.gujaratsat.live/c/",
            "macs": [
                "00:1A:79:61:37:15",
                "00:1A:79:91:44:1E",
                "00:1A:79:E6:95:42"
            ]
        }
    ]
}