{
    "items": [
        {
            "server_name": "sharktv.alphatx.me",
            "server_url": "http://sharktv.alphatx.me/c/",
            "macs": [
                "00:1A:79:58:8C:5E",
                "00:1A:79:B8:F5:98",
                "00:1A:79:9A:54:5C"
            ]
        },
        {
            "server_name": "sharktv.alphatx.me",
            "server_url": "http://sharktv.alphatx.me/c/",
            "macs": [
                "00:1A:79:92:90:64"
            ]
        },
        {
            "server_name": "185.243.7.154",
            "server_url": "http://185.243.7.154/c/",
            "macs": [
                "00:1A:79:EE:60:07",
                "00:1A:79:BE:D2:ED",
                "00:1A:79:B6:29:CD",
                "00:1A:79:2C:63:40",
                "00:1A:79:B6:23:13",
                "00:1A:79:73:77:2F",
                "00:1A:79:E6:EC:DD"
            ]
        },
        {
            "server_name": "fhdtv.club:8080",
            "server_url": "http://fhdtv.club:8080/c/",
            "macs": [
                "00:1A:79:03:C1:5E",
                "00:1A:79:BF:54:EC",
                "00:1A:79:48:9B:EC",
                "00:1A:79:16:97:D6",
                "00:1A:79:BA:20:8C"
            ]
        },
        {
            "server_name": "darknetiptv1.ddns.net:25461",
            "server_url": "http://darknetiptv1.ddns.net:25461/c/",
            "macs": [
                "00:1A:79:98:F4:65"
            ]
        },
        {
            "server_name": "line.boom-ott.ru",
            "server_url": "http://line.boom-ott.ru/c/",
            "macs": [
                "00:1A:79:EB:CD:3B"
            ]
        },
        {
            "server_name": "gtvstreams.me:80",
            "server_url": "http://gtvstreams.me:80/c/",
            "macs": [
                "00:1A:79:8E:52:52"
            ]
        },
        {
            "server_name": "crystalott.net",
            "server_url": "http://crystalott.net/c/",
            "macs": [
                "00:1A:79:AA:6C:C3",
                "00:1A:79:70:17:E1",
                "00:1A:79:AD:32:66"
            ]
        },
        {
            "server_name": "93.119.105.62:80",
            "server_url": "http://93.119.105.62:80/c/",
            "macs": [
                "00:1A:79:00:8F:93"
            ]
        },
        {
            "server_name": "pdata.ddns.me:8080",
            "server_url": "http://pdata.ddns.me:8080/c/",
            "macs": [
                "00:1A:79:c6:03:82"
            ]
        },
        {
            "server_name": "spacextv.live:8080",
            "server_url": "http://spacextv.live:8080/c/",
            "macs": [
                "00:1A:79:BC:D2:8C"
            ]
        },
        {
            "server_name": "iptv-factory.xyz:8080",
            "server_url": "http://iptv-factory.xyz:8080/c/",
            "macs": [
                "00:1A:79:f1:5c:ba",
                "00:1A:79:08:ea:08",
                "00:1A:79:10:d9:76"
            ]
        },
        {
            "server_name": "sawages.xyz:8080",
            "server_url": "http://sawages.xyz:8080/c/",
            "macs": [
                "00:1A:79:20:3F:DA"
            ]
        },
        {
            "server_name": "stb.vooiptv.com:80",
            "server_url": "http://stb.vooiptv.com:80/c/",
            "macs": [
                "00:1A:79:dd:f0:2c"
            ]
        },
        {
            "server_name": "89.45.13.220:8080",
            "server_url": "http://89.45.13.220:8080/c/",
            "macs": [
                "00:1A:79:50:d9:99",
                "00:1A:79:2f:de:10",
                "00:1A:79:af:39:a2"
            ]
        },
        {
            "server_name": "focusmag.eu01.live:8080",
            "server_url": "http://focusmag.eu01.live:8080/c/",
            "macs": [
                "00:2A:01:90:99:9E",
                "00:2A:01:90:98:AA",
                "00:2A:01:90:98:92",
                "00:2A:01:90:98:9E"
            ]
        },
        {
            "server_name": "fultv.sytes.net:8080",
            "server_url": "http://fultv.sytes.net:8080/c/",
            "macs": [
                "00:1A:79:B0:E7:AD",
                "00:1A:79:4A:1E:EE",
                "00:1A:79:BC:2A:21",
                "00:1A:79:7D:92:47",
                "00:1A:79:2D:38:95",
                "00:1A:79:A9:F1:E5",
                "00:1A:79:78:07:AB",
                "00:1A:79:BF:8F:49",
                "00:1A:79:D6:61:CE"
            ]
        },
        {
            "server_name": "m.redd-xc.com:80",
            "server_url": "http://m.redd-xc.com:80/c/",
            "macs": [
                "00:1A:79:37:27:e3",
                "00:1A:79:29:03:0b",
                "00:1A:79:4e:b9:03",
                "00:1A:79:5c:d9:bd",
                "00:1A:79:10:ac:57"
            ]
        },
        {
            "server_name": "line.greatstar.me",
            "server_url": "http://line.greatstar.me/c/",
            "macs": [
                "00:1A:79:B1:52:12",
                "00:1A:79:0F:DE:DF",
                "00:1A:79:92:1B:22",
                "00:1A:79:6F:04:FA",
                "00:1A:79:FB:3B:8F",
                "00:1A:79:C0:33:03",
                "00:1A:79:4D:E7:0E",
                "00:1A:79:13:5F:A7",
                "00:1A:79:45:89:01",
                "00:1A:79:63:80:DC"
            ]
        },
        {
            "server_name": "89.45.13.220:8080",
            "server_url": "http://89.45.13.220:8080/c/",
            "macs": [
                "00:1A:79:af:39:a2",
                "00:1A:79:10:40:05",
                "00:1A:79:7f:af:7d",
                "00:1A:79:78:c9:49",
                "00:1A:79:5d:22:46"
            ]
        },
        {
            "server_name": "89.45.13.220:8080",
            "server_url": "http://89.45.13.220:8080/c/",
            "macs": [
                "00:1A:79:9e:67:e9",
                "00:1A:79:a9:79:cf",
                "00:1A:79:7c:9f:01",
                "00:1A:79:79:3c:46",
                "00:1A:79:bc:fa:7d"
            ]
        },
        {
            "server_name": "89.45.13.220:8080",
            "server_url": "http://89.45.13.220:8080/c/",
            "macs": [
                "00:1A:79:5b:93:50",
                "00:1A:79:2f:34:40",
                "00:1A:79:ac:2a:10",
                "00:1A:79:50:d9:99",
                "00:1A:79:7d:7c:7c"
            ]
        },
        {
            "server_name": "89.45.13.220:8080",
            "server_url": "http://89.45.13.220:8080/c/",
            "macs": [
                "00:1A:79:23:69:1d",
                "00:1A:79:bd:51:09",
                "00:1A:79:2f:de:10",
                "00:1A:79:b5:50:4b"
            ]
        },
        {
            "server_name": "erdin1.com:8000",
            "server_url": "http://erdin1.com:8000/c/",
            "macs": [
                "00:1A:79:44:77:11",
                "00:1A:79:01:FA:48",
                "00:1A:79:80:E6:E3",
                "00:1A:79:BD:3B:39",
                "00:1A:79:FE:7D:64",
                "00:1A:79:84:74:39",
                "00:1A:79:2A:D2:0F",
                "00:1A:79:01:C2:D7",
                "00:1A:79:45:36:49",
                "00:1A:79:70:F1:60",
                "00:1A:79:C7:AB:AB"
            ]
        },
        {
            "server_name": "21tv.net",
            "server_url": "http://21tv.net/c/",
            "macs": [
                "00:1A:79:30:37:38",
                "00:1A:79:A0:1E:96",
                "00:1A:79:EE:22:C1",
                "00:1A:79:3C:10:CC",
                "00:1A:79:AF:2D:D0",
                "00:1A:79:9C:27:12",
                "00:1A:79:C6:CC:DB",
                "00:1A:79:1A:81:7B"
            ]
        },
        {
            "server_name": "main.light-ott.net",
            "server_url": "http://main.light-ott.net/c/",
            "macs": [
                "00:1A:79:3A:93:FD",
                "00:1A:79:1D:0B:C2",
                "00:1A:79:A2:08:6C",
                "00:1A:79:D6:00:2D",
                "00:1A:79:BA:31:B1",
                "00:1A:79:FB:0C:15",
                "00:1A:79:32:58:99",
                "00:1A:79:39:33:65"
            ]
        },
        {
            "server_name": "bossco.pro:80",
            "server_url": "http://bossco.pro:80/c/",
            "macs": [
                "00:1A:79:60:04:67",
                "00:1A:79:A1:1A:80",
                "00:1A:79:43:02:2A",
                "00:1A:79:B5:68:3A",
                "00:1A:79:37:07:F6",
                "00:1A:79:55:79:58",
                "00:1A:79:3A:3F:96",
                "00:1A:79:B2:1D:C0",
                "00:1A:79:17:25:D3",
                "00:1A:79:17:01:AA",
                "00:1A:79:7D:97:BB",
                "00:1A:79:D1:30:0B",
                "00:1a:79:03:11:08",
                "00:1a:79:01:F7:E2",
                "00:1A:79:08:F4:36",
                "00:1A:79:5B:3B:57"
            ]
        },
        {
            "server_name": "neroiptv.xyz:8080",
            "server_url": "http://neroiptv.xyz:8080/c/",
            "macs": [
                "00:1A:79:55:48:C7",
                "00:1A:79:03:1E:99",
                "00:1A:79:B5:E1:A9",
                "00:1A:79:66:1F:5F",
                "00:1A:79:46:59:CD",
                "00:1A:79:57:EB:30",
                "00:1A:79:77:07:2C",
                "00:1A:79:3B:46:C8",
                "00:1A:79:05:F9:E7",
                "00:1A:79:5E:5A:65"
            ]
        },
        {
            "server_name": "portal2.geniptv.com",
            "server_url": "http://portal2.geniptv.com/c/",
            "macs": [
                "00:1A:79:54:A8:53",
                "00:1A:79:1D:0C:B6",
                "00:1A:79:AF:7E:68",
                "00:1A:79:CB:91:F4",
                "00:1A:79:58:2A:AD"
            ]
        },
        {
            "server_name": "tv.greatstar.me",
            "server_url": "http://tv.greatstar.me/c/",
            "macs": [
                "00:1A:79:B7:B5:A2",
                "00:1A:79:6F:97:FB",
                "00:1A:79:05:A4:1F",
                "00:1A:79:2E:89:A9",
                "00:1A:79:AF:06:1B",
                "00:1A:79:D6:A0:E4",
                "00:1A:79:37:A7:85",
                "00:1A:79:79:C0:3D",
                "00:1A:79:68:8B:DF",
                "00:1A:79:8C:01:B3",
                "00:1A:79:73:B8:DA"
            ]
        },
        {
            "server_name": "wildversion.com:80",
            "server_url": "http://wildversion.com:80/c/",
            "macs": [
                "00:1A:79:A0:9B:33",
                "00:1A:79:22:1A:67",
                "00:1A:79:A1:CD:FB",
                "00:1A:79:CC:67:d1",
                "00:1A:79:dA:d7:B0",
                "00:1A:79:E1:E0:7C"
            ]
        },
        {
            "server_name": "kocaeli41.xyz:8000",
            "server_url": "http://kocaeli41.xyz:8000/c/",
            "macs": [
                "00:1a:79:85:49:54",
                "00:1a:79:73:da:61",
                "00:1a:79:6b:bb:ee",
                "00:1a:79:90:eb:aa",
                "00:1a:79:f8:7c:4a",
                "00:1a:79:ba:91:28",
                "00:1a:79:a5:5b:5d",
                "00:1a:79:bb:d1:26",
                "00:1a:79:b9:37:cf",
                "00:1a:79:b3:20:10",
                "00:1a:79:a0:e7:ac"
            ]
        },
        {
            "server_name": "germanytv.live:8080",
            "server_url": "http://germanytv.live:8080/c/",
            "macs": [
                "00:1A:79:4D:03:23",
                "00:1A:79:63:C5:66",
                "00:1A:79:6E:29:B9",
                "00:1A:79:07:BD:35",
                "00:1A:79:4D:05:B8",
                "00:1A:79:C1:EF:19",
                "00:1A:79:25:87:AF",
                "00:1A:79:c7:9a:cd",
                "00:1A:79:4d:01:2e"
            ]
        }
    ]
}