{
    "items": [
        {
            "server_name": "zenlink.link",
            "server_url": "http://zenlink.link/c/",
            "macs": [
                "00:1A:79:A6:6F:49",
                "00:1A:79:A6:7D:E5",
                "00:1A:79:AA:71:1A",
                "00:1A:79:AE:44:5E",
                "00:1A:79:B3:25:B5",
                "00:1A:79:BA:92:3C"
            ]
        },
        {
            "server_name": "62.182.83.91:80",
            "server_url": "http://62.182.83.91:80/c/",
            "macs": [
                "00:1A:79:BF:55:C2",
                "00:1A:79:F5:0B:A9"
            ]
        },
        {
            "server_name": "gitr21g.bloodshot.eu:8080",
            "server_url": "http://gitr21g.bloodshot.eu:8080/c/",
            "macs": [
                "00:1A:79:A5:97:2D",
                "00:1A:79:BB:4B:61",
                "00:1A:79:C5:41:B4",
                "00:1A:79:C7:08:CA"
            ]
        },
        {
            "server_name": "zupanet.live:8080",
            "server_url": "http://zupanet.live:8080/c/",
            "macs": [
                "00:1A:79:43:8D:F4",
                "00:1A:79:83:5C:94",
                "00:1A:79:8F:4E:23",
                "00:1A:79:AA:DF:DD"
            ]
        },
        {
            "server_name": "5.206.227.184:8080",
            "server_url": "http://5.206.227.184:8080/c/",
            "macs": [
                "00:1A:79:A2:EF:E1",
                "00:1A:79:A3:68:89",
                "00:1A:79:A3:9F:3C",
                "00:1A:79:AA:5A:94"
            ]
        },
        {
            "server_name": "185.243.7.154",
            "server_url": "http://185.243.7.154/c/",
            "macs": [
                "00:1A:79:00:00:00",
                "00:1A:79:00:00:12",
                "00:1A:79:02:AA:A1",
                "00:1A:79:12:9A:A1",
                "00:1A:79:1A:1C:9F",
                "00:1A:79:1C:10:C5",
                "00:1A:79:23:70:5B",
                "00:1A:79:30:34:35",
                "00:1A:79:42:73:FD",
                "00:1A:79:45:52:A8",
                "00:1A:79:64:B5:48",
                "00:1A:79:69:11:C0",
                "00:1A:79:73:75:66",
                "00:1A:79:97:13:D2",
                "00:1A:79:98:C5:40",
                "00:1A:79:A3:B8:A9",
                "00:1A:79:AB:71:C6",
                "00:1A:79:B3:A1:9E",
                "00:1A:79:B6:42:06",
                "00:1A:79:B9:A9:DD",
                "00:1A:79:C2:9B:62",
                "00:1A:79:C8:C0:A5"
            ]
        }
    ]
}