{
    "items": [
        {
            "server_name": "jt-info.xyz",
            "server_url": "http://jt-info.xyz/c/",
            "macs": [
                "00:1A:79:10:D0:CF",
                "00:1A:79:53:94:E2",
                "00:1A:79:53:9A:10",
                "00:1A:79:53:BC:02",
                "00:1A:79:53:BE:8D",
                "00:1A:79:53:D8:E9",
                "00:1A:79:53:DF:24",
                "00:1A:79:54:20:01",
                "00:1A:79:54:31:96",
                "00:1A:79:54:66:7B",
                "00:1A:79:6A:24:4A",
                "00:1A:79:BF:E5:DD",
                "00:1A:79:C3:5B:DD"
            ]
        },
        {
            "server_name": "mag.rs6ott.com",
            "server_url": "http://mag.rs6ott.com/c/",
            "macs": [
                "00:1A:79:6C:3F:78"
            ]
        },
        {
            "server_name": "oceanstream.me",
            "server_url": "http://oceanstream.me/c/",
            "macs": [
                "00:1A:79:0B:E0:39"
            ]
        },
        {
            "server_name": "alternativeviewpro.com",
            "server_url": "http://alternativeviewpro.com/c/",
            "macs": [
                "00:1A:79:06:33:5A",
                "00:1A:79:0F:11:33",
                "00:1A:79:13:7E:02",
                "00:1A:79:1B:0F:43",
                "00:1A:79:1D:CE:3A",
                "00:1A:79:46:6E:25",
                "00:1A:79:50:3B:87",
                "00:1A:79:B0:E5:72",
                "00:1A:79:B4:AF:4A",
                "00:1A:79:B4:F3:28",
                "00:1A:79:B5:4F:7F",
                "00:1A:79:C2:BA:3E",
                "00:1A:79:C3:B1:22",
                "00:1A:79:D6:9F:E9",
                "00:1A:79:F5:13:B0"
            ]
        },
        {
            "server_name": "iphighland2.ddns.net:80",
            "server_url": "http://iphighland2.ddns.net:80/c/",
            "macs": [
                "00:1A:79:62:89:F8"
            ]
        },
        {
            "server_name": "iptv.maxlacress.com",
            "server_url": "http://iptv.maxlacress.com/c/",
            "macs": [
                "00:1A:79:73:6E:B7",
                "00:1A:79:73:BA:26",
                "00:1A:79:74:D7:81",
                "00:1A:79:76:4B:8F"
            ]
        },
        {
            "server_name": "kp76.dfqz.cc",
            "server_url": "http://kp76.dfqz.cc/c/",
            "macs": [
                "00:1A:79:7D:D2:7C",
                "00:1A:79:F5:03:9C"
            ]
        },
        {
            "server_name": "chunkymunky.site:8080",
            "server_url": "http://chunkymunky.site:8080/c/",
            "macs": [
                "00:1A:79:53:94:E2",
                "00:1A:79:53:9A:10",
                "00:1A:79:53:BC:02",
                "00:1A:79:53:BE:8D",
                "00:1A:79:53:D8:E9",
                "00:1A:79:53:DF:24",
                "00:1A:79:54:20:01",
                "00:1A:79:54:31:96",
                "00:1A:79:54:66:7B"
            ]
        },
        {
            "server_name": "zupanet.live:8080",
            "server_url": "http://zupanet.live:8080/c/",
            "macs": [
                "00:1A:79:0A:B0:F5"
            ]
        },
        {
            "server_name": "mutant.arrox.top",
            "server_url": "http://mutant.arrox.top/c/",
            "macs": [
                "00:1A:79:1C:08:74",
                "00:1A:79:59:D1:17",
                "00:1A:79:7C:6F:A6",
                "00:1A:79:A7:4F:AA",
                "00:1A:79:B9:CE:AA",
                "00:1A:79:C1:A7:1A",
                "00:1A:79:CD:2F:65"
            ]
        },
        {
            "server_name": "107.189.14.168:8080",
            "server_url": "http://107.189.14.168:8080/c/",
            "macs": [
                "00:1A:79:70:4D:CF"
            ]
        },
        {
            "server_name": "mag.ugoiptv.com",
            "server_url": "http://mag.ugoiptv.com/c/",
            "macs": [
                "00:1A:79:C3:C5:C7"
            ]
        },
        {
            "server_name": "mag.ukhd.tv",
            "server_url": "http://mag.ukhd.tv/c/",
            "macs": [
                "00:1A:79:1D:F5:7B",
                "00:1A:79:1E:37:C8",
                "00:1A:79:2C:C7:57",
                "00:1A:79:40:7D:90",
                "00:1A:79:59:AE:C6",
                "00:1A:79:5B:55:69",
                "00:1A:79:73:1F:3D",
                "00:1A:79:73:C2:FE",
                "00:1A:79:A1:77:65",
                "00:1A:79:BE:9A:8A",
                "00:1A:79:C2:1F:E4",
                "00:1A:79:C6:B0:A4",
                "00:1A:79:DE:69:75",
                "00:1A:79:DE:9F:F4"
            ]
        },
        {
            "server_name": "spacextv.live:8080",
            "server_url": "http://spacextv.live:8080/c/",
            "macs": [
                "00:1A:79:13:4E:11"
            ]
        },
        {
            "server_name": "forzamilan.ddns.net:8000",
            "server_url": "http://forzamilan.ddns.net:8000/c/",
            "macs": [
                "00:1A:79:40:7C:FA",
                "00:1A:79:43:62:9F"
            ]
        },
        {
            "server_name": "tv.zaintv.net:80",
            "server_url": "http://tv.zaintv.net:80/c/",
            "macs": [
                "00:1A:79:51:A6:63",
                "00:1A:79:99:2C:F2",
                "00:1A:79:A3:38:DB"
            ]
        },
        {
            "server_name": "jiotv.be",
            "server_url": "http://jiotv.be/stalker_portal/c/",
            "macs": [
                "00:1A:79:1A:BA:2E",
                "00:1A:79:20:9D:05",
                "00:1A:79:70:C4:D4",
                "00:1A:79:73:50:F6",
                "00:1A:79:B1:6A:CD"
            ]
        },
        {
            "server_name": "invale.party:80",
            "server_url": "http://invale.party:80/c/",
            "macs": [
                "00:1A:79:2B:7F:73",
                "00:1A:79:31:E7:7F",
                "00:1A:79:31:F7:B8",
                "00:1A:79:31:F8:67",
                "00:1A:79:31:FB:73",
                "00:1A:79:31:FB:7D",
                "00:1A:79:32:07:09",
                "00:1A:79:32:28:DB",
                "00:1A:79:32:40:D5",
                "00:1A:79:32:40:E7",
                "00:1A:79:32:42:2F",
                "00:1A:79:32:46:D9",
                "00:1A:79:33:7F:72",
                "00:1A:79:5E:9F:85",
                "00:1A:79:6B:5F:F1",
                "00:1A:79:A5:97:95",
                "00:1A:79:A9:F2:F1",
                "00:1A:79:AB:A3:28",
                "00:1A:79:BA:AD:BB",
                "00:1A:79:C1:93:AF",
                "00:1A:79:CE:1F:C5"
            ]
        },
        {
            "server_name": "streamcode.one:2082",
            "server_url": "http://streamcode.one:2082/c/",
            "macs": [
                "00:1A:79:72:99:57"
            ]
        },
        {
            "server_name": "line.300spartiatis.com",
            "server_url": "http://line.300spartiatis.com/c/",
            "macs": [
                "00:1A:79:24:76:6C",
                "00:1A:79:2A:36:57",
                "00:1A:79:2B:30:22",
                "00:1A:79:56:8E:68",
                "00:1A:79:60:1B:68",
                "00:1A:79:77:49:98",
                "00:1A:79:77:71:2C",
                "00:1A:79:78:96:43",
                "00:1A:79:7C:54:8E",
                "00:1A:79:81:49:89",
                "00:1A:79:81:73:95",
                "00:1A:79:85:81:82",
                "00:1A:79:94:5D:31",
                "00:1A:79:96:3F:91",
                "00:1A:79:97:4F:62"
            ]
        },
        {
            "server_name": "tvhouse.live",
            "server_url": "http://tvhouse.live/c/",
            "macs": [
                "00:1A:79:3B:A7:27",
                "00:1A:79:40:93:0D",
                "00:1A:79:42:7E:30",
                "00:1A:79:70:80:EF",
                "00:1A:79:84:F8:62",
                "00:1A:79:8B:36:AF",
                "00:1A:79:A1:61:D9",
                "00:1A:79:AC:84:5B",
                "00:1A:79:B5:1E:78",
                "00:1A:79:B7:EC:4A",
                "00:1A:79:C1:11:AE",
                "00:1A:79:C3:01:C0",
                "00:1A:79:C3:85:CC",
                "00:1A:79:C4:FF:DC",
                "00:1A:79:C5:BF:48"
            ]
        },
        {
            "server_name": "ministra.roshen.live",
            "server_url": "http://ministra.roshen.live/stalker_portal/c/",
            "macs": [
                "00:1A:79:7C:8A:11",
                "00:1A:79:95:63:46"
            ]
        },
        {
            "server_name": "mag.trexlive.me",
            "server_url": "http://mag.trexlive.me/c/",
            "macs": [
                "00:1A:79:03:A7:D2",
                "00:1A:79:33:82:2B",
                "00:1A:79:3A:0C:88",
                "00:1A:79:79:ED:12",
                "00:1A:79:7A:85:FB",
                "00:1A:79:A3:BE:63",
                "00:1A:79:B5:4A:02",
                "00:1A:79:B8:74:BC",
                "00:1A:79:BF:E8:AD",
                "00:1A:79:C6:98:4F",
                "00:1A:79:C7:E2:CC",
                "00:1A:79:CA:81:5B",
                "00:1A:79:F7:49:4B",
                "00:1A:79:FB:06:C8"
            ]
        },
        {
            "server_name": "iptv.maxlacress.com:2082",
            "server_url": "http://iptv.maxlacress.com:2082/c/",
            "macs": [
                "00:1A:79:74:D7:81",
                "00:1A:79:76:4A:8F"
            ]
        },
        {
            "server_name": "iphighland2.ddns.net",
            "server_url": "http://iphighland2.ddns.net/c/",
            "macs": [
                "00:1A:79:62:89:F8"
            ]
        },
        {
            "server_name": "ch.bosstv.live:8080",
            "server_url": "http://ch.bosstv.live:8080/c/",
            "macs": [
                "00:1A:79:B3:C9:E5"
            ]
        },
        {
            "server_name": "glavonja.work:5115",
            "server_url": "http://glavonja.work:5115/c/",
            "macs": [
                "00:1A:79:3E:E5:64",
                "00:1A:79:89:46:46",
                "00:1A:79:FD:6B:92"
            ]
        },
        {
            "server_name": "ip.xtremetv.eu:8000",
            "server_url": "http://ip.xtremetv.eu:8000/c/",
            "macs": [
                "00:1A:79:2E:41:8C"
            ]
        },
        {
            "server_name": "old.viewtv.me",
            "server_url": "http://old.viewtv.me/stalker_portal/c/",
            "macs": [
                "00:1A:79:23:5E:F5",
                "00:1A:79:84:E9:4B"
            ]
        },
        {
            "server_name": "live.aircell.cc",
            "server_url": "http://live.aircell.cc/stalker_portal/c/",
            "macs": [
                "00:1A:79:5F:F3:8C"
            ]
        },
        {
            "server_name": "hyper.de1-eu.com:8000",
            "server_url": "http://hyper.de1-eu.com:8000/c/",
            "macs": [
                "00:1A:79:55:77:6C"
            ]
        },
        {
            "server_name": "mol-2.com:8080",
            "server_url": "http://mol-2.com:8080/c/",
            "macs": [
                "00:1A:79:4F:4C:A9",
                "00:1A:79:57:24:BA",
                "00:1A:79:AA:D1:14",
                "00:1A:79:AC:C8:02",
                "00:1A:79:AD:EF:3E",
                "00:1A:79:AE:DC:37",
                "00:1A:79:B1:74:0C",
                "00:1A:79:B2:41:33",
                "00:1A:79:B2:7A:8F",
                "00:1A:79:B2:CB:FA",
                "00:1A:79:B4:38:3A",
                "00:1A:79:B5:17:7F",
                "00:1A:79:B5:C4:7E",
                "00:1A:79:B6:42:B6",
                "00:1A:79:B7:AC:82",
                "00:1A:79:B9:95:85",
                "00:1A:79:BA:82:9D",
                "00:1A:79:BC:CF:06",
                "00:1A:79:BF:98:2C",
                "00:1A:79:CC:8F:4D"
            ]
        },
        {
            "server_name": "z.zcatt.cc",
            "server_url": "http://z.zcatt.cc/stalker_portal/c/",
            "macs": [
                "00:1A:79:AE:C0:AA",
                "00:1A:79:F2:59:22"
            ]
        },
        {
            "server_name": "line.maxir.biz:8080",
            "server_url": "http://line.maxir.biz:8080/c/",
            "macs": [
                "00:1A:79:F5:1B:34"
            ]
        },
        {
            "server_name": "web2021.biz:8080",
            "server_url": "http://web2021.biz:8080/c/",
            "macs": [
                "00:1A:79:A7:38:50",
                "00:1A:79:A8:69:9D"
            ]
        },
        {
            "server_name": "hans_monika.streamtv.to:8080",
            "server_url": "http://hans_monika.streamtv.to:8080/c/",
            "macs": [
                "00:1A:79:3F:97:D0"
            ]
        },
        {
            "server_name": "fastopen.live:8080",
            "server_url": "http://fastopen.live:8080/c/",
            "macs": [
                "00:1A:79:4E:EF:40",
                "00:1A:79:AE:45:2C"
            ]
        },
        {
            "server_name": "tv.deirnet.ps",
            "server_url": "http://tv.deirnet.ps/stalker_portal/c/",
            "macs": [
                "00:1A:79:6E:6D:76"
            ]
        },
        {
            "server_name": "90309-fri.ott-cdn.me",
            "server_url": "http://90309-fri.ott-cdn.me/c/",
            "macs": [
                "00:1A:79:23:02:9F",
                "00:1A:79:37:98:05",
                "00:1A:79:65:36:35",
                "00:1A:79:8B:45:C1",
                "00:1A:79:F8:02:C0"
            ]
        }
    ]
}