{
    "items": [
        {
            "server_name": "optimus-tv.org:8080",
            "server_url": "http://optimus-tv.org:8080/c/",
            "macs": [
                "00:1A:79:01:73:D2",
                "00:1A:79:01:74:9A",
                "00:1A:79:01:74:9B",
                "00:1A:79:01:74:95",
                "00:1A:79:01:72:60",
                "00:1A:79:01:73:F6",
                "00:1A:79:01:74:A6",
                "00:1A:79:01:74:B3",
                "00:1A:79:01:74:A1",
                "00:1A:79:01:73:D0",
                "00:1A:79:01:74:4A",
                "00:1A:79:01:73:E8",
                "00:1A:79:01:74:AA",
                "00:1A:79:01:73:F4",
                "00:1A:79:01:74:40",
                "00:1A:79:01:74:4C",
                "00:1A:79:01:74:90",
                "00:1A:79:01:74:A8",
                "00:1A:79:01:74:94"
            ]
        },
        {
            "server_name": "neptun2022.pro:8080",
            "server_url": "http://neptun2022.pro:8080/c/",
            "macs": [
                "00:1a:79:e0:04:5d",
                "00:1a:79:75:30:2e",
                "00:1a:79:46:13:1c",
                "00:1a:79:84:7d:a8",
                "00:1a:79:6d:ec:4a",
                "00:1a:79:5a:40:8d",
                "00:1a:79:35:c0:79",
                "00:1a:79:a5:be:37",
                "00:1a:79:c3:c0:05",
                "00:1a:79:c9:a6:74",
                "00:1a:79:72:6b:63"
            ]
        },
        {
            "server_name": "iptvkosova.ml.gentv.to:8080",
            "server_url": "http://iptvkosova.ml.gentv.to:8080/c/",
            "macs": [
                "00:1a:79:a2:69:b8",
                "00:1a:79:a6:47:b7",
                "00:1a:79:b0:c1:69",
                "00:1a:79:be:8c:87",
                "00:1a:79:be:75:14"
            ]
        },
        {
            "server_name": "4connect.link",
            "server_url": "http://4connect.link/c/",
            "macs": [
                "00:1a:79:b8:ca:27",
                "00:1a:79:b6:30:09",
                "00:1a:79:bd:3f:65",
                "00:1a:79:aa:43:ba",
                "00:1a:79:b8:7b:ae"
            ]
        },
        {
            "server_name": "mag.ukhd.tv:80",
            "server_url": "http://mag.ukhd.tv:80/c/",
            "macs": [
                "00:1A:79:09:29:9f"
            ]
        },
        {
            "server_name": "livein1.com:2095",
            "server_url": "http://livein1.com:2095/c/",
            "macs": [
                "00:1A:79:70:D7:1C",
                "00:1A:79:71:21:5E"
            ]
        },
        {
            "server_name": "ibrafr.com:8789",
            "server_url": "http://ibrafr.com:8789/c/",
            "macs": [
                "00:1A:79:A5:A8:B9",
                "00:1A:79:72:41:AE"
            ]
        }
    ]
}