{
    "items": [
        {
            "server_name": "185.243.7.154",
            "server_url": "http://185.243.7.154/c/",
            "macs": [
                "00:1A:79:00:10:63",
                "00:1A:79:7A:6F:C7"
            ]
        },
        {
            "server_name": "innovationdns.eu",
            "server_url": "http://innovationdns.eu/c/",
            "macs": [
                "00:1A:79:BF:E8:AD",
                "00:1A:79:BC:BD:F3",
                "00:1A:79:53:FA:73"
            ]
        },
        {
            "server_name": "185.182.193.203:25461",
            "server_url": "http://185.182.193.203:25461/c/",
            "macs": [
                "00:1A:79:63:96:22"
            ]
        },
        {
            "server_name": "45.134.200.67",
            "server_url": "http://45.134.200.67/stalker_portal/c/",
            "macs": [
                "00:1A:79:40:50:AE"
            ]
        },
        {
            "server_name": "185.243.7.151",
            "server_url": "http://185.243.7.151/c/",
            "macs": [
                "00:1A:79:59:97:9C",
                "00:1A:79:3C:CA:F5",
                "00:1a:79:36:B2:90",
                "00:1A:79:19:10:07"
            ]
        },
        {
            "server_name": "cf.akm-px.me",
            "server_url": "http://cf.akm-px.me/c/",
            "macs": [
                "00:1A:79:79:17:B7"
            ]
        },
        {
            "server_name": "jt-info.xyz",
            "server_url": "http://jt-info.xyz/c/",
            "macs": [
                "00:1A:79:73:E9:EC",
                "00:1A:79:4A:43:90",
                "00:1A:79:75:1A:68",
                "00:1A:79:C1:F7:FD",
                "00:1A:79:B4:85:A8"
            ]
        },
        {
            "server_name": "deltago.ddns.net",
            "server_url": "http://deltago.ddns.net/c/",
            "macs": [
                "00:1A:79:54:95:a7"
            ]
        },
        {
            "server_name": "brokentv.rip:8080",
            "server_url": "http://brokentv.rip:8080/c/",
            "macs": [
                "00:1a:79:bf:c3:ec"
            ]
        },
        {
            "server_name": "ss.2665.ninja:8080",
            "server_url": "http://ss.2665.ninja:8080/c/",
            "macs": [
                "00:1a:79:5d:9c:d8"
            ]
        },
        {
            "server_name": "185.235.165.10",
            "server_url": "http://185.235.165.10/c/",
            "macs": [
                "00:1A:79:35:F3:D9"
            ]
        },
        {
            "server_name": "185.236.228.180:8080",
            "server_url": "http://185.236.228.180:8080/c/",
            "macs": [
                "00:1A:79:AD:4D:B6",
                "00:1A:79:B6:9A:C5"
            ]
        },
        {
            "server_name": "152.89.62.76:8880",
            "server_url": "http://152.89.62.76:8880/c/",
            "macs": [
                "00:1A:79:AF:1C:C2"
            ]
        },
        {
            "server_name": "iconott.life:80",
            "server_url": "http://iconott.life:80/c/",
            "macs": [
                "00:1A:79:B5:47:84"
            ]
        },
        {
            "server_name": "45.139.122.199:8080",
            "server_url": "http://45.139.122.199:8080/c/",
            "macs": [
                "00:1A:79:B6:D9:83",
                "00:1A:79:C6:F7:16",
                "00:1A:79:B4:4A:8F",
                "00:1A:79:BA:9B:A5",
                "00:1A:79:54:07:EC",
                "00:1A:79:63:34:37",
                "00:1A:79:BB:F1:F3",
                "00:1A:79:BD:C7:F7",
                "00:1A:79:51:1E:87",
                "00:1A:79:EF:30:D2",
                "00:1A:79:B4:57:66",
                "00:1A:79:BF:B8:F2",
                "00:1A:79:4E:19:BF",
                "00:1A:79:CB:74:65",
                "00:1A:79:AD:5A:09",
                "00:1A:79:5B:8C:6C",
                "00:1A:79:C0:93:4A",
                "00:1A:79:B4:4B:D1",
                "00:1A:79:BA:61:AC",
                "00:1A:79:AB:99:DB",
                "00:1A:79:A3:0D:F7",
                "00:1A:79:BA:18:AB",
                "00:1A:79:C4:60:CA"
            ]
        },
        {
            "server_name": "vod.4kplus.org",
            "server_url": "http://vod.4kplus.org/c/",
            "macs": [
                "00:1a:79:90:10:11",
                "00:1a:79:1c:3f:62",
                "00:1a:79:25:8d:f9"
            ]
        },
        {
            "server_name": "neptun2022.pro:8080",
            "server_url": "http://neptun2022.pro:8080/c/",
            "macs": [
                "00:1a:79:2c:95:58",
                "00:1a:79:bd:79:3c"
            ]
        },
        {
            "server_name": "45.139.122.199:8080",
            "server_url": "http://45.139.122.199:8080/c/",
            "macs": [
                "00:1A:79:B6:D9:83",
                "00:1A:79:C6:F7:16",
                "00:1A:79:B4:4A:8F",
                "00:1A:79:BA:9B:A5",
                "00:1A:79:54:07:EC",
                "00:1A:79:63:34:37",
                "00:1A:79:BB:F1:F3",
                "00:1A:79:BD:C7:F7",
                "00:1A:79:51:1E:87",
                "00:1A:79:EF:30:D2",
                "00:1A:79:B4:57:66"
            ]
        },
        {
            "server_name": "51.159.70.234",
            "server_url": "http://51.159.70.234/stalker_portal/c/",
            "macs": [
                "00:1A:79:73:E9:EC",
                "00:1A:79:4A:43:90",
                "00:1A:79:75:1A:68",
                "00:1A:79:C1:F7:FD",
                "00:1A:79:B4:85:A8"
            ]
        },
        {
            "server_name": "cod41.biz",
            "server_url": "http://cod41.biz/stalker_portal/c/",
            "macs": [
                "00:1A:79:35:79:9E",
                "00:1A:79:02:CD:02",
                "00:1A:79:00:52:59",
                "00:1A:79:00:27:1D",
                "00:1A:79:2D:D7:75"
            ]
        },
        {
            "server_name": "nitrotv.biz",
            "server_url": "http://nitrotv.biz/c/",
            "macs": [
                "00:1A:79:3D:1F:3D"
            ]
        },
        {
            "server_name": "xt2.xyz:37500",
            "server_url": "http://xt2.xyz:37500/c/",
            "macs": [
                "00:1A:79:47:F7:96"
            ]
        },
        {
            "server_name": "y.bittensor.nexus:80",
            "server_url": "https://y.bittensor.nexus:80/c/",
            "macs": [
                "00:1A:79:43:0E:D5",
                "00:1A:79:39:36:61",
                "00:1A:79:F5:3E:03",
                "00:1a:79:F1:B8:05",
                "00:1a:79:6a:6b:9c",
                "00:1a:79:11:22:33",
                "00:1a:79:f1:b8:05",
                "00:1A:79:0C:12:E9",
                "00:1A:79:64:bb:d4",
                "00:1a:79:39:4d:79",
                "00:1A:79:1A:89:59",
                "00:1A:79:a0:4c:6c",
                "00:1A:79:CF:69:2A",
                "00:1A:79:52:28:BE",
                "00:1a:79:00:00:00",
                "00:1A:79:F6:45:0A",
                "00:1A:79:f1:b8:05",
                "00:1A:79:F1:B8:05"
            ]
        },
        {
            "server_name": "typhoonott.com:8789",
            "server_url": "http://typhoonott.com:8789/c/",
            "macs": [
                "00:1A:79:A1:5F:dE",
                "00:1A:79:6B:d7:AE",
                "00:1A:79:4E:dF:2F"
            ]
        },
        {
            "server_name": "stb.homeiptv.org",
            "server_url": "http://stb.homeiptv.org/stalker_portal/c/",
            "macs": [
                "00:1A:79:02:31:b7",
                "00:1A:79:02:32:77",
                "00:1A:79:02:54:93",
                "00:1A:79:02:73:0f",
                "00:1A:79:02:74:70",
                "00:1A:79:02:76:68",
                "00:1A:79:02:77:cd"
            ]
        },
        {
            "server_name": "pdata.ddns.me:8080",
            "server_url": "http://pdata.ddns.me:8080/c/",
            "macs": [
                "00:1A:79:00:00:02",
                "00:1A:79:00:00:10"
            ]
        },
        {
            "server_name": "petarxc.ddns.net:8000",
            "server_url": "http://petarxc.ddns.net:8000/c/",
            "macs": [
                "00:1a:79:72:29:1a"
            ]
        },
        {
            "server_name": "tr.redatvgold.com:80",
            "server_url": "http://tr.redatvgold.com:80/c/",
            "macs": [
                "00:1A:79:05:B4:EF",
                "00:1A:79:24:74:11",
                "00:1A:79:26:26:E1",
                "00:1A:79:17:11:7D",
                "00:1A:79:0A:B2:8B",
                "00:1A:79:94:AA:5A",
                "00:1A:79:B0:71:90",
                "00:1A:79:17:1B:C9",
                "00:1A:79:22:33:44",
                "00:1A:79:72:BB:BC",
                "00:1A:79:FB:2E:0D",
                "00:1A:79:94:AA:5A",
                "00:1A:79:B0:71:90",
                "00:1A:79:17:1B:C9",
                "00:1A:79:22:33:44"
            ]
        },
        {
            "server_name": "proxym3u.watchtv.best",
            "server_url": "http://proxym3u.watchtv.best/c/",
            "macs": [
                "00:1A:79:42:F7:4D"
            ]
        },
        {
            "server_name": "mag.trexlive.me",
            "server_url": "http://mag.trexlive.me/c/",
            "macs": [
                "00:1A:79:CA:81:5B"
            ]
        },
        {
            "server_name": "iptv.darkbox.nu",
            "server_url": "http://iptv.darkbox.nu/c/",
            "macs": [
                "00:1A:79:DE:9F:F4"
            ]
        },
        {
            "server_name": "ya.trythisone.cc",
            "server_url": "http://ya.trythisone.cc/c/",
            "macs": [
                "00:1A:79:28:4F:C2"
            ]
        },
        {
            "server_name": "iptv.darkbox.nu",
            "server_url": "http://iptv.darkbox.nu/c/",
            "macs": [
                "00:1A:79:B4:EB:68",
                "00:1A:79:6F:75:19"
            ]
        },
        {
            "server_name": "mag.trexlive.me",
            "server_url": "http://mag.trexlive.me/c/",
            "macs": [
                "00:1A:79:3A:0C:88",
                "00:1A:79:79:ED:12"
            ]
        },
        {
            "server_name": "iptvch2.com",
            "server_url": "http://iptvch2.com/c/",
            "macs": [
                "00:1a:79:a2:0c:b3"
            ]
        },
        {
            "server_name": "rajtv.online:80",
            "server_url": "http://rajtv.online:80/c/",
            "macs": [
                "00:1A:79:40:7D:58",
                "00:1A:79:32:BC:BC"
            ]
        }
    ]
}