{
    "items": [
        {
            "server_name": "promaxhd.com:8080",
            "server_url": "http://promaxhd.com:8080/c/",
            "macs": [
                "00:1A:79:5C:A3:57",
                "00:1A:79:3E:72:AF",
                "00:1A:79:9A:11:37",
                "00:1A:79:F8:5E:BC",
                "00:1A:79:C7:9C:12"
            ]
        },
        {
            "server_name": "ibrafr.com:8789",
            "server_url": "http://ibrafr.com:8789/c/",
            "macs": [
                "00:1A:79:5c:2d:6d",
                "00:1A:79:a2:88:01",
                "00:1A:79:8a:dc:da",
                "00:1A:79:80:25:74",
                "00:1A:79:58:11:69"
            ]
        },
        {
            "server_name": "ibrafr.com:8789",
            "server_url": "http://ibrafr.com:8789/c/",
            "macs": [
                "00:1A:79:52:C9:83",
                "00:1A:79:4C:A4:04"
            ]
        },
        {
            "server_name": "ultra-box.club",
            "server_url": "http://ultra-box.club/c/",
            "macs": [
                "00:1a:79:ba:af:61",
                "00:1a:79:ae:5c:34",
                "00:1a:79:af:25:7b",
                "00:1a:79:ad:93:53",
                "00:1a:79:aa:bd:12"
            ]
        },
        {
            "server_name": "livetvbox.live:8080",
            "server_url": "http://livetvbox.live:8080/c/",
            "macs": [
                "00:1A:79:9E:59:8A",
                "00:1A:79:5C:D0:64"
            ]
        },
        {
            "server_name": "maja22.net:8080",
            "server_url": "http://maja22.net:8080/c/",
            "macs": [
                "00:1A:79:01:71:62",
                "00:1A:79:04:AB:74"
            ]
        },
        {
            "server_name": "exprestv.win:80",
            "server_url": "http://exprestv.win:80/c/",
            "macs": [
                "00:1A:79:3F:F9:80",
                "00:1A:79:A5:64:E9",
                "00:1A:79:C4:BB:0C"
            ]
        },
        {
            "server_name": "starshare.live:8080",
            "server_url": "http://starshare.live:8080/c/",
            "macs": [
                "00:1A:79:56:43:9E"
            ]
        },
        {
            "server_name": "dns20.xyz:80",
            "server_url": "http://dns20.xyz:80/c/",
            "macs": [
                "00:1A:79:31:38:36",
                "00:1A:79:53:AB:FD"
            ]
        },
        {
            "server_name": "66.epiciptv.com:88",
            "server_url": "http://66.epiciptv.com:88/stalker_portal/c/",
            "macs": [
                "00:1A:79:00:00:01"
            ]
        },
        {
            "server_name": "darknetiptv1.ddns.net:25461",
            "server_url": "http://darknetiptv1.ddns.net:25461/c/",
            "macs": [
                "00:1A:79:54:D7:C8",
                "00:1A:79:3E:67:C5",
                "00:1A:79:48:B0:08",
                "00:1A:79:B6:C9:F6",
                "00:1A:79:CF:41:06",
                "00:1A:79:27:E9:5E",
                "00:1A:79:72:7E:75",
                "00:1A:79:C2:42:3F",
                "00:1A:79:82:80:38",
                "00:1A:79:B8:45:66",
                "00:1A:79:F4:BA:1B",
                "00:1A:79:61:A1:23",
                "00:1A:79:B8:49:AD",
                "00:1A:79:BA:A9:39",
                "00:1A:79:FE:E5:2D",
                "00:1A:79:5B:8D:4C",
                "00:1A:79:42:2B:31",
                "00:1A:79:B8:45:D6",
                "00:1A:79:77:EA:B9"
            ]
        },
        {
            "server_name": "200.26.188.39:80",
            "server_url": "http://200.26.188.39:80/c/",
            "macs": [
                "00:1A:79:71:1a:49",
                "00:1A:79:c2:7d:7a",
                "00:1A:79:90:0d:96",
                "00:1A:79:ab:c0:23",
                "00:1A:79:1c:0e:10",
                "00:1A:79:4e:b2:e1",
                "00:1A:79:64:1d:8e"
            ]
        },
        {
            "server_name": "medotv.nl:8000",
            "server_url": "http://medotv.nl:8000/c/",
            "macs": [
                "00:1A:79:3F:62:09",
                "00:1A:79:B5:94:10",
                "00:1A:79:DE:FE:2B",
                "00:1A:79:39:16:37"
            ]
        }
    ]
}