{
    "items": [
        {
            "server_name": "tv.premiumplus.tv",
            "server_url": "http://tv.premiumplus.tv/c/",
            "macs": [
                "00:1A:79:10:D5:E9",
                "00:1A:79:2D:22:BB",
                "00:1A:79:3B:9E:F7",
                "00:1A:79:4A:59:D8",
                "00:1A:79:4C:05:F9",
                "00:1A:79:6F:CC:10",
                "00:1A:79:86:B9:1B",
                "00:1A:79:90:22:43",
                "00:1A:79:B5:17:B7",
                "00:1A:79:B7:51:DD",
                "00:1A:79:BF:4D:CD",
                "00:1A:79:C0:F2:76",
                "00:1A:79:C1:98:39",
                "00:1A:79:C9:3A:A4",
                "00:1A:79:CF:50:0C",
                "00:1A:79:E3:72:B6",
                "00:1A:79:E9:19:06"
            ]
        },
        {
            "server_name": "vip.goldtv.org:8000",
            "server_url": "http://vip.goldtv.org:8000/c/",
            "macs": [
                "00:1A:79:0D:02:8E",
                "00:1A:79:0E:1D:C2",
                "00:1A:79:0E:1F:B7",
                "00:1A:79:18:09:C2",
                "00:1A:79:3D:FA:8E",
                "00:1A:79:4D:A9:20",
                "00:1A:79:4F:E0:F9",
                "00:1A:79:61:5F:3C",
                "00:1A:79:C4:05:00",
                "00:1A:79:C4:2A:C9",
                "00:1A:79:C6:3F:BD",
                "00:1A:79:C7:EF:AD",
                "00:1A:79:C7:EF:BD",
                "00:1A:79:F9:5F:04",
                "00:1A:79:F9:6F:E0"
            ]
        },
        {
            "server_name": "102.129.200.19",
            "server_url": "http://102.129.200.19/c/",
            "macs": [
                "00:1A:79:5A:61:5E",
                "00:1A:79:C2:39:94",
                "00:1A:79:C2:92:46"
            ]
        },
        {
            "server_name": "pal.alphatx.me:80",
            "server_url": "http://pal.alphatx.me:80/c/",
            "macs": [
                "00:1A:79:5A:9E:E0",
                "00:1A:79:62:CF:DD",
                "00:1A:79:6E:99:FB"
            ]
        },
        {
            "server_name": "albaniaserver.com:80",
            "server_url": "http://albaniaserver.com:80/c/",
            "macs": [
                "00:1A:79:00:12:25",
                "00:1A:79:00:13:05",
                "00:1A:79:00:14:58",
                "00:1A:79:00:14:59",
                "00:1A:79:00:14:FC",
                "00:1A:79:00:15:06",
                "00:1A:79:00:15:4D",
                "00:1A:79:2A:E7:7D",
                "00:1A:79:B0:64:C2"
            ]
        },
        {
            "server_name": "apex02.keycdn.cc",
            "server_url": "http://apex02.keycdn.cc/stalker_portal/c/",
            "macs": [
                "00:1A:79:03:E6:E2",
                "00:1A:79:33:25:61",
                "00:1A:79:36:31:39",
                "00:1A:79:37:EE:2B",
                "00:1A:79:4D:B7:0D",
                "00:1A:79:57:8C:10",
                "00:1A:79:64:33:63",
                "00:1A:79:64:A1:95",
                "00:1A:79:6C:1D:36",
                "00:1A:79:71:CB:64",
                "00:1A:79:9B:91:1A",
                "00:1A:79:A3:41:31",
                "00:1A:79:A5:B4:F2",
                "00:1A:79:AB:56:80",
                "00:1A:79:AB:B6:59",
                "00:1A:79:AB:B6:84",
                "00:1A:79:BB:B4:FE",
                "00:1A:79:E6:BF:FA",
                "00:1A:79:EF:3C:36"
            ]
        },
        {
            "server_name": "162.19.37.133:8080",
            "server_url": "http://162.19.37.133:8080/c/",
            "macs": [
                "00:1A:79:1F:28:C4",
                "00:1A:79:A3:C0:5E",
                "00:1A:79:AD:3E:44",
                "00:1A:79:B0:B1:B7",
                "00:1A:79:B2:23:D9",
                "00:1A:79:D0:F8:90",
                "00:1A:79:FB:3C:BB",
                "00:1A:79:FB:57:C8"
            ]
        },
        {
            "server_name": "tkosportz.live:25461",
            "server_url": "http://tkosportz.live:25461/c/",
            "macs": [
                "00:1A:79:6F:41:E0",
                "00:1A:79:E5:E2:7A",
                "00:1A:79:E6:03:87",
                "00:1A:79:E6:51:97"
            ]
        },
        {
            "server_name": "005.0004567.xyz",
            "server_url": "http://005.0004567.xyz/c/",
            "macs": [
                "00:1A:79:3C:77:2D",
                "00:1A:79:93:30:AC",
                "00:1A:79:C5:49:B7",
                "00:1A:79:CB:85:56",
                "00:1A:79:CF:2F:AC"
            ]
        },
        {
            "server_name": "magentalive.eu:8080",
            "server_url": "http://magentalive.eu:8080/c/",
            "macs": [
                "00:1A:79:6B:EA:8D"
            ]
        },
        {
            "server_name": "pointpython.streamtv.to:8080",
            "server_url": "http://pointpython.streamtv.to:8080/c/",
            "macs": [
                "00:1A:79:1D:18:EA",
                "00:1A:79:32:3A:34",
                "00:1A:79:B0:95:22",
                "00:1A:79:B0:BE:4A",
                "00:1A:79:B0:BF:70",
                "00:1A:79:B5:2E:3C",
                "00:1A:79:B5:66:CE",
                "00:1A:79:BE:89:AE",
                "00:1A:79:C1:91:FD",
                "00:1A:79:C1:E6:4B",
                "00:1A:79:D1:FF:DB",
                "00:1A:79:D2:0D:30"
            ]
        },
        {
            "server_name": "anonymoustv.club",
            "server_url": "http://anonymoustv.club/c/",
            "macs": [
                "00:1A:79:22:15:3C",
                "00:1A:79:50:D9:74",
                "00:1A:79:64:C5:8F",
                "00:1A:79:75:73:FC",
                "00:1A:79:AB:63:EE",
                "00:1A:79:B0:AA:0C",
                "00:1A:79:C6:2C:1F",
                "00:1A:79:F4:22:D8"
            ]
        },
        {
            "server_name": "app.yupptv.io",
            "server_url": "http://app.yupptv.io/stalker_portal/c/",
            "macs": [
                "00:1A:79:27:A2:99",
                "00:1A:79:33:36:34",
                "00:1A:79:4A:E7:39",
                "00:1A:79:58:B3:B7",
                "00:1A:79:64:64:64",
                "00:1A:79:65:78:09",
                "00:1A:79:6A:63:7E",
                "00:1A:79:90:95:AC",
                "00:1A:79:A2:76:B7",
                "00:1A:79:DD:6C:7B",
                "00:1A:79:E7:C9:53",
                "00:1A:79:EF:2C:0E",
                "00:1A:79:FA:24:79"
            ]
        },
        {
            "server_name": "rufus.zone",
            "server_url": "http://rufus.zone/stalker_portal/c/",
            "macs": [
                "00:1A:79:5A:B0:5B",
                "00:1A:79:79:15:8C",
                "00:1A:79:8A:EC:3C",
                "00:1A:79:9D:29:BA",
                "00:1A:79:C1:44:79",
                "00:1A:79:E5:17:A9",
                "00:1A:79:E5:2C:49",
                "00:1A:79:E5:2C:75",
                "00:1A:79:E6:0B:20",
                "00:1A:79:E6:1B:AE"
            ]
        },
        {
            "server_name": "xt2.xyz:37500",
            "server_url": "http://xt2.xyz:37500/c/",
            "macs": [
                "00:1A:79:47:F7:96"
            ]
        },
        {
            "server_name": "pt.chape-shop.com:8080",
            "server_url": "http://pt.chape-shop.com:8080/c/",
            "macs": [
                "00:1A:79:5F:60:B3",
                "00:1A:79:73:52:1A",
                "00:1A:79:74:2C:2C",
                "00:1A:79:79:76:53",
                "00:1A:79:96:8C:3C",
                "00:1A:79:A4:8B:68",
                "00:1A:79:B0:C6:B5",
                "00:1A:79:BB:19:2F",
                "00:1A:79:C4:4F:A7"
            ]
        },
        {
            "server_name": "st1.ipweb.site",
            "server_url": "http://st1.ipweb.site/stalker_portal/c/",
            "macs": [
                "00:1A:79:00:80:ED",
                "00:1A:79:14:E8:88",
                "00:1A:79:35:9A:61",
                "00:1A:79:35:9B:9C",
                "00:1A:79:4C:D8:E1",
                "00:1A:79:5C:29:8F"
            ]
        }
    ]
}