{
    "items": [
        {
            "server_name": "tr.simotvgold.com:80",
            "server_url": "http://tr.simotvgold.com:80/c/",
            "macs": [
                "00:1A:79:B5:5F:4B",
                "00:1A:79:59:CB:6E",
                "00:1A:79:CE:33:4B",
                "00:1A:79:B4:B6:E1",
                "00:1A:79:C0:8B:FE",
                "00:1A:79:64:30:A3",
                "00:1A:79:A3:12:E8",
                "00:1A:79:8B:33:CD",
                "00:1A:79:B7:D7:5E",
                "00:1A:79:CC:16:34"
            ]
        },
        {
            "server_name": "89.45.13.220:8080",
            "server_url": "http://89.45.13.220:8080/c/",
            "macs": [
                "00:1A:79:AF:F8:C3",
                "00:1A:79:0F:49:D2",
                "00:1A:79:F5:43:F3",
                "00:1A:79:08:41:B4",
                "00:1A:79:A0:FE:10"
            ]
        },
        {
            "server_name": "23232.top",
            "server_url": "http://23232.top/c/",
            "macs": [
                "00:1A:79:83:36:AE",
                "00:1A:79:63:B0:A2",
                "00:1A:79:A7:9F:CE",
                "00:1A:79:AF:0C:FF",
                "00:1A:79:BF:B5:8F",
                "00:1A:79:24:D3:2A",
                "00:1A:79:D5:76:C7",
                "00:1A:79:2F:68:54",
                "00:1A:79:29:02:11",
                "00:1A:79:EE:CF:49",
                "00:1A:79:04:A3:A1",
                "00:1A:79:B2:2E:7E",
                "00:1A:79:20:6A:7B",
                "00:1A:79:88:AF:ED",
                "00:1A:79:B5:FA:3A"
            ]
        },
        {
            "server_name": "iptv.darkbox.nu",
            "server_url": "http://iptv.darkbox.nu/c/",
            "macs": [
                "00:1A:79:40:6C:7B"
            ]
        },
        {
            "server_name": "king4k.tv",
            "server_url": "http://king4k.tv/c/",
            "macs": [
                "00:1A:79:BD:3B:37"
            ]
        },
        {
            "server_name": "zenlink.link",
            "server_url": "http://zenlink.link/c/",
            "macs": [
                "00:1A:79:AC:1B:FB"
            ]
        },
        {
            "server_name": "102.129.200.19",
            "server_url": "http://102.129.200.19/c/",
            "macs": [
                "00:1A:79:B9:8B:2D"
            ]
        },
        {
            "server_name": "iptv.darkbox.nu",
            "server_url": "http://iptv.darkbox.nu/c/",
            "macs": [
                "00:1A:79:7C:4F:8B"
            ]
        },
        {
            "server_name": "mag.premiumplus.tv",
            "server_url": "http://mag.premiumplus.tv/c/",
            "macs": [
                "00:1A:79:CC:1E:6C"
            ]
        },
        {
            "server_name": "jt-info.xyz",
            "server_url": "http://jt-info.xyz/c/",
            "macs": [
                "00:1A:79:65:C2:21"
            ]
        },
        {
            "server_name": "line.dino.ws",
            "server_url": "http://line.dino.ws/c/",
            "macs": [
                "00:1A:79:8D:93:77",
                "00:1A:79:12:4D:08"
            ]
        },
        {
            "server_name": "thetellybox.xyz",
            "server_url": "http://thetellybox.xyz/c/",
            "macs": [
                "00:1A:79:73:6E:E1",
                "00:1A:79:C5:14:17",
                "00:1A:79:BC:47:81",
                "00:1A:79:CF:46:93",
                "00:1A:79:B9:92:E2",
                "00:1A:79:75:33:74",
                "00:1A:79:68:E9:BD",
                "00:1A:79:B5:9F:5F"
            ]
        },
        {
            "server_name": "tv.greatstar.me",
            "server_url": "http://tv.greatstar.me/c/",
            "macs": [
                "00:1A:79:D6:5F:B6",
                "00:1A:79:C2:B6:45",
                "00:1A:79:CA:81:5B",
                "00:1A:79:BC:BD:F3",
                "00:1A:79:FB:39:E0",
                "00:1A:79:B8:74:BC",
                "00:1A:79:C4:04:B7",
                "00:1A:79:53:FA:73",
                "00:1A:79:FD:F4:F1",
                "00:1A:79:AF:1A:80",
                "00:1A:79:5B:F3:5C",
                "00:1A:79:CE:05:24",
                "00:1A:79:B5:4A:02",
                "00:1A:79:23:42:20",
                "00:1A:79:6F:82:97",
                "00:1A:79:2F:51:A9",
                "00:1A:79:B8:D8:01",
                "00:1A:79:C6:98:4F",
                "00:1A:79:90:EF:40",
                "00:1A:79:FF:04:32",
                "00:1A:79:7A:D5:FB"
            ]
        },
        {
            "server_name": "holipop.xyz",
            "server_url": "http://holipop.xyz/c/",
            "macs": [
                "00:1A:79:BD:75:1E",
                "00:1A:79:B9:15:FA",
                "00:1A:79:C8:02:CD",
                "00:1A:79:2B:19:45",
                "00:1A:79:72:6C:A6",
                "00:1A:79:C1:BC:E9",
                "00:1A:79:BB:4D:34",
                "00:1A:79:A5:33:85",
                "00:1A:79:B7:1A:20",
                "00:1A:79:CD:00:CC",
                "00:1A:79:C6:B0:E4",
                "00:1A:79:CE:3B:92",
                "00:1A:79:AC:D3:6A",
                "00:1A:79:A6:73:35",
                "00:1A:79:BD:49:92",
                "00:1A:79:C0:04:DC",
                "00:1A:79:C1:A8:D8"
            ]
        },
        {
            "server_name": "jt-info.xyz",
            "server_url": "http://jt-info.xyz/c/",
            "macs": [
                "00:1A:79:4C:8F:7B"
            ]
        },
        {
            "server_name": "fhdtv.club:8080",
            "server_url": "http://fhdtv.club:8080/c/",
            "macs": [
                "00:1A:79:08:8F:B1",
                "00:1A:79:8F:AC:05",
                "00:1A:79:7C:10:E8",
                "00:1A:79:15:8E:B3",
                "00:1A:79:5A:2F:CB",
                "00:1A:79:5C:75:EE",
                "00:1A:79:52:B1:E1",
                "00:1A:79:BB:8B:8B",
                "00:1A:79:4F:46:28",
                "00:1A:79:57:9A:7C",
                "00:1A:79:76:7E:54",
                "00:1A:79:F7:69:F2",
                "00:1A:79:25:7F:7D",
                "00:1A:79:4A:5A:BF",
                "00:1A:79:4E:B6:EA",
                "00:1A:79:52:BE:44",
                "00:1A:79:4A:D8:98",
                "00:1A:79:73:39:5E"
            ]
        },
        {
            "server_name": "mutant.arrox.top",
            "server_url": "http://mutant.arrox.top/c/",
            "macs": [
                "00:1A:79:49:30:7B",
                "00:1A:79:1D:0F:01"
            ]
        },
        {
            "server_name": "fhdtv.club:8080",
            "server_url": "http://fhdtv.club:8080/c/",
            "macs": [
                "00:1A:79:3B:49:DB",
                "00:1A:79:90:DB:C6"
            ]
        },
        {
            "server_name": "sharktv.alphatx.me",
            "server_url": "http://sharktv.alphatx.me/c/",
            "macs": [
                "00:1A:79:E7:AA:EC",
                "00:1A:79:91:56:B7",
                "00:1A:79:D5:4E:A2",
                "00:1A:79:7C:42:5B"
            ]
        },
        {
            "server_name": "a.bittensor.nexus",
            "server_url": "http://a.bittensor.nexus/c/",
            "macs": [
                "00:1A:79:56:90:DA"
            ]
        },
        {
            "server_name": "185.182.193.87",
            "server_url": "http://185.182.193.87/stalker_portal/c/",
            "macs": [
                "00:1A:79:7A:67:25",
                "00:1A:79:80:C2:19",
                "00:1A:79:73:2F:2B",
                "00:1A:79:36:E6:0E",
                "00:1A:79:75:02:00",
                "00:1A:79:7C:0C:FD",
                "00:1A:79:79:E3:B2"
            ]
        },
        {
            "server_name": "birutv.my.id",
            "server_url": "http://birutv.my.id/c/",
            "macs": [
                "00:1A:79:1C:0B:F3",
                "00:1A:79:EB:8B:77",
                "00:1A:79:25:CE:90"
            ]
        },
        {
            "server_name": "iptv.darkbox.nu",
            "server_url": "http://iptv.darkbox.nu/c/",
            "macs": [
                "00:1A:79:71:73:D5",
                "00:1A:79:D7:3F:62",
                "00:1A:79:4F:8C:6A"
            ]
        },
        {
            "server_name": "zenlink.link",
            "server_url": "http://zenlink.link/c/",
            "macs": [
                "00:1A:79:AA:8E:DF"
            ]
        }
    ]
}