{
    "items": [
        {
            "server_name": "besttv.club:8080",
            "server_url": "http://besttv.club:8080/c/",
            "macs": [
                "00:1A:79:07:8B:10",
                "00:1A:79:16:12:0E",
                "00:1A:79:30:F0:39",
                "00:1A:79:33:5D:B9",
                "00:1A:79:35:4B:C8",
                "00:1A:79:3E:5E:EC",
                "00:1A:79:40:24:A2",
                "00:1A:79:4D:07:3B",
                "00:1A:79:50:F6:05",
                "00:1A:79:5A:F4:A2",
                "00:1A:79:67:74:36",
                "00:1A:79:6E:CD:4F",
                "00:1A:79:74:8D:BD",
                "00:1A:79:76:2E:73",
                "00:1A:79:7B:9C:21",
                "00:1A:79:A1:F4:A2",
                "00:1A:79:AE:53:68",
                "00:1A:79:BC:E1:2D",
                "00:1A:79:C4:18:54",
                "00:1A:79:C9:84:32",
                "00:1A:79:CE:1C:A1",
                "00:1A:79:E0:2E:41",
                "00:1A:79:E6:07:BD",
                "00:1A:79:F1:38:5F",
                "00:1A:79:F5:04:FE"
            ]
        },
        {
            "server_name": "tvizle.nl:8080",
            "server_url": "http://tvizle.nl:8080/c/",
            "macs": [
                "00:1A:79:08:E8:81",
                "00:1A:79:BE:9C:99"
            ]
        },
        {
            "server_name": "ph-info.xyz",
            "server_url": "http://ph-info.xyz/c/",
            "macs": [
                "00:1A:79:65:AE:7D"
            ]
        },
        {
            "server_name": "89.45.13.153:25461",
            "server_url": "http://89.45.13.153:25461/c/",
            "macs": [
                "00:1A:79:41:73:75"
            ]
        },
        {
            "server_name": "alex.rocktv.be",
            "server_url": "http://alex.rocktv.be/stalker_portal/c/",
            "macs": [
                "00:1A:79:12:BE:1D",
                "00:1A:79:40:53:9F",
                "00:1A:79:C7:CD:61"
            ]
        },
        {
            "server_name": "m.tvfalcon.net:8080",
            "server_url": "http://m.tvfalcon.net:8080/c/",
            "macs": [
                "00:1A:79:08:50:12",
                "00:1A:79:5D:AA:C8"
            ]
        },
        {
            "server_name": "portal.tiptop4k.tv",
            "server_url": "http://portal.tiptop4k.tv/stalker_portal/c/",
            "macs": [
                "00:1A:79:55:90:BF",
                "00:1A:79:65:45:89",
                "00:1A:79:72:F0:F2"
            ]
        },
        {
            "server_name": "darktv.eu:25461",
            "server_url": "http://darktv.eu:25461/c/",
            "macs": [
                "00:1A:79:3E:9F:80",
                "00:1A:79:68:2F:AA",
                "00:1A:79:BA:94:1B"
            ]
        },
        {
            "server_name": "192.99.19.27:8000",
            "server_url": "http://192.99.19.27:8000/c/",
            "macs": [
                "00:1A:79:52:0E:70",
                "00:1A:79:74:46:F4"
            ]
        },
        {
            "server_name": "entertainmentj4u.com",
            "server_url": "http://entertainmentj4u.com/stalker_portal/c/",
            "macs": [
                "00:1A:79:46:8D:09",
                "00:1A:79:67:C6:A8",
                "00:1A:79:76:7D:99",
                "00:1A:79:7A:FC:C9",
                "00:1A:79:7B:6D:DB",
                "00:1A:79:B5:A1:16"
            ]
        },
        {
            "server_name": "wowtv.cc",
            "server_url": "http://wowtv.cc/c/",
            "macs": [
                "00:1A:79:AC:B3:62"
            ]
        },
        {
            "server_name": "195.128.249.99",
            "server_url": "http://195.128.249.99/c/",
            "macs": [
                "00:1A:79:CC:FE:68"
            ]
        },
        {
            "server_name": "exm3u.123tv.to:8080",
            "server_url": "http://exm3u.123tv.to:8080/c/",
            "macs": [
                "00:1A:79:B0:AB:17"
            ]
        },
        {
            "server_name": "tvfalcon.net:8080",
            "server_url": "http://tvfalcon.net:8080/c/",
            "macs": [
                "00:1A:79:08:50:12",
                "00:1A:79:5D:AA:C8",
                "00:1A:79:BA:B9:E2",
                "00:1A:79:BF:D3:48"
            ]
        },
        {
            "server_name": "kocaeli41.xyz:8000",
            "server_url": "http://kocaeli41.xyz:8000/c/",
            "macs": [
                "00:1A:79:BD:1C:50"
            ]
        },
        {
            "server_name": "erdin1.com:8000",
            "server_url": "http://erdin1.com:8000/c/",
            "macs": [
                "00:1A:79:69:CA:6F",
                "00:1A:79:7C:D5:1A",
                "00:1A:79:AE:62:6C"
            ]
        },
        {
            "server_name": "ns31617126.ip-162-19-37.eu:8080",
            "server_url": "http://ns31617126.ip-162-19-37.eu:8080/c/",
            "macs": [
                "00:1A:79:34:34:F7",
                "00:1A:79:36:77:5A",
                "00:1A:79:43:AE:FA",
                "00:1A:79:4B:5F:D4",
                "00:1A:79:4D:39:C7",
                "00:1A:79:50:41:49",
                "00:1A:79:50:44:0E",
                "00:1A:79:52:4F:0A",
                "00:1A:79:55:8B:12",
                "00:1A:79:57:57:77",
                "00:1A:79:59:00:00",
                "00:1A:79:5A:79:F8",
                "00:1A:79:5E:13:8F",
                "00:1A:79:62:9A:8B",
                "00:1A:79:6B:07:B1",
                "00:1A:79:6D:BC:95",
                "00:1A:79:6F:A6:75",
                "00:1A:79:71:6C:26",
                "00:1A:79:72:98:86",
                "00:1A:79:9D:CB:0E",
                "00:1A:79:A3:BE:C8",
                "00:1A:79:A4:56:4C",
                "00:1A:79:A7:ED:1D",
                "00:1A:79:A7:ED:29",
                "00:1A:79:AA:DD:74",
                "00:1A:79:AB:A1:BA",
                "00:1A:79:AC:F9:CC",
                "00:1A:79:AD:0A:D1",
                "00:1A:79:AD:79:9F",
                "00:1A:79:AE:6C:72",
                "00:1A:79:AE:9E:24",
                "00:1A:79:AF:17:4D",
                "00:1A:79:B0:E4:79",
                "00:1A:79:B2:29:D3",
                "00:1A:79:B2:30:08",
                "00:1A:79:B2:50:61",
                "00:1A:79:B2:61:21",
                "00:1A:79:B5:A7:5B",
                "00:1A:79:B9:15:CC",
                "00:1A:79:B9:81:AD",
                "00:1A:79:B9:A1:0F",
                "00:1A:79:B9:A5:97",
                "00:1A:79:B9:DF:99",
                "00:1A:79:B9:E3:65",
                "00:1A:79:BB:1D:51",
                "00:1A:79:BF:75:37",
                "00:1A:79:BF:76:F6",
                "00:1A:79:BF:77:07",
                "00:1A:79:BF:D6:32",
                "00:1A:79:C0:14:67",
                "00:1A:79:C1:A4:C2",
                "00:1A:79:C1:E1:CF",
                "00:1A:79:C2:85:8D",
                "00:1A:79:C3:34:28",
                "00:1A:79:C3:BA:65",
                "00:1A:79:C3:C4:96",
                "00:1A:79:C4:10:C3",
                "00:1A:79:C4:42:4E",
                "00:1A:79:C4:5D:85",
                "00:1A:79:C4:6E:15",
                "00:1A:79:C5:2E:34",
                "00:1A:79:C5:D0:A1",
                "00:1A:79:C7:DE:E1",
                "00:1A:79:CA:4A:47",
                "00:1A:79:CA:FD:93",
                "00:1A:79:CB:8D:FB",
                "00:1A:79:CC:0A:0E",
                "00:1A:79:CC:26:9E",
                "00:1A:79:CC:3B:3B",
                "00:1A:79:CE:3B:61",
                "00:1A:79:D3:BB:CC",
                "00:1A:79:D3:BC:36",
                "00:1A:79:D5:6F:3C",
                "00:1A:79:E5:06:32",
                "00:1A:79:F1:B2:5B",
                "00:1A:79:F5:02:D3",
                "00:1A:79:FB:12:A8",
                "00:1A:79:FB:23:95",
                "00:1A:79:FB:27:55",
                "00:1A:79:FB:30:CA",
                "00:1A:79:FB:41:95",
                "00:1A:79:FB:43:2E"
            ]
        },
        {
            "server_name": "30198-puppy.ott-cdn.me",
            "server_url": "http://30198-puppy.ott-cdn.me/c/",
            "macs": [
                "00:1A:79:44:C7:10",
                "00:1A:79:50:E3:B4",
                "00:1A:79:70:AC:33",
                "00:1A:79:7D:10:3C",
                "00:1A:79:A3:9E:8C",
                "00:1A:79:C0:E3:0B",
                "00:1A:79:C7:86:72"
            ]
        },
        {
            "server_name": "154.16.143.181:8080",
            "server_url": "http://154.16.143.181:8080/c/",
            "macs": [
                "00:1A:79:AF:72:14"
            ]
        },
        {
            "server_name": "p1.uiop.tv:8037",
            "server_url": "http://p1.uiop.tv:8037/stalker_portal/c/",
            "macs": [
                "00:1A:79:2A:51:92",
                "00:1A:79:38:C2:8E",
                "00:1A:79:3B:83:60",
                "00:1A:79:43:FD:C9",
                "00:1A:79:66:41:C5",
                "00:1A:79:A6:A9:E8",
                "00:1A:79:E5:08:29",
                "00:1A:79:FB:CC:D0"
            ]
        },
        {
            "server_name": "zupanet.live:8080",
            "server_url": "http://zupanet.live:8080/c/",
            "macs": [
                "00:1A:79:66:24:32"
            ]
        },
        {
            "server_name": "1screen3.com:8000",
            "server_url": "http://1screen3.com:8000/c/",
            "macs": [
                "00:1A:79:43:58:17",
                "00:1A:79:4A:27:CA",
                "00:1A:79:5A:41:D2",
                "00:1A:79:A8:D3:AF",
                "00:1A:79:AA:77:C2",
                "00:1A:79:AD:E7:62",
                "00:1A:79:B4:35:93",
                "00:1A:79:B4:36:D3",
                "00:1A:79:B8:FA:93",
                "00:1A:79:BA:58:79",
                "00:1A:79:C7:A8:AA"
            ]
        }
    ]
}