{
    "items": [
        {
            "server_name": "hyper-iptv.com:80",
            "server_url": "http://hyper-iptv.com:80/c/",
            "macs": [
                "00:1A:79:00:01:53",
                "00:1A:79:03:1C:C2",
                "00:1A:79:05:DD:A5",
                "00:1A:79:08:88:00",
                "00:1A:79:27:85:1D",
                "00:1A:79:35:37:E9",
                "00:1A:79:40:69:10",
                "00:1A:79:40:9A:87",
                "00:1A:79:40:9A:8E",
                "00:1A:79:40:9C:D3",
                "00:1A:79:44:8B:92",
                "00:1A:79:45:39:E6",
                "00:1A:79:46:B5:6B",
                "00:1A:79:4B:27:B9",
                "00:1A:79:4C:EE:3B",
                "00:1A:79:4F:CF:4E",
                "00:1A:79:52:FE:F7",
                "00:1A:79:5A:93:C6",
                "00:1A:79:65:FF:B3",
                "00:1A:79:69:02:B6",
                "00:1A:79:6F:B0:77",
                "00:1A:79:70:34:D3",
                "00:1A:79:73:9A:7E",
                "00:1A:79:7B:1A:02",
                "00:1A:79:80:BB:CF",
                "00:1A:79:9A:54:2B",
                "00:1A:79:A4:2F:6F",
                "00:1A:79:AB:11:89",
                "00:1A:79:AF:A4:28",
                "00:1A:79:BF:D0:21",
                "00:1A:79:C4:58:8A",
                "00:1A:79:CB:6F:D7",
                "00:1A:79:D7:76:6F",
                "00:1A:79:FE:4C:1C"
            ]
        },
        {
            "server_name": "shooters.live:80",
            "server_url": "http://shooters.live:80/c/",
            "macs": [
                "00:1A:79:01:81:01",
                "00:1A:79:02:D0:A9",
                "00:1A:79:02:D2:AE",
                "00:1A:79:04:76:A9",
                "00:1A:79:04:A7:38",
                "00:1A:79:04:B9:27",
                "00:1A:79:05:89:B2",
                "00:1A:79:08:EC:4B",
                "00:1A:79:08:ED:4C",
                "00:1A:79:08:F4:9B",
                "00:1A:79:0C:27:9D",
                "00:1A:79:13:17:3D",
                "00:1A:79:13:B0:60",
                "00:1A:79:17:7A:B3",
                "00:1A:79:19:35:E6"
            ]
        },
        {
            "server_name": "142.132.155.49:2080",
            "server_url": "http://142.132.155.49:2080/stalker_portal/c/",
            "macs": [
                "00:1A:79:3E:78:AD",
                "00:1A:79:46:FA:31",
                "00:1A:79:65:6E:1B",
                "00:1A:79:66:BC:1B",
                "00:1A:79:6C:24:C5"
            ]
        },
        {
            "server_name": "bgiptv.com",
            "server_url": "http://bgiptv.com/stalker_portal/c/",
            "macs": [
                "00:1A:79:57:2F:BD",
                "00:1A:79:57:2F:C5",
                "00:1A:79:57:2F:DB",
                "00:1A:79:57:30:36",
                "00:1A:79:57:31:FC",
                "00:1A:79:57:32:30",
                "00:1A:79:57:32:A1",
                "00:1A:79:57:32:DA",
                "00:1A:79:57:F6:99"
            ]
        },
        {
            "server_name": "traveliptv.com",
            "server_url": "http://traveliptv.com/c/",
            "macs": [
                "00:1A:79:BD:BC:D6"
            ]
        },
        {
            "server_name": "xc.tvset.top",
            "server_url": "http://xc.tvset.top/c/",
            "macs": [
                "00:1A:79:4E:6F:1A"
            ]
        },
        {
            "server_name": "89.45.13.153:25461",
            "server_url": "http://89.45.13.153:25461/c/",
            "macs": [
                "00:1A:79:3E:66:4B"
            ]
        },
        {
            "server_name": "154.16.143.181:8080",
            "server_url": "http://154.16.143.181:8080/c/",
            "macs": [
                "00:1A:79:22:1D:EB",
                "00:1A:79:B1:67:82"
            ]
        },
        {
            "server_name": "nightmare-tv.xyz:8080",
            "server_url": "http://nightmare-tv.xyz:8080/c/",
            "macs": [
                "00:1A:79:01:74:46",
                "00:1A:79:08:47:D3",
                "00:1A:79:43:6A:34",
                "00:1A:79:A0:E2:E0"
            ]
        }
    ]
}