{
    "items": [
        {
            "server_name": "neptun2022.pro:8080",
            "server_url": "http://neptun2022.pro:8080/c/",
            "macs": [
                "00:1a:79:53:a2:22",
                "00:1a:79:67:8d:65",
                "00:1a:79:36:c3:2e"
            ]
        },
        {
            "server_name": "hellas.sltv.pw:8080",
            "server_url": "http://hellas.sltv.pw:8080/c/",
            "macs": [
                "00:1A:79:CB:70:86",
                "00:1A:79:72:6B:63",
                "00:1A:79:69:D1:78"
            ]
        },
        {
            "server_name": "line.protv.cc:80",
            "server_url": "http://line.protv.cc:80/c/",
            "macs": [
                "00:1a:79:c2:d9:1b",
                "00:1a:79:b3:23:97",
                "00:1A:79:B7:6F:43",
                "00:1A:79:04:9F:62",
                "00:1A:79:5D:DE:A2",
                "00:1a:79:52:ec:28"
            ]
        },
        {
            "server_name": "103.161.35.131:80",
            "server_url": "http://103.161.35.131:80/c/",
            "macs": [
                "00:1a:79:6b:7c:46"
            ]
        },
        {
            "server_name": "15.235.14.77",
            "server_url": "http://15.235.14.77/stalker_portal/c/",
            "macs": [
                "00:1A:79:27:03:23",
                "00:1A:79:25:3E:DF"
            ]
        },
        {
            "server_name": "mag.marsweb.co",
            "server_url": "http://mag.marsweb.co/c/",
            "macs": [
                "00:1A:79:78:13:2C"
            ]
        },
        {
            "server_name": "besttv.club:8080",
            "server_url": "http://besttv.club:8080/c/",
            "macs": [
                "00:1A:79:C5:5A:07"
            ]
        },
        {
            "server_name": "line.greatstar.me",
            "server_url": "http://line.greatstar.me/c/",
            "macs": [
                "00:1A:79:92:D7:83",
                "00:1A:79:5E:6A:FF"
            ]
        },
        {
            "server_name": "blautv2.xyz:8080",
            "server_url": "http://blautv2.xyz:8080/c/",
            "macs": [
                "00:1A:79:AE:30:1F",
                "00:1A:79:C4:2E:04",
                "00:1A:79:14:E0:F8"
            ]
        },
        {
            "server_name": "tv1.darktv.eu",
            "server_url": "http://tv1.darktv.eu/c/",
            "macs": [
                "00:1A:79:4E:B2:7A",
                "00:1A:79:27:2F:5D"
            ]
        },
        {
            "server_name": "nunal.livrexs.xyz",
            "server_url": "http://nunal.livrexs.xyz/c/",
            "macs": [
                "00:1A:79:C1:EE:98"
            ]
        }
    ]
}