{
    "items": [
        {
            "server_name": "elit4kiptv.info:8080",
            "server_url": "http://elit4kiptv.info:8080/c/",
            "macs": [
                "00:1A:79:07:C2:A9",
                "00:1A:79:4D:03:20",
                "00:1A:79:4D:03:88",
                "00:1A:79:4D:06:A0",
                "00:1A:79:66:66:38",
                "00:1A:79:C1:B0:E9",
                "00:1A:79:F1:B8:00",
                "00:1A:79:F1:B8:05",
                "00:1A:79:F9:8F:7B"
            ]
        },
        {
            "server_name": "31.42.176.59",
            "server_url": "http://31.42.176.59/c/",
            "macs": [
                "00:1A:79:21:DD:4F",
                "00:1A:79:73:8D:63",
                "00:1A:79:74:6A:60",
                "00:1A:79:7E:B7:FA"
            ]
        },
        {
            "server_name": "apkonrev.store:8080",
            "server_url": "http://apkonrev.store:8080/c/",
            "macs": [
                "00:1A:79:5B:9A:F2",
                "00:1A:79:B4:0D:89"
            ]
        },
        {
            "server_name": "vip47.xyz:8080",
            "server_url": "http://vip47.xyz:8080/c/",
            "macs": [
                "00:1A:79:4D:14:73",
                "00:1A:79:60:53:F0",
                "00:1A:79:7A:A2:6F"
            ]
        },
        {
            "server_name": "neroiptv.xyz:8080",
            "server_url": "http://neroiptv.xyz:8080/c/",
            "macs": [
                "00:1A:79:01:0C:71",
                "00:1A:79:43:F6:25",
                "00:1A:79:52:EB:01",
                "00:1A:79:69:E1:7D",
                "00:1A:79:7A:29:FE",
                "00:1A:79:B4:44:0C",
                "00:1A:79:F5:08:97"
            ]
        },
        {
            "server_name": "ojpc.live:8080",
            "server_url": "http://ojpc.live:8080/c/",
            "macs": [
                "00:1A:79:A6:76:65",
                "00:1A:79:AD:2E:15"
            ]
        },
        {
            "server_name": "tvkijken.xyz:8080",
            "server_url": "http://tvkijken.xyz:8080/c/",
            "macs": [
                "00:1A:79:04:1F:A9",
                "00:1A:79:10:E0:06",
                "00:1A:79:4F:6A:59",
                "00:1A:79:BF:A7:85"
            ]
        },
        {
            "server_name": "runn3r.runn3r123.co:8080",
            "server_url": "http://runn3r.runn3r123.co:8080/c/",
            "macs": [
                "00:1A:79:CD:17:02"
            ]
        },
        {
            "server_name": "new.ivue.co:25461",
            "server_url": "http://new.ivue.co:25461/c/",
            "macs": [
                "00:1A:79:12:90:3B",
                "00:1A:79:43:84:16",
                "00:1A:79:43:A7:77",
                "00:1A:79:43:B7:72",
                "00:1A:79:49:8A:47",
                "00:1A:79:5E:42:0E",
                "00:1A:79:73:9C:1C",
                "00:1A:79:78:16:18",
                "00:1A:79:88:BA:79",
                "00:1A:79:8E:61:F6",
                "00:1A:79:B8:48:20",
                "00:1A:79:D6:06:91",
                "00:1A:79:F2:91:3B"
            ]
        },
        {
            "server_name": "restream.globaltv1.net:8080",
            "server_url": "http://restream.globaltv1.net:8080/c/",
            "macs": [
                "00:1A:79:99:56:8F"
            ]
        },
        {
            "server_name": "enndy75.com:2086",
            "server_url": "http://enndy75.com:2086/c/",
            "macs": [
                "00:1A:79:4A:75:21",
                "00:1A:79:57:C9:A2",
                "00:1A:79:D7:01:D4"
            ]
        },
        {
            "server_name": "alexiptv.ddns.me:8080",
            "server_url": "http://alexiptv.ddns.me:8080/c/",
            "macs": [
                "00:1A:79:AC:F7:DE",
                "00:1A:79:BD:4D:00",
                "00:1A:79:CD:17:02"
            ]
        },
        {
            "server_name": "fx-lv.com:8080",
            "server_url": "http://fx-lv.com:8080/c/",
            "macs": [
                "00:1A:79:B2:34:BC",
                "00:1A:79:B3:6B:D6"
            ]
        },
        {
            "server_name": "astro2023.felix19.com:2082",
            "server_url": "http://astro2023.felix19.com:2082/c/",
            "macs": [
                "00:1A:79:2D:01:AB",
                "00:1A:79:76:84:89"
            ]
        },
        {
            "server_name": "154.16.143.181:8080",
            "server_url": "http://154.16.143.181:8080/c/",
            "macs": [
                "00:1A:79:11:E8:EE",
                "00:1A:79:68:8D:CB",
                "00:1A:79:AF:57:7B",
                "00:1A:79:B8:2F:3A"
            ]
        },
        {
            "server_name": "zepequeno.xyz:8080",
            "server_url": "http://zepequeno.xyz:8080/c/",
            "macs": [
                "00:1A:79:5B:EB:69",
                "00:1A:79:7E:93:F0",
                "00:1A:79:AF:59:83"
            ]
        },
        {
            "server_name": "line.iptvwings.com",
            "server_url": "http://line.iptvwings.com/c/",
            "macs": [
                "00:1A:79:01:B5:5E",
                "00:1A:79:05:54:43",
                "00:1A:79:11:B0:11",
                "00:1A:79:1D:00:F7",
                "00:1A:79:28:BC:EC",
                "00:1A:79:39:90:5A",
                "00:1A:79:3A:D3:24",
                "00:1A:79:40:3C:CA",
                "00:1A:79:51:6B:5C",
                "00:1A:79:52:EB:45",
                "00:1A:79:55:1D:B5",
                "00:1A:79:63:07:2A",
                "00:1A:79:70:35:D4",
                "00:1A:79:73:3F:9C",
                "00:1A:79:7E:33:7C",
                "00:1A:79:94:16:5F",
                "00:1A:79:95:37:B8",
                "00:1A:79:A2:2B:DD",
                "00:1A:79:A5:2C:3D",
                "00:1A:79:B4:AF:E4",
                "00:1A:79:B7:EB:05",
                "00:1A:79:BC:5F:04",
                "00:1A:79:C2:C4:E1",
                "00:1A:79:C5:8D:BB",
                "00:1A:79:D8:8F:AA",
                "00:1A:79:E5:C6:94",
                "00:1A:79:F0:16:08",
                "00:1A:79:F1:00:26"
            ]
        },
        {
            "server_name": "tvhouse.live",
            "server_url": "http://tvhouse.live/c/",
            "macs": [
                "00:1A:79:05:E1:A2",
                "00:1A:79:07:D0:CE",
                "00:1A:79:16:09:65",
                "00:1A:79:18:0B:27",
                "00:1A:79:4B:B6:54",
                "00:1A:79:5C:28:08",
                "00:1A:79:74:0F:82",
                "00:1A:79:77:03:05",
                "00:1A:79:A4:71:CB",
                "00:1A:79:B1:F6:C4",
                "00:1A:79:B5:47:E0",
                "00:1A:79:B9:99:A7",
                "00:1A:79:C3:85:2B"
            ]
        },
        {
            "server_name": "promaxhd.com:8080",
            "server_url": "http://promaxhd.com:8080/c/",
            "macs": [
                "00:1A:79:C8:08:8F"
            ]
        },
        {
            "server_name": "ip.ktlsattv.com",
            "server_url": "http://ip.ktlsattv.com/c/",
            "macs": [
                "00:1A:79:0A:8F:21",
                "00:1A:79:0A:8F:32",
                "00:1A:79:11:4F:19",
                "00:1A:79:13:50:E2",
                "00:1A:79:17:21:A4",
                "00:1A:79:18:0E:1B",
                "00:1A:79:18:1F:E3",
                "00:1A:79:19:05:6A",
                "00:1A:79:1C:00:BD",
                "00:1A:79:23:4F:1B",
                "00:1A:79:27:C7:21",
                "00:1A:79:2D:1F:D4",
                "00:1A:79:36:B7:3B",
                "00:1A:79:37:10:43",
                "00:1A:79:3E:7F:9D",
                "00:1A:79:3E:7F:C7",
                "00:1A:79:4B:28:5C",
                "00:1A:79:50:EC:40",
                "00:1A:79:56:93:C7",
                "00:1A:79:68:3F:83",
                "00:1A:79:72:9E:C6",
                "00:1A:79:73:5B:C1",
                "00:1A:79:7C:0B:AB",
                "00:1A:79:7E:05:58",
                "00:1A:79:8C:A5:63",
                "00:1A:79:A1:87:6C",
                "00:1A:79:A2:C9:43",
                "00:1A:79:A5:6F:F3",
                "00:1A:79:B2:4C:C6",
                "00:1A:79:B8:8D:91",
                "00:1A:79:BA:9E:CA",
                "00:1A:79:BD:C8:70",
                "00:1A:79:BF:BB:B1",
                "00:1A:79:C4:14:34",
                "00:1A:79:C8:11:2F",
                "00:1A:79:CA:29:94",
                "00:1A:79:D0:0C:24",
                "00:1A:79:D4:6F:52",
                "00:1A:79:DF:A6:A3",
                "00:1A:79:E0:7A:5E"
            ]
        },
        {
            "server_name": "tv.cloudcdn.online",
            "server_url": "http://tv.cloudcdn.online/c/",
            "macs": [
                "00:1A:79:3D:80:F2",
                "00:1A:79:41:29:1E"
            ]
        }
    ]
}