{
    "items": [
        {
            "server_name": "mag.premiumplus.tv",
            "server_url": "http://mag.premiumplus.tv/c/",
            "macs": [
                "00:1A:79:34:5B:C7"
            ]
        },
        {
            "server_name": "mutant.arrox.top:80",
            "server_url": "http://mutant.arrox.top:80/c/",
            "macs": [
                "00:1A:79:64:3C:15",
                "00:1A:79:C0:8A:B0",
                "00:1A:79:C3:AB:A5",
                "00:1A:79:6F:2F:C1"
            ]
        },
        {
            "server_name": "21tv.net:2052",
            "server_url": "http://21tv.net:2052/c/",
            "macs": [
                "00:1A:79:82:06:3A",
                "00:1A:79:57:9E:4B",
                "00:1A:79:DE:78:DC",
                "00:1A:79:DD:EF:BE"
            ]
        },
        {
            "server_name": "energyiptv.streamtv.to:8080",
            "server_url": "http://energyiptv.streamtv.to:8080/c/",
            "macs": [
                "00:1A:79:53:0A:0A",
                "00:1A:79:AE:36:84"
            ]
        },
        {
            "server_name": "a.stroj-bt.com:89",
            "server_url": "http://a.stroj-bt.com:89/c/",
            "macs": [
                "00:1A:79:4f:a4:53",
                "00:1A:79:65:d2:0f",
                "00:1A:79:31:1a:38",
                "00:1A:79:69:dc:c8",
                "00:1A:79:26:e9:87",
                "00:1A:79:30:9f:9a",
                "00:1A:79:f0:c9:84",
                "00:1A:79:73:20:83",
                "00:1A:79:3b:9a:e7",
                "00:1A:79:7c:90:fc",
                "00:1A:79:75:77:d5",
                "00:1A:79:d8:62:9b",
                "00:1A:79:58:fb:92",
                "00:1A:79:d6:79:14",
                "00:1A:79:84:80:43",
                "00:1A:79:e3:e6:6f",
                "00:1A:79:52:15:c8",
                "00:1A:79:6f:02:ed",
                "00:1A:79:1d:d0:cf",
                "00:1A:79:76:e3:60",
                "00:1A:79:35:da:3b",
                "00:1A:79:b5:7f:cd",
                "00:1A:79:61:c8:10",
                "00:1A:79:46:a6:ba",
                "00:1A:79:83:88:7c",
                "00:1A:79:cf:c0:72",
                "00:1A:79:a8:68:b4",
                "00:1A:79:40:0d:9d",
                "00:1A:79:74:ca:5a",
                "00:1A:79:bc:63:b8",
                "00:1A:79:27:86:ff"
            ]
        },
        {
            "server_name": "energyiptv.streamtv.to:8080",
            "server_url": "http://energyiptv.streamtv.to:8080/c/",
            "macs": [
                "00:1A:79:53:0A:0A",
                "00:1A:79:33:58:AD",
                "00:1A:79:D7:6C:77",
                "00:1A:79:BC:58:C8",
                "00:1A:79:AE:94:73",
                "00:1A:79:6A:60:C0",
                "00:1A:79:41:57:DC",
                "00:1A:79:53:9F:C9",
                "00:1A:79:6A:1F:29",
                "00:1A:79:5F:27:DB",
                "00:1A:79:AE:36:84",
                "00:1A:79:AB:F3:F6",
                "00:1A:79:D1:A3:E7",
                "00:1A:79:60:A0:63",
                "00:1A:79:B5:63:7C",
                "00:1A:79:B5:5A:02",
                "00:1A:79:EF:BD:62"
            ]
        },
        {
            "server_name": "beta2.tryliveomg.xyz:8080",
            "server_url": "http://beta2.tryliveomg.xyz:8080/c/",
            "macs": [
                "00:1A:79:4B:79:48",
                "00:1A:79:3B:1C:11",
                "00:1A:79:52:52:83",
                "00:1A:79:90:7A:6D",
                "00:1A:79:92:1B:00",
                "00:1A:79:94:19:9F"
            ]
        },
        {
            "server_name": "200.26.188.39:80",
            "server_url": "http://200.26.188.39:80/c/",
            "macs": [
                "00:1A:79:0D:42:78",
                "00:1A:79:DE:00:BC",
                "00:1A:79:19:30:2C",
                "00:1A:79:3D:C7:09",
                "00:1A:79:83:9F:E9"
            ]
        },
        {
            "server_name": "tr.simotvgold.com",
            "server_url": "http://tr.simotvgold.com/c/",
            "macs": [
                "00:1A:79:55:CD:37",
                "00:1A:79:C4:64:47",
                "00:1A:79:48:B7:CC",
                "00:1A:79:63:6D:B5",
                "00:1A:79:55:94:2C"
            ]
        },
        {
            "server_name": "dm.lion-ott.com",
            "server_url": "http://dm.lion-ott.com/c/",
            "macs": [
                "00:1A:79:BA:19:2C",
                "00:1A:79:CF:6A:8E",
                "00:1A:79:BF:1F:5D",
                "00:1A:79:71:81:CB",
                "00:1A:79:5E:3E:39"
            ]
        },
        {
            "server_name": "onfireboxtv.com",
            "server_url": "http://onfireboxtv.com/c/",
            "macs": [
                "00:1a:79:a9:d0:1f",
                "00:1a:79:b9:82:3c"
            ]
        },
        {
            "server_name": "62.182.80.86:80",
            "server_url": "http://62.182.80.86:80/c/",
            "macs": [
                "00:1A:79:7b:52:eb",
                "00:1A:79:57:a3:7e",
                "00:1A:79:c4:59:6e"
            ]
        },
        {
            "server_name": "tv.indigotv.me",
            "server_url": "http://tv.indigotv.me/stalker_portal/c/",
            "macs": [
                "00:1A:79:53:48:FA",
                "00:1A:79:99:1F:A8",
                "00:1A:79:0E:F7:97",
                "00:1A:79:13:C0:44",
                "00:1A:79:0A:3B:29"
            ]
        },
        {
            "server_name": "premiumtv4k.ottct.pro:80",
            "server_url": "http://premiumtv4k.ottct.pro:80/c/",
            "macs": [
                "00:1A:79:50:ce:d2",
                "00:1A:79:05:9b:8e",
                "00:1A:79:7f:af:7d"
            ]
        },
        {
            "server_name": "beta2.tryliveomg.xyz:8080",
            "server_url": "http://beta2.tryliveomg.xyz:8080/c/",
            "macs": [
                "00:1A:79:4B:79:48",
                "00:1A:79:3B:1C:11",
                "00:1A:79:52:52:83"
            ]
        },
        {
            "server_name": "sansat.net:88",
            "server_url": "http://sansat.net:88/c/",
            "macs": [
                "00:1A:79:90:56:BD",
                "00:1A:79:A1:E1:4F",
                "00:1A:79:A2:73:84",
                "00:1A:79:A5:78:78",
                "00:1A:79:5A:E5:54",
                "00:1A:79:86:80:53",
                "00:1A:79:8E:86:0C",
                "00:1A:79:99:76:F4"
            ]
        },
        {
            "server_name": "tv.greatstar.me",
            "server_url": "http://tv.greatstar.me/c/",
            "macs": [
                "00:1A:79:12:F6:C2",
                "00:1A:79:24:14:C1",
                "00:1A:79:2C:3F:EB",
                "00:1A:79:56:7E:09"
            ]
        },
        {
            "server_name": "1.gujaratsat.live",
            "server_url": "http://1.gujaratsat.live/c/",
            "macs": [
                "00:1A:79:0D:BA:51",
                "00:1A:79:2E:29:98",
                "00:1A:79:74:BF:44",
                "00:1A:79:10:E3:6C",
                "00:1A:79:6C:8B:DD",
                "00:1A:79:67:BE:26",
                "00:1A:79:15:0C:4B",
                "00:1A:79:7B:D5:EE",
                "00:1A:79:84:B7:7F"
            ]
        },
        {
            "server_name": "mutant.arrox.top:80",
            "server_url": "http://mutant.arrox.top:80/c/",
            "macs": [
                "00:1A:79:8A:DB:EF",
                "00:1A:79:51:DA:53",
                "00:1A:79:A4:E6:D4",
                "00:1A:79:04:EF:BF",
                "00:1A:79:00:16:CB",
                "00:1A:79:25:9F:6C",
                "00:1A:79:09:BF:33",
                "00:1A:79:BD:6C:7A",
                "00:1A:79:82:7C:76",
                "00:1A:79:48:43:19"
            ]
        },
        {
            "server_name": "sonymax.org:8080",
            "server_url": "http://sonymax.org:8080/c/",
            "macs": [
                "00:1A:79:57:E2:DF",
                "00:1A:79:DC:39:52",
                "00:1A:79:57:78:C7",
                "00:1A:79:3A:30:8C",
                "00:1A:79:31:CB:7A",
                "00:1A:79:40:D6:5E",
                "00:1A:79:C1:BF:71",
                "00:1A:79:3A:34:3E",
                "00:1A:79:85:E3:01",
                "00:1A:79:57:A6:E6"
            ]
        },
        {
            "server_name": "filex.tv:8080",
            "server_url": "http://filex.tv:8080/c/",
            "macs": [
                "00:1A:79:00:00:00"
            ]
        },
        {
            "server_name": "162.19.37.133:8080",
            "server_url": "http://162.19.37.133:8080/c/",
            "macs": [
                "00:1A:79:B4:F0:DA",
                "00:1A:79:B1:6E:6A",
                "00:1A:79:CC:25:9E",
                "00:1A:79:D3:B8:58",
                "00:1A:79:BA:F7:3F",
                "00:1A:79:B5:93:7D"
            ]
        },
        {
            "server_name": "m1.airce.biz",
            "server_url": "http://m1.airce.biz/stalker_portal/c/",
            "macs": [
                "00:1A:79:73:92:C5",
                "00:1A:79:35:FE:FF",
                "00:1A:79:E3:A0:1B",
                "00:1A:79:C4:32:00"
            ]
        },
        {
            "server_name": "ch.bosstv.live:8080",
            "server_url": "http://ch.bosstv.live:8080/c/",
            "macs": [
                "00:1A:79:C3:20:2C"
            ]
        },
        {
            "server_name": "m.suportline.xyz",
            "server_url": "http://m.suportline.xyz/stalker_portal/c/",
            "macs": [
                "00:1A:79:09:8B:9C"
            ]
        },
        {
            "server_name": "streamcode.one:2082",
            "server_url": "http://streamcode.one:2082/c/",
            "macs": [
                "00:1A:79:15:5F:82",
                "00:1A:79:37:D0:D4"
            ]
        },
        {
            "server_name": "mutant.arrox.top:80",
            "server_url": "http://mutant.arrox.top:80/c/",
            "macs": [
                "00:1A:79:00:03:69",
                "00:1A:79:00:05:55",
                "00:1A:79:00:02:71",
                "00:1A:79:00:00:C7",
                "00:1A:79:00:07:49",
                "00:1A:79:00:07:89",
                "00:1A:79:00:07:0F",
                "00:1A:79:00:08:E4",
                "00:1A:79:00:09:8E",
                "00:1A:79:00:0A:20",
                "00:1A:79:00:16:9F",
                "00:1A:79:00:16:C7",
                "00:1A:79:00:1B:3F",
                "00:1A:79:00:3F:B3",
                "00:1A:79:00:40:A8",
                "00:1A:79:00:4F:AE"
            ]
        },
        {
            "server_name": "innovationtv.eu:80",
            "server_url": "http://innovationtv.eu:80/c/",
            "macs": [
                "A0:BB:3E:00:02:8F",
                "A0:BB:3E:00:02:F8",
                "A0:BB:3E:00:02:FF",
                "A0:BB:3E:00:02:3A",
                "A0:BB:3E:00:03:1F",
                "A0:BB:3E:00:03:55",
                "A0:BB:3E:00:03:6B",
                "A0:BB:3E:00:03:29"
            ]
        },
        {
            "server_name": "tr.simotvgold.com:80",
            "server_url": "http://tr.simotvgold.com:80/c/",
            "macs": [
                "00:1A:79:55:51:C4"
            ]
        },
        {
            "server_name": "ibrafr.com:8789",
            "server_url": "http://ibrafr.com:8789/c/",
            "macs": [
                "00:1a:79:00:00:01"
            ]
        },
        {
            "server_name": "tv1.darktv.eu",
            "server_url": "http://tv1.darktv.eu/c/",
            "macs": [
                "00:1A:79:4C:80:6A",
                "00:1A:79:38:2A:E3",
                "00:1A:79:F1:E4:1E",
                "00:1A:79:46:65:9B"
            ]
        },
        {
            "server_name": "167.99.186.2",
            "server_url": "http://167.99.186.2/stalker_portal/c/",
            "macs": [
                "00:1A:79:B7:21:D6"
            ]
        },
        {
            "server_name": "51.159.70.234",
            "server_url": "http://51.159.70.234/stalker_portal/c/",
            "macs": [
                "00:1A:79:6C:E2:B1",
                "00:1A:79:7A:E5:88",
                "00:1A:79:62:16:1E",
                "00:1A:79:39:6D:06"
            ]
        },
        {
            "server_name": "ns31617126.ip-162-19-37.eu:8080",
            "server_url": "http://ns31617126.ip-162-19-37.eu:8080/c/",
            "macs": [
                "00:1A:79:FB:1C:F0",
                "00:1A:79:FB:4F:24",
                "00:1A:79:C7:CF:94",
                "00:1A:79:C0:C8:1E",
                "00:1A:79:D3:B1:04",
                "00:1A:79:BE:62:1D",
                "00:1A:79:CC:2A:17",
                "00:1A:79:4E:79:A2",
                "00:1A:79:AC:F9:3A",
                "00:1A:79:AB:97:B1",
                "00:1A:79:F5:3B:5B",
                "00:1A:79:BE:53:77",
                "00:1A:79:76:80:B6",
                "00:1A:79:5D:94:5C"
            ]
        }
    ]
}