{
    "items": [
        {
            "server_name": "tkosportz.live:25461",
            "server_url": "http://tkosportz.live:25461/c/",
            "macs": [
                "00:1A:79:73:75:04",
                "00:1A:79:2E:1E:2C"
            ]
        },
        {
            "server_name": "gtvstreams.me",
            "server_url": "http://gtvstreams.me/c/",
            "macs": [
                "00:1A:79:42:8B:57"
            ]
        },
        {
            "server_name": "crystalott.net",
            "server_url": "http://crystalott.net/c/",
            "macs": [
                "00:1A:79:0A:70:83",
                "00:1A:79:76:C3:32"
            ]
        },
        {
            "server_name": "bossco.pro:80",
            "server_url": "http://bossco.pro:80/c/",
            "macs": [
                "00:1A:79:B5:68:3A",
                "00:1A:79:43:02:2A",
                "00:1A:79:60:04:67",
                "00:1A:79:37:07:F6",
                "00:1A:79:B2:1D:C0"
            ]
        },
        {
            "server_name": "grtsa.sralm87.com:2082",
            "server_url": "http://grtsa.sralm87.com:2082/c/",
            "macs": [
                "00:1A:79:08:F4:36",
                "00:1A:79:5B:3B:57",
                "00:1A:79:D7:57:7A",
                "00:1a:79:fa:c5:2e"
            ]
        },
        {
            "server_name": "extra.hdmedia.me:8000",
            "server_url": "http://extra.hdmedia.me:8000/c/",
            "macs": [
                "00:1A:79:17:25:D3",
                "00:1A:79:17:01:AA"
            ]
        },
        {
            "server_name": "main.light-ott.net",
            "server_url": "http://main.light-ott.net/c/",
            "macs": [
                "00:1A:79:3A:93:FD",
                "00:1A:79:1D:0B:C2",
                "00:1A:79:A2:08:6C",
                "00:1A:79:BA:31:B1",
                "00:1A:79:FB:0C:15",
                "00:1A:79:32:58:99"
            ]
        }
    ]
}