{
    "items": [
        {
            "server_name": "mag.premiumplus.tv:80",
            "server_url": "http://mag.premiumplus.tv:80/c/",
            "macs": [
                "00:1A:79:00:02:02",
                "00:1A:79:00:46:00",
                "00:1A:79:03:3F:D9",
                "00:1A:79:0C:0A:98",
                "00:1A:79:0D:1F:83",
                "00:1A:79:19:3F:F2",
                "00:1A:79:5A:16:AB",
                "00:1A:79:6A:A2:CB",
                "00:1A:79:7C:64:22"
            ]
        },
        {
            "server_name": "cbrlig.com:8080",
            "server_url": "http://cbrlig.com:8080/c/",
            "macs": [
                "00:1A:79:DC:CE:5F"
            ]
        },
        {
            "server_name": "142.132.155.49:2080",
            "server_url": "http://142.132.155.49:2080/stalker_portal/c/",
            "macs": [
                "00:1A:79:3F:B1:30",
                "00:1A:79:69:47:63",
                "00:1A:79:BB:CD:E7"
            ]
        },
        {
            "server_name": "45.139.122.199:8080",
            "server_url": "http://45.139.122.199:8080/c/",
            "macs": [
                "00:1A:79:0E:E9:AD",
                "00:1A:79:1C:1E:DF",
                "00:1A:79:44:8E:1E",
                "00:1A:79:45:79:2C",
                "00:1A:79:4E:06:38",
                "00:1A:79:57:24:81",
                "00:1A:79:5C:D0:60",
                "00:1A:79:5F:79:30",
                "00:1A:79:91:0D:55",
                "00:1A:79:A2:F0:FE",
                "00:1A:79:A4:59:09",
                "00:1A:79:AA:E6:26",
                "00:1A:79:AB:56:C3",
                "00:1A:79:AD:16:5A",
                "00:1A:79:AE:8F:54",
                "00:1A:79:B1:7D:58",
                "00:1A:79:B2:83:77",
                "00:1A:79:B3:A1:59",
                "00:1A:79:B3:BD:02",
                "00:1A:79:B5:D3:26",
                "00:1A:79:B8:90:D0",
                "00:1A:79:BA:11:D8",
                "00:1A:79:BA:29:0A",
                "00:1A:79:BB:F2:CD",
                "00:1A:79:BF:86:39",
                "00:1A:79:BF:EB:8C",
                "00:1A:79:C5:DF:8A",
                "00:1A:79:CA:2C:73",
                "00:1A:79:CC:40:CC",
                "00:1A:79:F1:EB:7D"
            ]
        },
        {
            "server_name": "fx-lv.com:8080",
            "server_url": "http://fx-lv.com:8080/c/",
            "macs": [
                "00:1A:79:16:84:14",
                "00:1A:79:19:05:B5",
                "00:1A:79:19:21:1E",
                "00:1A:79:A3:A3:3C",
                "00:1A:79:A3:C0:45",
                "00:1A:79:B0:B5:1B",
                "00:1A:79:B2:65:4B",
                "00:1A:79:BA:7D:06",
                "00:1A:79:C2:83:38",
                "00:1A:79:FB:16:E1"
            ]
        },
        {
            "server_name": "2.onrev.xyz",
            "server_url": "http://2.onrev.xyz/c/",
            "macs": [
                "00:1A:79:32:3A:6C",
                "00:1A:79:33:70:A7",
                "00:1A:79:48:35:F6",
                "00:1A:79:48:CC:63",
                "00:1A:79:53:B9:E7"
            ]
        },
        {
            "server_name": "starshare.live:8080",
            "server_url": "http://starshare.live:8080/c/",
            "macs": [
                "00:1A:79:68:C2:63",
                "00:1A:79:94:10:E0"
            ]
        },
        {
            "server_name": "89.187.189.18:80",
            "server_url": "http://89.187.189.18:80/stalker_portal/c/",
            "macs": [
                "00:1A:79:01:40:5A",
                "00:1A:79:0D:1F:1C",
                "00:1A:79:29:10:B3",
                "00:1A:79:30:31:32",
                "00:1A:79:38:63:34",
                "00:1A:79:40:CD:89",
                "00:1A:79:4D:41:7E",
                "00:1A:79:5E:F2:29",
                "00:1A:79:E2:F8:91",
                "00:1A:79:F9:C5:BA"
            ]
        },
        {
            "server_name": "62.182.83.91",
            "server_url": "http://62.182.83.91/c/",
            "macs": [
                "00:1A:79:BB:E5:D8",
                "00:1A:79:DE:6F:73"
            ]
        },
        {
            "server_name": "cdn.ipk.biz",
            "server_url": "http://cdn.ipk.biz/stalker_portal/c/",
            "macs": [
                "00:1A:79:20:B1:1B",
                "00:1A:79:31:66:61"
            ]
        },
        {
            "server_name": "anonymoustv.club",
            "server_url": "http://anonymoustv.club/c/",
            "macs": [
                "00:1A:79:00:2C:57",
                "00:1A:79:08:0B:FA",
                "00:1A:79:7E:17:CE",
                "00:1A:79:D1:37:12",
                "00:1A:79:DA:64:2A",
                "00:1A:79:F7:0B:B4"
            ]
        },
        {
            "server_name": "marvelhd.eu:8080",
            "server_url": "http://marvelhd.eu:8080/c/",
            "macs": [
                "00:1A:79:34:B7:E8",
                "00:1A:79:3A:B7:04",
                "00:1A:79:3A:B9:2E",
                "00:1A:79:4E:B9:B1",
                "00:1A:79:55:F0:0A",
                "00:1A:79:56:B3:8C",
                "00:1A:79:57:9A:EF",
                "00:1A:79:58:F6:D0"
            ]
        },
        {
            "server_name": "plustv.ws:80",
            "server_url": "http://plustv.ws:80/c/",
            "macs": [
                "00:1A:79:15:20:B7"
            ]
        },
        {
            "server_name": "exprestv.win:80",
            "server_url": "http://exprestv.win:80/c/",
            "macs": [
                "00:1A:79:B2:4D:61",
                "00:1A:79:C4:28:ED"
            ]
        },
        {
            "server_name": "alexiptv.ddns.me:8080",
            "server_url": "http://alexiptv.ddns.me:8080/c/",
            "macs": [
                "00:1A:79:A6:06:28",
                "00:1A:79:AC:C7:2A",
                "00:1A:79:AE:40:41",
                "00:1A:79:AE:56:27",
                "00:1A:79:B3:AE:C9",
                "00:1A:79:B4:09:25",
                "00:1A:79:B4:B6:C9",
                "00:1A:79:B7:14:79",
                "00:1A:79:BA:59:05",
                "00:1A:79:BA:5D:69",
                "00:1A:79:BA:97:9A",
                "00:1A:79:BB:34:2D",
                "00:1A:79:BC:0C:1F",
                "00:1A:79:BC:3C:36",
                "00:1A:79:BE:8E:74"
            ]
        },
        {
            "server_name": "2a2b2.com",
            "server_url": "http://2a2b2.com/c/",
            "macs": [
                "00:1A:79:17:59:AF",
                "00:1A:79:20:4F:52",
                "00:1A:79:2B:8F:E9",
                "00:1A:79:36:23:0C",
                "00:1A:79:90:25:04",
                "00:1A:79:A2:F3:94",
                "00:1A:79:A7:A5:FD",
                "00:1A:79:C3:46:9D",
                "00:1A:79:D4:3F:C8"
            ]
        }
    ]
}