{
    "items": [
        {
            "server_name": "nettv.cx",
            "server_url": "http://nettv.cx/c/",
            "macs": [
                "00:1A:79:00:45:48",
                "00:1A:79:00:44:D7",
                "00:1A:79:00:45:1C",
                "00:1A:79:00:44:DF",
                "00:1A:79:00:44:0B",
                "00:1A:79:00:43:D8",
                "00:1A:79:00:41:92",
                "00:1A:79:00:3E:0B",
                "00:1A:79:00:3E:00",
                "00:1A:79:00:3C:3C",
                "00:1A:79:00:3B:3E",
                "00:1A:79:08:DD:FA",
                "00:1A:79:05:1A:22",
                "00:1A:79:01:69:2D",
                "00:1A:79:02:71:B6",
                "00:1A:79:01:25:CA",
                "00:1A:79:02:68:CA",
                "00:1A:79:02:61:9D",
                "00:1A:79:02:3A:CB",
                "00:1A:79:02:21:4A"
            ]
        },
        {
            "server_name": "king365-tv.com:2103",
            "server_url": "http://king365-tv.com:2103/c/",
            "macs": [
                "00:1A:79:01:CF:79"
            ]
        },
        {
            "server_name": "theking365tv.ws:2103",
            "server_url": "http://theking365tv.ws:2103/c/",
            "macs": [
                "00:1A:79:58:8C:04"
            ]
        },
        {
            "server_name": "darktv.eu",
            "server_url": "http://darktv.eu/c/",
            "macs": [
                "00:1A:79:B1:71:E2",
                "00:1A:79:B1:82:C6",
                "00:1A:79:B1:95:57",
                "00:1A:79:B1:F7:E6"
            ]
        },
        {
            "server_name": "pdata.ddns.me:8080",
            "server_url": "http://pdata.ddns.me:8080/c/",
            "macs": [
                "00:1A:79:B6:4A:88",
                "00:1A:79:B7:9D:4A",
                "00:1A:79:BA:E5:2A"
            ]
        },
        {
            "server_name": "sansat.net:88",
            "server_url": "http://sansat.net:88/c/",
            "macs": [
                "00:1A:79:A6:25:B7",
                "00:1A:79:CF:01:91"
            ]
        },
        {
            "server_name": "kocaeli41.xyz:8000",
            "server_url": "http://kocaeli41.xyz:8000/c/",
            "macs": [
                "00:1a:79:ab:76:8f",
                "00:1a:79:ae:d5:a1",
                "00:1a:79:ab:95:20",
                "00:1a:79:b7:21:7a",
                "00:1a:79:bd:b5:80",
                "00:1a:79:b8:fc:7c",
                "00:1a:79:bd:78:f9",
                "00:1a:79:ba:af:31",
                "00:1a:79:a6:2f:9b",
                "00:1a:79:a7:a6:c3",
                "00:1a:79:b0:44:43",
                "00:1a:79:bd:36:98",
                "00:1a:79:bd:3b:05",
                "00:1a:79:b2:0a:a3",
                "00:1a:79:a0:fe:72",
                "00:1a:79:b0:df:47",
                "00:1a:79:a9:15:5c",
                "00:1a:79:b9:bd:96",
                "00:1a:79:b0:b9:cb"
            ]
        },
        {
            "server_name": "portal.ramz123.xyz:8080",
            "server_url": "http://portal.ramz123.xyz:8080/c/",
            "macs": [
                "00:1a:79:b2:15:c3",
                "00:1a:79:b6:47:b9",
                "00:1a:79:a9:30:15",
                "00:1a:79:ba:b7:bd",
                "00:1a:79:ba:3a:05"
            ]
        },
        {
            "server_name": "iboxs.club",
            "server_url": "http://iboxs.club/c/",
            "macs": [
                "00:1a:79:ae:81:41",
                "00:1a:79:bc:e7:53",
                "00:1a:79:a2:35:bd",
                "00:1a:79:ba:60:d8",
                "00:1a:79:b7:e6:89",
                "00:1a:79:ac:94:d7"
            ]
        },
        {
            "server_name": "1.gujaratsat.live",
            "server_url": "http://1.gujaratsat.live/c/",
            "macs": [
                "00:1A:79:6C:1E:09",
                "00:1A:79:75:32:92",
                "00:1A:79:30:DD:CB",
                "00:1A:79:D4:D5:6B"
            ]
        },
        {
            "server_name": "world.marvelhd.eu:8000",
            "server_url": "http://world.marvelhd.eu:8000/c/",
            "macs": [
                "00:1A:79:F5:09:0B",
                "00:1A:79:66:F6:08",
                "00:1A:79:75:8D:EF"
            ]
        },
        {
            "server_name": "line.iptveros.com:8000",
            "server_url": "http://line.iptveros.com:8000/c/",
            "macs": [
                "00:1A:79:BA:C8:7D",
                "00:1A:79:B7:29:D0",
                "00:1A:79:CD:15:C4",
                "00:1A:79:A9:E8:65",
                "00:1A:79:B7:E3:A8"
            ]
        },
        {
            "server_name": "marvelhd.eu:8080",
            "server_url": "http://marvelhd.eu:8080/c/",
            "macs": [
                "00:1A:79:9F:A6:94",
                "00:1A:79:71:29:BF",
                "00:1A:79:A3:F8:5E",
                "00:1A:79:BF:DC:14"
            ]
        },
        {
            "server_name": "sonymax.org:8080",
            "server_url": "http://sonymax.org:8080/c/",
            "macs": [
                "00:1A:79:C0:0F:C5",
                "00:1A:79:5A:E4:A3",
                "00:1A:79:C5:5C:0B",
                "00:1A:79:7A:2A:2B",
                "00:1A:79:2B:8C:62",
                "00:1A:79:5F:AA:8C",
                "00:1A:79:AE:2D:AA",
                "00:1A:79:D6:17:E2",
                "00:1A:79:9C:C9:92",
                "00:1A:79:C7:C5:89",
                "00:1A:79:49:40:50"
            ]
        },
        {
            "server_name": "teckpro-lus.xyz:8080",
            "server_url": "http://teckpro-lus.xyz:8080/c/",
            "macs": [
                "00:1A:79:BD:2B:7B"
            ]
        }
    ]
}