{
    "items": [
        {
            "server_name": "coresys.dvrdns.org:25461",
            "server_url": "http://coresys.dvrdns.org:25461/c/",
            "macs": [
                "00:1A:79:2C:3F:DB"
            ]
        },
        {
            "server_name": "cmjl.online:8080",
            "server_url": "http://cmjl.online:8080/c/",
            "macs": [
                "00:1A:79:70:34:99",
                "00:1A:79:70:36:2E"
            ]
        },
        {
            "server_name": "mag.premiumplus.tv",
            "server_url": "http://mag.premiumplus.tv/c/",
            "macs": [
                "00:1a:79:74:89:e5",
                "00:1a:79:31:00:91",
                "00:1a:79:b0:91:09"
            ]
        },
        {
            "server_name": "lionboxiptv.xyz",
            "server_url": "http://lionboxiptv.xyz/c/",
            "macs": [
                "00:1A:79:A2:8A:73",
                "00:1A:79:5C:FF:D7"
            ]
        },
        {
            "server_name": "doyoureallywantit.kozow.com:8080",
            "server_url": "http://doyoureallywantit.kozow.com:8080/c/",
            "macs": [
                "00:1A:79:94:F6:77"
            ]
        },
        {
            "server_name": "oceanstream.me",
            "server_url": "http://oceanstream.me/c/",
            "macs": [
                "00:1A:79:08:48:73",
                "00:1A:79:0B:E0:39",
                "00:1A:79:B5:50:AD",
                "00:1A:79:82:6F:2E",
                "00:1A:79:20:22:23",
                "00:1A:79:DA:CE:98",
                "00:1A:79:A2:C3:44"
            ]
        },
        {
            "server_name": "5.206.227.184",
            "server_url": "http://5.206.227.184/c/",
            "macs": [
                "00:1A:79:41:5D:22",
                "00:1a:79:b6:82:b6",
                "00:1A:79:A5:B7:21",
                "00:1a:79:54:4e:ee",
                "00:1A:79:4d:f6:f4",
                "00:1A:79:60:05:C3",
                "00:1A:79:AE:B0:40",
                "00:1A:79:B6:2F:CE",
                "00:1a:79:53:0a:0a",
                "00:1A:79:45:0F:50",
                "00:1A:79:AF:71:4E",
                "00:1a:79:37:15:2a",
                "00:1A:79:41:BD:5C",
                "00:1A:79:44:F9:E4",
                "00:1A:79:AB:5B:4B"
            ]
        },
        {
            "server_name": "hd-max.org:8080",
            "server_url": "http://hd-max.org:8080/c/",
            "macs": [
                "00:1a:79:45:1e:cb",
                "00:1A:79:67:AF:0A",
                "00:1a:79:a4:80:bb"
            ]
        },
        {
            "server_name": "185.245.2.85",
            "server_url": "http://185.245.2.85/c/",
            "macs": [
                "00:1A:79:40:03:8C",
                "00:1A:79:55:1B:00",
                "00:1A:79:00:11:7E",
                "00:1a:79:42:5A:8E",
                "00:1a:79:51:73:89",
                "00:1A:79:7B:4D:4B"
            ]
        },
        {
            "server_name": "mag.premiumplus.tv",
            "server_url": "http://mag.premiumplus.tv/c/",
            "macs": [
                "00:1a:79:5b:e9:61",
                "00:1A:79:06:45:53",
                "00:1a:79:36:B2:90",
                "00:1A:79:19:10:07",
                "00:1a:79:9d:1a:cb",
                "00:1A:79:4C:BC:0B",
                "00:1A:79:B5:AD:F0",
                "00:1A:79:DF:1F:B7",
                "00:1A:79:2F:1F:F7",
                "00:1a:79:7f:58:d7",
                "00:1a:79:18:07:7B"
            ]
        },
        {
            "server_name": "103.211.100.201",
            "server_url": "http://103.211.100.201/c/",
            "macs": [
                "00:1A:79:00:18:50",
                "00:1A:79:00:1C:5E",
                "00:1A:79:00:18:29"
            ]
        },
        {
            "server_name": "nien.tvwerk.org:8080",
            "server_url": "http://nien.tvwerk.org:8080/c/",
            "macs": [
                "00:1A:79:5D:8C:A6",
                "00:1a:79:0e:37:90",
                "00:1A:79:00:08:09",
                "00:1A:79:01:70:51"
            ]
        },
        {
            "server_name": "185.11.145.188",
            "server_url": "http://185.11.145.188/c/",
            "macs": [
                "00:1a:79:b6:82:b6",
                "00:1a:79:54:4e:ee",
                "00:1a:79:53:0a:0a",
                "00:1a:79:37:15:2a",
                "00:1A:79:AF:71:4E",
                "00:1A:79:41:BD:5C",
                "00:1A:79:AB:5B:4B",
                "00:1A:79:D6:F2:FC",
                "00:1A:79:58:14:35"
            ]
        },
        {
            "server_name": "45.139.122.199:8080",
            "server_url": "http://45.139.122.199:8080/c/",
            "macs": [
                "00:1A:79:B3:2C:C6",
                "00:1a:79:57:6e:66",
                "00:1A:79:5C:CC:25",
                "00:1A:79:67:4C:8F",
                "00:1A:79:AA:87:7B",
                "00:1a:79:ab:52:E3",
                "00:1A:79:40:F4:7E",
                "00:1a:79:b8:84:2c",
                "00:1a:79:52:3c:d6",
                "00:1a:79:72:10:14",
                "00:1A:79:B0:B0:59",
                "00:1A:79:BC:33:5C",
                "00:1a:79:37:20:bc"
            ]
        },
        {
            "server_name": "one.dream4ktv.biz:2082",
            "server_url": "http://one.dream4ktv.biz:2082/c/",
            "macs": [
                "00:1A:79:DB:7A:A3",
                "00:1A:79:9B:30:1D",
                "00:1A:79:07:DB:E9",
                "00:1A:79:73:18:52",
                "00:1A:79:46:C0:C3"
            ]
        },
        {
            "server_name": "200.26.188.39",
            "server_url": "http://200.26.188.39/c/",
            "macs": [
                "00:1A:79:03:86:AD",
                "00:1A:79:BF:A5:8B",
                "00:1A:79:50:7A:C3",
                "00:1A:79:25:13:B8",
                "00:1A:79:C0:0D:A2",
                "00:1A:79:C8:5B:CD",
                "00:1A:79:24:5C:BE",
                "00:1A:79:A6:4A:6D",
                "00:1A:79:C2:95:EE",
                "00:1A:79:45:1F:76",
                "00:1A:79:F5:34:74",
                "00:1A:79:BF:81:5D"
            ]
        },
        {
            "server_name": "185.243.7.154",
            "server_url": "http://185.243.7.154/c/",
            "macs": [
                "00:1A:79:78:8B:69",
                "00:1A:79:97:2F:E4",
                "00:1A:79:01:2F:BA",
                "00:1A:79:7D:BA:DB",
                "00:1A:79:6E:2E:2F",
                "00:1A:79:73:C3:03",
                "00:1A:79:DD:5C:07",
                "00:1A:79:7C:6E:45",
                "00:1A:79:A5:D1:1B",
                "00:1A:79:BC:5A:40",
                "00:1A:79:62:ED:98"
            ]
        },
        {
            "server_name": "tp.nxdns4.com:8080",
            "server_url": "http://tp.nxdns4.com:8080/c/",
            "macs": [
                "00:1A:79:6A:78:D7",
                "00:1A:79:8F:AC:05",
                "00:1A:79:3B:42:BF",
                "00:1A:79:FB:1A:FE",
                "00:1A:79:D0:E9:CF",
                "00:1A:79:3B:07:47",
                "00:1A:79:15:8E:B3",
                "00:1A:79:5C:75:EE",
                "00:1A:79:50:D3:2A",
                "00:1A:79:BB:8B:8B",
                "00:1A:79:AF:63:9F",
                "00:1A:79:C5:CE:A1"
            ]
        },
        {
            "server_name": "4connect.link",
            "server_url": "http://4connect.link/c/",
            "macs": [
                "00:1A:79:BA:EB:16",
                "00:1A:79:46:60:5C",
                "00:1A:79:74:DA:81",
                "00:1A:79:74:BC:2A",
                "00:1A:79:5A:81:7B",
                "00:1A:79:97:4A:B6",
                "00:1A:79:5B:BB:9C",
                "00:1A:79:BA:EB:16",
                "00:1A:79:46:60:5C",
                "00:1A:79:74:DA:81",
                "00:1A:79:77:44:D2",
                "00:1A:79:74:BC:2A",
                "00:1A:79:5A:81:7B",
                "00:1A:79:97:4A:B6",
                "00:1A:79:5B:BB:9C",
                "00:1A:79:46:8F:8C",
                "00:1A:79:76:89:72",
                "00:1A:79:94:4B:2F",
                "00:1A:79:75:3A:AB",
                "00:1A:79:DF:98:9E",
                "00:1A:79:78:5E:FD",
                "00:1A:79:6B:E3:57",
                "00:1A:79:F9:D9:29",
                "00:1A:79:91:A3:A2",
                "00:1A:79:7B:C9:B5",
                "00:1A:79:DB:35:AF",
                "00:1A:79:C3:37:78",
                "00:1A:79:BA:EB:16",
                "00:1A:79:46:60:5C",
                "00:1A:79:74:DA:81",
                "00:1A:79:74:BC:2A",
                "00:1A:79:3C:0D:04",
                "00:1A:79:BA:EB:16",
                "00:1A:79:46:60:5C"
            ]
        },
        {
            "server_name": "portal.geniptv.com:8080",
            "server_url": "http://portal.geniptv.com:8080/c/",
            "macs": [
                "00:1A:79:9D:56:54",
                "00:1A:79:A6:7D:B3",
                "00:1A:79:B0:C2:5B",
                "00:1A:79:56:B9:DF",
                "00:1A:79:43:1F:BB",
                "00:1A:79:3A:C4:58",
                "00:1A:79:4E:8F:4C",
                "00:1A:79:71:AC:25",
                "00:1A:79:B7:0D:CB",
                "00:1A:79:5E:C4:84",
                "00:1A:79:4F:9D:3A",
                "00:1A:79:B6:7F:17",
                "00:1A:79:E1:1C:47",
                "00:1A:79:BD:25:3F",
                "00:1A:79:4E:46:5F",
                "00:1A:79:0E:DF:5F",
                "00:1A:79:BA:90:86",
                "00:1A:79:69:02:44",
                "00:1A:79:4D:3B:08",
                "00:1A:79:5D:04:C3",
                "00:1A:79:C3:B1:16"
            ]
        },
        {
            "server_name": "tp.nxdns4.com:8080",
            "server_url": "http://tp.nxdns4.com:8080/c/",
            "macs": [
                "00:1A:79:6A:78:D7",
                "00:1A:79:8F:AC:05",
                "00:1A:79:3B:42:BF",
                "00:1A:79:FB:1A:FE",
                "00:1A:79:D0:E9:CF",
                "00:1A:79:3B:07:47",
                "00:1A:79:15:8E:B3",
                "00:1A:79:5C:75:EE",
                "00:1A:79:50:D3:2A",
                "00:1A:79:BB:8B:8B",
                "00:1A:79:AF:63:9F",
                "00:1A:79:C5:CE:A1",
                "00:1A:79:76:7E:54",
                "00:1A:79:4F:46:28",
                "00:1A:79:6D:9C:6C",
                "00:1A:79:2E:58:2D"
            ]
        },
        {
            "server_name": "dontuse.doublesmashedpudding.xyz:8080",
            "server_url": "http://dontuse.doublesmashedpudding.xyz:8080/c/",
            "macs": [
                "00:1A:79:8C:BF:8E"
            ]
        },
        {
            "server_name": "diavolopazzo.endofinternet.org",
            "server_url": "http://diavolopazzo.endofinternet.org/c/",
            "macs": [
                "00:1A:79:72:6C:79"
            ]
        },
        {
            "server_name": "185.243.7.154",
            "server_url": "http://185.243.7.154/c/",
            "macs": [
                "00:1A:79:78:8B:69",
                "00:1A:79:97:2F:E4",
                "00:1A:79:01:2F:BA",
                "00:1A:79:7D:BA:DB",
                "00:1A:79:6E:2E:2F",
                "00:1A:79:73:C3:03",
                "00:1A:79:DD:5C:07",
                "00:1A:79:7C:6E:45",
                "00:1A:79:A5:D1:1B",
                "00:1A:79:BC:5A:40",
                "00:1A:79:62:ED:98",
                "00:1A:79:C5:1C:9D",
                "00:1A:79:FA:01:9D"
            ]
        },
        {
            "server_name": "200.26.188.39",
            "server_url": "http://200.26.188.39/c/",
            "macs": [
                "00:1A:79:03:86:AD",
                "00:1A:79:BF:A5:8B",
                "00:1A:79:50:7A:C3",
                "00:1A:79:25:13:B8",
                "00:1A:79:C0:0D:A2",
                "00:1A:79:C8:5B:CD",
                "00:1A:79:24:5C:BE",
                "00:1A:79:A6:4A:6D",
                "00:1A:79:C2:95:EE",
                "00:1A:79:45:1F:76",
                "00:1A:79:F5:34:74",
                "00:1A:79:BF:81:5D",
                "00:1A:79:EE:D1:68",
                "00:1A:79:41:F5:11",
                "00:1A:79:07:23:4E"
            ]
        },
        {
            "server_name": "tv.greatstar.me",
            "server_url": "http://tv.greatstar.me/c/",
            "macs": [
                "00:1A:79:A8:2E:92",
                "00:1A:79:14:8A:AC"
            ]
        },
        {
            "server_name": "5.206.227.184",
            "server_url": "http://5.206.227.184/c/",
            "macs": [
                "00:1A:79:41:5D:22",
                "00:1a:79:b6:82:b6",
                "00:1A:79:A5:B7:21",
                "00:1a:79:54:4e:ee",
                "00:1A:79:4d:f6:f4",
                "00:1A:79:60:05:C3",
                "00:1A:79:AE:B0:40",
                "00:1A:79:B6:2F:CE",
                "00:1a:79:53:0a:0a",
                "00:1A:79:45:0F:50",
                "00:1A:79:AF:71:4E",
                "00:1a:79:37:15:2a",
                "00:1A:79:41:BD:5C",
                "00:1A:79:44:F9:E4",
                "00:1A:79:AB:5B:4B",
                "00:1A:79:B3:BF:CF",
                "00:1A:79:F9:DD:1C",
                "00:1A:79:B7:42:38",
                "00:1A:79:BD:04:85",
                "00:1A:79:FB:20:0B",
                "00:1A:79:C3:C5:D0",
                "00:1A:79:BE:64:27",
                "00:1A:79:BE:64:27",
                "00:1A:79:FB:4F:C1",
                "00:1A:79:55:BC:5A",
                "00:1A:79:FB:06:93",
                "00:1A:79:FB:3B:33",
                "00:1A:79:CB:77:3B",
                "00:1A:79:BD:00:74",
                "00:1A:79:CB:C0:FD",
                "00:1A:79:00:01:16",
                "00:1A:79:B0:E7:27",
                "00:1A:79:C3:5F:E4",
                "00:1A:79:1B:F2:2F",
                "00:1A:79:00:11:22"
            ]
        }
    ]
}