{
    "items": [
        {
            "server_name": "innovationpro.nl",
            "server_url": "http://innovationpro.nl/c/",
            "macs": [
                "00:1A:79:17:26:7F",
                "00:1A:79:43:2D:EE",
                "00:1A:79:59:43:D3",
                "00:1A:79:66:12:8A",
                "00:1A:79:67:C5:B5",
                "00:1A:79:8C:59:E4",
                "00:1A:79:B8:73:02",
                "00:1A:79:BF:06:F0",
                "00:1A:79:CC:3B:F3",
                "00:1A:79:CD:00:C9",
                "00:1A:79:CF:62:85",
                "00:1A:79:FA:36:5B"
            ]
        },
        {
            "server_name": "tr.redatvgold.com",
            "server_url": "http://tr.redatvgold.com/c/",
            "macs": [
                "00:1A:79:30:32:44",
                "00:1A:79:55:0C:C1",
                "00:1A:79:56:F8:47",
                "00:1A:79:5F:24:2B",
                "00:1A:79:61:42:72",
                "00:1A:79:76:9F:D6",
                "00:1A:79:8C:A6:D1",
                "00:1A:79:AE:27:3A",
                "00:1A:79:AF:0D:4F",
                "00:1A:79:B2:02:7A",
                "00:1A:79:C1:7D:77",
                "00:1A:79:C2:A5:53",
                "00:1A:79:C4:7E:11",
                "00:1A:79:CA:96:28"
            ]
        },
        {
            "server_name": "play-plus.net:8000",
            "server_url": "http://play-plus.net:8000/c/",
            "macs": [
                "00:1A:79:00:3E:97",
                "00:1A:79:00:43:D5",
                "00:1A:79:00:71:D4",
                "00:1A:79:05:55:18",
                "00:1A:79:17:0F:E6",
                "00:1A:79:1C:09:AA",
                "00:1A:79:25:3E:F9",
                "00:1A:79:36:DB:FA",
                "00:1A:79:39:48:41",
                "00:1A:79:3B:10:73",
                "00:1A:79:42:FA:50",
                "00:1A:79:45:45:AD",
                "00:1A:79:4D:17:5C",
                "00:1A:79:57:EA:CB",
                "00:1A:79:61:31:C0",
                "00:1A:79:71:9A:59",
                "00:1A:79:72:6E:1D",
                "00:1A:79:82:CB:44",
                "00:1A:79:AD:28:9D",
                "00:1A:79:B1:F3:7E",
                "00:1A:79:B7:B0:F1",
                "00:1A:79:C4:42:EF",
                "00:1A:79:C8:62:8C",
                "00:1A:79:CC:3D:BC",
                "00:1A:79:DD:2F:BD",
                "00:1A:79:E8:B5:EF",
                "00:1A:79:EC:24:42",
                "00:1A:79:EC:ED:3A",
                "00:1A:79:F1:F0:54"
            ]
        },
        {
            "server_name": "new.ivue.co:25461",
            "server_url": "http://new.ivue.co:25461/c/",
            "macs": [
                "00:1A:79:21:2B:4A",
                "00:1A:79:4B:60:5F",
                "00:1A:79:77:57:C1",
                "00:1A:79:7A:51:AE",
                "00:1A:79:DD:61:DB"
            ]
        },
        {
            "server_name": "ojpc.live:8080",
            "server_url": "http://ojpc.live:8080/c/",
            "macs": [
                "00:1A:79:C7:12:FC"
            ]
        },
        {
            "server_name": "promaxhd.com:8080",
            "server_url": "http://promaxhd.com:8080/c/",
            "macs": [
                "00:1A:79:0D:77:0E",
                "00:1A:79:2E:C3:E7",
                "00:1A:79:39:6F:4B",
                "00:1A:79:40:40:A4",
                "00:1A:79:44:EF:91",
                "00:1A:79:4D:04:35",
                "00:1A:79:4D:13:80",
                "00:1A:79:4F:5D:A9",
                "00:1A:79:6A:1C:71",
                "00:1A:79:6F:9F:FE",
                "00:1A:79:70:66:E1",
                "00:1A:79:AA:FE:36",
                "00:1A:79:B4:D5:B4",
                "00:1A:79:BA:8E:2F",
                "00:1A:79:CC:41:B2",
                "00:1A:79:F8:3E:8A"
            ]
        }
    ]
}