{
    "items": [
        {
            "server_name": "alexiptv.ddns.me:8080",
            "server_url": "http://alexiptv.ddns.me:8080/c/",
            "macs": [
                "00:1A:79:5D:BB:50",
                "00:1A:79:AE:13:A8",
                "00:1A:79:AE:35:89",
                "00:1A:79:B1:6E:17",
                "00:1A:79:B6:2F:CE",
                "00:1A:79:BC:31:78"
            ]
        },
        {
            "server_name": "mag.alphatx.me:80",
            "server_url": "http://mag.alphatx.me:80/c/",
            "macs": [
                "00:1A:79:04:A7:D4",
                "00:1A:79:09:F6:96",
                "00:1A:79:1E:0A:C4",
                "00:1A:79:22:33:44",
                "00:1A:79:6D:BB:92",
                "00:1A:79:6E:71:2E",
                "00:1A:79:7B:17:EA",
                "00:1A:79:B5:69:3C",
                "00:1A:79:C6:DB:6B",
                "00:1A:79:F0:6A:1E"
            ]
        },
        {
            "server_name": "nas.bordo1453.be",
            "server_url": "http://nas.bordo1453.be/c/",
            "macs": [
                "00:1A:79:36:E7:5D"
            ]
        },
        {
            "server_name": "portal.ramz123.xyz:8080",
            "server_url": "http://portal.ramz123.xyz:8080/c/",
            "macs": [
                "00:1A:79:56:96:10"
            ]
        },
        {
            "server_name": "iboxs.club",
            "server_url": "http://iboxs.club/c/",
            "macs": [
                "00:1A:79:65:2E:5C"
            ]
        },
        {
            "server_name": "xc.tvset.top",
            "server_url": "http://xc.tvset.top/c/",
            "macs": [
                "00:1A:79:13:6C:65"
            ]
        },
        {
            "server_name": "192.99.19.27:8000",
            "server_url": "http://192.99.19.27:8000/c/",
            "macs": [
                "00:1A:79:30:9F:FA"
            ]
        },
        {
            "server_name": "p1.uiop.tv:8037",
            "server_url": "http://p1.uiop.tv:8037/stalker_portal/c/",
            "macs": [
                "00:1A:79:2B:55:A2",
                "00:1A:79:53:C9:74",
                "00:1A:79:55:1A:E4",
                "00:1A:79:6B:1F:E5"
            ]
        },
        {
            "server_name": "entertainmentj4u.com",
            "server_url": "http://entertainmentj4u.com/stalker_portal/c/",
            "macs": [
                "00:1A:79:0A:2D:93",
                "00:1A:79:15:A3:D1",
                "00:1A:79:49:55:7B",
                "00:1A:79:4D:E9:84",
                "00:1A:79:5D:43:25",
                "00:1A:79:66:BF:9D",
                "00:1A:79:B0:32:8D"
            ]
        },
        {
            "server_name": "portal.tiptop4k.tv",
            "server_url": "http://portal.tiptop4k.tv/stalker_portal/c/",
            "macs": [
                "00:1A:79:3F:1B:31"
            ]
        },
        {
            "server_name": "cpanel.traveliptv.nl",
            "server_url": "http://cpanel.traveliptv.nl/c/",
            "macs": [
                "00:1A:79:A2:6F:23"
            ]
        }
    ]
}