{
    "items": [
        {
            "server_name": "ibrafr.com:8789",
            "server_url": "http://ibrafr.com:8789/c/",
            "macs": [
                "00:1A:79:43:1E:7F",
                "00:1A:79:6C:0D:F5",
                "00:1A:79:A3:35:96",
                "00:1A:79:AB:4E:38",
                "00:1A:79:AD:84:BC"
            ]
        },
        {
            "server_name": "zupanet.live:8080",
            "server_url": "http://zupanet.live:8080/c/",
            "macs": [
                "00:1A:79:AE:B1:EA",
                "00:1A:79:BD:84:EB"
            ]
        },
        {
            "server_name": "darktv.eu:25461",
            "server_url": "http://darktv.eu:25461/c/",
            "macs": [
                "00:1A:79:03:0C:FA",
                "00:1A:79:4C:47:5B",
                "00:1A:79:9B:98:24",
                "00:1A:79:AF:5F:BD",
                "00:1A:79:B0:E6:78",
                "00:1A:79:E1:5F:3B"
            ]
        },
        {
            "server_name": "154.16.143.181:8080",
            "server_url": "http://154.16.143.181:8080/c/",
            "macs": [
                "00:1A:79:35:4B:C8",
                "00:1A:79:4A:09:B0",
                "00:1A:79:9B:6B:32",
                "00:1A:79:B2:15:88"
            ]
        },
        {
            "server_name": "kocaeli41.xyz:8000",
            "server_url": "http://kocaeli41.xyz:8000/c/",
            "macs": [
                "00:1A:79:85:F9:5A"
            ]
        },
        {
            "server_name": "ns31617126.ip-162-19-37.eu:8080",
            "server_url": "http://ns31617126.ip-162-19-37.eu:8080/c/",
            "macs": [
                "00:1A:79:10:B5:AB",
                "00:1A:79:5C:F1:53",
                "00:1A:79:65:11:72",
                "00:1A:79:74:42:A6",
                "00:1A:79:89:C1:1A",
                "00:1A:79:A3:A6:38",
                "00:1A:79:A6:3D:BC",
                "00:1A:79:A6:46:ED",
                "00:1A:79:A7:DE:2B",
                "00:1A:79:A9:1C:5C",
                "00:1A:79:AA:AF:48",
                "00:1A:79:AB:77:A7",
                "00:1A:79:AE:73:6F",
                "00:1A:79:B1:03:AF",
                "00:1A:79:B2:24:84",
                "00:1A:79:B2:41:30",
                "00:1A:79:B2:53:E3",
                "00:1A:79:B3:0A:B3",
                "00:1A:79:B3:16:09",
                "00:1A:79:B3:69:11",
                "00:1A:79:B7:31:F3",
                "00:1A:79:B7:7A:1C",
                "00:1A:79:BC:2A:7C",
                "00:1A:79:BE:7D:21",
                "00:1A:79:BF:77:83",
                "00:1A:79:C7:CA:21",
                "00:1A:79:CF:00:81",
                "00:1A:79:D1:C3:1F",
                "00:1A:79:FB:33:31",
                "00:1A:79:FB:3A:BC",
                "00:1A:79:FB:40:FD"
            ]
        },
        {
            "server_name": "laurenlending.pproxy.cc",
            "server_url": "http://laurenlending.pproxy.cc/c/",
            "macs": [
                "00:1A:79:BC:E8:D7",
                "00:1A:79:C7:61:96",
                "00:1A:79:C8:63:D9"
            ]
        },
        {
            "server_name": "51.159.70.234",
            "server_url": "http://51.159.70.234/stalker_portal/c/",
            "macs": [
                "00:1A:79:6C:54:60",
                "00:1A:79:79:17:39",
                "00:1A:79:7B:00:2D",
                "00:1A:79:8A:46:D3",
                "00:1A:79:92:61:B5",
                "00:1A:79:97:9A:54"
            ]
        },
        {
            "server_name": "hdmiclub.online:8080",
            "server_url": "http://hdmiclub.online:8080/c/",
            "macs": [
                "00:1A:79:AE:AA:90"
            ]
        },
        {
            "server_name": "entertainmentj4u.com",
            "server_url": "http://entertainmentj4u.com/stalker_portal/c/",
            "macs": [
                "00:1A:79:6C:54:60",
                "00:1A:79:92:61:B5",
                "00:1A:79:97:9A:54"
            ]
        },
        {
            "server_name": "erdin1.com:8000",
            "server_url": "http://erdin1.com:8000/c/",
            "macs": [
                "00:1A:79:64:DE:36",
                "00:1A:79:78:F2:DF",
                "00:1A:79:A4:44:83"
            ]
        },
        {
            "server_name": "tv.deirnet.ps",
            "server_url": "http://tv.deirnet.ps/stalker_portal/c/",
            "macs": [
                "00:1A:79:4D:74:C4"
            ]
        },
        {
            "server_name": "p1.uiop.tv:8037",
            "server_url": "http://p1.uiop.tv:8037/stalker_portal/c/",
            "macs": [
                "00:1A:79:56:68:59",
                "00:1A:79:62:21:79"
            ]
        },
        {
            "server_name": "tvizle.nl:8080",
            "server_url": "http://tvizle.nl:8080/c/",
            "macs": [
                "00:1A:79:5D:7A:88"
            ]
        },
        {
            "server_name": "m.tvfalcon.net:8080",
            "server_url": "http://m.tvfalcon.net:8080/c/",
            "macs": [
                "00:1A:79:1E:06:37",
                "00:1A:79:3F:60:32",
                "00:1A:79:5D:AC:45",
                "00:1A:79:A6:56:D9",
                "00:1A:79:BB:42:54",
                "00:1A:79:C4:20:4C"
            ]
        },
        {
            "server_name": "1screen3.com:8000",
            "server_url": "http://1screen3.com:8000/c/",
            "macs": [
                "00:1A:79:B2:87:0C",
                "00:1A:79:B5:9B:A4",
                "00:1A:79:BA:4E:BF",
                "00:1A:79:BF:4C:3A",
                "00:1A:79:C7:A7:DF"
            ]
        },
        {
            "server_name": "89.45.13.153:25461",
            "server_url": "http://89.45.13.153:25461/c/",
            "macs": [
                "00:1A:79:42:77:12",
                "00:1A:79:6D:BB:DB"
            ]
        }
    ]
}