{
    "items": [
        {
            "server_name": "view-kryptotvplatinum.co:8080",
            "server_url": "http://view-kryptotvplatinum.co:8080/c/",
            "macs": [
                "00:1A:79:60:0E:3C"
            ]
        },
        {
            "server_name": "mag.ukhd.tv",
            "server_url": "http://mag.ukhd.tv/c/",
            "macs": [
                "00:1A:79:05:B2:CC",
                "00:1A:79:A5:3F:F6"
            ]
        },
        {
            "server_name": "stream.keycdn.co",
            "server_url": "http://stream.keycdn.co/c/",
            "macs": [
                "00:1A:79:42:EB:1E",
                "00:1A:79:43:06:A1"
            ]
        },
        {
            "server_name": "stalker.klma2023.net:2082",
            "server_url": "http://stalker.klma2023.net:2082/c/",
            "macs": [
                "00:1A:79:10:3E:76",
                "00:1A:79:10:50:52",
                "00:1A:79:10:8A:0A"
            ]
        },
        {
            "server_name": "mag.iudtv.org:8080",
            "server_url": "http://mag.iudtv.org:8080/c/",
            "macs": [
                "00:1A:79:82:B9:9A",
                "00:1A:79:82:BB:A6",
                "00:1A:79:83:84:C8"
            ]
        },
        {
            "server_name": "4connect.link",
            "server_url": "http://4connect.link/c/",
            "macs": [
                "00:1a:79:b0:63:32",
                "00:1a:79:b9:f6:25"
            ]
        }
    ]
}