{
    "items": [
        {
            "server_name": "mag.premiumplus.tv:80",
            "server_url": "http://mag.premiumplus.tv:80/c/",
            "macs": [
                "00:1A:79:13:8C:3A",
                "00:1A:79:1D:04:5D",
                "00:1A:79:24:76:76",
                "00:1A:79:28:2F:75",
                "00:1A:79:28:F9:0B",
                "00:1A:79:2F:59:53",
                "00:1A:79:55:9E:E2",
                "00:1A:79:5E:3A:FE",
                "00:1A:79:6A:3D:B9",
                "00:1A:79:6D:7E:42",
                "00:1A:79:A2:34:2E",
                "00:1A:79:A9:19:06",
                "00:1A:79:B3:24:D4",
                "00:1A:79:B6:47:44",
                "00:1A:79:BF:BA:DA",
                "00:1A:79:C0:BE:1A",
                "00:1A:79:C1:3B:8D",
                "00:1A:79:C7:2A:D4",
                "00:1A:79:CB:6A:A1",
                "00:1A:79:FF:09:EE",
                "00:1A:79:FF:0E:40"
            ]
        },
        {
            "server_name": "nas.bordo1453.be:80",
            "server_url": "http://nas.bordo1453.be:80/c/",
            "macs": [
                "00:1A:79:29:DA:DF",
                "00:1A:79:2C:EA:3B",
                "00:1A:79:36:98:1D",
                "00:1A:79:42:D4:48",
                "00:1A:79:A1:B0:84",
                "00:1A:79:FB:F4:6D"
            ]
        },
        {
            "server_name": "nvs1hosting.live:25461",
            "server_url": "http://nvs1hosting.live:25461/c/",
            "macs": [
                "00:1A:79:AA:A6:95",
                "00:1A:79:B8:00:CA",
                "00:1A:79:BE:D3:AF",
                "00:1A:79:C4:9D:47",
                "00:1A:79:C6:84:4E",
                "00:1A:79:C6:85:D3",
                "00:1A:79:CD:36:24",
                "00:1A:79:CD:3A:28",
                "00:1A:79:CD:42:98",
                "00:1A:79:CD:C9:CB",
                "00:1A:79:CD:CC:29",
                "00:1A:79:CD:D5:DA",
                "00:1A:79:CE:E9:C0",
                "00:1A:79:CE:FC:1C",
                "00:1A:79:CF:03:09",
                "00:1A:79:CF:04:D2",
                "00:1A:79:CF:05:2E",
                "00:1A:79:CF:0B:1F"
            ]
        },
        {
            "server_name": "onrev.xyz:80",
            "server_url": "http://onrev.xyz:80/c/",
            "macs": [
                "00:1A:79:AE:08:6D"
            ]
        },
        {
            "server_name": "p1.iptvrocket.tv:80",
            "server_url": "http://p1.iptvrocket.tv:80/c/",
            "macs": [
                "00:1A:79:30:2A:A9",
                "00:1A:79:49:1B:8A",
                "00:1A:79:53:B3:4E",
                "00:1A:79:7F:8B:05"
            ]
        },
        {
            "server_name": "pantv.xyz:8080",
            "server_url": "http://pantv.xyz:8080/c/",
            "macs": [
                "00:1A:79:20:8F:0D",
                "00:1A:79:4E:B6:62"
            ]
        },
        {
            "server_name": "petarxc.ddns.net:8000",
            "server_url": "http://petarxc.ddns.net:8000/c/",
            "macs": [
                "00:1A:79:43:E1:EE",
                "00:1A:79:54:DD:64",
                "00:1A:79:5F:03:CB"
            ]
        },
        {
            "server_name": "starshare.live:8080",
            "server_url": "http://starshare.live:8080/c/",
            "macs": [
                "00:1A:79:53:E6:77",
                "00:1A:79:56:F7:F1",
                "00:1A:79:84:8E:42"
            ]
        },
        {
            "server_name": "line.greatstar.me",
            "server_url": "http://line.greatstar.me/c/",
            "macs": [
                "00:1A:79:03:31:A8",
                "00:1A:79:04:D7:38",
                "00:1A:79:14:57:2B",
                "00:1A:79:1B:2F:4F",
                "00:1A:79:22:13:D8",
                "00:1A:79:23:EE:A3",
                "00:1A:79:2E:A4:BF",
                "00:1A:79:36:CA:57",
                "00:1A:79:3A:6F:86",
                "00:1A:79:3A:EE:F2",
                "00:1A:79:3D:D8:DB",
                "00:1A:79:47:93:2C",
                "00:1A:79:55:2C:90",
                "00:1A:79:67:6C:C1",
                "00:1A:79:6F:8E:5E",
                "00:1A:79:73:CA:5B",
                "00:1A:79:A5:F4:CA",
                "00:1A:79:AF:26:B5",
                "00:1A:79:B4:95:54",
                "00:1A:79:B4:AB:B1",
                "00:1A:79:B6:25:9B",
                "00:1A:79:BA:92:DE",
                "00:1A:79:BF:BA:36",
                "00:1A:79:C1:35:4B",
                "00:1A:79:C1:44:05",
                "00:1A:79:C2:AD:62",
                "00:1A:79:C2:C7:2E",
                "00:1A:79:C8:59:15",
                "00:1A:79:CC:98:AE",
                "00:1A:79:D0:E6:F7",
                "00:1A:79:DB:7F:73",
                "00:1A:79:F8:E4:8F"
            ]
        },
        {
            "server_name": "51.159.70.234",
            "server_url": "http://51.159.70.234/stalker_portal/c/",
            "macs": [
                "00:1A:79:6A:11:27",
                "00:1A:79:7B:AC:21"
            ]
        },
        {
            "server_name": "144.76.220.25",
            "server_url": "http://144.76.220.25/stalker_portal/c/",
            "macs": [
                "00:1A:79:1F:44:E2"
            ]
        },
        {
            "server_name": "138.201.130.32",
            "server_url": "http://138.201.130.32/stalker_portal/c/",
            "macs": [
                "00:1A:79:13:03:46"
            ]
        },
        {
            "server_name": "185.243.7.58",
            "server_url": "http://185.243.7.58/c/",
            "macs": [
                "00:1A:79:0B:86:6A"
            ]
        },
        {
            "server_name": "p1.uiop.tv:8037",
            "server_url": "http://p1.uiop.tv:8037/stalker_portal/c/",
            "macs": [
                "00:1A:79:42:1A:1B"
            ]
        },
        {
            "server_name": "drks.info:8080",
            "server_url": "http://drks.info:8080/c/",
            "macs": [
                "00:1A:79:59:5C:02"
            ]
        },
        {
            "server_name": "ojpc.live:8080",
            "server_url": "http://ojpc.live:8080/c/",
            "macs": [
                "00:1A:79:BE:86:2D",
                "00:1A:79:C6:C0:1C"
            ]
        },
        {
            "server_name": "6a6b6.com",
            "server_url": "http://6a6b6.com/c/",
            "macs": [
                "00:1A:79:0D:4F:F9",
                "00:1A:79:22:C5:75",
                "00:1A:79:37:3F:5F",
                "00:1A:79:A5:3F:85",
                "00:1A:79:C0:2F:D7"
            ]
        },
        {
            "server_name": "revteam11.offshorerev.cc",
            "server_url": "http://revteam11.offshorerev.cc/c/",
            "macs": [
                "00:1A:79:32:81:D7",
                "00:1A:79:33:10:0D",
                "00:1A:79:33:18:1E",
                "00:1A:79:33:7B:04",
                "00:1A:79:33:89:66",
                "00:1A:79:48:67:7B",
                "00:1A:79:48:E9:6B",
                "00:1A:79:51:0E:8F",
                "00:1A:79:53:22:DD",
                "00:1A:79:53:3C:9C"
            ]
        },
        {
            "server_name": "tv.nova-iptv.com:80",
            "server_url": "http://tv.nova-iptv.com:80/c/",
            "macs": [
                "00:1A:79:2B:86:EE",
                "00:1A:79:2B:9E:56",
                "00:1A:79:2B:A3:E3",
                "00:1A:79:2C:07:9E",
                "00:1A:79:2C:9F:1D",
                "00:1A:79:2C:BF:FB",
                "00:1A:79:2C:FD:AB",
                "00:1A:79:2D:72:19",
                "00:1A:79:2D:77:C7",
                "00:1A:79:2E:5D:7D",
                "00:1A:79:2E:7B:CF",
                "00:1A:79:2E:82:10",
                "00:1A:79:2E:8C:FD",
                "00:1A:79:2E:B0:D1",
                "00:1A:79:2E:B0:E7",
                "00:1A:79:2F:49:76",
                "00:1A:79:2F:4A:E8"
            ]
        },
        {
            "server_name": "stalker.ugoiptv.com",
            "server_url": "http://stalker.ugoiptv.com/c/",
            "macs": [
                "00:1A:79:00:63:63",
                "00:1A:79:02:67:E1",
                "00:1A:79:0E:87:D3",
                "00:1A:79:5F:C3:9B",
                "00:1A:79:6D:03:C2",
                "00:1A:79:74:95:F8",
                "00:1A:79:7A:00:AE",
                "00:1A:79:AF:14:7C",
                "00:1A:79:B4:45:A1",
                "00:1A:79:B5:2C:F5",
                "00:1A:79:BE:10:2A",
                "00:1A:79:BE:28:D4",
                "00:1A:79:E5:C7:5F",
                "00:1A:79:F0:20:07",
                "00:1A:79:F5:15:84"
            ]
        },
        {
            "server_name": "xcxx0606.xyz:8080",
            "server_url": "http://xcxx0606.xyz:8080/c/",
            "macs": [
                "00:1A:79:00:00:AA",
                "00:1A:79:00:00:AD",
                "00:1A:79:00:08:08",
                "00:1A:79:00:08:09",
                "00:1A:79:01:6A:A3",
                "00:1A:79:01:6B:99",
                "00:1A:79:01:6B:FE",
                "00:1A:79:01:6C:06",
                "00:1A:79:01:6C:4F",
                "00:1A:79:01:6C:57",
                "00:1A:79:01:6C:6E",
                "00:1A:79:01:6D:AA",
                "00:1A:79:01:6D:CF",
                "00:1A:79:01:6E:1D",
                "00:1A:79:01:6E:1E",
                "00:1A:79:01:6E:24",
                "00:1A:79:01:6E:3C",
                "00:1A:79:01:6E:3F",
                "00:1A:79:01:6E:46",
                "00:1A:79:01:6F:3C",
                "00:1A:79:01:6F:FB",
                "00:1A:79:01:70:12",
                "00:1A:79:01:70:23",
                "00:1A:79:01:70:36",
                "00:1A:79:01:70:43",
                "00:1A:79:01:70:44",
                "00:1A:79:01:70:79",
                "00:1A:79:01:70:AB",
                "00:1A:79:01:70:B2",
                "00:1A:79:01:70:BA",
                "00:1A:79:01:71:94"
            ]
        }
    ]
}