{
    "items": [
        {
            "server_name": "magentalive.eu:8080",
            "server_url": "http://magentalive.eu:8080/c/",
            "macs": [
                "00:1A:79:6b:ea:8d"
            ]
        },
        {
            "server_name": "1234up.com:8080",
            "server_url": "http://1234up.com:8080/c/",
            "macs": [
                "00:1a:79:4e:7f:08"
            ]
        },
        {
            "server_name": "1234up.com:8080",
            "server_url": "http://1234up.com:8080/c/",
            "macs": [
                "00:1a:79:bb:3e:c8"
            ]
        },
        {
            "server_name": "1234up.com:8080",
            "server_url": "http://1234up.com:8080/c/",
            "macs": [
                "00:1a:79:b3:c1:a9"
            ]
        },
        {
            "server_name": "1234up.com:8080",
            "server_url": "http://1234up.com:8080/c/",
            "macs": [
                "00:1a:79:fb:03:05"
            ]
        },
        {
            "server_name": "1234up.com:8080",
            "server_url": "http://1234up.com:8080/c/",
            "macs": [
                "00:1a:79:84:9d:5d"
            ]
        },
        {
            "server_name": "1234up.com:8080",
            "server_url": "http://1234up.com:8080/c/",
            "macs": [
                "00:1a:79:b2:32:de"
            ]
        },
        {
            "server_name": "1234up.com:8080",
            "server_url": "http://1234up.com:8080/c/",
            "macs": [
                "00:1a:79:d0:e7:9c"
            ]
        },
        {
            "server_name": "1234up.com:8080",
            "server_url": "http://1234up.com:8080/c/",
            "macs": [
                "00:1a:79:b6:7d:63"
            ]
        },
        {
            "server_name": "1234up.com:8080",
            "server_url": "http://1234up.com:8080/c/",
            "macs": [
                "00:1a:79:da:32:62"
            ]
        },
        {
            "server_name": "1234up.com:8080",
            "server_url": "http://1234up.com:8080/c/",
            "macs": [
                "00:1a:79:c7:6e:c7"
            ]
        },
        {
            "server_name": "1234up.com:8080",
            "server_url": "http://1234up.com:8080/c/",
            "macs": [
                "00:1a:79:a8:74:62"
            ]
        },
        {
            "server_name": "1234up.com:8080",
            "server_url": "http://1234up.com:8080/c/",
            "macs": [
                "00:1a:79:c0:7b:92"
            ]
        },
        {
            "server_name": "uhd3.one:80",
            "server_url": "http://uhd3.one:80/c/",
            "macs": [
                "00:1A:79:d2:a1:97",
                "00:1A:79:70:f2:c9"
            ]
        },
        {
            "server_name": "200.26.188.39:80",
            "server_url": "http://200.26.188.39:80/c/",
            "macs": [
                "00:1A:79:35:2b:43"
            ]
        },
        {
            "server_name": "89.45.13.220:8080",
            "server_url": "http://89.45.13.220:8080/c/",
            "macs": [
                "00:1A:79:AB:5D:D7",
                "00:1A:79:01:23:23"
            ]
        },
        {
            "server_name": "hustler.tv.streamtv.to:8080",
            "server_url": "http://hustler.tv.streamtv.to:8080/c/",
            "macs": [
                "00:1A:79:3B:17:50",
                "00:1A:79:C8:1B:10",
                "00:1A:79:D0:F7:DF",
                "00:1A:79:2C:60:44"
            ]
        },
        {
            "server_name": "putin.penis.streamtv.to:8080",
            "server_url": "http://putin.penis.streamtv.to:8080/c/",
            "macs": [
                "00:1A:79:63:B0:56",
                "00:1A:79:37:0A:4A",
                "00:1A:79:DB:2D:FB",
                "00:1A:79:FE:1F:92"
            ]
        },
        {
            "server_name": "ott.aet.az",
            "server_url": "http://ott.aet.az/stalker_portal/c/",
            "macs": [
                "00:1A:79:1C:38:37",
                "00:1A:79:87:FC:4C"
            ]
        },
        {
            "server_name": "kaliteiptv.live:8080",
            "server_url": "http://kaliteiptv.live:8080/c/",
            "macs": [
                "00:1A:79:13:3C:11"
            ]
        },
        {
            "server_name": "tissl.club:8080",
            "server_url": "http://tissl.club:8080/c/",
            "macs": [
                "00:1A:79:6C:50:98"
            ]
        },
        {
            "server_name": "hit55555555.streamtv.to:8080",
            "server_url": "http://hit55555555.streamtv.to:8080/c/",
            "macs": [
                "00:1A:79:55:97:DC",
                "00:1A:79:37:0A:4A",
                "00:1A:79:B3:A1:DA",
                "00:1A:79:49:D7:47",
                "00:1A:79:DC:4B:F8",
                "00:1A:79:52:29:A4"
            ]
        },
        {
            "server_name": "adamkowal.club:8880",
            "server_url": "http://adamkowal.club:8880/c/",
            "macs": [
                "00:1A:79:AF:8E:4C"
            ]
        },
        {
            "server_name": "4khdstreamsbox.com",
            "server_url": "http://4khdstreamsbox.com/c/",
            "macs": [
                "00:1A:79:0E:1F:A8"
            ]
        },
        {
            "server_name": "yo.ikitv.site:8080",
            "server_url": "http://yo.ikitv.site:8080/c/",
            "macs": [
                "00:1A:79:3f:c6:c3"
            ]
        }
    ]
}