{
    "items": [
        {
            "server_name": "fast.newdns.world",
            "server_url": "http://fast.newdns.world/c/",
            "macs": [
                "00:1A:79:B0:71:0D",
                "00:1A:79:FD:53:7E",
                "00:1A:79:64:62:10"
            ]
        },
        {
            "server_name": "diamont.live:8080",
            "server_url": "http://diamont.live:8080/c/",
            "macs": [
                "00:1A:79:B8:94:F8"
            ]
        },
        {
            "server_name": "honeywatch.net",
            "server_url": "http://honeywatch.net/c/",
            "macs": [
                "00:1A:79:32:C4:05",
                "00:1A:79:53:D2:6B"
            ]
        },
        {
            "server_name": "coresys.dvrdns.org:25461",
            "server_url": "http://coresys.dvrdns.org:25461/c/",
            "macs": [
                "00:1A:79:9C:3F:36"
            ]
        },
        {
            "server_name": "medotv.nl:8000",
            "server_url": "http://medotv.nl:8000/c/",
            "macs": [
                "00:1A:79:4E:2E:CD"
            ]
        },
        {
            "server_name": "ip.xtremetv.eu:8000",
            "server_url": "http://ip.xtremetv.eu:8000/c/",
            "macs": [
                "00:1A:79:5A:F5:FD"
            ]
        },
        {
            "server_name": "ottplus.ottpro2.org:8789",
            "server_url": "http://ottplus.ottpro2.org:8789/c/",
            "macs": [
                "00:1A:79:60:62:44",
                "00:1A:79:60:A3:72"
            ]
        },
        {
            "server_name": "mutant.arrox.top",
            "server_url": "http://mutant.arrox.top/c/",
            "macs": [
                "00:1A:79:32:C5:57"
            ]
        },
        {
            "server_name": "spacextv.live:8080",
            "server_url": "http://spacextv.live:8080/c/",
            "macs": [
                "00:1A:79:13:50:FD",
                "00:1A:79:10:D5:BC",
                "00:1A:79:10:E3:77",
                "00:1A:79:BD:23:CE",
                "00:1A:79:F0:07:FD",
                "00:1A:79:B6:23:A9",
                "00:1A:79:07:BE:67",
                "00:1A:79:2B:98:8F",
                "00:1A:79:BB:B5:C9"
            ]
        },
        {
            "server_name": "avarel.kingtv.pw:80",
            "server_url": "http://avarel.kingtv.pw:80/c/",
            "macs": [
                "00:1A:79:76:FF:14",
                "00:1A:79:9E:86:C9",
                "00:1A:79:44:D9:E0",
                "00:1A:79:9E:88:3B"
            ]
        },
        {
            "server_name": "exm3u.123tv.to:8080",
            "server_url": "http://exm3u.123tv.to:8080/c/",
            "macs": [
                "00:1A:79:AD:B2:3E",
                "00:1A:79:AC:D5:B0"
            ]
        }
    ]
}