{
    "items": [
        {
            "server_name": "safetv.vip:8080",
            "server_url": "http://safetv.vip:8080/c/",
            "macs": [
                "00:1A:79:AB:5B:4B"
            ]
        },
        {
            "server_name": "fast.newdns.world",
            "server_url": "http://fast.newdns.world/c/",
            "macs": [
                "00:1A:79:D4:C6:24",
                "00:1A:79:C0:7D:0A",
                "00:1A:79:D4:C6:24"
            ]
        },
        {
            "server_name": "line.iptvwings.com",
            "server_url": "http://line.iptvwings.com/c/",
            "macs": [
                "00:1A:79:51:E5:89",
                "00:1A:79:66:92:37",
                "00:1A:79:EF:AA:F5",
                "00:1A:79:7F:F7:CE"
            ]
        },
        {
            "server_name": "hans_monika.streamtv.to:8080",
            "server_url": "http://hans_monika.streamtv.to:8080/c/",
            "macs": [
                "00:1A:79:C1:EE:62",
                "00:1A:79:22:9F:CD",
                "00:1A:79:C3:1B:92"
            ]
        },
        {
            "server_name": "zepequeno.xyz:8080",
            "server_url": "http://zepequeno.xyz:8080/c/",
            "macs": [
                "00:1A:79:C4:72:5E"
            ]
        },
        {
            "server_name": "ojpc.live:8080",
            "server_url": "http://ojpc.live:8080/c/",
            "macs": [
                "00:1A:79:BF:45:69"
            ]
        },
        {
            "server_name": "besttv.club:8080",
            "server_url": "http://besttv.club:8080/c/",
            "macs": [
                "00:1a:79:24:59:46",
                "00:1a:79:19:0b:a8",
                "00:1a:79:ab:d3:52",
                "00:1a:79:43:0e:57",
                "00:1a:79:83:9e:50",
                "00:1a:79:10:e2:fc",
                "00:1a:79:c5:3b:cf",
                "00:1a:79:38:db:90",
                "00:1a:79:10:e1:bf",
                "00:1a:79:5a:73:b4"
            ]
        },
        {
            "server_name": "213.186.1.136:88",
            "server_url": "http://213.186.1.136:88/stalker_portal/c/",
            "macs": [
                "00:1A:79:43:73:76"
            ]
        },
        {
            "server_name": "185.129.1.249:88",
            "server_url": "http://185.129.1.249:88/stalker_portal/c/",
            "macs": [
                "00:1A:79:1E:AE:79",
                "00:1A:79:1E:B2:72",
                "00:1A:79:1B:25:B1",
                "00:1A:79:1E:AE:6A"
            ]
        },
        {
            "server_name": "foxx.pure-iptv.net:8080",
            "server_url": "http://foxx.pure-iptv.net:8080/c/",
            "macs": [
                "00:1A:79:00:00:00"
            ]
        },
        {
            "server_name": "buyspamtool.com:8080",
            "server_url": "http://buyspamtool.com:8080/c/",
            "macs": [
                "00:1A:79:C7:D6:D6"
            ]
        },
        {
            "server_name": "foxx.pure-iptv.net:8080",
            "server_url": "http://foxx.pure-iptv.net:8080/c/",
            "macs": [
                "00:1A:79:B4:F0:DA"
            ]
        },
        {
            "server_name": "mutant.arrox.top",
            "server_url": "http://mutant.arrox.top/c/",
            "macs": [
                "00:1A:79:C5:BF:E0",
                "00:1A:79:42:0E:74",
                "00:1A:79:14:1F:23",
                "00:1A:79:32:C5:57",
                "00:1A:79:3A:84:89",
                "00:1A:79:BF:DF:A6",
                "00:1A:79:D6:4F:18",
                "00:1A:79:5D:82:E9",
                "00:1A:79:B3:B3:63"
            ]
        },
        {
            "server_name": "line.iptveros.com:80",
            "server_url": "http://line.iptveros.com:80/c/",
            "macs": [
                "00:1A:79:B5:AB:17",
                "00:1A:79:77:39:4F"
            ]
        },
        {
            "server_name": "reddevil.life:8080",
            "server_url": "http://reddevil.life:8080/c/",
            "macs": [
                "00:1A:79:60:A2:6A",
                "00:1A:79:60:C2:CD",
                "00:1A:79:60:E3:BF",
                "00:1A:79:60:F3:E0",
                "00:1A:79:61:20:07"
            ]
        },
        {
            "server_name": "bes5.alphatx.me:80",
            "server_url": "http://bes5.alphatx.me:80/c/",
            "macs": [
                "00:1A:79:08:1F:FC",
                "00:1A:79:F0:EF:1F"
            ]
        },
        {
            "server_name": "wiki-ott.org:8789",
            "server_url": "http://wiki-ott.org:8789/c/",
            "macs": [
                "00:1A:79:A2:65:83",
                "00:1A:79:A1:62:57",
                "00:1A:79:AE:3E:87",
                "00:1A:79:AC:12:D3",
                "00:1A:79:A6:20:F1",
                "00:1A:79:AE:20:51",
                "00:1A:79:AE:6B:28",
                "00:1A:79:A1:3A:1B",
                "00:1A:79:A4:23:B8"
            ]
        },
        {
            "server_name": "spacextv.live:8080",
            "server_url": "http://spacextv.live:8080/c/",
            "macs": [
                "00:1A:79:BD:23:CE",
                "00:1A:79:AA:A9:CD",
                "00:1A:79:F0:07:FD",
                "00:1A:79:10:D5:BC",
                "00:1A:79:34:22:33",
                "00:1A:79:B6:23:A9",
                "00:1A:79:07:BE:67",
                "00:1A:79:2B:98:8F",
                "00:1A:79:BB:B5:C9",
                "00:1A:79:58:CB:2A",
                "00:1A:79:13:50:FD",
                "00:1A:79:10:E3:77"
            ]
        },
        {
            "server_name": "marvelhd.eu:8080",
            "server_url": "http://marvelhd.eu:8080/c/",
            "macs": [
                "00:1a:79:34:1a:a5",
                "00:1a:79:a4:80:bb",
                "00:1a:79:fc:a4:84"
            ]
        },
        {
            "server_name": "unreal.eztv4you.xyz:25461",
            "server_url": "http://unreal.eztv4you.xyz:25461/c/",
            "macs": [
                "00:1a:79:4a:99:cc",
                "00:1a:79:4c:0a:d9",
                "00:1A:79:4C:31:10",
                "00:1a:79:4C:31:12"
            ]
        },
        {
            "server_name": "spacextv.live:8080",
            "server_url": "http://spacextv.live:8080/c/",
            "macs": [
                "00:1A:79:BD:23:CE",
                "00:1A:79:AA:A9:CD",
                "00:1A:79:F0:07:FD",
                "00:1A:79:10:D5:BC",
                "00:1A:79:34:22:33",
                "00:1A:79:B6:23:A9",
                "00:1A:79:07:BE:67",
                "00:1A:79:2B:98:8F",
                "00:1A:79:BB:B5:C9",
                "00:1A:79:58:CB:2A",
                "00:1A:79:13:50:FD",
                "00:1A:79:10:E3:77",
                "00:1A:79:14:E0:FB",
                "00:1A:79:1A:01:DA",
                "00:1A:79:F1:B8:05",
                "00:1A:79:07:C8:7F",
                "00:1A:79:4F:43:ED",
                "00:1A:79:17:1C:CC",
                "00:1A:79:30:9A:FF",
                "00:1A:79:58:5F:43",
                "00:1A:79:C7:8C:CD",
                "00:1A:79:17:23:C1",
                "00:1A:79:10:DA:06",
                "00:1A:79:C4:23:74",
                "00:1A:79:D5:EA:1F",
                "00:1A:79:22:01:77",
                "00:1A:79:14:EC:30",
                "00:1A:79:4D:00:5B"
            ]
        },
        {
            "server_name": "nossacasa55.ddns.net:8080",
            "server_url": "http://nossacasa55.ddns.net:8080/c/",
            "macs": [
                "00:1A:79:37:0A:4A",
                "00:1A:79:B3:A1:DA",
                "00:1A:79:55:97:DC",
                "00:1A:79:C4:B7:FE",
                "00:1A:79:FE:1F:92",
                "00:1A:79:3B:17:50",
                "00:1A:79:AB:31:CD"
            ]
        },
        {
            "server_name": "hexa.sonyy.cc",
            "server_url": "http://hexa.sonyy.cc/stalker_portal/c/",
            "macs": [
                "00:1A:79:00:61:90"
            ]
        },
        {
            "server_name": "live.max4k.cc",
            "server_url": "http://live.max4k.cc/stalker_portal/c/",
            "macs": [
                "00:1A:79:0C:E0:44"
            ]
        },
        {
            "server_name": "sky.dittotvv.cc",
            "server_url": "http://sky.dittotvv.cc/stalker_portal/c/",
            "macs": [
                "00:1A:79:00:20:61",
                "00:1A:79:2A:37:DD"
            ]
        },
        {
            "server_name": "tv.tvzon.tv",
            "server_url": "http://tv.tvzon.tv/stalker_portal/c/",
            "macs": [
                "00:1A:79:31:37:62"
            ]
        },
        {
            "server_name": "svf11.hd4.co:8888",
            "server_url": "http://svf11.hd4.co:8888/stalker_portal/c/",
            "macs": [
                "00:1A:79:EB:2F:5F"
            ]
        },
        {
            "server_name": "flixtv.cc",
            "server_url": "http://flixtv.cc/stalker_portal/c/",
            "macs": [
                "00:1A:79:80:BC:DC"
            ]
        },
        {
            "server_name": "tv.psmarters.xyz:8080",
            "server_url": "http://tv.psmarters.xyz:8080/c/",
            "macs": [
                "00:1A:79:4D:03:21"
            ]
        },
        {
            "server_name": "chunkymunky.site:8080",
            "server_url": "http://chunkymunky.site:8080/c/",
            "macs": [
                "00:1A:79:59:DF:C3",
                "00:1A:79:59:EC:5F",
                "00:1A:79:5A:0A:7D",
                "00:1A:79:5A:0B:4B",
                "00:1A:79:5A:0B:DB",
                "00:1A:79:59:DE:E4"
            ]
        },
        {
            "server_name": "black-ghost.live:8080",
            "server_url": "http://black-ghost.live:8080/c/",
            "macs": [
                "00:1A:79:13:58:09",
                "00:1A:79:05:DF:4E",
                "00:1A:79:C1:A1:D1",
                "00:1A:79:01:83:C1",
                "00:1A:79:76:FE:B0",
                "00:1A:79:83:8F:D5",
                "00:1A:79:83:8F:D5",
                "00:1A:79:BD:70:75",
                "00:1A:79:1C:11:46",
                "00:1A:79:1C:11:46"
            ]
        },
        {
            "server_name": "z6.watchme.ie",
            "server_url": "http://z6.watchme.ie/stalker_portal/c/",
            "macs": [
                "00:1A:79:00:00:02",
                "00:1A:79:00:02:C2"
            ]
        },
        {
            "server_name": "portal.airtel4k.co",
            "server_url": "http://portal.airtel4k.co/stalker_portal/c/",
            "macs": [
                "00:1A:79:00:00:00",
                "00:1A:79:00:24:24"
            ]
        },
        {
            "server_name": "p1.airce.io",
            "server_url": "http://p1.airce.io/stalker_portal/c/",
            "macs": [
                "00:1A:79:39:33:64"
            ]
        },
        {
            "server_name": "rapid-4k.com",
            "server_url": "http://rapid-4k.com/c/",
            "macs": [
                "00:1A:79:A8:8E:83",
                "00:1A:79:AC:0D:F3",
                "00:1A:79:C0:56:EC",
                "00:1A:79:BF:69:44",
                "00:1A:79:FB:0A:9E",
                "00:1A:79:AC:78:99",
                "00:1A:79:5E:D5:AE",
                "00:1A:79:A5:C5:8B",
                "00:1A:79:A5:5C:76",
                "00:1A:79:82:0B:91",
                "00:1A:79:AC:AA:7F",
                "00:1A:79:FD:0D:A8",
                "00:1A:79:A1:D7:F8",
                "00:1A:79:A3:42:BA",
                "00:1A:79:A6:1F:6F",
                "00:1A:79:A9:34:FM"
            ]
        },
        {
            "server_name": "avarel.kingtv.pw:80",
            "server_url": "http://avarel.kingtv.pw:80/c/",
            "macs": [
                "00:1A:79:13:51:7F",
                "00:1A:79:44:D9:E0",
                "00:1A:79:9E:88:3B",
                "00:1A:79:E4:4C:8E",
                "00:1A:79:9E:86:C9",
                "00:1A:79:08:E6:53",
                "00:1A:79:76:FF:14",
                "00:1A:79:EE:1B:58"
            ]
        },
        {
            "server_name": "coresys.dvrdns.org:25461",
            "server_url": "http://coresys.dvrdns.org:25461/c/",
            "macs": [
                "00:1A:79:92:E0:25",
                "00:1A:79:D8:2F:2F",
                "00:1A:79:7B:4F:DF"
            ]
        },
        {
            "server_name": "medotv.nl:8000",
            "server_url": "http://medotv.nl:8000/c/",
            "macs": [
                "00:1A:79:C0:25:ED"
            ]
        }
    ]
}