{
    "items": [
        {
            "server_name": "mag.greatott.me",
            "server_url": "http://mag.greatott.me/c/",
            "macs": [
                "00:1A:79:5E:CF:C9",
                "00:1A:79:B5:AD:F5",
                "00:1A:79:BF:DE:F0"
            ]
        },
        {
            "server_name": "nettv-premiumx.com:8000",
            "server_url": "http://nettv-premiumx.com:8000/c/",
            "macs": [
                "00:1A:79:03:11:5A",
                "00:1A:79:4C:A6:0E",
                "00:1A:79:C0:04:89"
            ]
        },
        {
            "server_name": "rapid-4k.com",
            "server_url": "http://rapid-4k.com/c/",
            "macs": [
                "00:1A:79:4F:A0:F2",
                "00:1A:79:A1:D7:F8",
                "00:1A:79:A3:42:BA",
                "00:1A:79:A5:04:17",
                "00:1A:79:A5:D9:8A",
                "00:1A:79:A6:1F:6F",
                "00:1A:79:A9:34:F4",
                "00:1A:79:AF:B2:2A",
                "00:1A:79:C2:52:52",
                "00:1A:79:FB:12:EF"
            ]
        },
        {
            "server_name": "94.130.3.238:8080",
            "server_url": "http://94.130.3.238:8080/c/",
            "macs": [
                "00:1A:79:00:32:09",
                "00:1A:79:00:33:E4",
                "00:1A:79:00:37:E1",
                "00:1A:79:09:0C:16",
                "00:1A:79:13:3C:A7",
                "00:1A:79:38:6C:B0",
                "00:1A:79:40:0E:E4",
                "00:1A:79:40:11:D6",
                "00:1A:79:40:16:4F",
                "00:1A:79:44:F7:50",
                "00:1A:79:53:2A:5E",
                "00:1A:79:56:B1:3F",
                "00:1A:79:6B:85:0B",
                "00:1A:79:81:A8:42",
                "00:1A:79:C0:05:A2",
                "00:1A:79:C4:78:70"
            ]
        },
        {
            "server_name": "vodofun.tv",
            "server_url": "http://vodofun.tv/stalker_portal/c/",
            "macs": [
                "00:1A:79:34:AF:E6",
                "00:1A:79:E2:EE:D4"
            ]
        },
        {
            "server_name": "mag.moi-dom.tv",
            "server_url": "http://mag.moi-dom.tv/stalker_portal/c/",
            "macs": [
                "00:1A:79:38:85:74",
                "00:1A:79:51:AB:E6",
                "00:1A:79:59:F7:8A"
            ]
        },
        {
            "server_name": "line.fireboxiptv.com:80",
            "server_url": "http://line.fireboxiptv.com:80/c/",
            "macs": [
                "00:1A:79:53:D2:B3"
            ]
        },
        {
            "server_name": "ultratv.one:2095",
            "server_url": "http://ultratv.one:2095/c/",
            "macs": [
                "00:1A:79:00:02:A6",
                "00:1A:79:00:5D:C8",
                "00:1A:79:01:09:00",
                "00:1A:79:01:85:51",
                "00:1A:79:01:C6:66",
                "00:1A:79:02:1D:7C",
                "00:1A:79:02:3D:11",
                "00:1A:79:05:79:52",
                "00:1A:79:06:B8:9D",
                "00:1A:79:07:54:1A",
                "00:1A:79:08:13:94",
                "00:1A:79:08:AA:7B",
                "00:1A:79:09:CD:A8",
                "00:1A:79:0A:9F:83",
                "00:1A:79:0A:A6:74",
                "00:1A:79:0C:4A:04",
                "00:1A:79:0D:8D:50",
                "00:1A:79:0E:B0:81",
                "00:1A:79:19:1C:A4",
                "00:1A:79:1A:00:06",
                "00:1A:79:1C:C3:C3",
                "00:1A:79:20:35:15",
                "00:1A:79:20:85:F0",
                "00:1A:79:22:42:F1",
                "00:1A:79:26:DB:53"
            ]
        },
        {
            "server_name": "srvgold.iptvcheap.com:80",
            "server_url": "http://srvgold.iptvcheap.com:80/c/",
            "macs": [
                "00:1A:79:00:00:0D",
                "00:1A:79:00:00:22",
                "00:1A:79:00:00:78",
                "00:1A:79:00:00:FF",
                "00:1A:79:00:01:50",
                "00:1A:79:00:01:5F",
                "00:1A:79:00:02:03"
            ]
        },
        {
            "server_name": "tvt3.xyz:2095",
            "server_url": "http://tvt3.xyz:2095/c/",
            "macs": [
                "00:1A:79:00:02:A6",
                "00:1A:79:00:04:02",
                "00:1A:79:00:13:12",
                "00:1A:79:00:5D:C8",
                "00:1A:79:01:09:00",
                "00:1A:79:01:85:51",
                "00:1A:79:01:C6:66",
                "00:1A:79:02:1D:7C",
                "00:1A:79:02:3D:11",
                "00:1A:79:04:E5:EC",
                "00:1A:79:05:79:52",
                "00:1A:79:06:B8:9D"
            ]
        },
        {
            "server_name": "myf-tv.com:8080",
            "server_url": "http://myf-tv.com:8080/c/",
            "macs": [
                "00:1A:79:23:0F:98",
                "00:1A:79:5D:35:3F",
                "00:1A:79:62:01:25",
                "00:1A:79:64:87:4A",
                "00:1A:79:76:06:A9",
                "00:1A:79:9E:B0:F8",
                "00:1A:79:A3:98:23",
                "00:1A:79:AB:C7:2A",
                "00:1A:79:B2:40:8F",
                "00:1A:79:B2:4D:42",
                "00:1A:79:B5:B7:FC",
                "00:1A:79:BA:5D:6E",
                "00:1A:79:BB:22:52",
                "00:1A:79:BF:1F:7E",
                "00:1A:79:BF:3F:B3",
                "00:1A:79:C1:D0:02",
                "00:1A:79:C4:07:7D",
                "00:1A:79:C5:AB:24",
                "00:1A:79:C7:A0:3C",
                "00:1A:79:C7:A8:61",
                "00:1A:79:CA:33:1D",
                "00:1A:79:DD:7F:49",
                "00:1A:79:FA:05:14",
                "00:1A:79:FA:08:49",
                "00:1A:79:FB:24:0B",
                "00:1A:79:FB:29:DB"
            ]
        }
    ]
}