{
    "items": [
        {
            "server_name": "tv.psmarters.xyz:8080",
            "server_url": "http://tv.psmarters.xyz:8080/c/",
            "macs": [
                "00:1A:79:10:D9:73",
                "00:1A:79:10:D9:82",
                "00:1A:79:10:DB:03",
                "00:1A:79:10:DE:A7",
                "00:1A:79:10:DF:18",
                "00:1A:79:10:DF:72",
                "00:1A:79:10:E0:1E",
                "00:1A:79:10:E0:6E",
                "00:1A:79:10:E0:F1",
                "00:1A:79:10:E0:F7",
                "00:1A:79:10:E0:F8",
                "00:1A:79:10:E0:FD",
                "00:1A:79:10:E1:2D",
                "00:1A:79:10:E1:33",
                "00:1A:79:10:E1:C5",
                "00:1A:79:10:E2:1F",
                "00:1A:79:10:E2:25",
                "00:1A:79:10:E2:28",
                "00:1A:79:10:E2:2B",
                "00:1A:79:10:E2:70",
                "00:1A:79:10:E2:C6"
            ]
        },
        {
            "server_name": "line.iptveros.com:8000",
            "server_url": "http://line.iptveros.com:8000/c/",
            "macs": [
                "00:1A:79:7B:79:C2",
                "00:1A:79:BE:E9:E1",
                "00:1A:79:FB:61:3B"
            ]
        },
        {
            "server_name": "restream.globaltv1.net:8080",
            "server_url": "http://restream.globaltv1.net:8080/c/",
            "macs": [
                "00:1A:79:08:46:3B",
                "00:1A:79:14:E3:85",
                "00:1A:79:A1:83:3B",
                "00:1A:79:C1:A0:E6"
            ]
        },
        {
            "server_name": "web2021.biz:8080",
            "server_url": "http://web2021.biz:8080/c/",
            "macs": [
                "00:1A:79:4E:A4:C4",
                "00:1A:79:52:30:FB",
                "00:1A:79:5F:2C:3B"
            ]
        },
        {
            "server_name": "117tv.icu:8080",
            "server_url": "http://117tv.icu:8080/c/",
            "macs": [
                "00:1A:79:2A:4D:0F",
                "00:1A:79:AA:10:2A",
                "00:1A:79:AB:26:87",
                "00:1A:79:AD:D0:90"
            ]
        },
        {
            "server_name": "wiki-ott.org:8789",
            "server_url": "http://wiki-ott.org:8789/c/",
            "macs": [
                "00:1A:79:05:A3:28",
                "00:1A:79:08:54:32",
                "00:1A:79:23:7A:F4",
                "00:1A:79:26:19:56",
                "00:1A:79:3A:A6:15",
                "00:1A:79:3D:5C:6F",
                "00:1A:79:49:D8:9A",
                "00:1A:79:5B:E4:DE",
                "00:1A:79:5E:F3:6F",
                "00:1A:79:6A:AC:A5",
                "00:1A:79:70:68:3F",
                "00:1A:79:75:37:46",
                "00:1A:79:7A:42:12",
                "00:1A:79:94:21:A0",
                "00:1A:79:98:97:56",
                "00:1A:79:A1:35:DB",
                "00:1A:79:A4:58:03",
                "00:1A:79:A5:40:70",
                "00:1A:79:B3:D3:1A",
                "00:1A:79:DE:0F:2C"
            ]
        },
        {
            "server_name": "tv.supertv.life:80",
            "server_url": "http://tv.supertv.life:80/c/",
            "macs": [
                "00:1A:79:3B:9F:12",
                "00:1A:79:75:0F:E5",
                "00:1A:79:7E:6F:04",
                "00:1A:79:8B:1F:2A"
            ]
        },
        {
            "server_name": "mol-2.com:8080",
            "server_url": "http://mol-2.com:8080/c/",
            "macs": [
                "00:1A:79:48:E6:50",
                "00:1A:79:57:8E:C8",
                "00:1A:79:B3:60:30",
                "00:1A:79:B4:42:58",
                "00:1A:79:B5:93:9C",
                "00:1A:79:B6:3D:64",
                "00:1A:79:B6:5A:66",
                "00:1A:79:B8:FA:5D",
                "00:1A:79:BA:44:9D",
                "00:1A:79:BB:15:87",
                "00:1A:79:BC:F5:01",
                "00:1A:79:BD:77:74",
                "00:1A:79:BE:78:73",
                "00:1A:79:C2:88:8B",
                "00:1A:79:C2:94:9D",
                "00:1A:79:C3:BC:E7",
                "00:1A:79:DD:E8:2A",
                "00:1A:79:F9:0A:40"
            ]
        },
        {
            "server_name": "tv.trexiptv.com:80",
            "server_url": "http://tv.trexiptv.com:80/c/",
            "macs": [
                "00:1A:79:05:B5:52",
                "00:1A:79:0C:1F:8B",
                "00:1A:79:16:CC:AA",
                "00:1A:79:18:D6:7F",
                "00:1A:79:1E:78:0F",
                "00:1A:79:28:1E:51",
                "00:1A:79:28:B1:EE",
                "00:1A:79:30:5F:E3",
                "00:1A:79:32:8F:F8",
                "00:1A:79:41:94:FF",
                "00:1A:79:72:94:ED",
                "00:1A:79:73:21:08",
                "00:1A:79:8C:06:87",
                "00:1A:79:94:3C:BA",
                "00:1A:79:B4:6A:3D",
                "00:1A:79:B4:ED:E4",
                "00:1A:79:C0:55:DB",
                "00:1A:79:D0:7A:01",
                "00:1A:79:EE:D7:51"
            ]
        },
        {
            "server_name": "chunkymunky.site:8080",
            "server_url": "http://chunkymunky.site:8080/c/",
            "macs": [
                "00:1A:79:58:27:D0",
                "00:1A:79:58:2A:61",
                "00:1A:79:58:51:61",
                "00:1A:79:58:54:00",
                "00:1A:79:58:70:D4",
                "00:1A:79:58:72:11",
                "00:1A:79:58:78:70"
            ]
        },
        {
            "server_name": "r360.fyi:2103",
            "server_url": "http://r360.fyi:2103/c/",
            "macs": [
                "00:1A:79:CA:D4:A1"
            ]
        },
        {
            "server_name": "www.zlock365.org:2103",
            "server_url": "http://www.zlock365.org:2103/c/",
            "macs": [
                "00:1A:79:3A:54:7D",
                "00:1A:79:5D:96:7A",
                "00:1A:79:B7:8F:23"
            ]
        },
        {
            "server_name": "tit.ipsh.tv",
            "server_url": "http://tit.ipsh.tv/c/",
            "macs": [
                "00:1A:79:2D:44:DE",
                "00:1A:79:42:58:1D",
                "00:1A:79:53:DE:EE",
                "00:1A:79:74:92:76",
                "00:1A:79:AA:43:4F",
                "00:1A:79:B5:F8:A3",
                "00:1A:79:B9:F1:93"
            ]
        },
        {
            "server_name": "coresys.dvrdns.org:25461",
            "server_url": "http://coresys.dvrdns.org:25461/c/",
            "macs": [
                "00:1A:79:8E:6F:DA"
            ]
        },
        {
            "server_name": "bkp.infinitv.wf:2103",
            "server_url": "http://bkp.infinitv.wf:2103/c/",
            "macs": [
                "00:1A:79:44:85:CD",
                "00:1A:79:A7:73:F4",
                "00:1A:79:AE:1A:1C",
                "00:1A:79:E4:48:01"
            ]
        },
        {
            "server_name": "r360.fyi",
            "server_url": "http://r360.fyi/c/",
            "macs": [
                "00:1A:79:40:52:B2",
                "00:1A:79:5D:8F:33",
                "00:1A:79:64:3C:22"
            ]
        },
        {
            "server_name": "qwertytv.net:2103",
            "server_url": "http://qwertytv.net:2103/c/",
            "macs": [
                "00:1A:79:5F:DD:A4"
            ]
        },
        {
            "server_name": "magico.livrexs.xyz",
            "server_url": "http://magico.livrexs.xyz/c/",
            "macs": [
                "00:1A:79:2B:89:46",
                "00:1A:79:A2:C5:AD",
                "00:1A:79:C2:00:EE"
            ]
        },
        {
            "server_name": "hans_monika.streamtv.to:8080",
            "server_url": "http://hans_monika.streamtv.to:8080/c/",
            "macs": [
                "00:1A:79:53:B7:5B",
                "00:1A:79:A3:FB:BC"
            ]
        },
        {
            "server_name": "poiuy6.com",
            "server_url": "http://poiuy6.com/c/",
            "macs": [
                "00:1A:79:6D:60:65"
            ]
        },
        {
            "server_name": "exm3u.123tv.to:8080",
            "server_url": "http://exm3u.123tv.to:8080/c/",
            "macs": [
                "00:1A:79:32:66:06"
            ]
        },
        {
            "server_name": "brokentv.rip:8080",
            "server_url": "http://brokentv.rip:8080/c/",
            "macs": [
                "00:1A:79:0F:61:E6",
                "00:1A:79:62:9C:D7",
                "00:1A:79:AB:C0:EA",
                "00:1A:79:C3:10:15"
            ]
        },
        {
            "server_name": "myzamdl.co.uk",
            "server_url": "http://myzamdl.co.uk/c/",
            "macs": [
                "00:1A:79:9B:A7:D5"
            ]
        },
        {
            "server_name": "line.tivi-one.net",
            "server_url": "http://line.tivi-one.net/c/",
            "macs": [
                "00:1A:79:0E:0F:91",
                "00:1A:79:21:30:FF"
            ]
        },
        {
            "server_name": "safetv.vip:8080",
            "server_url": "http://safetv.vip:8080/c/",
            "macs": [
                "00:1A:79:06:C8:79",
                "00:1A:79:09:49:B7",
                "00:1A:79:11:1F:DD",
                "00:1A:79:19:1F:05",
                "00:1A:79:19:3B:4E",
                "00:1A:79:1C:3F:6A",
                "00:1A:79:1F:1A:2B",
                "00:1A:79:32:EC:A7",
                "00:1A:79:37:15:2A",
                "00:1A:79:39:5D:47",
                "00:1A:79:3F:B9:BF",
                "00:1A:79:41:BD:5C",
                "00:1A:79:44:F9:E4",
                "00:1A:79:45:0F:50",
                "00:1A:79:47:9D:D2",
                "00:1A:79:4D:F6:F4",
                "00:1A:79:51:10:7C",
                "00:1A:79:54:D4:C8",
                "00:1A:79:58:07:87",
                "00:1A:79:58:14:35",
                "00:1A:79:A2:87:4B",
                "00:1A:79:A6:7B:66",
                "00:1A:79:AB:3F:70",
                "00:1A:79:AB:5B:4B",
                "00:1A:79:AE:4F:DC",
                "00:1A:79:AE:B0:40",
                "00:1A:79:B0:96:F6",
                "00:1A:79:B2:0D:64",
                "00:1A:79:B5:5F:86",
                "00:1A:79:BC:36:09",
                "00:1A:79:D6:F2:FC"
            ]
        },
        {
            "server_name": "vip2102.112421.net:2050",
            "server_url": "http://vip2102.112421.net:2050/c/",
            "macs": [
                "00:1A:79:1D:3A:2A",
                "00:1A:79:66:8F:E7",
                "00:1A:79:B8:26:99"
            ]
        },
        {
            "server_name": "cod123.biz",
            "server_url": "http://cod123.biz/stalker_portal/c/",
            "macs": [
                "00:1A:79:40:44:38"
            ]
        },
        {
            "server_name": "45.139.122.199:8080",
            "server_url": "http://45.139.122.199:8080/c/",
            "macs": [
                "00:1A:79:58:0E:9B",
                "00:1A:79:68:97:68",
                "00:1A:79:B3:2C:C6"
            ]
        },
        {
            "server_name": "31.220.40.132",
            "server_url": "http://31.220.40.132/c/",
            "macs": [
                "00:1A:79:5C:71:12"
            ]
        },
        {
            "server_name": "31.220.40.114",
            "server_url": "http://31.220.40.114/c/",
            "macs": [
                "00:1A:79:02:19:27",
                "00:1A:79:27:FC:E3",
                "00:1A:79:2B:F7:2D",
                "00:1A:79:40:1F:80",
                "00:1A:79:40:20:A6",
                "00:1A:79:A5:11:8C"
            ]
        },
        {
            "server_name": "200.26.188.66",
            "server_url": "http://200.26.188.66/c/",
            "macs": [
                "00:1A:79:01:6F:55",
                "00:1A:79:18:23:8B",
                "00:1A:79:19:22:1F",
                "00:1A:79:19:3F:6A",
                "00:1A:79:1F:3F:D6",
                "00:1A:79:3D:09:AD",
                "00:1A:79:57:E8:53",
                "00:1A:79:A2:86:7D",
                "00:1A:79:AA:CD:62",
                "00:1A:79:BA:15:26",
                "00:1A:79:D7:7F:7F"
            ]
        },
        {
            "server_name": "185.235.165.43",
            "server_url": "http://185.235.165.43/c/",
            "macs": [
                "00:1A:79:00:00:B2",
                "00:1A:79:00:12:C3",
                "00:1A:79:02:F7:54",
                "00:1A:79:04:7F:06",
                "00:1A:79:0E:12:20",
                "00:1A:79:10:88:B7",
                "00:1A:79:17:1F:56",
                "00:1A:79:36:F7:9B",
                "00:1A:79:39:31:33",
                "00:1A:79:3A:5E:49",
                "00:1A:79:42:52:19",
                "00:1A:79:44:C0:1F",
                "00:1A:79:47:FA:A3",
                "00:1A:79:4A:35:71",
                "00:1A:79:4A:BD:95",
                "00:1A:79:4C:27:C3",
                "00:1A:79:51:19:2D",
                "00:1A:79:55:31:48",
                "00:1A:79:55:A5:45",
                "00:1A:79:5B:16:A3",
                "00:1A:79:67:BD:C2",
                "00:1A:79:68:73:02",
                "00:1A:79:7F:58:D7",
                "00:1A:79:A1:86:03",
                "00:1A:79:A2:D8:27",
                "00:1A:79:AF:7E:91",
                "00:1A:79:E3:9A:9E"
            ]
        },
        {
            "server_name": "mutant.arrox.top",
            "server_url": "http://mutant.arrox.top/c/",
            "macs": [
                "00:1A:79:18:E1:6C",
                "00:1A:79:30:6F:04",
                "00:1A:79:31:75:E6",
                "00:1A:79:37:AB:5D",
                "00:1A:79:40:60:9B",
                "00:1A:79:4C:73:AD",
                "00:1A:79:4F:F6:81",
                "00:1A:79:51:4C:5B",
                "00:1A:79:57:B2:58",
                "00:1A:79:5A:35:6E",
                "00:1A:79:5F:03:09",
                "00:1A:79:6E:2E:E9",
                "00:1A:79:8B:08:A0",
                "00:1A:79:92:4E:CF",
                "00:1A:79:CC:FB:63"
            ]
        }
    ]
}