{
    "items": [
        {
            "server_name": "besttv.club:8080",
            "server_url": "http://besttv.club:8080/c/",
            "macs": [
                "00:1A:79:0E:DD:B5",
                "00:1A:79:10:E2:FC",
                "00:1A:79:43:0E:57",
                "00:1A:79:83:9E:50",
                "00:1A:79:AB:D3:52"
            ]
        },
        {
            "server_name": "main.light-ott.net",
            "server_url": "http://main.light-ott.net/c/",
            "macs": [
                "00:1A:79:50:1D:22",
                "00:1A:79:86:B7:13"
            ]
        },
        {
            "server_name": "mag.diamondtv.one:8080",
            "server_url": "http://mag.diamondtv.one:8080/c/",
            "macs": [
                "00:1A:79:08:8F:84",
                "00:1A:79:0B:6B:D6",
                "00:1A:79:94:D5:99",
                "00:1A:79:A3:D7:E4",
                "00:1A:79:B2:BB:C0",
                "00:1A:79:BB:EE:E6",
                "00:1A:79:C0:1C:67",
                "00:1A:79:F5:28:EE"
            ]
        },
        {
            "server_name": "trsat.ddns.us:80",
            "server_url": "http://trsat.ddns.us:80/c/",
            "macs": [
                "00:1A:79:50:29:7A"
            ]
        },
        {
            "server_name": "mag.redmytv.com:80",
            "server_url": "http://mag.redmytv.com:80/c/",
            "macs": [
                "00:1A:79:18:3C:30",
                "00:1A:79:1C:18:EE",
                "00:1A:79:39:F2:71",
                "00:1A:79:C1:7E:BF",
                "00:1A:79:C4:26:92",
                "00:1A:79:C4:5F:41",
                "00:1A:79:C9:2F:C2",
                "00:1A:79:F1:AB:28"
            ]
        },
        {
            "server_name": "apkonrev.store:8080",
            "server_url": "http://apkonrev.store:8080/c/",
            "macs": [
                "00:1A:79:AE:00:D3"
            ]
        },
        {
            "server_name": "amepz.xyz:8080",
            "server_url": "http://amepz.xyz:8080/c/",
            "macs": [
                "00:1A:79:B0:39:DB",
                "00:1A:79:E5:52:91"
            ]
        },
        {
            "server_name": "31.42.176.59",
            "server_url": "http://31.42.176.59/c/",
            "macs": [
                "00:1A:79:6B:E7:67",
                "00:1A:79:6C:FC:2A",
                "00:1A:79:6E:50:90",
                "00:1A:79:78:C2:80",
                "00:1A:79:79:62:F6",
                "00:1A:79:CA:CC:25"
            ]
        },
        {
            "server_name": "185.243.7.51",
            "server_url": "http://185.243.7.51/c/",
            "macs": [
                "00:1A:79:81:71:97",
                "00:1A:79:94:B5:F4"
            ]
        },
        {
            "server_name": "iptv.uktvglobal.com",
            "server_url": "http://iptv.uktvglobal.com/stalker_portal/c/",
            "macs": [
                "00:1A:79:2C:44:4B"
            ]
        },
        {
            "server_name": "catirtv.ddns.me:8080",
            "server_url": "http://catirtv.ddns.me:8080/c/",
            "macs": [
                "00:1A:79:5A:C6:75"
            ]
        },
        {
            "server_name": "ibrafr.com:8789",
            "server_url": "http://ibrafr.com:8789/c/",
            "macs": [
                "00:1A:79:44:D1:2A"
            ]
        },
        {
            "server_name": "tp.nxdns4.com:8080",
            "server_url": "http://tp.nxdns4.com:8080/c/",
            "macs": [
                "00:1A:79:D6:6D:E2"
            ]
        },
        {
            "server_name": "a.bittensor.nexus",
            "server_url": "http://a.bittensor.nexus/c/",
            "macs": [
                "00:1A:79:47:3E:31",
                "00:1A:79:4A:42:C1"
            ]
        },
        {
            "server_name": "tvizle.nl:8080",
            "server_url": "http://tvizle.nl:8080/c/",
            "macs": [
                "00:1A:79:5D:AB:60",
                "00:1A:79:C0:DE:28"
            ]
        },
        {
            "server_name": "laurenlending.pproxy.cc",
            "server_url": "http://laurenlending.pproxy.cc/c/",
            "macs": [
                "00:1A:79:25:91:76",
                "00:1A:79:28:46:84",
                "00:1A:79:A0:E7:EE"
            ]
        }
    ]
}