{
    "items": [
        {
            "server_name": "world.marvelhd.eu:8000",
            "server_url": "http://world.marvelhd.eu:8000/c/",
            "macs": [
                "00:1A:79:50:98:14",
                "00:1A:79:6A:71:7F"
            ]
        },
        {
            "server_name": "ya.trythisone.cc",
            "server_url": "http://ya.trythisone.cc/c/",
            "macs": [
                "00:1A:79:50:D7:54"
            ]
        },
        {
            "server_name": "buyspamtool.com:8080",
            "server_url": "http://buyspamtool.com:8080/c/",
            "macs": [
                "00:1A:79:C3:2E:7B",
                "00:1A:79:D4:96:C5"
            ]
        },
        {
            "server_name": "marvelhd.eu:8080",
            "server_url": "http://marvelhd.eu:8080/c/",
            "macs": [
                "00:1A:79:56:F3:FC",
                "00:1A:79:4A:1F:DE",
                "00:1A:79:07:EA:B8",
                "00:1A:79:ED:6E:7C",
                "00:1A:79:7C:D5:79"
            ]
        },
        {
            "server_name": "avasys.one:2082",
            "server_url": "http://avasys.one:2082/c/",
            "macs": [
                "00:1A:79:18:2F:E0",
                "00:1A:79:A1:FD:3F",
                "00:1A:79:AD:B2:FA",
                "00:1A:79:94:D2:BC",
                "00:1A:79:69:5A:DF",
                "00:1A:79:A9:6A:B8"
            ]
        },
        {
            "server_name": "mag.marsweb.co",
            "server_url": "http://mag.marsweb.co/c/",
            "macs": [
                "00:1A:79:21:04:0B",
                "00:1A:79:BA:04:09",
                "00:1A:79:0E:9D:C2",
                "00:1A:79:66:05:A1",
                "00:1A:79:CC:43:42",
                "00:1A:79:AE:76:0C",
                "00:1A:79:C1:3D:F3",
                "00:1A:79:E6:61:0F",
                "00:1A:79:C2:40:2E"
            ]
        },
        {
            "server_name": "185.243.7.154",
            "server_url": "http://185.243.7.154/c/",
            "macs": [
                "00:1A:79:54:27:DB",
                "00:1A:79:C1:4E:7E"
            ]
        },
        {
            "server_name": "162.19.37.133:8080",
            "server_url": "http://162.19.37.133:8080/c/",
            "macs": [
                "00:1A:79:CA:EC:73",
                "00:1A:79:FB:0D:36"
            ]
        },
        {
            "server_name": "honeywatch.net:80",
            "server_url": "http://honeywatch.net:80/c/",
            "macs": [
                "00:1A:79:24:14:EA",
                "00:1A:79:B5:9B:A4",
                "00:1A:79:5E:0E:74",
                "00:1A:79:6A:86:44"
            ]
        },
        {
            "server_name": "mediahouse.ddns.me:8000",
            "server_url": "http://mediahouse.ddns.me:8000/c/",
            "macs": [
                "00:1A:79:55:65:9F"
            ]
        },
        {
            "server_name": "ipwebtv.dyndns.tv:8000",
            "server_url": "http://ipwebtv.dyndns.tv:8000/c/",
            "macs": [
                "00:1A:79:a9:21:66"
            ]
        },
        {
            "server_name": "vip2102.112421.net:2050",
            "server_url": "http://vip2102.112421.net:2050/c/",
            "macs": [
                "00:1A:79:5F:6F:46"
            ]
        },
        {
            "server_name": "garaveli.123tv.to:8080",
            "server_url": "http://garaveli.123tv.to:8080/c/",
            "macs": [
                "00:1A:79:C1:9D:30",
                "00:1A:79:E8:63:81",
                "00:1A:79:C2:9A:9D",
                "00:1A:79:38:B9:07",
                "00:1A:79:0C:BD:F4",
                "00:1A:79:50:46:08"
            ]
        },
        {
            "server_name": "elmu-iptv.streamtv.to:8080",
            "server_url": "http://elmu-iptv.streamtv.to:8080/c/",
            "macs": [
                "00:1A:79:26:E4:08",
                "00:1A:79:BF:20:81",
                "00:1A:79:D0:06:A5",
                "00:1A:79:AF:80:2F",
                "00:1A:79:52:37:FA"
            ]
        },
        {
            "server_name": "141.95.16.29:8080",
            "server_url": "http://141.95.16.29:8080/c/",
            "macs": [
                "00:1A:79:AF:78:0D"
            ]
        },
        {
            "server_name": "178.132.1.197:8080",
            "server_url": "http://178.132.1.197:8080/c/",
            "macs": [
                "00:1A:79:57:E0:52"
            ]
        },
        {
            "server_name": "pankajgorasiya.net:80",
            "server_url": "http://pankajgorasiya.net:80/c/",
            "macs": [
                "00:1A:79:C3:B8:20",
                "00:1A:79:E6:67:3D",
                "00:1A:79:8D:BB:02",
                "00:1A:79:B5:B2:B4",
                "00:1A:79:F9:8D:4E",
                "00:1A:79:d8:1B:6F",
                "00:1A:79:6D:BC:BF"
            ]
        },
        {
            "server_name": "pdata.ddns.me:8080",
            "server_url": "http://pdata.ddns.me:8080/c/",
            "macs": [
                "00:1A:79:c6:03:82"
            ]
        },
        {
            "server_name": "cdnb.smartvpluseu.com:8080",
            "server_url": "http://cdnb.smartvpluseu.com:8080/c/",
            "macs": [
                "00:1A:79:53:3C:99",
                "00:1A:79:34:2B:7B",
                "00:1A:79:32:03:A3",
                "00:1A:79:4C:DA:59",
                "00:1A:79:49:1D:95",
                "00:1A:79:A8:41:02",
                "00:1A:79:A8:47:8C",
                "00:1A:79:81:F6:16",
                "00:1A:79:B0:1C:6F",
                "00:1A:79:32:27:BD"
            ]
        },
        {
            "server_name": "alegra.ddnsgeek.com:8080",
            "server_url": "http://alegra.ddnsgeek.com:8080/c/",
            "macs": [
                "00:1A:79:54:E7:1F",
                "00:1A:79:F3:E6:88",
                "00:1A:79:B9:C2:F4",
                "00:1A:79:A2:C0:D7",
                "00:1A:79:54:F7:0C",
                "00:1A:79:44:FB:1E"
            ]
        },
        {
            "server_name": "mediahouse.ddns.me:8000",
            "server_url": "http://mediahouse.ddns.me:8000/c/",
            "macs": [
                "00:1A:79:66:09:7B",
                "00:1A:79:55:65:9F",
                "00:1A:79:4B:85:D0",
                "00:1A:79:3F:50:40",
                "00:1A:79:93:EB:40",
                "00:1A:79:60:08:1D"
            ]
        },
        {
            "server_name": "iptvpanorama.com:2052",
            "server_url": "http://iptvpanorama.com:2052/c/",
            "macs": [
                "00:1A:79:A1:EF:E3",
                "00:1A:79:A1:EF:E3"
            ]
        },
        {
            "server_name": "tv1.darktv.eu:80",
            "server_url": "http://tv1.darktv.eu:80/c/",
            "macs": [
                "00:1A:79:e7:d6:b4",
                "00:1A:79:3c:2f:a0",
                "00:1A:79:5f:c2:a3"
            ]
        },
        {
            "server_name": "technologycloud.eu:80",
            "server_url": "http://technologycloud.eu:80/c/",
            "macs": [
                "00:1A:79:b0:ab:8f",
                "00:1A:79:b8:7b:2c",
                "00:1A:79:57:72:c3"
            ]
        },
        {
            "server_name": "iptvpanorama.com:2052",
            "server_url": "http://iptvpanorama.com:2052/c/",
            "macs": [
                "00:1A:79:A1:EF:E3"
            ]
        }
    ]
}