{
    "items": [
        {
            "server_name": "138.199.51.179:8080",
            "server_url": "http://138.199.51.179:8080/c/",
            "macs": [
                "00:1A:79:41:11:15",
                "00:1A:79:41:13:12",
                "00:1A:79:43:4D:69",
                "00:1A:79:43:4D:D9",
                "00:1A:79:43:4E:CA"
            ]
        },
        {
            "server_name": "mag.trexlive.me:8000",
            "server_url": "http://mag.trexlive.me:8000/c/",
            "macs": [
                "00:1A:79:3D:E8:86",
                "00:1A:79:84:0E:31",
                "00:1A:79:8B:74:F6",
                "00:1A:79:A9:E6:3C",
                "00:1A:79:BE:B3:1A",
                "00:1A:79:BE:EA:4A",
                "00:1A:79:BF:BE:BD",
                "00:1A:79:C3:51:45"
            ]
        },
        {
            "server_name": "line.iptveros.com:8000",
            "server_url": "http://line.iptveros.com:8000/c/",
            "macs": [
                "00:1A:79:00:66:78",
                "00:1A:79:00:9B:7A"
            ]
        },
        {
            "server_name": "nvs1hosting.live:25461",
            "server_url": "http://nvs1hosting.live:25461/c/",
            "macs": [
                "00:1A:79:A4:17:30",
                "00:1A:79:A4:18:C1",
                "00:1A:79:B7:C2:CA",
                "00:1A:79:BC:4B:D2",
                "00:1A:79:BC:62:08",
                "00:1A:79:C6:78:DC",
                "00:1A:79:C6:83:2C",
                "00:1A:79:C6:84:CA",
                "00:1A:79:C7:4B:BB",
                "00:1A:79:C9:98:21",
                "00:1A:79:C9:A6:53",
                "00:1A:79:CD:35:F8",
                "00:1A:79:CD:54:87",
                "00:1A:79:CD:56:83",
                "00:1A:79:CD:C9:B4",
                "00:1A:79:CD:D1:B5",
                "00:1A:79:CE:EC:D9"
            ]
        },
        {
            "server_name": "plustv.ws:80",
            "server_url": "http://plustv.ws:80/c/",
            "macs": [
                "00:1A:79:39:35:D5",
                "00:1A:79:45:35:16",
                "00:1A:79:56:3F:51",
                "00:1A:79:90:31:9A",
                "00:1A:79:92:38:CF",
                "00:1A:79:A5:4F:9A",
                "00:1A:79:B2:2B:C7"
            ]
        },
        {
            "server_name": "rampro.one:80",
            "server_url": "http://rampro.one:80/c/",
            "macs": [
                "00:1A:79:00:00:00",
                "00:1A:79:00:00:02",
                "00:1A:79:00:00:15",
                "00:1A:79:00:00:21",
                "00:1A:79:00:00:33",
                "00:1A:79:00:00:46",
                "00:1A:79:00:00:53",
                "00:1A:79:00:00:69",
                "00:1A:79:00:00:72",
                "00:1A:79:00:00:75",
                "00:1A:79:00:00:79"
            ]
        },
        {
            "server_name": "iptv.jinbox.eu:1339",
            "server_url": "http://iptv.jinbox.eu:1339/c/",
            "macs": [
                "00:1A:79:1D:86:3B",
                "00:1A:79:3D:86:5F",
                "00:1A:79:A9:E8:AA",
                "00:1A:79:AC:C8:D4",
                "00:1A:79:B4:52:2F",
                "00:1A:79:C7:01:9D"
            ]
        },
        {
            "server_name": "185.243.7.151:80",
            "server_url": "http://185.243.7.151:80/c/",
            "macs": [
                "00:1A:79:82:B4:92"
            ]
        },
        {
            "server_name": "bigline.club:8080",
            "server_url": "http://bigline.club:8080/c/",
            "macs": [
                "00:1A:79:BD:09:65"
            ]
        },
        {
            "server_name": "iptv.darktv.nl",
            "server_url": "http://iptv.darktv.nl/c/",
            "macs": [
                "00:1A:79:34:F0:CF"
            ]
        },
        {
            "server_name": "wuhanklan.club",
            "server_url": "http://wuhanklan.club/c/",
            "macs": [
                "00:1A:79:00:00:56",
                "00:1A:79:00:09:88",
                "00:1A:79:00:20:4A",
                "00:1A:79:00:21:18",
                "00:1A:79:00:21:23",
                "00:1A:79:00:25:26",
                "00:1A:79:00:37:A6"
            ]
        },
        {
            "server_name": "optimus-tv.org:8080",
            "server_url": "http://optimus-tv.org:8080/c/",
            "macs": [
                "00:1A:79:00:00:AA",
                "00:1A:79:00:00:AD",
                "00:1A:79:00:08:08",
                "00:1A:79:00:08:09",
                "00:1A:79:00:10:21",
                "00:1A:79:00:47:96",
                "00:1A:79:00:7E:03"
            ]
        },
        {
            "server_name": "zupanet.live:8080",
            "server_url": "http://zupanet.live:8080/c/",
            "macs": [
                "00:1A:79:8B:2C:BE"
            ]
        },
        {
            "server_name": "kocaeli41.xyz:8000",
            "server_url": "http://kocaeli41.xyz:8000/c/",
            "macs": [
                "00:1A:79:CD:13:B3"
            ]
        },
        {
            "server_name": "alex.rocktv.be",
            "server_url": "http://alex.rocktv.be/stalker_portal/c/",
            "macs": [
                "00:1A:79:66:37:41"
            ]
        },
        {
            "server_name": "tvizle.nl:8080",
            "server_url": "http://tvizle.nl:8080/c/",
            "macs": [
                "00:1A:79:01:75:4D",
                "00:1A:79:21:03:32",
                "00:1A:79:50:1E:8F",
                "00:1A:79:5D:AA:F6",
                "00:1A:79:C7:0C:8A",
                "00:1A:79:D6:24:8F"
            ]
        },
        {
            "server_name": "traveliptv.com",
            "server_url": "http://traveliptv.com/c/",
            "macs": [
                "00:1A:79:B9:AB:97"
            ]
        }
    ]
}