{
    "items": [
        {
            "server_name": "webflowmalta.club:8080",
            "server_url": "http://webflowmalta.club:8080/c/",
            "macs": [
                "00:1A:79:5A:F7:E5"
            ]
        },
        {
            "server_name": "iboxs.club",
            "server_url": "http://iboxs.club/c/",
            "macs": [
                "00:1A:79:AE:64:BB"
            ]
        },
        {
            "server_name": "ultra-box.club",
            "server_url": "http://ultra-box.club/c/",
            "macs": [
                "00:1A:79:A9:59:2E",
                "00:1A:79:AE:AF:CA",
                "00:1A:79:B0:71:E9"
            ]
        },
        {
            "server_name": "ch.bosstv.live:8080",
            "server_url": "http://ch.bosstv.live:8080/c/",
            "macs": [
                "00:1A:79:6A:22:AB"
            ]
        },
        {
            "server_name": "laurenlending.pproxy.cc",
            "server_url": "http://laurenlending.pproxy.cc/c/",
            "macs": [
                "00:1A:79:DC:FB:F6"
            ]
        },
        {
            "server_name": "ibrafr.com:8789",
            "server_url": "http://ibrafr.com:8789/c/",
            "macs": [
                "00:1A:79:6B:4D:59"
            ]
        },
        {
            "server_name": "tv.premiumplus.tv",
            "server_url": "http://tv.premiumplus.tv/c/",
            "macs": [
                "00:1A:79:2F:DC:15",
                "00:1A:79:81:65:40",
                "00:1A:79:B7:96:2F",
                "00:1A:79:C3:C0:F7"
            ]
        },
        {
            "server_name": "185.243.7.51",
            "server_url": "http://185.243.7.51/c/",
            "macs": [
                "00:1A:79:5A:89:AE",
                "00:1A:79:C3:C0:F5",
                "00:1A:79:CC:76:4E"
            ]
        },
        {
            "server_name": "pt.chape-shop.com:8080",
            "server_url": "http://pt.chape-shop.com:8080/c/",
            "macs": [
                "00:1A:79:08:ED:38",
                "00:1A:79:7D:8F:92",
                "00:1A:79:87:33:8B",
                "00:1A:79:B8:9E:A0",
                "00:1A:79:CF:65:F5",
                "00:1A:79:EC:BC:50"
            ]
        },
        {
            "server_name": "catirtv.ddns.me:8080",
            "server_url": "http://catirtv.ddns.me:8080/c/",
            "macs": [
                "00:1A:79:73:6D:AA",
                "00:1A:79:D4:80:65"
            ]
        },
        {
            "server_name": "teducpemunte.online:8080",
            "server_url": "http://teducpemunte.online:8080/c/",
            "macs": [
                "00:1A:79:40:F2:53",
                "00:1A:79:57:44:D0",
                "00:1A:79:81:D6:99",
                "00:1A:79:C1:E2:35",
                "00:1A:79:D4:57:15"
            ]
        },
        {
            "server_name": "hdmiclub.online:8080",
            "server_url": "http://hdmiclub.online:8080/c/",
            "macs": [
                "00:1A:79:2B:57:0B",
                "00:1A:79:50:23:45",
                "00:1A:79:AD:6B:10",
                "00:1A:79:C1:AA:F1",
                "00:1A:79:C5:39:1D",
                "00:1A:79:CA:FE:6F"
            ]
        },
        {
            "server_name": "main.light-ott.net",
            "server_url": "http://main.light-ott.net/c/",
            "macs": [
                "00:1A:79:1D:0B:C2",
                "00:1A:79:3A:93:FD",
                "00:1A:79:A2:08:6C",
                "00:1A:79:BA:31:B1",
                "00:1A:79:C6:F4:B6",
                "00:1A:79:D6:00:2D"
            ]
        },
        {
            "server_name": "red.onlvip.com:80",
            "server_url": "http://red.onlvip.com:80/c/",
            "macs": [
                "00:1A:79:44:CA:E1",
                "00:1A:79:49:13:4D",
                "00:1A:79:4C:24:79",
                "00:1A:79:5D:91:F5",
                "00:1A:79:6D:67:03",
                "00:1A:79:85:F8:7C",
                "00:1A:79:B0:DF:45",
                "00:1A:79:C7:0F:67"
            ]
        },
        {
            "server_name": "23232.top:80",
            "server_url": "http://23232.top:80/c/",
            "macs": [
                "00:1A:79:03:B0:7D",
                "00:1A:79:1E:08:8A",
                "00:1A:79:1E:0F:08",
                "00:1A:79:55:10:ED",
                "00:1A:79:75:86:B3",
                "00:1A:79:A0:04:63",
                "00:1A:79:AA:17:14"
            ]
        },
        {
            "server_name": "cf.lesy.me:80",
            "server_url": "http://cf.lesy.me:80/c/",
            "macs": [
                "00:1A:79:4D:B7:3B",
                "00:1A:79:AA:C6:D7"
            ]
        },
        {
            "server_name": "z6.watchme.ie",
            "server_url": "http://z6.watchme.ie/stalker_portal/c/",
            "macs": [
                "00:1A:79:29:D7:29"
            ]
        },
        {
            "server_name": "plugin.dovizip.com:80",
            "server_url": "http://plugin.dovizip.com:80/c/",
            "macs": [
                "00:1A:79:EF:13:A7"
            ]
        },
        {
            "server_name": "kijiji30151.cdngold.me",
            "server_url": "http://kijiji30151.cdngold.me/c/",
            "macs": [
                "00:1A:79:00:59:E5"
            ]
        },
        {
            "server_name": "4cms.cc:80",
            "server_url": "http://4cms.cc:80/c/",
            "macs": [
                "00:1A:79:4A:7B:C1"
            ]
        },
        {
            "server_name": "k7uit0otb.ddnsking.com:80",
            "server_url": "http://k7uit0otb.ddnsking.com:80/c/",
            "macs": [
                "00:1A:79:1C:10:9B",
                "00:1A:79:24:35:CF",
                "00:1A:79:55:57:F2",
                "00:1A:79:5A:E4:0F",
                "00:1A:79:7B:F7:13",
                "00:1A:79:8E:AA:C5",
                "00:1A:79:AD:52:54",
                "00:1A:79:B0:56:AE",
                "00:1A:79:B0:B3:7A"
            ]
        },
        {
            "server_name": "5.255.105.5",
            "server_url": "http://5.255.105.5/stalker_portal/c/",
            "macs": [
                "00:1A:79:21:A7:24",
                "00:1A:79:3E:96:14",
                "00:1A:79:E3:BA:86"
            ]
        },
        {
            "server_name": "jiotv.be",
            "server_url": "http://jiotv.be/stalker_portal/c/",
            "macs": [
                "00:1A:79:00:99:00",
                "00:1A:79:1F:FE:41"
            ]
        },
        {
            "server_name": "sygri.ytsmlve.com:2082",
            "server_url": "http://sygri.ytsmlve.com:2082/c/",
            "macs": [
                "00:1A:79:5B:3B:57"
            ]
        },
        {
            "server_name": "digitalga.live:8080",
            "server_url": "http://digitalga.live:8080/c/",
            "macs": [
                "00:1A:79:78:ED:C1"
            ]
        },
        {
            "server_name": "tiger88.live:8080",
            "server_url": "http://tiger88.live:8080/c/",
            "macs": [
                "00:1A:79:41:E1:D6",
                "00:1A:79:DF:0A:33"
            ]
        },
        {
            "server_name": "ph-info.xyz",
            "server_url": "http://ph-info.xyz/c/",
            "macs": [
                "00:1A:79:64:37:33",
                "00:1A:79:9C:32:38"
            ]
        },
        {
            "server_name": "tv1.darktv.eu",
            "server_url": "http://tv1.darktv.eu/c/",
            "macs": [
                "00:1A:79:38:2A:E3",
                "00:1A:79:46:65:9B",
                "00:1A:79:4C:80:6A",
                "00:1A:79:91:D4:AD",
                "00:1A:79:D7:0F:BD",
                "00:1A:79:E5:16:F2",
                "00:1A:79:F1:E4:1E"
            ]
        }
    ]
}