{
    "items": [
        {
            "server_name": "mutant.arrox.top:80",
            "server_url": "http://mutant.arrox.top:80/c/",
            "macs": [
                "00:1A:79:00:16:CB",
                "00:1A:79:51:DA:53",
                "00:1A:79:A4:E6:D4"
            ]
        },
        {
            "server_name": "10431-plan.ott-cdn.me",
            "server_url": "http://10431-plan.ott-cdn.me/c/",
            "macs": [
                "00:1A:79:B5:B3:73"
            ]
        },
        {
            "server_name": "cmjl.online:8080",
            "server_url": "http://cmjl.online:8080/c/",
            "macs": [
                "00:1A:79:64:BB:DF"
            ]
        },
        {
            "server_name": "ns31617126.ip-162-19-37.eu:8080",
            "server_url": "http://ns31617126.ip-162-19-37.eu:8080/c/",
            "macs": [
                "00:1A:79:B2:64:61",
                "00:1A:79:C7:D2:B5"
            ]
        },
        {
            "server_name": "23232.top",
            "server_url": "http://23232.top/c/",
            "macs": [
                "00:1A:79:C1:35:CA"
            ]
        },
        {
            "server_name": "zepequeno.xyz:8080",
            "server_url": "http://zepequeno.xyz:8080/c/",
            "macs": [
                "00:1A:79:86:81:E7"
            ]
        },
        {
            "server_name": "77.74.193.158:88",
            "server_url": "http://77.74.193.158:88/stalker_portal/c/",
            "macs": [
                "00:1A:79:55:6D:D3",
                "00:1A:79:6B:90:AF"
            ]
        },
        {
            "server_name": "cbrlig.com:8080",
            "server_url": "http://cbrlig.com:8080/c/",
            "macs": [
                "00:1A:79:BB:3E:BC",
                "00:1A:79:FA:5F:9F"
            ]
        },
        {
            "server_name": "tvkijken.xyz:8080",
            "server_url": "http://tvkijken.xyz:8080/c/",
            "macs": [
                "00:1A:79:5D:AB:09"
            ]
        },
        {
            "server_name": "invale.party",
            "server_url": "http://invale.party/c/",
            "macs": [
                "00:1A:79:53:2A:57",
                "00:1A:79:AD:27:7B",
                "00:1A:79:CD:10:01"
            ]
        },
        {
            "server_name": "51.91.57.198",
            "server_url": "http://51.91.57.198/stalker_portal/c/",
            "macs": [
                "00:1A:79:34:F5:8E"
            ]
        },
        {
            "server_name": "hellas.sltv.pw:8080",
            "server_url": "http://hellas.sltv.pw:8080/c/",
            "macs": [
                "00:1A:79:0D:07:7F",
                "00:1A:79:BA:4B:E9",
                "00:1A:79:BA:B0:7B"
            ]
        },
        {
            "server_name": "roxs.xyz",
            "server_url": "http://roxs.xyz/c/",
            "macs": [
                "00:1A:79:2B:9F:94"
            ]
        }
    ]
}