{
    "items": [
        {
            "server_name": "familytv.top",
            "server_url": "http://familytv.top/c/",
            "macs": [
                "00:1A:79:00:00:01",
                "00:1A:79:00:00:21"
            ]
        },
        {
            "server_name": "familytv.top:80",
            "server_url": "http://familytv.top:80/c/",
            "macs": [
                "00:1A:79:00:00:02",
                "00:1A:79:00:00:0A",
                "00:1A:79:00:00:65",
                "00:1A:79:00:00:75"
            ]
        },
        {
            "server_name": "2.58.193.242:8000",
            "server_url": "http://2.58.193.242:8000/c/",
            "macs": [
                "00:1A:79:4B:59:3E",
                "00:1A:79:4B:5A:89",
                "00:1A:79:55:07:55",
                "00:1A:79:56:22:BB",
                "00:1A:79:6D:F1:21"
            ]
        }
    ]
}