{
    "items": [
        {
            "server_name": "giptv94.lol:8789",
            "server_url": "http://giptv94.lol:8789/c/",
            "macs": [
                "00:1A:79:00:00:01",
                "00:1A:79:00:00:02",
                "00:1A:79:00:00:09",
                "00:1A:79:00:10:A6",
                "00:1A:79:00:20:24",
                "00:1A:79:64:9F:68"
            ]
        },
        {
            "server_name": "mysp03.wanicelife.com:8880",
            "server_url": "http://mysp03.wanicelife.com:8880/c/",
            "macs": [
                "00:1a:79:70:c5:56"
            ]
        },
        {
            "server_name": "mypaste.fun.gentv.to:8080",
            "server_url": "http://mypaste.fun.gentv.to:8080/c/",
            "macs": [
                "00:1a:79:ab:e5:d3",
                "00:1a:79:bd:46:3d",
                "00:1a:79:b3:a3:70",
                "00:1a:79:ac:d6:10"
            ]
        },
        {
            "server_name": "keycdn.co:80",
            "server_url": "http://keycdn.co:80/c/",
            "macs": [
                "00:1A:79:48:A2:D4",
                "00:1A:79:72:F4:AA"
            ]
        },
        {
            "server_name": "iptv.darkbox.nu:80",
            "server_url": "http://iptv.darkbox.nu:80/c/",
            "macs": [
                "00:1A:79:05:0F:12",
                "00:1A:79:A7:69:7E",
                "00:1A:79:03:0C:D5"
            ]
        },
        {
            "server_name": "www.funmitra.com:8080",
            "server_url": "http://www.funmitra.com:8080/c/",
            "macs": [
                "00:1a:79:b0:c4:da",
                "00:1a:79:b9:09:1b",
                "00:1a:79:b6:dd:fc",
                "00:1a:79:a3:9c:e5"
            ]
        }
    ]
}