{
    "items": [
        {
            "server_name": "62419-don.ott-cdn.me:80",
            "server_url": "http://62419-don.ott-cdn.me:80/c/",
            "macs": [
                "00:1A:79:00:00:07",
                "00:1A:79:00:00:0D",
                "00:1A:79:00:00:11",
                "00:1A:79:00:00:22",
                "00:1A:79:00:00:4D",
                "00:1A:79:00:00:52",
                "00:1A:79:00:00:78",
                "00:1A:79:00:00:97",
                "00:1A:79:00:00:98",
                "00:1A:79:00:01:23",
                "00:1A:79:00:01:5F",
                "00:1A:79:00:01:A2",
                "00:1A:79:00:05:E6",
                "00:1A:79:00:06:3C",
                "00:1A:79:00:06:5C",
                "00:1A:79:00:0B:0F",
                "00:1A:79:00:18:40",
                "00:1A:79:00:1A:20",
                "00:1A:79:00:1D:04",
                "00:1A:79:00:22:13"
            ]
        },
        {
            "server_name": "marvelhd.eu:8080",
            "server_url": "http://marvelhd.eu:8080/c/",
            "macs": [
                "00:1A:79:3A:C5:D9",
                "00:1A:79:3E:D0:69",
                "00:1A:79:40:43:DF",
                "00:1A:79:48:B2:EF",
                "00:1A:79:52:C3:F5",
                "00:1A:79:7F:24:41",
                "00:1A:79:B9:50:A0",
                "00:1A:79:C3:4A:D6"
            ]
        },
        {
            "server_name": "pal.alphatx.me:80",
            "server_url": "http://pal.alphatx.me:80/c/",
            "macs": [
                "00:1A:79:00:08:24",
                "00:1A:79:00:AA:0E",
                "00:1A:79:02:02:FC",
                "00:1A:79:0B:BE:60",
                "00:1A:79:0F:B7:9D",
                "00:1A:79:19:3F:DB",
                "00:1A:79:37:1A:57",
                "00:1A:79:47:32:6C",
                "00:1A:79:57:F4:90",
                "00:1A:79:58:23:7C",
                "00:1A:79:8A:91:01",
                "00:1A:79:9E:25:68",
                "00:1A:79:A1:A4:8D",
                "00:1A:79:A6:5B:93",
                "00:1A:79:AE:FF:CB",
                "00:1A:79:C1:6F:48",
                "00:1A:79:D6:E3:3B"
            ]
        },
        {
            "server_name": "b1g.ooo",
            "server_url": "http://b1g.ooo/c/",
            "macs": [
                "00:1A:79:3F:95:62"
            ]
        },
        {
            "server_name": "tp.nxdns4.com:8080",
            "server_url": "http://tp.nxdns4.com:8080/c/",
            "macs": [
                "00:1A:79:AB:BF:6A"
            ]
        },
        {
            "server_name": "77.222.55.117",
            "server_url": "http://77.222.55.117/stalker_portal/c/",
            "macs": [
                "00:1A:79:49:73:3E"
            ]
        }
    ]
}