{
    "items": [
        {
            "server_name": "178.132.1.197:8080",
            "server_url": "http://178.132.1.197:8080/c/",
            "macs": [
                "00:1A:79:CB:A4:84",
                "00:1A:79:56:8B:91",
                "00:1A:79:AD:AD:AB"
            ]
        },
        {
            "server_name": "vip2102.112421.net:2050",
            "server_url": "http://vip2102.112421.net:2050/c/",
            "macs": [
                "00:1A:79:54:9F:CC",
                "00:1A:79:70:9F:C5",
                "00:1A:79:1A:6F:46",
                "00:1A:79:90:9F:03",
                "00:1A:79:5F:0F:DC",
                "00:1A:79:63:E3:AA",
                "00:1A:79:52:9C:B9",
                "00:1A:79:9A:8F:AE",
                "00:1A:79:B4:E9:8F",
                "00:1A:79:37:82:36",
                "00:1A:79:D0:58:D0",
                "00:1A:79:D3:6F:BC",
                "00:1A:79:19:72:D3",
                "00:1A:79:87:0F:80",
                "00:1A:79:93:1F:66"
            ]
        },
        {
            "server_name": "marvelhd.eu:8080",
            "server_url": "http://marvelhd.eu:8080/c/",
            "macs": [
                "00:1A:79:5A:0F:3B"
            ]
        },
        {
            "server_name": "promaxhd.com:8080",
            "server_url": "http://promaxhd.com:8080/c/",
            "macs": [
                "00:1a:79:b6:57:6b"
            ]
        },
        {
            "server_name": "kocaeli41.xyz:8000",
            "server_url": "http://kocaeli41.xyz:8000/c/",
            "macs": [
                "00:1a:79:6b:bb:ee"
            ]
        },
        {
            "server_name": "besttv.club:8080",
            "server_url": "http://besttv.club:8080/c/",
            "macs": [
                "00:1a:79:02:83:ea"
            ]
        },
        {
            "server_name": "hd-max.org:8080",
            "server_url": "http://hd-max.org:8080/c/",
            "macs": [
                "00:1a:79:c8:07:f1"
            ]
        },
        {
            "server_name": "ss.2665.ninja:8080",
            "server_url": "http://ss.2665.ninja:8080/c/",
            "macs": [
                "00:1a:79:60:90:14"
            ]
        },
        {
            "server_name": "fhdtv.club:8080",
            "server_url": "http://fhdtv.club:8080/c/",
            "macs": [
                "00:1a:79:8b:2c:be"
            ]
        },
        {
            "server_name": "glavonja.work:5115",
            "server_url": "http://glavonja.work:5115/c/",
            "macs": [
                "00:1A:79:C7:F2:53",
                "00:1A:79:B7:50:81"
            ]
        },
        {
            "server_name": "ip.xtremetv.eu:8000",
            "server_url": "http://ip.xtremetv.eu:8000/c/",
            "macs": [
                "00:1A:79:90:0D:DB",
                "00:1A:79:46:6E:42"
            ]
        },
        {
            "server_name": "iup-tv.com:8080",
            "server_url": "http://iup-tv.com:8080/c/",
            "macs": [
                "00:1A:79:C8:33:03",
                "00:1A:79:B1:F3:D1",
                "00:1A:79:4C:16:1F",
                "00:1A:79:A3:6B:6C"
            ]
        },
        {
            "server_name": "rufus.zone",
            "server_url": "http://rufus.zone/stalker_portal/c/",
            "macs": [
                "00:1A:79:61:4C:B5",
                "00:1A:79:D6:E2:1D"
            ]
        },
        {
            "server_name": "178.132.1.197:8080",
            "server_url": "http://178.132.1.197:8080/c/",
            "macs": [
                "00:1A:79:CB:A4:84",
                "00:1A:79:64:B4:A4",
                "00:1A:79:80:08:C0",
                "00:1A:79:41:F2:08",
                "00:1A:79:57:E0:B9",
                "00:1A:79:18:00:5A",
                "00:1A:79:56:8B:91",
                "00:1A:79:AD:AD:AB"
            ]
        },
        {
            "server_name": "tkosportz.live:25461",
            "server_url": "http://tkosportz.live:25461/c/",
            "macs": [
                "00:1A:79:E5:E5:6E"
            ]
        },
        {
            "server_name": "un1.anonymoustv.club:80",
            "server_url": "http://un1.anonymoustv.club:80/c/",
            "macs": [
                "00:1A:79:57:3A:59",
                "00:1A:79:06:09:39",
                "00:1A:79:00:00:00"
            ]
        },
        {
            "server_name": "185.235.165.30:80",
            "server_url": "http://185.235.165.30:80/c/",
            "macs": [
                "00:1A:79:3D:BC:C9",
                "00:1A:79:C0:20:9E"
            ]
        },
        {
            "server_name": "tv.tvzon.tv",
            "server_url": "http://tv.tvzon.tv/stalker_portal/c/",
            "macs": [
                "00:1a:79:62:1f:a9"
            ]
        },
        {
            "server_name": "starshare.live:8080",
            "server_url": "http://starshare.live:8080/c/",
            "macs": [
                "00:1A:79:AF:A4:CA",
                "00:1A:79:8D:BF:A7",
                "00:1A:79:B5:18:26",
                "00:1A:79:70:78:F3",
                "00:1A:79:C8:53:2A",
                "00:1A:79:58:77:2F",
                "00:1A:79:7E:D6:C8"
            ]
        },
        {
            "server_name": "tv1.darktv.eu",
            "server_url": "http://tv1.darktv.eu/c/",
            "macs": [
                "00:1A:79:DE:69:75",
                "00:1A:79:BE:9A:8A",
                "00:1A:79:1E:37:C8",
                "00:1A:79:A1:77:65",
                "00:1A:79:1D:F5:7B",
                "00:1A:79:5B:55:69",
                "00:1A:79:40:7D:90",
                "00:1A:79:C2:1F:E4",
                "00:1A:79:C6:B0:A4",
                "00:1A:79:59:AE:C6",
                "00:1A:79:73:C2:FE",
                "00:1A:79:2C:C7:57",
                "00:1A:79:73:1F:3D",
                "00:1A:79:DE:9F:F4",
                "00:1A:79:B4:EB:68",
                "00:1A:79:34:0E:38"
            ]
        },
        {
            "server_name": "mtiede.one:8080",
            "server_url": "http://mtiede.one:8080/c/",
            "macs": [
                "00:1A:79:7D:CF:40",
                "00:1A:79:6C:2F:74",
                "00:1A:79:81:02:64",
                "00:1A:79:7B:B9:4A",
                "00:1A:79:57:92:02",
                "00:1A:79:B9:80:BE",
                "00:1A:79:BF:BA:E1",
                "00:1A:79:59:23:C2",
                "00:1A:79:BC:45:8F",
                "00:1A:79:CD:9D:09",
                "00:1A:79:EC:B8:FB",
                "00:1A:79:38:03:23",
                "00:1A:79:EE:F2:0E",
                "00:1A:79:78:7E:84",
                "00:1A:79:45:74:7C",
                "00:1A:79:61:AC:1A",
                "00:1A:79:D0:1D:A9"
            ]
        },
        {
            "server_name": "new.ivue.co:25461",
            "server_url": "http://new.ivue.co:25461/c/",
            "macs": [
                "00:1A:79:36:B5:FB",
                "00:1A:79:AA:EA:F2",
                "00:1A:79:64:14:5A",
                "00:1a:79:1c:5d:9e"
            ]
        },
        {
            "server_name": "rufus.zone",
            "server_url": "http://rufus.zone/stalker_portal/c/",
            "macs": [
                "00:1A:79:C1:37:22",
                "00:1A:79:CD:57:2C",
                "00:1A:79:2F:2F:13",
                "00:1A:79:B5:5E:66",
                "00:1A:79:C5:2A:38"
            ]
        },
        {
            "server_name": "185.235.165.30",
            "server_url": "http://185.235.165.30/c/",
            "macs": [
                "00:1A:79:66:66:36"
            ]
        },
        {
            "server_name": "world.marvelhd.eu:8000",
            "server_url": "http://world.marvelhd.eu:8000/c/",
            "macs": [
                "00:1A:79:D0:E9:CF",
                "00:1A:79:20:4F:D1",
                "00:1A:79:3B:0A:E9",
                "00:1A:79:CE:05:9C",
                "00:1A:79:FB:2E:94",
                "00:1A:79:E0:7F:A0",
                "00:1A:79:2D:F4:27",
                "00:1A:79:BD:BD:BF",
                "00:1A:79:D1:61:54",
                "00:1A:79:D0:EA:D7",
                "00:1A:79:CC:25:B8",
                "00:1A:79:54:60:0F",
                "00:1A:79:41:77:CE",
                "00:1A:79:5D:05:DE",
                "00:1A:79:99:98:D3",
                "00:1A:79:57:98:C1"
            ]
        },
        {
            "server_name": "sonymax.org:8080",
            "server_url": "http://sonymax.org:8080/c/",
            "macs": [
                "00:1A:79:6A:78:D7",
                "00:1A:79:8F:AC:05",
                "00:1A:79:CE:32:CB",
                "00:1A:79:3B:42:BF",
                "00:1A:79:D0:E9:CF",
                "00:1A:79:FC:49:EF",
                "00:1A:79:FB:1A:FE",
                "00:1A:79:7C:10:E8",
                "00:1A:79:15:8E:B3",
                "00:1A:79:49:7B:0B",
                "00:1A:79:AB:5E:0E",
                "00:1A:79:5C:75:EE",
                "00:1A:79:52:B1:E1",
                "00:1A:79:50:D3:2A",
                "00:1A:79:AF:63:9F",
                "00:1A:79:BB:8B:8B",
                "00:1A:79:66:CD:EE",
                "00:1A:79:76:7E:54"
            ]
        },
        {
            "server_name": "skipcf.cwdn.cx",
            "server_url": "http://skipcf.cwdn.cx/c/",
            "macs": [
                "00:1A:79:0E:0E:52",
                "00:1A:79:B8:74:BC",
                "00:1A:79:C6:98:4F",
                "00:1A:79:FB:39:E0",
                "00:1A:79:CA:81:5B",
                "00:1A:79:23:42:20",
                "00:1A:79:E6:5F:7D"
            ]
        },
        {
            "server_name": "chesapevo.piffero.tf:2052",
            "server_url": "http://chesapevo.piffero.tf:2052/c/",
            "macs": [
                "00:1A:79:18:D4:5F"
            ]
        },
        {
            "server_name": "llllllllliiiiiiiiiiiiii.funtogether.xyz:8080",
            "server_url": "http://llllllllliiiiiiiiiiiiii.funtogether.xyz:8080/c/",
            "macs": [
                "00:1A:79:7E:1D:7A"
            ]
        },
        {
            "server_name": "fucfu87fuck-ye.11121367.xyz:8080",
            "server_url": "http://fucfu87fuck-ye.11121367.xyz:8080/c/",
            "macs": [
                "00:1a:79:6f:35:98"
            ]
        },
        {
            "server_name": "line.klasstv.eu",
            "server_url": "http://line.klasstv.eu/c/",
            "macs": [
                "00:1A:79:52:F0:6F"
            ]
        },
        {
            "server_name": "5.206.224.204",
            "server_url": "http://5.206.224.204/c/",
            "macs": [
                "00:1A:79:7B:70:60"
            ]
        },
        {
            "server_name": "st1.ipweb.site",
            "server_url": "http://st1.ipweb.site/stalker_portal/c/",
            "macs": [
                "00:1A:79:74:42:D5",
                "00:1A:79:5C:CE:DD",
                "00:1A:79:5F:F3:BF",
                "00:1A:79:35:A3:71",
                "00:1A:79:35:9E:26",
                "00:1A:79:7D:D7:E8",
                "00:1A:79:72:20:17",
                "00:1A:79:18:64:71",
                "00:1A:79:35:A0:F0",
                "00:1A:79:58:6F:EE",
                "00:1A:79:66:D2:9B",
                "00:1A:79:7E:1C:C3"
            ]
        },
        {
            "server_name": "ipwebtv.dyndns.tv:8000",
            "server_url": "http://ipwebtv.dyndns.tv:8000/c/",
            "macs": [
                "00:1A:79:98:01:a1",
                "00:1A:79:42:84:39",
                "00:1A:79:1d:2c:39"
            ]
        },
        {
            "server_name": "private3.clientline.club",
            "server_url": "http://private3.clientline.club/c/",
            "macs": [
                "00:1A:79:8E:A6:A0",
                "00:1A:79:5D:6B:8D",
                "00:1A:79:F2:EF:6D",
                "00:1A:79:B2:66:10",
                "00:1A:79:6E:C1:1F",
                "00:1A:79:74:80:8F",
                "00:1A:79:71:AB:DF",
                "00:1A:79:C0:22:2E",
                "00:1A:79:A8:3A:15",
                "00:1A:79:5F:D6:77",
                "00:1A:79:7C:56:38",
                "00:1A:79:7C:9E:7F",
                "00:1A:79:48:60:05",
                "00:1A:79:6F:BB:CD",
                "00:1A:79:66:86:0C",
                "00:1A:79:73:BE:4E",
                "00:1A:79:BB:70:AC"
            ]
        },
        {
            "server_name": "4k.spicetv.cc",
            "server_url": "http://4k.spicetv.cc/stalker_portal/c/",
            "macs": [
                "00:1A:79:B3:E3:AC",
                "00:1A:79:E6:75:F5"
            ]
        },
        {
            "server_name": "z.zkat.me",
            "server_url": "http://z.zkat.me/stalker_portal/c/",
            "macs": [
                "00:1A:79:40:B8:80"
            ]
        },
        {
            "server_name": "glavonja.work:5115",
            "server_url": "http://glavonja.work:5115/c/",
            "macs": [
                "00:1A:79:C7:F2:53",
                "00:1A:79:B7:50:81",
                "00:1A:79:49:19:59",
                "00:1A:79:73:AC:B4",
                "00:1A:79:71:40:54",
                "00:1A:79:54:E3:AE",
                "00:1A:79:B9:2C:FD",
                "00:1A:79:8F:59:75",
                "00:1A:79:49:19:60",
                "00:1A:79:B8:47:47"
            ]
        }
    ]
}