{
    "items": [
        {
            "server_name": "sippaket.xyz:8080",
            "server_url": "http://sippaket.xyz:8080/c/",
            "macs": [
                "00:1A:79:03:0F:92"
            ]
        },
        {
            "server_name": "mag.premiumplus.tv:80",
            "server_url": "http://mag.premiumplus.tv:80/c/",
            "macs": [
                "00:1A:79:C7:7E:10"
            ]
        },
        {
            "server_name": "bariporto.xyz:8080",
            "server_url": "http://bariporto.xyz:8080/c/",
            "macs": [
                "00:1A:79:30:0D:2C",
                "00:1A:79:31:39:63",
                "00:1A:79:32:40:2D"
            ]
        },
        {
            "server_name": "tkosportz.live:25461",
            "server_url": "http://tkosportz.live:25461/c/",
            "macs": [
                "00:1A:79:2D:DF:E2",
                "00:1A:79:73:75:04",
                "00:1A:79:E5:E8:85",
                "00:1A:79:E6:04:E6",
                "00:1A:79:E6:06:31",
                "00:1A:79:E6:44:A7",
                "00:1A:79:E6:46:76",
                "00:1A:79:E6:50:AB",
                "00:1A:79:E6:50:EC",
                "00:1A:79:E6:53:11",
                "00:1A:79:E6:CC:8F",
                "00:1A:79:E6:CE:53",
                "00:1A:79:E6:DE:70",
                "00:1A:79:E7:0B:03",
                "00:1A:79:E7:AD:BC"
            ]
        },
        {
            "server_name": "95.216.41.50:8080",
            "server_url": "http://95.216.41.50:8080/c/",
            "macs": [
                "00:1A:79:4B:67:87"
            ]
        },
        {
            "server_name": "mtiede.one:8080",
            "server_url": "http://mtiede.one:8080/c/",
            "macs": [
                "00:1A:79:03:B9:04"
            ]
        },
        {
            "server_name": "ispy1.click:8080",
            "server_url": "http://ispy1.click:8080/c/",
            "macs": [
                "00:1A:79:26:02:CD"
            ]
        },
        {
            "server_name": "eclipsepro.co.uk:8080",
            "server_url": "http://eclipsepro.co.uk:8080/c/",
            "macs": [
                "00:1A:79:79:86:CC",
                "00:1A:79:B8:6D:06"
            ]
        },
        {
            "server_name": "roxs.xyz",
            "server_url": "http://roxs.xyz/c/",
            "macs": [
                "00:1A:79:44:1D:CF"
            ]
        },
        {
            "server_name": "162.19.37.133:8080",
            "server_url": "http://162.19.37.133:8080/c/",
            "macs": [
                "00:1A:79:43:B0:E2",
                "00:1A:79:B0:BA:C7",
                "00:1A:79:B3:6B:DA",
                "00:1A:79:B6:67:BD",
                "00:1A:79:BA:72:3A",
                "00:1A:79:BD:9C:86",
                "00:1A:79:C5:40:F2"
            ]
        },
        {
            "server_name": "zorrohunter.com",
            "server_url": "http://zorrohunter.com/c/",
            "macs": [
                "00:1A:79:93:E2:33",
                "00:1A:79:A3:6B:D2",
                "00:1A:79:FD:BD:48"
            ]
        },
        {
            "server_name": "gtvstreams.me",
            "server_url": "http://gtvstreams.me/c/",
            "macs": [
                "00:1A:79:22:13:F6",
                "00:1A:79:A1:88:94",
                "00:1A:79:A1:CF:35"
            ]
        },
        {
            "server_name": "51.91.57.198",
            "server_url": "http://51.91.57.198/stalker_portal/c/",
            "macs": [
                "00:1A:79:4A:3F:09",
                "00:1A:79:54:74:E4",
                "00:1A:79:BF:7A:1E",
                "00:1A:79:F8:BE:C8"
            ]
        },
        {
            "server_name": "asdktm.nenetwork.xyz:8080",
            "server_url": "http://asdktm.nenetwork.xyz:8080/c/",
            "macs": [
                "00:1A:79:35:92:52",
                "00:1A:79:35:96:0B",
                "00:1A:79:3A:9C:AA",
                "00:1A:79:AE:02:48",
                "00:1A:79:AF:56:5B",
                "00:1A:79:BB:38:E3"
            ]
        },
        {
            "server_name": "streamcode.one:2082",
            "server_url": "http://streamcode.one:2082/c/",
            "macs": [
                "00:1A:79:65:D8:CC"
            ]
        },
        {
            "server_name": "rufus.zone",
            "server_url": "http://rufus.zone/stalker_portal/c/",
            "macs": [
                "00:1A:79:89:37:99"
            ]
        },
        {
            "server_name": "fastopen.live:8080",
            "server_url": "http://fastopen.live:8080/c/",
            "macs": [
                "00:1A:79:6F:4F:26"
            ]
        },
        {
            "server_name": "145.239.253.183",
            "server_url": "http://145.239.253.183/stalker_portal/c/",
            "macs": [
                "00:1A:79:4B:F8:80",
                "00:1A:79:5D:65:D5",
                "00:1A:79:7F:23:06"
            ]
        },
        {
            "server_name": "world.marvelhd.eu:8000",
            "server_url": "http://world.marvelhd.eu:8000/c/",
            "macs": [
                "00:1A:79:68:1F:B3",
                "00:1A:79:7D:D7:9A"
            ]
        },
        {
            "server_name": "p1.uiop.tv",
            "server_url": "http://p1.uiop.tv/stalker_portal/c/",
            "macs": [
                "00:1A:79:36:63:9E",
                "00:1A:79:40:4A:06",
                "00:1A:79:43:F1:0B",
                "00:1A:79:5B:BB:13"
            ]
        },
        {
            "server_name": "jiotv.be",
            "server_url": "http://jiotv.be/stalker_portal/c/",
            "macs": [
                "00:1A:79:E5:AE:B6"
            ]
        },
        {
            "server_name": "portal.entertainmentxl.com:8080",
            "server_url": "http://portal.entertainmentxl.com:8080/c/",
            "macs": [
                "00:1A:79:D2:2A:4B"
            ]
        },
        {
            "server_name": "marvelhd.eu:8080",
            "server_url": "http://marvelhd.eu:8080/c/",
            "macs": [
                "00:1A:79:67:7D:44"
            ]
        }
    ]
}