{
    "items": [
        {
            "server_name": "195.62.32.53:8080",
            "server_url": "http://195.62.32.53:8080/c/",
            "macs": [
                "00:1A:79:AF:F9:15"
            ]
        },
        {
            "server_name": "apk.androidtrex.com:80",
            "server_url": "http://apk.androidtrex.com:80/c/",
            "macs": [
                "00:1A:79:52:33:09",
                "00:1A:79:78:DD:67"
            ]
        },
        {
            "server_name": "exprestv.win:80",
            "server_url": "http://exprestv.win:80/c/",
            "macs": [
                "00:1A:79:BE:0E:37"
            ]
        },
        {
            "server_name": "uhd3.one",
            "server_url": "http://uhd3.one/c/",
            "macs": [
                "00:1A:79:C3:B7:EC",
                "00:1A:79:A5:14:AC"
            ]
        },
        {
            "server_name": "178.132.1.197:8080",
            "server_url": "http://178.132.1.197:8080/c/",
            "macs": [
                "00:1A:79:AB:90:40",
                "00:1A:79:7E:1D:7A",
                "00:1A:79:67:FF:D9",
                "00:1A:79:E8:63:81",
                "00:1A:79:76:32:29",
                "00:1A:79:B1:F1:15",
                "00:1A:79:C3:AC:3F"
            ]
        },
        {
            "server_name": "188.241.218.199",
            "server_url": "http://188.241.218.199/c/",
            "macs": [
                "00:1A:79:1C:FE:8B"
            ]
        },
        {
            "server_name": "safetv.vip:8080",
            "server_url": "http://safetv.vip:8080/c/",
            "macs": [
                "00:1A:79:AE:B0:40",
                "00:1A:79:44:F9:E4",
                "00:1A:79:41:BD:5C",
                "00:1A:79:AB:5B:4B"
            ]
        },
        {
            "server_name": "safetv.vip:8080",
            "server_url": "http://safetv.vip:8080/c/",
            "macs": [
                "00:1A:79:BC:36:09",
                "00:1A:79:06:C8:79",
                "00:1A:79:AE:B0:40",
                "00:1A:79:4d:f6:f4",
                "00:1A:79:45:0F:50",
                "00:1A:79:44:F9:E4",
                "00:1a:79:37:15:2a",
                "00:1A:79:41:BD:5C",
                "00:1A:79:AB:5B:4B",
                "00:1a:79:1c:3f:6a",
                "00:1A:79:A6:7B:66",
                "00:1A:79:D6:F2:FC",
                "00:1A:79:58:14:35"
            ]
        },
        {
            "server_name": "albaniaserver.com:80",
            "server_url": "http://albaniaserver.com:80/c/",
            "macs": [
                "00:1A:79:5E:45:FB",
                "00:1A:79:00:1C:5B",
                "00:1A:79:01:B6:C5",
                "00:1A:79:7B:4D:4B",
                "00:1A:79:3B:BC:50",
                "00:1A:79:40:1F:D9"
            ]
        },
        {
            "server_name": "cod123.biz",
            "server_url": "http://cod123.biz/stalker_portal/c/",
            "macs": [
                "00:1A:79:40:44:38"
            ]
        },
        {
            "server_name": "vip2102.112421.net:2050",
            "server_url": "http://vip2102.112421.net:2050/c/",
            "macs": [
                "00:1A:79:1D:3A:2A",
                "00:1A:79:B8:26:99",
                "00:1a:79:66:8f:e7"
            ]
        },
        {
            "server_name": "line.tivi-one.net",
            "server_url": "http://line.tivi-one.net/c/",
            "macs": [
                "00:1A:79:21:30:FF",
                "00:1A:79:0E:0F:91",
                "00:1a:79:8c:0d:b8",
                "00:1a:79:9b:a7:d5"
            ]
        },
        {
            "server_name": "chunkymunky.site:8080",
            "server_url": "http://chunkymunky.site:8080/c/",
            "macs": [
                "00:1A:79:32:38:65"
            ]
        },
        {
            "server_name": "188.241.218.199",
            "server_url": "http://188.241.218.199/c/",
            "macs": [
                "00:1A:79:3E:F4:11",
                "00:1A:79:4B:54:DF"
            ]
        },
        {
            "server_name": "gfr5.mi20.cc",
            "server_url": "http://gfr5.mi20.cc/stalker_portal/c/",
            "macs": [
                "00:1A:79:74:71:55",
                "00:1A:79:79:33:21",
                "00:1A:79:7A:C6:D8",
                "00:1A:79:77:60:95"
            ]
        },
        {
            "server_name": "178.132.1.197:8080",
            "server_url": "http://178.132.1.197:8080/c/",
            "macs": [
                "00:1A:79:7E:1D:7A",
                "00:1A:79:67:FF:D9",
                "00:1A:79:34:E1:1E",
                "00:1A:79:E8:63:81",
                "00:1A:79:BA:61:28",
                "00:1A:79:76:32:29",
                "00:1A:79:43:36:34",
                "00:1A:79:AB:90:40",
                "00:1A:79:B1:F1:15",
                "00:1A:79:C6:2C:D7",
                "00:1A:79:C3:AC:3F",
                "00:1A:79:A6:FF:55",
                "00:1A:79:53:0A:0A"
            ]
        },
        {
            "server_name": "cheso.piffero.tf:2052",
            "server_url": "http://cheso.piffero.tf:2052/c/",
            "macs": [
                "00:1A:79:33:64:84"
            ]
        },
        {
            "server_name": "apk.androidtrex.com:80",
            "server_url": "http://apk.androidtrex.com:80/c/",
            "macs": [
                "00:1A:79:52:33:09",
                "00:1A:79:78:DD:67",
                "00:1A:79:F1:AB:4D"
            ]
        },
        {
            "server_name": "portal.magic8kip.tv:80",
            "server_url": "http://portal.magic8kip.tv:80/c/",
            "macs": [
                "00:1A:79:6F:7F:D8"
            ]
        },
        {
            "server_name": "line.rs6ott.com:80",
            "server_url": "http://line.rs6ott.com:80/c/",
            "macs": [
                "00:1A:79:FF:19:0E",
                "00:1A:79:78:55:7d",
                "00:1A:79:F5:43:80",
                "00:1A:79:4C:A1:DF"
            ]
        },
        {
            "server_name": "stb.iphd.tv:80",
            "server_url": "http://stb.iphd.tv:80/c/",
            "macs": [
                "00:1A:79:B0:09:2A",
                "00:1A:79:9D:08:0B"
            ]
        },
        {
            "server_name": "tv.premiumplus.tv:80",
            "server_url": "http://tv.premiumplus.tv:80/c/",
            "macs": [
                "00:1A:79:4C:A1:DF"
            ]
        },
        {
            "server_name": "mag.diamondtv.one:8080",
            "server_url": "http://mag.diamondtv.one:8080/c/",
            "macs": [
                "00:1A:79:00:02:AA",
                "00:1A:79:00:09:8E",
                "00:1A:79:00:12:DB"
            ]
        },
        {
            "server_name": "gatto-miao.freeddns.org",
            "server_url": "http://gatto-miao.freeddns.org/c/",
            "macs": [
                "00:1A:79:00:00:00",
                "00:1A:79:00:00:1B",
                "00:1A:79:00:00:11",
                "00:1A:79:00:00:28",
                "00:1A:79:00:00:42",
                "00:1A:79:00:00:68",
                "00:1A:79:00:00:72",
                "00:1A:79:00:00:91",
                "00:1A:79:00:00:B2",
                "00:1A:79:00:00:BB",
                "00:1A:79:00:01:04"
            ]
        },
        {
            "server_name": "line.tivi-one.net",
            "server_url": "http://line.tivi-one.net/c/",
            "macs": [
                "00:1A:79:21:30:FF",
                "00:1A:79:0E:0F:91"
            ]
        }
    ]
}