{
    "items": [
        {
            "server_name": "clientsportals.com",
            "server_url": "http://clientsportals.com/c/",
            "macs": [
                "00:1a:79:11:22:33"
            ]
        },
        {
            "server_name": "clientsportals.com",
            "server_url": "http://clientsportals.com/c/",
            "macs": [
                "00:1A:79:00:00:01"
            ]
        },
        {
            "server_name": "clientsportals.com:2095",
            "server_url": "http://clientsportals.com:2095/c/",
            "macs": []
        },
        {
            "server_name": "clientsportals.com",
            "server_url": "http://clientsportals.com/c/",
            "macs": [
                "00:1A:79:00:02:a6"
            ]
        },
        {
            "server_name": "clientsportals.com",
            "server_url": "http://clientsportals.com/c/",
            "macs": [
                "00:1A:79:00:00:00"
            ]
        },
        {
            "server_name": "clientsportals.com",
            "server_url": "http://clientsportals.com/c/",
            "macs": [
                "00:1A:79:00:04:02"
            ]
        },
        {
            "server_name": "clientsportals.com",
            "server_url": "http://clientsportals.com/c/",
            "macs": [
                "00:1A:79:00:04:BD"
            ]
        },
        {
            "server_name": "clientsportals.com",
            "server_url": "http://clientsportals.com/c/",
            "macs": [
                "00:1A:79:00:01:85"
            ]
        },
        {
            "server_name": "clientsportals.com",
            "server_url": "http://clientsportals.com/c/",
            "macs": [
                "00:1A:79:00:02:A6"
            ]
        },
        {
            "server_name": "clientsportals.com",
            "server_url": "http://clientsportals.com/c/",
            "macs": [
                "00:1A:79:00:0D:32"
            ]
        },
        {
            "server_name": "clientsportals.com",
            "server_url": "http://clientsportals.com/c/",
            "macs": [
                "00:1A:79:00:12:B5"
            ]
        },
        {
            "server_name": "clientsportals.com",
            "server_url": "http://clientsportals.com/c/",
            "macs": [
                "00:1A:79:00:13:12"
            ]
        },
        {
            "server_name": "clientsportals.com",
            "server_url": "http://clientsportals.com/c/",
            "macs": [
                "00:1A:79:00:0C:B4"
            ]
        },
        {
            "server_name": "clientsportals.com",
            "server_url": "http://clientsportals.com/c/",
            "macs": [
                "00:1A:79:00:1A:B2"
            ]
        },
        {
            "server_name": "2for1.nooneknows.xyz:8080",
            "server_url": "http://2for1.nooneknows.xyz:8080/c/",
            "macs": [
                "00:1A:79:15:51:A3",
                "00:1A:79:C9:8D:FC",
                "00:1A:79:CC:9A:3B",
                "00:1A:79:CC:9D:CC"
            ]
        },
        {
            "server_name": "new.ivue.co:25461",
            "server_url": "http://new.ivue.co:25461/c/",
            "macs": [
                "00:1A:79:47:97:C2",
                "00:1A:79:49:4A:C5",
                "00:1A:79:4C:D2:2D",
                "00:1A:79:E3:EF:57"
            ]
        },
        {
            "server_name": "isam.homelinux.com:80",
            "server_url": "http://isam.homelinux.com:80/c/",
            "macs": [
                "00:1A:79:C2:83:13",
                "00:1A:79:C2:90:6A",
                "00:1A:79:CA:C8:3C"
            ]
        }
    ]
}