{
    "items": [
        {
            "server_name": "pintassilgo.xyz:8080",
            "server_url": "http://pintassilgo.xyz:8080/c/",
            "macs": [
                "00:1A:79:79:1A:08",
                "00:1A:79:C4:31:71"
            ]
        },
        {
            "server_name": "portal.iptvprovider.org:8080",
            "server_url": "http://portal.iptvprovider.org:8080/c/",
            "macs": [
                "00:1A:79:AE:D8:43",
                "00:1A:79:7D:6D:24"
            ]
        },
        {
            "server_name": "200.26.188.66",
            "server_url": "http://200.26.188.66/c/",
            "macs": [
                "00:1A:79:00:02:AD"
            ]
        },
        {
            "server_name": "royallivetv.club:80",
            "server_url": "http://royallivetv.club:80/c/",
            "macs": [
                "00:1a:79:aa:03:ab",
                "00:1a:79:bd:93:6b",
                "00:1a:79:ae:d2:aa",
                "00:1a:79:ae:5b:59",
                "00:1a:79:ae:b1:39",
                "00:1a:79:ba:a0:f4",
                "00:1a:79:b6:49:5a",
                "00:1a:79:b5:19:e9",
                "00:1a:79:bd:3f:65",
                "00:1a:79:b9:6b:57",
                "00:1a:79:ba:3c:44",
                "00:1a:79:ae:ce:e3",
                "00:1a:79:aa:bd:12",
                "00:1a:79:ba:60:6f",
                "00:1a:79:ae:e0:b1",
                "00:1a:79:aa:bd:fd",
                "00:1a:79:b0:3a:fe",
                "00:1a:79:b9:6b:57",
                "00:1a:79:ba:af:61",
                "00:1a:79:b9:ed:a3"
            ]
        },
        {
            "server_name": "5.39.64.31:8080",
            "server_url": "http://5.39.64.31:8080/c/",
            "macs": [
                "00:1A:79:53:E1:B9"
            ]
        },
        {
            "server_name": "193.109.136.14:8080",
            "server_url": "http://193.109.136.14:8080/c/",
            "macs": [
                "00:1A:79:D1:FF:DB"
            ]
        },
        {
            "server_name": "162.19.37.133:8080",
            "server_url": "http://162.19.37.133:8080/c/",
            "macs": [
                "00:1A:79:C2:8F:98",
                "00:1A:79:CC:C5:93",
                "00:1A:79:D0:29:36",
                "00:1A:79:C3:C9:E8",
                "00:1A:79:FB:49:B7",
                "00:1A:79:C0:1E:3B",
                "00:1A:79:C8:4E:29",
                "00:1A:79:D2:1E:7C",
                "00:1A:79:B7:19:CD",
                "00:1A:79:B2:A1:C7",
                "00:1A:79:D2:25:36",
                "00:1A:79:C8:77:D4",
                "00:1A:79:D1:E7:ED",
                "00:1A:79:C6:29:03",
                "00:1A:79:C6:45:41",
                "00:1A:79:C3:BA:0F",
                "00:1A:79:D2:EA:9D",
                "00:1A:79:C2:90:58"
            ]
        },
        {
            "server_name": "m.suportline.xyz",
            "server_url": "http://m.suportline.xyz/stalker_portal/c/",
            "macs": [
                "00:1A:79:FA:DF:C1",
                "00:1A:79:95:30:A9"
            ]
        },
        {
            "server_name": "rufus.zone",
            "server_url": "http://rufus.zone/stalker_portal/c/",
            "macs": [
                "00:1A:79:D5:13:42",
                "00:1A:79:C5:3A:82"
            ]
        },
        {
            "server_name": "streamcode.one:2082",
            "server_url": "http://streamcode.one:2082/c/",
            "macs": [
                "00:1A:79:73:7C:AC"
            ]
        },
        {
            "server_name": "medotv.nl:8000",
            "server_url": "http://medotv.nl:8000/c/",
            "macs": [
                "00:1A:79:46:70:D9"
            ]
        },
        {
            "server_name": "iup-tv.com:8080",
            "server_url": "http://iup-tv.com:8080/c/",
            "macs": [
                "00:1A:79:AB:50:F0"
            ]
        },
        {
            "server_name": "ts1.supports.top:8080",
            "server_url": "http://ts1.supports.top:8080/c/",
            "macs": [
                "00:1A:79:50:62:95",
                "00:1a:79:a1:e2:0e",
                "00:1a:79:68:8c:6a",
                "00:1A:79:A1:C9:86",
                "00:1A:79:47:35:8D",
                "00:1A:79:A1:FD:13",
                "00:1A:79:04:E9:D8",
                "00:1A:79:47:73:DA",
                "00:1A:79:DA:FD:37",
                "00:1A:79:6B:AE:F8"
            ]
        },
        {
            "server_name": "tv.zaintv.net:80",
            "server_url": "http://tv.zaintv.net:80/c/",
            "macs": [
                "00:1A:79:7B:18:7B",
                "00:1a:79:2a:63:55"
            ]
        },
        {
            "server_name": "tv-unity.xyz:80",
            "server_url": "http://tv-unity.xyz:80/c/",
            "macs": [
                "00:1A:79:02:A3:49"
            ]
        },
        {
            "server_name": "motatop.xyz:8080",
            "server_url": "http://motatop.xyz:8080/c/",
            "macs": [
                "00:1A:79:BD:36:8D"
            ]
        },
        {
            "server_name": "ultrafhd.co.uk:8080",
            "server_url": "http://ultrafhd.co.uk:8080/c/",
            "macs": [
                "00:1A:79:02:11:0C"
            ]
        },
        {
            "server_name": "200.26.188.66:80",
            "server_url": "http://200.26.188.66:80/c/",
            "macs": [
                "00:1A:79:00:02:AD"
            ]
        },
        {
            "server_name": "mvip-tn.com:80",
            "server_url": "http://mvip-tn.com:80/c/",
            "macs": [
                "00:1A:79:6A:E9:6C"
            ]
        },
        {
            "server_name": "live.max4k.cc",
            "server_url": "http://live.max4k.cc/stalker_portal/c/",
            "macs": [
                "00:1A:79:00:75:B9",
                "00:1A:79:FB:DB:D6"
            ]
        },
        {
            "server_name": "z.sralm87.com:2082",
            "server_url": "http://z.sralm87.com:2082/c/",
            "macs": [
                "00:1A:79:02:FE:01"
            ]
        },
        {
            "server_name": "thetellybox.xyz:80",
            "server_url": "http://thetellybox.xyz:80/c/",
            "macs": [
                "00:1A:79:3E:78:0D"
            ]
        },
        {
            "server_name": "starshare.live:8080",
            "server_url": "http://starshare.live:8080/c/",
            "macs": [
                "00:1A:79:79:87:39",
                "00:1A:79:40:1A:9F"
            ]
        },
        {
            "server_name": "thetellybox.xyz",
            "server_url": "http://thetellybox.xyz/c/",
            "macs": [
                "00:1A:79:CC:77:1D",
                "00:1A:79:B9:82:09",
                "00:1A:79:AF:53:66"
            ]
        },
        {
            "server_name": "ontheroadwego.xyz:8080",
            "server_url": "http://ontheroadwego.xyz:8080/c/",
            "macs": [
                "00:1A:79:00:00:00"
            ]
        },
        {
            "server_name": "tygrys89.icu:8880",
            "server_url": "http://tygrys89.icu:8880/c/",
            "macs": [
                "00:1A:79:67:E9:17"
            ]
        },
        {
            "server_name": "1sn.ns1.name:18800",
            "server_url": "http://1sn.ns1.name:18800/c/",
            "macs": [
                "00:1A:79:A7:B8:88"
            ]
        },
        {
            "server_name": "topminho.xyz:8080",
            "server_url": "http://topminho.xyz:8080/c/",
            "macs": [
                "00:1A:79:50:D5:C8",
                "00:1A:79:F3:E6:88",
                "00:1A:79:AF:6A:A6",
                "00:1A:79:A2:C0:D7",
                "00:1A:79:54:F7:0C",
                "00:1A:79:BD:76:62",
                "00:1A:79:44:FB:1E"
            ]
        }
    ]
}