{
    "items": [
        {
            "server_name": "bigline.club:8080",
            "server_url": "http://bigline.club:8080/c/",
            "macs": [
                "00:1A:79:3E:C6:F6"
            ]
        },
        {
            "server_name": "starshare.live:8080",
            "server_url": "http://starshare.live:8080/c/",
            "macs": [
                "00:1A:79:7A:E6:E6"
            ]
        },
        {
            "server_name": "nas.bordo1453.be:80",
            "server_url": "http://nas.bordo1453.be:80/c/",
            "macs": [
                "00:1A:79:A1:82:9E",
                "00:1A:79:A1:DC:51"
            ]
        },
        {
            "server_name": "opanak.xyz",
            "server_url": "http://opanak.xyz/c/",
            "macs": [
                "00:1A:79:3A:38:10",
                "00:1A:79:42:C7:DF",
                "00:1A:79:6A:5C:C8",
                "00:1A:79:B0:B3:7A"
            ]
        },
        {
            "server_name": "nvs1hosting.live:25461",
            "server_url": "http://nvs1hosting.live:25461/c/",
            "macs": [
                "00:1A:79:A4:19:3F",
                "00:1A:79:AE:7A:6F",
                "00:1A:79:B7:76:F5",
                "00:1A:79:B8:0A:C8",
                "00:1A:79:C2:F3:72",
                "00:1A:79:C6:9B:21",
                "00:1A:79:C9:9B:AD",
                "00:1A:79:C9:BF:69",
                "00:1A:79:C9:CD:BD",
                "00:1A:79:CD:42:D6",
                "00:1A:79:CE:EF:26",
                "00:1A:79:CE:EF:3D",
                "00:1A:79:CE:F6:32",
                "00:1A:79:CE:F6:63",
                "00:1A:79:CF:02:3E"
            ]
        },
        {
            "server_name": "ojpc.live:8080",
            "server_url": "http://ojpc.live:8080/c/",
            "macs": [
                "00:1A:79:4E:46:9A"
            ]
        },
        {
            "server_name": "onrev.xyz:80",
            "server_url": "http://onrev.xyz:80/c/",
            "macs": [
                "00:1A:79:33:07:B9",
                "00:1A:79:59:5C:9D",
                "00:1A:79:82:22:08"
            ]
        },
        {
            "server_name": "p1.iptvrocket.tv:80",
            "server_url": "http://p1.iptvrocket.tv:80/c/",
            "macs": [
                "00:1A:79:02:74:A3",
                "00:1A:79:0A:4A:0F",
                "00:1A:79:11:29:23",
                "00:1A:79:20:38:45",
                "00:1A:79:30:89:35",
                "00:1A:79:38:4E:68",
                "00:1A:79:62:37:66",
                "00:1A:79:72:6A:DD",
                "00:1A:79:79:20:8E",
                "00:1A:79:A2:16:96",
                "00:1A:79:A5:16:C4",
                "00:1A:79:A6:35:75",
                "00:1A:79:AE:F9:7E",
                "00:1A:79:B6:C7:60",
                "00:1A:79:C9:92:6A",
                "00:1A:79:F7:24:46"
            ]
        }
    ]
}