{
    "items": [
        {
            "server_name": "jepmerr.xyz:80",
            "server_url": "http://jepmerr.xyz:80/c/",
            "macs": [
                "00:1A:79:47:78:2C",
                "00:1A:79:C6:C2:34"
            ]
        },
        {
            "server_name": "optimus-tv.org:8080",
            "server_url": "http://optimus-tv.org:8080/c/",
            "macs": [
                "00:1A:79:07:BB:EF",
                "00:1A:79:07:BD:C0",
                "00:1A:79:08:41:C3",
                "00:1A:79:6E:2C:B5",
                "00:1A:79:7C:69:A2",
                "00:1A:79:AF:37:D5",
                "00:1A:79:B2:8D:1D"
            ]
        },
        {
            "server_name": "casper4k.top",
            "server_url": "http://casper4k.top/c/",
            "macs": [
                "00:1A:79:41:CA:E0"
            ]
        },
        {
            "server_name": "ekdilhai.pro",
            "server_url": "http://ekdilhai.pro/stalker_portal/c/",
            "macs": [
                "00:1A:79:00:10:A8",
                "00:1A:79:00:11:29",
                "00:1A:79:00:11:35"
            ]
        },
        {
            "server_name": "tv.cloudcdn.me",
            "server_url": "http://tv.cloudcdn.me/c/",
            "macs": [
                "00:1A:79:41:23:5C"
            ]
        }
    ]
}