{
    "items": [
        {
            "server_name": "mag.marsweb.co",
            "server_url": "http://mag.marsweb.co/c/",
            "macs": [
                "00:1A:79:F5:1B:14",
                "00:1A:79:FF:04:BB",
                "00:1A:79:BD:E3:34",
                "00:1A:79:B9:9B:D1",
                "00:1A:79:D2:E0:D2",
                "00:1A:79:AE:FF:3E"
            ]
        },
        {
            "server_name": "vip.mediptv.123tv.to:8080",
            "server_url": "http://vip.mediptv.123tv.to:8080/c/",
            "macs": [
                "00:1A:79:53:fd:d1",
                "00:1A:79:37:3e:58",
                "00:1A:79:4f:2a:79"
            ]
        },
        {
            "server_name": "typhoonott.com:8789",
            "server_url": "http://typhoonott.com:8789/c/",
            "macs": [
                "00:1A:79:6D:63:F2",
                "00:1A:79:A1:32:D0",
                "00:1A:79:70:F8:44",
                "00:1A:79:16:FA:03",
                "00:1A:79:C3:74:E8",
                "00:1A:79:A8:FB:80",
                "00:1A:79:55:86:DD"
            ]
        },
        {
            "server_name": "pal.alphatx.me",
            "server_url": "http://pal.alphatx.me/c/",
            "macs": [
                "00:1A:79:40:5F:B3",
                "00:1A:79:40:31:CB",
                "00:1A:79:40:35:8D",
                "00:1A:79:40:17:2C"
            ]
        },
        {
            "server_name": "iup-tv.com:8080",
            "server_url": "http://iup-tv.com:8080/c/",
            "macs": [
                "00:1A:79:6A:56:EB"
            ]
        },
        {
            "server_name": "zepequeno.xyz:8080",
            "server_url": "http://zepequeno.xyz:8080/c/",
            "macs": [
                "00:1A:79:C7:F2:C7"
            ]
        },
        {
            "server_name": "89.45.13.153:25461",
            "server_url": "http://89.45.13.153:25461/c/",
            "macs": [
                "00:1A:79:E3:67:64",
                "00:1A:79:04:7E:7D"
            ]
        },
        {
            "server_name": "otn20.com:8000",
            "server_url": "http://otn20.com:8000/c/",
            "macs": [
                "00:1A:79:8F:A5:9C"
            ]
        },
        {
            "server_name": "mag.trexlive.me:8000",
            "server_url": "http://mag.trexlive.me:8000/c/",
            "macs": [
                "00:1A:79:80:C8:53"
            ]
        },
        {
            "server_name": "pdata.ddns.me:8080",
            "server_url": "http://pdata.ddns.me:8080/c/",
            "macs": [
                "00:1A:79:43:78:26"
            ]
        },
        {
            "server_name": "eclipsepro.co.uk:8080",
            "server_url": "http://eclipsepro.co.uk:8080/c/",
            "macs": [
                "00:1A:79:01:7A:83"
            ]
        },
        {
            "server_name": "107.189.14.168:8000",
            "server_url": "http://107.189.14.168:8000/c/",
            "macs": [
                "00:1A:79:44:C0:D8"
            ]
        },
        {
            "server_name": "new.ivue.co:25461",
            "server_url": "http://new.ivue.co:25461/c/",
            "macs": [
                "00:1A:79:00:00:00"
            ]
        },
        {
            "server_name": "islacam.live:8080",
            "server_url": "http://islacam.live:8080/c/",
            "macs": [
                "00:1A:79:5D:9F:05",
                "00:1A:79:09:77:8F",
                "00:1a:79:b9:fe:43",
                "00:1A:79:34:67:ED",
                "00:1A:79:5D:3A:FD",
                "00:1A:79:63:52:0F",
                "00:1A:79:05:7D:78",
                "00:1A:79:B6:0A:22",
                "00:1A:79:2F:D0:9E",
                "00:1A:79:43:38:DC",
                "00:1A:79:26:70:02",
                "00:1A:79:B9:93:7E",
                "00:1A:79:72:71:BE",
                "00:1A:79:74:35:81",
                "00:1A:79:6B:5D:14",
                "00:1A:79:55:B1:26",
                "00:1A:79:55:7A:2C",
                "00:1A:79:4E:5D:C2",
                "00:1A:79:38:3D:9D",
                "00:1A:79:7A:66:93",
                "00:1A:79:3E:CC:B4",
                "00:1A:79:26:BF:43",
                "00:1A:79:74:36:1A",
                "00:1A:79:9A:E1:C2",
                "00:1A:79:AA:FA:12",
                "00:1A:79:6B:66:40",
                "00:1A:79:3E:96:08",
                "00:1A:79:D8:34:A0",
                "00:1A:79:46:0C:A4",
                "00:1A:79:C6:E7:99",
                "00:1A:79:DB:73:BA",
                "00:1A:79:1C:4D:07",
                "00:1A:79:03:DE:2B",
                "00:1A:79:6C:5B:03",
                "00:1A:79:C2:AB:C9",
                "00:1A:79:C1:20:24",
                "00:1A:79:86:77:E1",
                "00:1A:79:21:26:17"
            ]
        },
        {
            "server_name": "line.ultrab.xyz",
            "server_url": "http://line.ultrab.xyz/c/",
            "macs": [
                "00:1A:79:21:8E:85",
                "00:1A:79:1E:04:88",
                "00:1A:79:35:37:32",
                "00:1A:79:50:63:11",
                "00:1A:79:51:3F:73",
                "00:1A:79:51:5F:44",
                "00:1A:79:1F:7F:3D",
                "00:1A:79:74:14:76",
                "00:1A:79:27:6E:56"
            ]
        },
        {
            "server_name": "135.125.45.117:80",
            "server_url": "http://135.125.45.117:80/c/",
            "macs": [
                "00:1A:79:aa:5a:42",
                "00:1A:79:4d:75:a8",
                "00:1A:79:99:00:da",
                "00:1A:79:54:60:05",
                "00:1A:79:90:15:B6",
                "00:1A:79:BB:EC:2A",
                "00:1A:79:a1:9d:0f",
                "00:1A:79:fb:32:8b",
                "00:1A:79:cc:4c:17",
                "00:1A:79:21:0c:85",
                "00:1A:79:a1:a2:e3"
            ]
        }
    ]
}