{
    "items": [
        {
            "server_name": "fastgo.cam:8080",
            "server_url": "http://fastgo.cam:8080/c/",
            "macs": [
                "00:1A:79:BA:23:27"
            ]
        },
        {
            "server_name": "vip.mediptv.123tv.to:8080",
            "server_url": "http://vip.mediptv.123tv.to:8080/c/",
            "macs": [
                "00:1A:79:4f:2a:79",
                "00:1A:79:37:3e:58"
            ]
        },
        {
            "server_name": "zupanet.live:8080",
            "server_url": "http://zupanet.live:8080/c/",
            "macs": [
                "00:1A:79:3B:BB:C8",
                "00:1A:79:5A:C7:F8",
                "00:1A:79:31:3A:0B",
                "00:1A:79:2B:0E:D3",
                "00:1A:79:4B:EB:80",
                "00:1A:79:A6:EC:43",
                "00:1A:79:A2:2D:5E",
                "00:1A:79:A2:CB:39"
            ]
        }
    ]
}