{
    "items": [
        {
            "server_name": "powerip.be:8000",
            "server_url": "http://powerip.be:8000/c/",
            "macs": [
                "00:1a:79:ab:51:c5",
                "00:1a:79:b5:44:6a",
                "00:1a:79:a4:95:a4",
                "00:1a:79:ba:21:4d",
                "00:1a:79:bd:74:49",
                "00:1a:79:b4:16:bd",
                "00:1a:79:ae:31:bb"
            ]
        },
        {
            "server_name": "onfireboxtv.com",
            "server_url": "http://onfireboxtv.com/c/",
            "macs": [
                "00:1a:79:ab:cd:c1",
                "00:1a:79:b7:76:8c",
                "00:1a:79:b7:21:80",
                "00:1a:79:b4:e5:9a",
                "00:1a:79:b5:19:cc",
                "00:1a:79:a4:cd:c2",
                "00:1a:79:b4:e5:9a"
            ]
        },
        {
            "server_name": "brokentv.rip:8080",
            "server_url": "http://brokentv.rip:8080/c/",
            "macs": [
                "00:1a:79:ab:58:6e",
                "00:1a:79:af:5e:52"
            ]
        },
        {
            "server_name": "matrix-ott.tv:8080",
            "server_url": "http://matrix-ott.tv:8080/c/",
            "macs": [
                "00:1a:79:2b:2c:a7",
                "00:1a:79:4a:04:0e",
                "00:1a:79:5d:91:8f"
            ]
        },
        {
            "server_name": "kocaeli41.xyz:8000",
            "server_url": "http://kocaeli41.xyz:8000/c/",
            "macs": [
                "00:1a:79:b7:24:97"
            ]
        }
    ]
}