{
    "items": [
        {
            "server_name": "mag.premiumplus.tv",
            "server_url": "http://mag.premiumplus.tv/c/",
            "macs": [
                "00:1A:79:CC:1E:6C"
            ]
        },
        {
            "server_name": "owliptv.gentv.to:8080",
            "server_url": "http://owliptv.gentv.to:8080/c/",
            "macs": [
                "00:1A:79:A4:CE:90"
            ]
        },
        {
            "server_name": "mag.ukhd.tv",
            "server_url": "http://mag.ukhd.tv/c/",
            "macs": [
                "00:1A:79:FA:41:75",
                "00:1A:79:DC:A2:1A",
                "00:1A:79:34:2F:BC",
                "00:1A:79:02:7F:8B",
                "00:1A:79:2B:06:62",
                "00:1A:79:22:02:30"
            ]
        },
        {
            "server_name": "iptv.darkbox.nu",
            "server_url": "http://iptv.darkbox.nu/c/",
            "macs": [
                "00:1A:79:45:50:A8"
            ]
        },
        {
            "server_name": "apksmart.dino.ws",
            "server_url": "http://apksmart.dino.ws/c/",
            "macs": [
                "00:1A:79:25:D8:51",
                "00:1A:79:BC:15:CF",
                "00:1A:79:4F:0B:2B",
                "00:1A:79:C7:CE:9F"
            ]
        },
        {
            "server_name": "line.gofast-tv.me",
            "server_url": "http://line.gofast-tv.me/c/",
            "macs": [
                "00:1A:79:D6:5F:B6",
                "00:1A:79:B8:74:BC"
            ]
        },
        {
            "server_name": "sony4k.vip:8000",
            "server_url": "http://sony4k.vip:8000/c/",
            "macs": [
                "00:1A:79:19:46:59",
                "00:1A:79:0C:9E:2F",
                "00:1A:79:B9:09:5C"
            ]
        },
        {
            "server_name": "iup-tv.com:8080",
            "server_url": "http://iup-tv.com:8080/c/",
            "macs": [
                "00:1A:79:4D:95:74",
                "00:1A:79:53:71:D3",
                "00:1A:79:C4:77:B2"
            ]
        },
        {
            "server_name": "fultv.sytes.net:8080",
            "server_url": "http://fultv.sytes.net:8080/c/",
            "macs": [
                "00:1A:79:7A:4D:98",
                "00:1A:79:23:9C:08"
            ]
        },
        {
            "server_name": "www.fonziptv.com:8080",
            "server_url": "http://www.fonziptv.com:8080/c/",
            "macs": [
                "00:1A:79:a6:70:c4",
                "00:1A:79:C0:C0:83",
                "00:1A:79:5E:C7:16"
            ]
        },
        {
            "server_name": "portal.redlinetv.in:8080",
            "server_url": "http://portal.redlinetv.in:8080/c/",
            "macs": [
                "00:1A:79:32:32:81"
            ]
        },
        {
            "server_name": "tp.nxdns4.com:8080",
            "server_url": "http://tp.nxdns4.com:8080/c/",
            "macs": [
                "00:1A:79:20:0E:63",
                "00:1A:79:20:0F:2F",
                "00:1A:79:20:10:B5",
                "00:1A:79:20:0F:8F",
                "00:1A:79:20:1F:0D",
                "00:1A:79:20:1F:1B",
                "00:1A:79:20:1F:3E",
                "00:1A:79:20:3F:58",
                "00:1A:79:20:3F:67",
                "00:1A:79:20:3F:6A",
                "00:1A:79:20:3F:89",
                "00:1A:79:20:3F:9C",
                "00:1A:79:20:3F:A7",
                "00:1A:79:20:3F:E3",
                "00:1A:79:20:4F:13",
                "00:1A:79:20:4F:3C",
                "00:1A:79:20:4F:4C",
                "00:1A:79:20:4F:4F",
                "00:1A:79:20:4F:54"
            ]
        },
        {
            "server_name": "atvodhosting.xyz",
            "server_url": "http://atvodhosting.xyz/c/",
            "macs": [
                "00:1A:79:71:46:AA"
            ]
        },
        {
            "server_name": "llllllllliiiiiiiiiiiiii.funtogether.xyz:8080",
            "server_url": "http://llllllllliiiiiiiiiiiiii.funtogether.xyz:8080/c/",
            "macs": [
                "00:1A:79:57:e0:52",
                "00:1A:79:c3:b0:57",
                "00:1A:79:fc:62:5c",
                "00:1A:79:ac:54:cd",
                "00:1A:79:38:b9:07"
            ]
        },
        {
            "server_name": "162.19.37.133:8080",
            "server_url": "http://162.19.37.133:8080/c/",
            "macs": [
                "00:1a:79:F1:B8:05",
                "00:1a:79:c3:af:1b"
            ]
        },
        {
            "server_name": "mutant.arrox.top",
            "server_url": "http://mutant.arrox.top/c/",
            "macs": [
                "00:1a:79:ab:4f:5b"
            ]
        },
        {
            "server_name": "alexiptv.ddns.me:8080",
            "server_url": "http://alexiptv.ddns.me:8080/c/",
            "macs": [
                "00:1A:79:D1:FF:DB",
                "00:1A:79:B0:BF:70"
            ]
        },
        {
            "server_name": "iptv.darkbox.nu",
            "server_url": "http://iptv.darkbox.nu/c/",
            "macs": [
                "00:1A:79:08:4E:96",
                "00:1A:79:2B:A4:4E",
                "00:1A:79:3A:7C:A3",
                "00:1A:79:BE:9A:8A",
                "00:1A:79:DE:69:75",
                "00:1A:79:1E:37:C8",
                "00:1A:79:A1:77:65",
                "00:1A:79:1D:F5:7B",
                "00:1A:79:5B:55:69",
                "00:1A:79:40:7D:90",
                "00:1A:79:C2:1F:E4",
                "00:1A:79:C6:B0:A4",
                "00:1A:79:59:AE:C6"
            ]
        },
        {
            "server_name": "hdmiclub.online:8080",
            "server_url": "http://hdmiclub.online:8080/c/",
            "macs": [
                "00:1A:79:B8:80:57",
                "00:1A:79:CF:89:71",
                "00:1A:79:AD:B1:34",
                "00:1A:79:A1:D2:CB",
                "00:1A:79:BB:34:9B",
                "00:1A:79:AD:3E:E3",
                "00:1A:79:AD:D1:15",
                "00:1A:79:CA:F1:2B",
                "00:1A:79:A4:4C:A7",
                "00:1A:79:BA:56:8D",
                "00:1A:79:D0:0D:5D"
            ]
        },
        {
            "server_name": "line.gofast-tv.me",
            "server_url": "http://line.gofast-tv.me/c/",
            "macs": [
                "00:1A:79:0E:0E:52",
                "00:1A:79:D6:5F:B6",
                "00:1A:79:B8:74:BC",
                "00:1A:79:6A:D4:EB",
                "00:1A:79:C2:B6:45",
                "00:1A:79:E5:DC:06",
                "00:1A:79:15:2F:29",
                "00:1A:79:FB:39:E0"
            ]
        },
        {
            "server_name": "sony4k.vip:8000",
            "server_url": "http://sony4k.vip:8000/c/",
            "macs": [
                "00:1A:79:DE:3F:19",
                "00:1A:79:4F:43:CF",
                "00:1A:79:B9:09:5C",
                "00:1A:79:0C:9E:2F",
                "00:1A:79:99:98:D3",
                "00:1A:79:84:1E:AF",
                "00:1A:79:0D:65:94",
                "00:1A:79:19:46:59"
            ]
        },
        {
            "server_name": "mag.rs4ott.com:80",
            "server_url": "http://mag.rs4ott.com:80/c/",
            "macs": [
                "00:1A:79:A0:BB:82",
                "00:1A:79:92:84:AE"
            ]
        },
        {
            "server_name": "atvodhosting.xyz:80",
            "server_url": "http://atvodhosting.xyz:80/c/",
            "macs": [
                "00:1A:79:71:0F:83",
                "00:1A:79:71:19:08",
                "00:1A:79:71:41:F2",
                "00:1A:79:71:46:AA",
                "00:1A:79:71:4C:55",
                "00:1A:79:71:4E:28",
                "00:1A:79:71:4F:37",
                "00:1A:79:71:52:6A"
            ]
        },
        {
            "server_name": "iup-tv.com:8080",
            "server_url": "http://iup-tv.com:8080/c/",
            "macs": [
                "00:1A:79:4D:95:74",
                "00:1A:79:53:71:D3",
                "00:1A:79:C4:77:B2",
                "00:1A:79:40:6F:84",
                "00:1A:79:AE:2A:3B",
                "00:1A:79:AD:3A:27"
            ]
        },
        {
            "server_name": "zorrohunter.com",
            "server_url": "http://zorrohunter.com/c/",
            "macs": [
                "00:1A:79:48:53:C6",
                "00:1A:79:4C:83:30",
                "00:1A:79:46:0B:86"
            ]
        },
        {
            "server_name": "streamcode.one:2082",
            "server_url": "http://streamcode.one:2082/c/",
            "macs": [
                "00:1A:79:A3:A6:61"
            ]
        },
        {
            "server_name": "alegra.ddnsgeek.com:8080",
            "server_url": "http://alegra.ddnsgeek.com:8080/c/",
            "macs": [
                "00:1A:79:54:E7:1F",
                "00:1A:79:F3:E6:88",
                "00:1A:79:B9:C2:F4",
                "00:1A:79:B4:2F:B5",
                "00:1A:79:A2:C0:D7",
                "00:1A:79:54:F7:0C",
                "00:1A:79:44:FB:1E"
            ]
        },
        {
            "server_name": "mediahouse.ddns.me:8000",
            "server_url": "http://mediahouse.ddns.me:8000/c/",
            "macs": [
                "00:1A:79:66:09:7B",
                "00:1A:79:55:65:9F",
                "00:1A:79:4B:85:D0",
                "00:1A:79:3F:50:40",
                "00:1A:79:93:EB:40",
                "00:1A:79:60:08:1D",
                "00:1A:79:54:13:A7"
            ]
        },
        {
            "server_name": "darkpower.xyz:8080",
            "server_url": "http://darkpower.xyz:8080/c/",
            "macs": [
                "00:1A:79:0E:62:E0",
                "00:1A:79:AA:84:49",
                "00:1A:79:A1:88:98",
                "00:1a:79:44:be:93",
                "00:1A:79:A1:C4:62",
                "00:1A:79:51:C2:9B",
                "00:1A:79:50:CB:64",
                "00:1A:79:AE:22:BA"
            ]
        }
    ]
}