{
    "items": [
        {
            "server_name": "ip.ktlsattv.com:80",
            "server_url": "http://ip.ktlsattv.com:80/c/",
            "macs": [
                "00:1A:79:3A:48:68",
                "00:1A:79:50:1A:E0",
                "00:1A:79:B0:8F:66"
            ]
        },
        {
            "server_name": "king-ott.xyz:8080",
            "server_url": "http://king-ott.xyz:8080/c/",
            "macs": [
                "00:1A:79:B4:53:08",
                "00:1A:79:C1:FB:FF"
            ]
        },
        {
            "server_name": "smart4k.cc",
            "server_url": "http://smart4k.cc/stalker_portal/c/",
            "macs": [
                "00:1A:79:0D:50:84",
                "00:1A:79:56:CA:0B"
            ]
        },
        {
            "server_name": "line.boom-ott.ru:80",
            "server_url": "http://line.boom-ott.ru:80/c/",
            "macs": [
                "00:1A:79:00:93:A7",
                "00:1A:79:2D:3D:F5",
                "00:1A:79:3F:3C:C3",
                "00:1A:79:56:DF:24",
                "00:1A:79:5F:E8:AA",
                "00:1A:79:6B:DB:4B",
                "00:1A:79:71:05:AA",
                "00:1A:79:72:A2:47",
                "00:1A:79:B5:47:73",
                "00:1A:79:C0:99:E3",
                "00:1A:79:C1:D8:47"
            ]
        },
        {
            "server_name": "pal.alphatx.me:80",
            "server_url": "http://pal.alphatx.me:80/c/",
            "macs": [
                "00:1A:79:00:08:24",
                "00:1A:79:00:AA:0E",
                "00:1A:79:02:02:FC",
                "00:1A:79:0B:BE:60",
                "00:1A:79:0F:B7:9D",
                "00:1A:79:19:3F:DB",
                "00:1A:79:37:1A:57",
                "00:1A:79:47:32:6C",
                "00:1A:79:58:23:7C",
                "00:1A:79:8A:91:01",
                "00:1A:79:9E:25:68",
                "00:1A:79:A1:A4:8D",
                "00:1A:79:A6:5B:93",
                "00:1A:79:AE:FF:CB",
                "00:1A:79:BB:ED:0B",
                "00:1A:79:C1:6F:48"
            ]
        },
        {
            "server_name": "scorpioniptv.com:8880",
            "server_url": "http://scorpioniptv.com:8880/c/",
            "macs": [
                "00:1A:79:53:D1:59",
                "00:1A:79:66:E7:E8",
                "00:1A:79:C1:98:03"
            ]
        },
        {
            "server_name": "line.chktv.xyz",
            "server_url": "http://line.chktv.xyz/c/",
            "macs": [
                "00:1A:79:76:EB:7E"
            ]
        },
        {
            "server_name": "1.gujaratsat.live",
            "server_url": "http://1.gujaratsat.live/c/",
            "macs": [
                "00:1A:79:4F:EA:42",
                "00:1A:79:58:17:53",
                "00:1A:79:84:30:D9",
                "00:1A:79:8F:CD:FA",
                "00:1A:79:8F:F5:A7",
                "00:1A:79:A2:61:A2",
                "00:1A:79:B5:B3:57",
                "00:1A:79:CE:14:1D"
            ]
        },
        {
            "server_name": "p1.uiop.tv",
            "server_url": "http://p1.uiop.tv/stalker_portal/c/",
            "macs": [
                "00:1A:79:10:AE:CB",
                "00:1A:79:27:F8:9C",
                "00:1A:79:38:C6:20",
                "00:1A:79:42:13:B8",
                "00:1A:79:44:4C:AE",
                "00:1A:79:53:AA:3F",
                "00:1A:79:9D:83:4C"
            ]
        },
        {
            "server_name": "p1.iptvrocket.tv",
            "server_url": "http://p1.iptvrocket.tv/c/",
            "macs": [
                "00:1A:79:70:13:41"
            ]
        }
    ]
}