{
    "items": [
        {
            "server_name": "mag.marsweb.co",
            "server_url": "http://mag.marsweb.co/c/",
            "macs": [
                "00:1A:79:38:7F:15",
                "00:1A:79:50:C8:F9",
                "00:1A:79:77:06:9B",
                "00:1A:79:8B:25:C4",
                "00:1A:79:9B:3A:F5",
                "00:1A:79:C0:0A:B1",
                "00:1A:79:FB:08:E1"
            ]
        },
        {
            "server_name": "aaatjsclientbox2.xyz",
            "server_url": "http://aaatjsclientbox2.xyz/c/",
            "macs": [
                "00:1A:79:00:08:A1",
                "00:1A:79:A1:08:41",
                "00:1A:79:AA:BD:12",
                "00:1A:79:AD:7F:26",
                "00:1A:79:AD:93:53",
                "00:1A:79:AD:99:17",
                "00:1A:79:AE:5C:34",
                "00:1A:79:AE:89:42",
                "00:1A:79:AE:AF:CA",
                "00:1A:79:AE:CE:E3",
                "00:1A:79:AF:25:7B",
                "00:1A:79:B0:95:2B",
                "00:1A:79:B1:A8:1A",
                "00:1A:79:B4:E5:9A",
                "00:1A:79:B6:C9:E8",
                "00:1A:79:B7:47:66",
                "00:1A:79:B7:E9:2F",
                "00:1A:79:B9:F6:25",
                "00:1A:79:BA:A5:33",
                "00:1A:79:BA:AF:61"
            ]
        },
        {
            "server_name": "iup-tv.com:8080",
            "server_url": "http://iup-tv.com:8080/c/",
            "macs": [
                "00:1A:79:6A:56:EB",
                "00:1A:79:A1:FE:7F",
                "00:1A:79:AC:23:5C",
                "00:1A:79:B2:07:C5",
                "00:1A:79:B5:56:6B",
                "00:1A:79:B5:9E:7C",
                "00:1A:79:BD:67:2B",
                "00:1A:79:C7:1B:79"
            ]
        },
        {
            "server_name": "ip.efetv.de:8080",
            "server_url": "http://ip.efetv.de:8080/c/",
            "macs": [
                "00:1A:79:49:06:01",
                "00:1A:79:AD:5B:D8"
            ]
        },
        {
            "server_name": "boss.zengplus.xyz:80",
            "server_url": "http://boss.zengplus.xyz:80/c/",
            "macs": [
                "00:1A:79:33:6A:9C",
                "00:1A:79:34:59:D4",
                "00:1A:79:34:A6:12",
                "00:1A:79:35:00:CA",
                "00:1A:79:35:01:16",
                "00:1A:79:36:B1:60",
                "00:1A:79:37:07:F6",
                "00:1A:79:39:12:CE",
                "00:1A:79:3A:3F:96",
                "00:1A:79:3C:3B:59",
                "00:1A:79:3C:B1:C4",
                "00:1A:79:3C:D4:6E",
                "00:1A:79:3C:F2:0F"
            ]
        },
        {
            "server_name": "zupanet.live:8080",
            "server_url": "http://zupanet.live:8080/c/",
            "macs": [
                "00:1A:79:05:96:92",
                "00:1A:79:14:65:42",
                "00:1A:79:20:7F:9C",
                "00:1A:79:34:AD:A3",
                "00:1A:79:35:06:77",
                "00:1A:79:3E:72:AF",
                "00:1A:79:42:67:3C",
                "00:1A:79:45:20:3F",
                "00:1A:79:46:1D:F2",
                "00:1A:79:4C:23:F7",
                "00:1A:79:4F:48:0F",
                "00:1A:79:56:A5:8E",
                "00:1A:79:69:1D:01",
                "00:1A:79:6B:34:22",
                "00:1A:79:85:F5:99",
                "00:1A:79:9A:11:37",
                "00:1A:79:BA:90:E6",
                "00:1A:79:BB:4B:4A",
                "00:1A:79:C6:FD:CD",
                "00:1A:79:ED:0F:68"
            ]
        },
        {
            "server_name": "c.proserver.in:8080",
            "server_url": "http://c.proserver.in:8080/c/",
            "macs": [
                "00:1A:79:21:09:A8",
                "00:1A:79:21:09:FA",
                "00:1A:79:21:0A:60",
                "00:1A:79:21:0A:8D",
                "00:1A:79:21:0D:BB",
                "00:1A:79:21:0E:37",
                "00:1A:79:49:FB:CE",
                "00:1A:79:5D:08:BF"
            ]
        },
        {
            "server_name": "germanytv.live:8080",
            "server_url": "http://germanytv.live:8080/c/",
            "macs": [
                "00:1A:79:A0:E6:FD",
                "00:1A:79:A0:E7:A2",
                "00:1A:79:A2:E7:DE",
                "00:1A:79:A4:56:DF",
                "00:1A:79:A4:79:CF",
                "00:1A:79:A7:9F:8F",
                "00:1A:79:A7:A3:E0",
                "00:1A:79:A7:B1:C5",
                "00:1A:79:A7:B6:FB"
            ]
        },
        {
            "server_name": "pt.chape-shop.com:8080",
            "server_url": "http://pt.chape-shop.com:8080/c/",
            "macs": [
                "00:1A:79:05:E0:8E",
                "00:1A:79:20:9F:8E",
                "00:1A:79:25:66:79",
                "00:1A:79:26:C3:67",
                "00:1A:79:36:E7:D1",
                "00:1A:79:54:5F:06",
                "00:1A:79:5D:8E:28",
                "00:1A:79:5F:1D:88",
                "00:1A:79:6B:0D:E9",
                "00:1A:79:73:A6:5D",
                "00:1A:79:81:98:4F",
                "00:1A:79:9D:DE:E6",
                "00:1A:79:AE:37:DE",
                "00:1A:79:BC:DE:C4",
                "00:1A:79:C5:5A:07",
                "00:1A:79:DA:A3:10"
            ]
        },
        {
            "server_name": "tvhouse.live",
            "server_url": "http://tvhouse.live/c/",
            "macs": [
                "00:1A:79:24:19:DD",
                "00:1A:79:6B:5F:07",
                "00:1A:79:6B:F3:84",
                "00:1A:79:8B:1D:12",
                "00:1A:79:F5:33:D0"
            ]
        },
        {
            "server_name": "mag.ukhd.tv",
            "server_url": "http://mag.ukhd.tv/c/",
            "macs": [
                "00:1A:79:18:02:8E",
                "00:1A:79:5E:D5:07",
                "00:1A:79:93:4E:62",
                "00:1A:79:B0:E6:EF",
                "00:1A:79:C7:06:0A"
            ]
        },
        {
            "server_name": "193.176.244.25:8080",
            "server_url": "http://193.176.244.25:8080/c/",
            "macs": [
                "00:1A:79:01:6D:64",
                "00:1A:79:05:F4:DA",
                "00:1A:79:30:D0:75",
                "00:1A:79:31:E2:DF",
                "00:1A:79:42:CE:26",
                "00:1A:79:71:F9:45",
                "00:1A:79:72:75:36",
                "00:1A:79:7D:E6:AB",
                "00:1A:79:85:EF:31",
                "00:1A:79:A1:B0:BF"
            ]
        },
        {
            "server_name": "line.myox.me",
            "server_url": "http://line.myox.me/c/",
            "macs": [
                "00:1A:79:10:6D:D6",
                "00:1A:79:31:2B:32",
                "00:1A:79:3B:A3:FB",
                "00:1A:79:3E:9F:63",
                "00:1A:79:5F:C9:53",
                "00:1A:79:63:7F:1A",
                "00:1A:79:6A:56:EB",
                "00:1A:79:7E:D9:8D",
                "00:1A:79:A9:17:8D",
                "00:1A:79:B2:07:C5",
                "00:1A:79:B5:56:6B",
                "00:1A:79:B8:B7:82",
                "00:1A:79:C0:9F:D8",
                "00:1A:79:CE:E9:FE",
                "00:1A:79:CE:F5:86"
            ]
        },
        {
            "server_name": "ledir.thund.re:80",
            "server_url": "http://ledir.thund.re:80/c/",
            "macs": [
                "00:1A:79:00:09:37",
                "00:1A:79:00:09:76",
                "00:1A:79:00:0A:2C",
                "00:1A:79:00:34:81",
                "00:1A:79:00:36:71",
                "00:1A:79:02:55:28",
                "00:1A:79:02:77:07",
                "00:1A:79:22:13:D3",
                "00:1A:79:22:14:F3",
                "00:1A:79:25:50:A8"
            ]
        },
        {
            "server_name": "starshare.live:8080",
            "server_url": "http://starshare.live:8080/c/",
            "macs": [
                "00:1A:79:0A:D5:AE",
                "00:1A:79:23:37:07",
                "00:1A:79:26:FA:7C",
                "00:1A:79:42:D6:3A",
                "00:1A:79:4F:BE:CE",
                "00:1A:79:52:4F:D8",
                "00:1A:79:55:C2:2D",
                "00:1A:79:55:CE:0B",
                "00:1A:79:64:AB:69",
                "00:1A:79:79:A2:32"
            ]
        },
        {
            "server_name": "bosst.net:80",
            "server_url": "http://bosst.net:80/c/",
            "macs": [
                "00:1A:79:41:0F:1C",
                "00:1A:79:41:8C:7C",
                "00:1A:79:42:8E:C1",
                "00:1A:79:43:00:68",
                "00:1A:79:43:02:2A"
            ]
        },
        {
            "server_name": "sonymax.org:8080",
            "server_url": "http://sonymax.org:8080/c/",
            "macs": [
                "00:1A:79:08:65:C1",
                "00:1A:79:23:E2:6E",
                "00:1A:79:28:52:52",
                "00:1A:79:2A:49:1D",
                "00:1A:79:3D:AE:A3",
                "00:1A:79:41:15:83",
                "00:1A:79:43:E0:FC",
                "00:1A:79:47:33:DB",
                "00:1A:79:49:06:01",
                "00:1A:79:49:DC:13",
                "00:1A:79:4D:E8:06",
                "00:1A:79:52:B5:B2",
                "00:1A:79:54:2D:CD",
                "00:1A:79:6D:9C:6C",
                "00:1A:79:6D:EA:F5",
                "00:1A:79:73:2F:A0",
                "00:1A:79:79:03:82",
                "00:1A:79:7A:A4:0D",
                "00:1A:79:8A:80:08",
                "00:1A:79:96:A7:0A",
                "00:1A:79:AA:87:62",
                "00:1A:79:AD:5B:D8",
                "00:1A:79:AE:6D:73",
                "00:1A:79:B4:E0:CD",
                "00:1A:79:F6:57:2F"
            ]
        },
        {
            "server_name": "pro.ipcover.lol:8080",
            "server_url": "http://pro.ipcover.lol:8080/c/",
            "macs": [
                "00:1A:79:69:5D:AE",
                "00:1A:79:B1:02:A9",
                "00:1A:79:B1:02:B2",
                "00:1A:79:B5:B3:6C",
                "00:1A:79:B5:B7:28",
                "00:1A:79:B7:83:A8",
                "00:1A:79:B9:02:3E",
                "00:1A:79:CA:9C:52",
                "00:1A:79:CC:0A:C1"
            ]
        },
        {
            "server_name": "050518.pro:8000",
            "server_url": "http://050518.pro:8000/c/",
            "macs": [
                "00:1A:79:02:5F:0A"
            ]
        },
        {
            "server_name": "daydreamer.life:8080",
            "server_url": "http://daydreamer.life:8080/c/",
            "macs": [
                "00:1A:79:6B:ED:EF"
            ]
        },
        {
            "server_name": "mag.trexlive.me:80",
            "server_url": "http://mag.trexlive.me:80/c/",
            "macs": [
                "00:1A:79:BC:A7:4F"
            ]
        },
        {
            "server_name": "mutant.arrox.top:80",
            "server_url": "http://mutant.arrox.top:80/c/",
            "macs": [
                "00:1A:79:00:02:CE"
            ]
        },
        {
            "server_name": "gfr5.mi20.cc",
            "server_url": "http://gfr5.mi20.cc/stalker_portal/c/",
            "macs": [
                "00:1A:79:5D:4D:12"
            ]
        },
        {
            "server_name": "wtc05.mi20.cc",
            "server_url": "http://wtc05.mi20.cc/stalker_portal/c/",
            "macs": [
                "00:1A:79:77:F1:C0",
                "00:1A:79:E5:3B:C9",
                "00:1A:79:F1:E4:E7"
            ]
        },
        {
            "server_name": "4k.jazztv.me",
            "server_url": "http://4k.jazztv.me/stalker_portal/c/",
            "macs": [
                "00:1A:79:65:B6:8B"
            ]
        },
        {
            "server_name": "smart4k.cc",
            "server_url": "http://smart4k.cc/stalker_portal/c/",
            "macs": [
                "00:1A:79:F0:20:40"
            ]
        },
        {
            "server_name": "154.56.131.80:8080",
            "server_url": "http://154.56.131.80:8080/c/",
            "macs": [
                "00:1A:79:6E:20:8C",
                "00:1A:79:72:73:33",
                "00:1A:79:78:B9:8D",
                "00:1A:79:A0:84:AE"
            ]
        },
        {
            "server_name": "otn20.com:8000",
            "server_url": "http://otn20.com:8000/c/",
            "macs": [
                "00:1A:79:08:43:7A",
                "00:1A:79:08:8F:33",
                "00:1A:79:5C:F7:15",
                "00:1A:79:89:C5:DA",
                "00:1A:79:8F:A5:9C",
                "00:1A:79:AE:A7:92",
                "00:1A:79:C6:4A:DD",
                "00:1A:79:D1:6B:77",
                "00:1A:79:DE:0B:FB"
            ]
        },
        {
            "server_name": "ojpc.live:8080",
            "server_url": "http://ojpc.live:8080/c/",
            "macs": [
                "00:1A:79:A7:A3:FB",
                "00:1A:79:B0:C3:A1",
                "00:1A:79:BD:46:0E",
                "00:1A:79:C1:E6:53",
                "00:1A:79:C6:A6:1D"
            ]
        },
        {
            "server_name": "darknetiptv1.ddns.net:25461",
            "server_url": "http://darknetiptv1.ddns.net:25461/c/",
            "macs": [
                "00:1A:79:B8:47:CB"
            ]
        },
        {
            "server_name": "line.dino.ws",
            "server_url": "http://line.dino.ws/c/",
            "macs": [
                "00:1A:79:46:5C:AB",
                "00:1A:79:63:61:30",
                "00:1A:79:70:AC:61",
                "00:1A:79:99:87:B1"
            ]
        },
        {
            "server_name": "king.viviotv.xyz",
            "server_url": "http://king.viviotv.xyz/c/",
            "macs": [
                "00:1A:79:6F:22:CC",
                "00:1A:79:C2:57:A2"
            ]
        },
        {
            "server_name": "optimus-tv.org:8080",
            "server_url": "http://optimus-tv.org:8080/c/",
            "macs": [
                "00:1A:79:07:C3:E7",
                "00:1A:79:08:41:E3",
                "00:1A:79:0E:39:70",
                "00:1A:79:10:3E:64",
                "00:1A:79:10:40:DF",
                "00:1A:79:10:D7:F1",
                "00:1A:79:10:DE:58",
                "00:1A:79:14:6C:41",
                "00:1A:79:5E:48:25",
                "00:1A:79:6B:BB:F2",
                "00:1A:79:6E:2A:C2",
                "00:1A:79:A0:E4:67",
                "00:1A:79:A0:FD:6C"
            ]
        },
        {
            "server_name": "line.godofiptv.com",
            "server_url": "http://line.godofiptv.com/c/",
            "macs": [
                "00:1A:79:41:CE:82"
            ]
        },
        {
            "server_name": "andreblue.xyz:8080",
            "server_url": "http://andreblue.xyz:8080/c/",
            "macs": [
                "00:1A:79:00:1A:57"
            ]
        },
        {
            "server_name": "xp1.tv",
            "server_url": "http://xp1.tv/c/",
            "macs": [
                "00:1A:79:A1:31:CB"
            ]
        },
        {
            "server_name": "vbn123.com:8080",
            "server_url": "http://vbn123.com:8080/c/",
            "macs": [
                "00:1A:79:27:46:60",
                "00:1A:79:C5:AE:9A",
                "00:1A:79:CA:DC:8E"
            ]
        },
        {
            "server_name": "ispy1.click:8080",
            "server_url": "http://ispy1.click:8080/c/",
            "macs": [
                "00:1A:79:25:8F:4B",
                "00:1A:79:ED:4F:59"
            ]
        },
        {
            "server_name": "mag.redd-xc.com",
            "server_url": "http://mag.redd-xc.com/c/",
            "macs": [
                "00:1A:79:68:1F:BF",
                "00:1A:79:A3:B0:F0",
                "00:1A:79:B7:0E:60",
                "00:1A:79:BD:3F:DD",
                "00:1A:79:C2:88:DF"
            ]
        },
        {
            "server_name": "vip2024.org:8080",
            "server_url": "http://vip2024.org:8080/c/",
            "macs": [
                "00:1A:79:04:A0:5A",
                "00:1A:79:94:10:D4",
                "00:1A:79:B6:D8:7C",
                "00:1A:79:BB:F7:A5",
                "00:1A:79:C0:8E:BC"
            ]
        },
        {
            "server_name": "10431-plan.ott-cdn.me",
            "server_url": "http://10431-plan.ott-cdn.me/c/",
            "macs": [
                "00:1A:79:03:54:74",
                "00:1A:79:81:71:73",
                "00:1A:79:A9:F6:DA"
            ]
        },
        {
            "server_name": "sharktv.alphatx.me",
            "server_url": "http://sharktv.alphatx.me/c/",
            "macs": [
                "00:1A:79:0B:B3:81",
                "00:1A:79:7A:37:B8"
            ]
        },
        {
            "server_name": "ns31617126.ip-162-19-37.eu:8080",
            "server_url": "http://ns31617126.ip-162-19-37.eu:8080/c/",
            "macs": [
                "00:1A:79:B1:61:29",
                "00:1A:79:B3:C4:0C",
                "00:1A:79:B6:E0:66",
                "00:1A:79:B8:8E:70",
                "00:1A:79:B9:1E:FC",
                "00:1A:79:B9:D3:9A",
                "00:1A:79:BF:A4:EA",
                "00:1A:79:C3:B0:52",
                "00:1A:79:C5:A8:0C",
                "00:1A:79:CC:11:25",
                "00:1A:79:D0:26:A8",
                "00:1A:79:FB:08:D1",
                "00:1A:79:FB:22:6B"
            ]
        },
        {
            "server_name": "kamikaze.ooguy.com:80",
            "server_url": "http://kamikaze.ooguy.com:80/c/",
            "macs": [
                "00:1A:79:00:00:11"
            ]
        },
        {
            "server_name": "trbuscanin.com:80",
            "server_url": "http://trbuscanin.com:80/c/",
            "macs": [
                "00:1A:79:0B:B3:E3"
            ]
        },
        {
            "server_name": "lover29570.cdngold.me:80",
            "server_url": "http://lover29570.cdngold.me:80/c/",
            "macs": [
                "00:1A:79:25:4F:8B"
            ]
        },
        {
            "server_name": "sharkytv.com:2082",
            "server_url": "http://sharkytv.com:2082/c/",
            "macs": [
                "00:1A:79:18:35:7B"
            ]
        },
        {
            "server_name": "hmtv.ddns.me:8000",
            "server_url": "http://hmtv.ddns.me:8000/c/",
            "macs": [
                "00:1A:79:3F:50:40"
            ]
        },
        {
            "server_name": "tvpro.vprotv.com:25443",
            "server_url": "http://tvpro.vprotv.com:25443/c/",
            "macs": [
                "00:1A:79:98:F7:77",
                "00:1A:79:AE:76:CC"
            ]
        },
        {
            "server_name": "15.235.82.195:2052",
            "server_url": "http://15.235.82.195:2052/c/",
            "macs": [
                "00:1A:79:78:5F:EA"
            ]
        },
        {
            "server_name": "tv.tvzon.tv",
            "server_url": "http://tv.tvzon.tv/stalker_portal/c/",
            "macs": [
                "00:1A:79:10:20:30"
            ]
        },
        {
            "server_name": "visaolimpa.top:8080",
            "server_url": "http://visaolimpa.top:8080/c/",
            "macs": [
                "00:1A:79:BB:38:E3"
            ]
        },
        {
            "server_name": "apinterne.net:80",
            "server_url": "http://apinterne.net:80/c/",
            "macs": [
                "00:1A:79:00:00:00"
            ]
        },
        {
            "server_name": "steportak4k.xyz:8080",
            "server_url": "http://steportak4k.xyz:8080/c/",
            "macs": [
                "00:1A:79:00:8C:C7"
            ]
        },
        {
            "server_name": "nct.goldtv.org:8080",
            "server_url": "http://nct.goldtv.org:8080/c/",
            "macs": [
                "00:1A:79:56:2F:82"
            ]
        },
        {
            "server_name": "centra.stream",
            "server_url": "http://centra.stream/stalker_portal/c/",
            "macs": [
                "00:1A:79:BF:94:DA"
            ]
        },
        {
            "server_name": "167.114.159.108:92",
            "server_url": "http://167.114.159.108:92/stalker_portal/c/",
            "macs": [
                "00:1A:79:CD:CC:7A"
            ]
        },
        {
            "server_name": "1screen4.com:8000",
            "server_url": "http://1screen4.com:8000/c/",
            "macs": [
                "00:1A:79:19:3B:71"
            ]
        },
        {
            "server_name": "ns358711.ovh.net:88",
            "server_url": "http://ns358711.ovh.net:88/stalker_portal/c/",
            "macs": [
                "00:1A:79:3B:11:C7",
                "00:1A:79:49:DB:D1",
                "00:1A:79:76:33:73",
                "00:1A:79:C1:F0:82"
            ]
        },
        {
            "server_name": "line.iptvwings.com",
            "server_url": "http://line.iptvwings.com/c/",
            "macs": [
                "00:1A:79:19:31:38",
                "00:1A:79:59:50:00",
                "00:1A:79:AB:BC:7B",
                "00:1A:79:BE:F3:3A",
                "00:1A:79:E2:7A:C1"
            ]
        },
        {
            "server_name": "promaxhd.com:8080",
            "server_url": "http://promaxhd.com:8080/c/",
            "macs": [
                "00:1A:79:25:7F:55",
                "00:1A:79:29:3C:9F",
                "00:1A:79:3F:0F:CF",
                "00:1A:79:6A:6C:85",
                "00:1A:79:70:87:2E",
                "00:1A:79:83:E8:71",
                "00:1A:79:9A:6D:62"
            ]
        }
    ]
}