{
    "items": [
        {
            "server_name": "dinka-iptv.live",
            "server_url": "http://dinka-iptv.live/c/",
            "macs": [
                "00:1A:79:AA:D2:23",
                "00:1A:79:AD:C2:EF",
                "00:1A:79:AE:75:63",
                "00:1A:79:B0:72:27",
                "00:1A:79:B3:6E:7D",
                "00:1A:79:BA:C2:D9",
                "00:1A:79:BC:4F:56"
            ]
        },
        {
            "server_name": "ultra-box.club",
            "server_url": "http://ultra-box.club/c/",
            "macs": [
                "00:1A:79:37:01:3F",
                "00:1A:79:39:62:61",
                "00:1A:79:40:9A:C8",
                "00:1A:79:41:9D:12",
                "00:1A:79:58:0C:1F",
                "00:1A:79:60:1C:AB",
                "00:1A:79:64:03:E2",
                "00:1A:79:68:14:9E",
                "00:1A:79:69:E5:B0",
                "00:1A:79:A3:40:FC",
                "00:1A:79:A6:E5:BF",
                "00:1A:79:AA:55:11",
                "00:1A:79:B0:56:CF",
                "00:1A:79:B6:49:5A",
                "00:1A:79:B6:5A:A2",
                "00:1A:79:B7:74:F6"
            ]
        },
        {
            "server_name": "neomixs.com:8080",
            "server_url": "http://neomixs.com:8080/c/",
            "macs": [
                "00:1A:79:02:83:EA",
                "00:1A:79:05:F5:E0",
                "00:1A:79:1A:7D:25",
                "00:1A:79:7B:FA:1D",
                "00:1A:79:7C:0C:82",
                "00:1A:79:A4:7D:4C",
                "00:1A:79:A6:8F:41",
                "00:1A:79:AA:30:E4",
                "00:1A:79:BD:54:EB",
                "00:1A:79:E5:1C:6B"
            ]
        },
        {
            "server_name": "poyraz67.com:8080",
            "server_url": "http://poyraz67.com:8080/c/",
            "macs": [
                "00:1A:79:05:97:7E",
                "00:1A:79:1D:41:F5",
                "00:1A:79:5F:56:B6",
                "00:1A:79:72:6B:F2",
                "00:1A:79:91:78:7C",
                "00:1A:79:B1:70:93",
                "00:1A:79:B4:F9:BD",
                "00:1A:79:B5:5A:2D",
                "00:1A:79:BE:EE:E5",
                "00:1A:79:CE:23:BD",
                "00:1A:79:D6:0F:A8",
                "00:1A:79:E9:8A:BA",
                "00:1A:79:FB:83:F3",
                "00:1A:79:FB:ED:5E"
            ]
        },
        {
            "server_name": "zupanet.live:8080",
            "server_url": "http://zupanet.live:8080/c/",
            "macs": [
                "00:1A:79:0A:AA:B0",
                "00:1A:79:1C:1F:14",
                "00:1A:79:37:CB:9D",
                "00:1A:79:3A:B5:A4",
                "00:1A:79:43:62:DA",
                "00:1A:79:4D:C4:B0",
                "00:1A:79:55:53:45",
                "00:1A:79:5D:FD:81",
                "00:1A:79:6E:C9:8F",
                "00:1A:79:74:FD:E4",
                "00:1A:79:9F:93:FA",
                "00:1A:79:AE:C6:21",
                "00:1A:79:B6:54:38",
                "00:1A:79:BC:D8:F2",
                "00:1A:79:BF:A1:A0",
                "00:1A:79:C8:9A:D6",
                "00:1A:79:CE:5C:BF",
                "00:1A:79:D1:5C:48",
                "00:1A:79:DA:1C:54",
                "00:1A:79:F5:00:CC"
            ]
        },
        {
            "server_name": "heretv.club",
            "server_url": "http://heretv.club/c/",
            "macs": [
                "00:1A:79:A7:DA:47",
                "00:1A:79:AA:4E:86",
                "00:1A:79:AC:1F:53",
                "00:1A:79:B0:B4:CE",
                "00:1A:79:B4:54:5D",
                "00:1A:79:BA:6E:DF",
                "00:1A:79:BA:BB:65",
                "00:1A:79:BC:11:E3",
                "00:1A:79:BC:E7:53"
            ]
        },
        {
            "server_name": "mypaste.fun.gentv.to:8080",
            "server_url": "http://mypaste.fun.gentv.to:8080/c/",
            "macs": [
                "00:1A:79:03:D9:05",
                "00:1A:79:AB:BA:54",
                "00:1A:79:AB:E8:0D",
                "00:1A:79:AE:63:9F",
                "00:1A:79:AF:77:0E",
                "00:1A:79:B2:28:6E",
                "00:1A:79:BB:CF:2A",
                "00:1A:79:BC:4C:86",
                "00:1A:79:BC:6C:B2",
                "00:1A:79:BD:08:EB",
                "00:1A:79:BD:4F:88",
                "00:1A:79:C8:7A:D6"
            ]
        },
        {
            "server_name": "wuhanklan.club",
            "server_url": "http://wuhanklan.club/c/",
            "macs": [
                "00:1A:79:00:00:10",
                "00:1A:79:00:00:56",
                "00:1A:79:11:22:33",
                "00:1A:79:97:30:25",
                "00:1A:79:B0:92:F6"
            ]
        },
        {
            "server_name": "fuckyouall111av.funtogether.xyz:8080",
            "server_url": "http://fuckyouall111av.funtogether.xyz:8080/c/",
            "macs": [
                "00:1A:79:01:6E:3F",
                "00:1A:79:03:D9:05",
                "00:1A:79:35:A1:81",
                "00:1A:79:6B:F0:19",
                "00:1A:79:AF:DF:E8",
                "00:1A:79:BC:ED:23",
                "00:1A:79:BF:7B:35"
            ]
        },
        {
            "server_name": "neptun2022.pro:8080",
            "server_url": "http://neptun2022.pro:8080/c/",
            "macs": [
                "00:1A:79:31:C2:73",
                "00:1A:79:35:66:63",
                "00:1A:79:3B:17:63",
                "00:1A:79:40:35:5E",
                "00:1A:79:43:49:DA",
                "00:1A:79:46:4D:31",
                "00:1A:79:46:E3:8A",
                "00:1A:79:4D:12:8A",
                "00:1A:79:53:03:BA",
                "00:1A:79:5A:40:8D",
                "00:1A:79:5B:F0:0C",
                "00:1A:79:66:F7:31",
                "00:1A:79:68:B9:6F",
                "00:1A:79:6A:1F:5D",
                "00:1A:79:6A:A2:DC",
                "00:1A:79:6D:EC:4A"
            ]
        },
        {
            "server_name": "iptvkosova.ml.gentv.to:8080",
            "server_url": "http://iptvkosova.ml.gentv.to:8080/c/",
            "macs": [
                "00:1A:79:A6:7D:B3",
                "00:1A:79:AB:90:40",
                "00:1A:79:AE:40:A5",
                "00:1A:79:AF:87:3F",
                "00:1A:79:B5:2D:7D",
                "00:1A:79:BC:38:18",
                "00:1A:79:BC:D2:93",
                "00:1A:79:BC:F1:53",
                "00:1A:79:BE:75:14"
            ]
        },
        {
            "server_name": "4connect.link",
            "server_url": "http://4connect.link/c/",
            "macs": [
                "00:1A:79:A1:77:12",
                "00:1A:79:A3:40:FC",
                "00:1A:79:A3:F1:2B",
                "00:1A:79:A6:57:AA",
                "00:1A:79:A9:BD:B0",
                "00:1A:79:AA:BD:12",
                "00:1A:79:AA:BD:FD",
                "00:1A:79:AB:E8:B4",
                "00:1A:79:AE:5B:59",
                "00:1A:79:AE:A4:C5",
                "00:1A:79:AE:E0:B1",
                "00:1A:79:AF:78:AB",
                "00:1A:79:AF:7D:96",
                "00:1A:79:B0:35:23",
                "00:1A:79:B0:60:9C",
                "00:1A:79:B0:60:E8",
                "00:1A:79:B0:71:EF",
                "00:1A:79:B3:1B:E5",
                "00:1A:79:B7:24:D9",
                "00:1A:79:B7:71:50",
                "00:1A:79:B7:74:E3",
                "00:1A:79:B7:74:FA",
                "00:1A:79:B7:E6:87",
                "00:1A:79:BA:22:F2",
                "00:1A:79:BA:24:6C",
                "00:1A:79:BA:60:6F",
                "00:1A:79:BA:C0:AF",
                "00:1A:79:BB:70:9B",
                "00:1A:79:BB:C5:8C",
                "00:1A:79:BC:0C:61",
                "00:1A:79:BD:23:BD"
            ]
        },
        {
            "server_name": "electus.xyz:8080",
            "server_url": "http://electus.xyz:8080/c/",
            "macs": [
                "00:1A:79:00:05:7B",
                "00:1A:79:00:05:86",
                "00:1A:79:00:0A:E2",
                "00:1A:79:05:A0:DC",
                "00:1A:79:08:91:06",
                "00:1A:79:4F:45:6C",
                "00:1A:79:51:16:86",
                "00:1A:79:70:1C:CF",
                "00:1A:79:A7:BC:D0",
                "00:1A:79:B3:8F:B2",
                "00:1A:79:B5:5E:54",
                "00:1A:79:C2:7A:71",
                "00:1A:79:C3:C1:DE",
                "00:1A:79:C4:F3:E6"
            ]
        },
        {
            "server_name": "besttv.club:8080",
            "server_url": "http://besttv.club:8080/c/",
            "macs": [
                "00:1A:79:08:91:8A",
                "00:1A:79:22:40:2F",
                "00:1A:79:47:AB:2A",
                "00:1A:79:75:5C:41",
                "00:1A:79:BD:59:0E",
                "00:1A:79:BF:DA:F0"
            ]
        },
        {
            "server_name": "zenlink.link",
            "server_url": "http://zenlink.link/c/",
            "macs": [
                "00:1A:79:A1:5F:40",
                "00:1A:79:A5:DB:D2",
                "00:1A:79:A9:EC:5E",
                "00:1A:79:AD:45:D3",
                "00:1A:79:AD:7F:3A",
                "00:1A:79:AE:56:1C",
                "00:1A:79:B0:72:1F",
                "00:1A:79:B0:93:26",
                "00:1A:79:B2:8B:AA",
                "00:1A:79:B6:5A:A2",
                "00:1A:79:BA:0E:70",
                "00:1A:79:BA:CE:09",
                "00:1A:79:BB:8D:C1",
                "00:1A:79:BB:C7:5F",
                "00:1A:79:BD:35:F7"
            ]
        },
        {
            "server_name": "anonymoustv.club",
            "server_url": "http://anonymoustv.club/c/",
            "macs": [
                "00:1A:79:00:00:00",
                "00:1A:79:00:00:10",
                "00:1A:79:00:20:4A",
                "00:1A:79:03:8A:CB",
                "00:1A:79:11:15:12",
                "00:1A:79:17:25:E6",
                "00:1A:79:2D:3E:EA",
                "00:1A:79:3A:31:B5",
                "00:1A:79:45:EB:ED",
                "00:1A:79:4E:2A:94",
                "00:1A:79:4F:C9:26",
                "00:1A:79:53:09:C0",
                "00:1A:79:5C:DC:D2",
                "00:1A:79:5E:81:7B",
                "00:1A:79:69:03:C6",
                "00:1A:79:6A:A1:25",
                "00:1A:79:6F:68:9E",
                "00:1A:79:71:4E:E1",
                "00:1A:79:73:35:FD",
                "00:1A:79:73:88:B7",
                "00:1A:79:73:D0:7E",
                "00:1A:79:75:6F:4E",
                "00:1A:79:77:4E:68",
                "00:1A:79:7B:9D:EA",
                "00:1A:79:7C:00:77",
                "00:1A:79:89:4F:0E",
                "00:1A:79:8E:76:59",
                "00:1A:79:A3:CC:34",
                "00:1A:79:A6:55:80",
                "00:1A:79:A9:D2:C4",
                "00:1A:79:AA:3B:72",
                "00:1A:79:B2:ED:80",
                "00:1A:79:B5:21:A4",
                "00:1A:79:B5:5F:FE",
                "00:1A:79:B5:85:E4",
                "00:1A:79:B7:75:A5",
                "00:1A:79:C0:12:D5",
                "00:1A:79:C0:2B:90",
                "00:1A:79:C1:3D:27",
                "00:1A:79:C2:A8:BA",
                "00:1A:79:C3:AE:99",
                "00:1A:79:C8:4B:3D",
                "00:1A:79:CC:86:8D",
                "00:1A:79:F8:E2:72",
                "00:1A:79:F9:7D:4E"
            ]
        },
        {
            "server_name": "promaxhd.com:8080",
            "server_url": "http://promaxhd.com:8080/c/",
            "macs": [
                "00:1A:79:05:F5:CA",
                "00:1A:79:31:F7:E0",
                "00:1A:79:52:1E:34",
                "00:1A:79:6D:8F:14",
                "00:1A:79:6E:1B:70",
                "00:1A:79:8F:D5:59",
                "00:1A:79:A0:84:AE",
                "00:1A:79:AB:62:5E",
                "00:1A:79:AB:67:DC",
                "00:1A:79:AB:7A:0B",
                "00:1A:79:B0:95:3B",
                "00:1A:79:B2:58:15",
                "00:1A:79:B4:E4:C6",
                "00:1A:79:B5:68:1A",
                "00:1A:79:B6:57:6B",
                "00:1A:79:B7:40:F0",
                "00:1A:79:B9:09:1B",
                "00:1A:79:B9:09:41",
                "00:1A:79:BA:B6:B3",
                "00:1A:79:BB:40:E5",
                "00:1A:79:BE:07:81",
                "00:1A:79:D4:97:D3"
            ]
        },
        {
            "server_name": "kocaeli41.xyz:8000",
            "server_url": "http://kocaeli41.xyz:8000/c/",
            "macs": [
                "00:1A:79:3A:39:C0",
                "00:1A:79:3A:B4:FB",
                "00:1A:79:3D:14:F2",
                "00:1A:79:46:E3:8A",
                "00:1A:79:4B:6F:BD",
                "00:1A:79:59:B2:11",
                "00:1A:79:5C:1F:2C",
                "00:1A:79:5E:E6:01",
                "00:1A:79:62:B9:6C",
                "00:1A:79:6A:D8:77",
                "00:1A:79:6B:07:DB",
                "00:1A:79:A0:FE:72",
                "00:1A:79:A1:50:D5",
                "00:1A:79:A2:2C:DB",
                "00:1A:79:A2:E8:E0",
                "00:1A:79:A4:93:0F",
                "00:1A:79:A5:A2:28",
                "00:1A:79:A6:2F:9B",
                "00:1A:79:A7:A6:C3",
                "00:1A:79:A9:15:5C",
                "00:1A:79:AB:76:71",
                "00:1A:79:AB:76:8F",
                "00:1A:79:AB:95:20",
                "00:1A:79:AE:D5:A1",
                "00:1A:79:B0:44:43",
                "00:1A:79:B0:B9:CB",
                "00:1A:79:B0:DF:47",
                "00:1A:79:B0:E2:98",
                "00:1A:79:B2:0A:A3",
                "00:1A:79:B2:58:15",
                "00:1A:79:B3:7E:6B",
                "00:1A:79:B7:21:7A",
                "00:1A:79:B7:2F:CB",
                "00:1A:79:B8:FC:7C",
                "00:1A:79:B9:BD:96",
                "00:1A:79:BA:AF:31",
                "00:1A:79:BA:D5:D8",
                "00:1A:79:BD:36:98",
                "00:1A:79:BD:3B:05",
                "00:1A:79:BD:78:F9",
                "00:1A:79:BD:B5:80"
            ]
        },
        {
            "server_name": "iboxs.club",
            "server_url": "http://iboxs.club/c/",
            "macs": [
                "00:1A:79:A2:35:BD",
                "00:1A:79:A3:F4:2F",
                "00:1A:79:AA:54:70",
                "00:1A:79:AB:53:40",
                "00:1A:79:AB:80:16",
                "00:1A:79:AB:A3:F0",
                "00:1A:79:AC:94:D7",
                "00:1A:79:AE:4C:7D",
                "00:1A:79:AE:5D:33",
                "00:1A:79:AE:81:41",
                "00:1A:79:AE:EB:4E",
                "00:1A:79:B2:56:34",
                "00:1A:79:B5:36:66",
                "00:1A:79:B6:71:17",
                "00:1A:79:B7:74:80",
                "00:1A:79:B7:E6:89",
                "00:1A:79:BA:1F:2E",
                "00:1A:79:BA:60:D8",
                "00:1A:79:BA:9C:CF",
                "00:1A:79:BC:E7:53"
            ]
        },
        {
            "server_name": "portal.ramz123.xyz:8080",
            "server_url": "http://portal.ramz123.xyz:8080/c/",
            "macs": [
                "00:1A:79:A5:32:80",
                "00:1A:79:A9:30:15",
                "00:1A:79:AA:5A:94",
                "00:1A:79:B2:15:C3",
                "00:1A:79:B5:5F:86",
                "00:1A:79:B6:47:B9",
                "00:1A:79:BA:3A:05",
                "00:1A:79:BA:B7:BD"
            ]
        },
        {
            "server_name": "world.marvelhd.eu:8000",
            "server_url": "http://world.marvelhd.eu:8000/c/",
            "macs": [
                "00:1A:79:66:F6:08",
                "00:1A:79:75:8D:EF",
                "00:1A:79:F5:09:0B"
            ]
        },
        {
            "server_name": "sonymax.org:8080",
            "server_url": "http://sonymax.org:8080/c/",
            "macs": [
                "00:1A:79:2B:8C:62",
                "00:1A:79:49:40:50",
                "00:1A:79:5A:E4:A3",
                "00:1A:79:5F:AA:8C",
                "00:1A:79:7A:2A:2B",
                "00:1A:79:9C:C9:92",
                "00:1A:79:AE:2D:AA",
                "00:1A:79:C0:0F:C5",
                "00:1A:79:C5:5C:0B",
                "00:1A:79:C7:C5:89",
                "00:1A:79:D6:17:E2"
            ]
        },
        {
            "server_name": "ss.2665.ninja:8080",
            "server_url": "http://ss.2665.ninja:8080/c/",
            "macs": [
                "00:1A:79:A1:B7:E7",
                "00:1A:79:A3:13:67",
                "00:1A:79:A4:4D:16",
                "00:1A:79:A4:90:8C",
                "00:1A:79:AA:E2:1B",
                "00:1A:79:AB:76:E6",
                "00:1A:79:AC:28:41",
                "00:1A:79:AE:1F:1F",
                "00:1A:79:AE:2E:7D",
                "00:1A:79:AE:B0:D0",
                "00:1A:79:B0:B0:5C",
                "00:1A:79:B3:8B:C4",
                "00:1A:79:B5:AD:6B",
                "00:1A:79:B6:11:57",
                "00:1A:79:B6:77:68"
            ]
        },
        {
            "server_name": "matrix-ott.tv:8080",
            "server_url": "http://matrix-ott.tv:8080/c/",
            "macs": [
                "00:1A:79:00:00:83",
                "00:1A:79:03:9F:EE",
                "00:1A:79:04:5F:46",
                "00:1A:79:05:68:B0",
                "00:1A:79:05:F8:FD",
                "00:1A:79:12:4F:18",
                "00:1A:79:16:3A:9F",
                "00:1A:79:19:40:70",
                "00:1A:79:1D:C9:36",
                "00:1A:79:22:3C:B3",
                "00:1A:79:27:41:47",
                "00:1A:79:28:52:41",
                "00:1A:79:31:85:B9",
                "00:1A:79:32:4F:20",
                "00:1A:79:3A:FA:C8",
                "00:1A:79:41:8A:CA",
                "00:1A:79:44:1F:77",
                "00:1A:79:48:0A:F5",
                "00:1A:79:49:B9:21",
                "00:1A:79:4C:AA:81",
                "00:1A:79:4F:5F:01",
                "00:1A:79:4F:9D:15",
                "00:1A:79:4F:CC:12",
                "00:1A:79:50:B4:87",
                "00:1A:79:51:14:DD",
                "00:1A:79:58:2F:CB",
                "00:1A:79:5A:07:31",
                "00:1A:79:5A:C9:2A",
                "00:1A:79:63:BA:B9",
                "00:1A:79:68:8E:AF",
                "00:1A:79:68:97:52",
                "00:1A:79:6A:5F:B9",
                "00:1A:79:6D:EB:3A",
                "00:1A:79:75:6A:3D",
                "00:1A:79:78:70:AC",
                "00:1A:79:78:8B:6C",
                "00:1A:79:7A:2D:75",
                "00:1A:79:91:75:74",
                "00:1A:79:A1:18:79",
                "00:1A:79:AB:9D:7D",
                "00:1A:79:AD:E1:78",
                "00:1A:79:B5:A6:3D",
                "00:1A:79:BA:F8:D5",
                "00:1A:79:BF:7E:66",
                "00:1A:79:C0:71:60",
                "00:1A:79:C4:3D:CB",
                "00:1A:79:C6:3A:18",
                "00:1A:79:C6:CB:BD"
            ]
        },
        {
            "server_name": "erdin1.com:8000",
            "server_url": "http://erdin1.com:8000/c/",
            "macs": [
                "00:1A:79:09:DB:FB",
                "00:1A:79:49:E7:BF",
                "00:1A:79:4E:68:01",
                "00:1A:79:69:1A:85",
                "00:1A:79:70:37:49",
                "00:1A:79:83:D2:F7",
                "00:1A:79:AA:87:6E",
                "00:1A:79:F5:0B:86",
                "00:1A:79:FB:09:8E"
            ]
        },
        {
            "server_name": "letmein.fun:8080",
            "server_url": "http://letmein.fun:8080/c/",
            "macs": [
                "00:1A:79:A9:2E:F2",
                "00:1A:79:AE:44:D5",
                "00:1A:79:B7:53:D0",
                "00:1A:79:B9:D1:91",
                "00:1A:79:BA:0D:88",
                "00:1A:79:BA:BA:94",
                "00:1A:79:BA:CA:5C",
                "00:1A:79:CD:17:12"
            ]
        },
        {
            "server_name": "ip.king-cobra.eu:8080",
            "server_url": "http://ip.king-cobra.eu:8080/c/",
            "macs": [
                "00:1A:79:01:6F:C4",
                "00:1A:79:59:48:D0",
                "00:1A:79:68:0F:06",
                "00:1A:79:79:79:FA",
                "00:1A:79:91:FA:B6",
                "00:1A:79:AD:2E:BB",
                "00:1A:79:B4:2F:D5",
                "00:1A:79:B8:D6:30",
                "00:1A:79:B9:A1:5C",
                "00:1A:79:D6:6C:5F",
                "00:1A:79:E1:F4:5A"
            ]
        },
        {
            "server_name": "alexiptv.ddns.me:8080",
            "server_url": "http://alexiptv.ddns.me:8080/c/",
            "macs": [
                "00:1A:79:A4:96:69",
                "00:1A:79:A5:9E:B6",
                "00:1A:79:AE:94:73",
                "00:1A:79:AE:B7:74",
                "00:1A:79:B5:19:61",
                "00:1A:79:B5:1F:08",
                "00:1A:79:BA:9C:91"
            ]
        },
        {
            "server_name": "hd-max.org:8080",
            "server_url": "http://hd-max.org:8080/c/",
            "macs": [
                "00:1A:79:31:B2:1A",
                "00:1A:79:33:6D:62",
                "00:1A:79:48:74:3E",
                "00:1A:79:65:A6:09",
                "00:1A:79:67:B0:26",
                "00:1A:79:6D:EB:48"
            ]
        },
        {
            "server_name": "pp.prison8break.com:8080",
            "server_url": "http://pp.prison8break.com:8080/c/",
            "macs": [
                "00:1A:79:38:15:4F"
            ]
        },
        {
            "server_name": "portal.geniptv.com:8080",
            "server_url": "http://portal.geniptv.com:8080/c/",
            "macs": [
                "00:1A:79:07:1C:CB"
            ]
        },
        {
            "server_name": "pointpython.streamtv.to:8080",
            "server_url": "http://pointpython.streamtv.to:8080/c/",
            "macs": [
                "00:1A:79:05:F8:01",
                "00:1A:79:1C:4A:ED",
                "00:1A:79:BF:90:E8",
                "00:1A:79:C2:C2:BD"
            ]
        },
        {
            "server_name": "tp.nxdns4.com:8080",
            "server_url": "http://tp.nxdns4.com:8080/c/",
            "macs": [
                "00:1A:79:2E:F3:C4",
                "00:1A:79:31:FB:61",
                "00:1A:79:39:B0:2F",
                "00:1A:79:3E:79:AB",
                "00:1A:79:41:C8:C8",
                "00:1A:79:49:28:73",
                "00:1A:79:4D:56:C5",
                "00:1A:79:52:2E:B4",
                "00:1A:79:53:88:EF",
                "00:1A:79:59:3C:FB",
                "00:1A:79:6A:16:D0",
                "00:1A:79:6C:D8:05",
                "00:1A:79:94:BD:60",
                "00:1A:79:B5:7B:CC",
                "00:1A:79:BE:6F:01",
                "00:1A:79:C4:33:1D",
                "00:1A:79:DA:4E:56",
                "00:1A:79:E5:D3:52"
            ]
        },
        {
            "server_name": "154.16.143.181:8080",
            "server_url": "http://154.16.143.181:8080/c/",
            "macs": [
                "00:1A:79:0D:4C:DF",
                "00:1A:79:31:EE:25",
                "00:1A:79:7A:97:85",
                "00:1A:79:BC:D8:F2",
                "00:1A:79:FB:06:92"
            ]
        },
        {
            "server_name": "hellas.sltv.pw:8080",
            "server_url": "http://hellas.sltv.pw:8080/c/",
            "macs": [
                "00:1A:79:20:7F:38",
                "00:1A:79:48:88:39",
                "00:1A:79:A4:64:BF",
                "00:1A:79:D6:A8:58",
                "00:1A:79:E0:07:BF"
            ]
        },
        {
            "server_name": "onfireboxtv.com",
            "server_url": "http://onfireboxtv.com/c/",
            "macs": [
                "00:1A:79:A5:2A:68",
                "00:1A:79:A9:2B:70",
                "00:1A:79:AC:95:58",
                "00:1A:79:B0:72:0A",
                "00:1A:79:B3:68:CB",
                "00:1A:79:BA:85:38"
            ]
        },
        {
            "server_name": "kb6tprio7y.ddns.net",
            "server_url": "http://kb6tprio7y.ddns.net/c/",
            "macs": [
                "00:1A:79:B4:54:5D",
                "00:1A:79:BD:23:BD"
            ]
        },
        {
            "server_name": "kingbox.vip:80",
            "server_url": "http://kingbox.vip:80/c/",
            "macs": [
                "00:1A:79:02:12:45",
                "00:1A:79:43:F8:B6",
                "00:1A:79:44:55:66",
                "00:1A:79:4C:C8:3E",
                "00:1A:79:66:3A:8F"
            ]
        },
        {
            "server_name": "clientsportals.net:8080",
            "server_url": "http://clientsportals.net:8080/c/",
            "macs": [
                "00:1A:79:03:D9:05",
                "00:1A:79:51:F0:98",
                "00:1A:79:52:B5:85",
                "00:1A:79:54:D5:CD",
                "00:1A:79:AB:3E:5E",
                "00:1A:79:AD:4B:A9",
                "00:1A:79:AD:BE:BA",
                "00:1A:79:AF:67:61",
                "00:1A:79:B1:6D:04",
                "00:1A:79:B1:6D:FB",
                "00:1A:79:B4:18:F3",
                "00:1A:79:B7:70:70",
                "00:1A:79:B8:8E:C7",
                "00:1A:79:BB:46:98"
            ]
        },
        {
            "server_name": "sony4k.vip:8000",
            "server_url": "http://sony4k.vip:8000/c/",
            "macs": [
                "00:1A:79:5A:37:3E",
                "00:1A:79:AF:47:9C",
                "00:1A:79:C5:DA:46",
                "00:1A:79:D8:02:A9",
                "00:1A:79:FB:46:37"
            ]
        },
        {
            "server_name": "restream.globaltv1.net:8080",
            "server_url": "http://restream.globaltv1.net:8080/c/",
            "macs": [
                "00:1A:79:11:56:53",
                "00:1A:79:1C:15:2D",
                "00:1A:79:40:6D:3D",
                "00:1A:79:40:A7:D5",
                "00:1A:79:4D:00:29",
                "00:1A:79:4D:02:3A",
                "00:1A:79:4D:04:66",
                "00:1A:79:5E:4A:27",
                "00:1A:79:6B:BB:5F",
                "00:1A:79:90:0C:A8",
                "00:1A:79:90:2B:81",
                "00:1A:79:A1:DC:E4",
                "00:1A:79:BD:C1:BC",
                "00:1A:79:BE:97:93",
                "00:1A:79:CA:6F:E2"
            ]
        },
        {
            "server_name": "pal.alphatx.me",
            "server_url": "http://pal.alphatx.me/c/",
            "macs": [
                "00:1A:79:54:4F:8C",
                "00:1A:79:97:35:1A",
                "00:1A:79:B0:E7:F3",
                "00:1A:79:D6:6C:4A"
            ]
        },
        {
            "server_name": "mag.ukhd.tv",
            "server_url": "http://mag.ukhd.tv/c/",
            "macs": [
                "00:1A:79:00:8F:F5",
                "00:1A:79:25:91:76",
                "00:1A:79:30:8F:CC",
                "00:1A:79:3B:E6:54",
                "00:1A:79:40:72:1F",
                "00:1A:79:46:B4:5C",
                "00:1A:79:4A:20:95",
                "00:1A:79:4F:D3:3F",
                "00:1A:79:51:7D:00",
                "00:1A:79:62:CE:93",
                "00:1A:79:70:F8:9F",
                "00:1A:79:73:0F:F7",
                "00:1A:79:75:F5:CD",
                "00:1A:79:A3:14:01",
                "00:1A:79:AF:36:8B",
                "00:1A:79:AF:9F:EA",
                "00:1A:79:EF:14:80"
            ]
        },
        {
            "server_name": "ojpc.live:8080",
            "server_url": "http://ojpc.live:8080/c/",
            "macs": [
                "00:1A:79:86:74:0E",
                "00:1A:79:A6:DD:ED",
                "00:1A:79:AE:26:6E",
                "00:1A:79:B6:D7:06",
                "00:1A:79:B7:40:EC",
                "00:1A:79:C0:1F:64",
                "00:1A:79:C8:1B:FA",
                "00:1A:79:CB:63:86",
                "00:1A:79:EE:41:88"
            ]
        },
        {
            "server_name": "yolospeed.pro:80",
            "server_url": "http://yolospeed.pro:80/c/",
            "macs": [
                "00:1A:79:53:A6:59"
            ]
        },
        {
            "server_name": "mag.ultimateott.live",
            "server_url": "http://mag.ultimateott.live/c/",
            "macs": [
                "00:1A:79:53:3C:99"
            ]
        },
        {
            "server_name": "3545prxy1.34tt539slx.xyz:8080",
            "server_url": "http://3545prxy1.34tt539slx.xyz:8080/c/",
            "macs": [
                "00:1A:79:07:78:96",
                "00:1A:79:32:63:6F",
                "00:1A:79:3B:44:5F",
                "00:1A:79:54:FA:65",
                "00:1A:79:57:58:A7",
                "00:1A:79:AB:58:10"
            ]
        },
        {
            "server_name": "ipc.proipciptv.com:8000",
            "server_url": "http://ipc.proipciptv.com:8000/c/",
            "macs": [
                "00:1A:79:42:D4:6A",
                "00:1A:79:43:33:A6"
            ]
        },
        {
            "server_name": "line.iptveros.com:80",
            "server_url": "http://line.iptveros.com:80/c/",
            "macs": [
                "00:1A:79:66:F5:95",
                "00:1A:79:FB:36:21"
            ]
        },
        {
            "server_name": "deltago.ddns.net:80",
            "server_url": "http://deltago.ddns.net:80/c/",
            "macs": [
                "00:1A:79:6B:90:A2",
                "00:1A:79:B1:FD:8B",
                "00:1A:79:C2:42:C4"
            ]
        },
        {
            "server_name": "hdmiclub.online:8080",
            "server_url": "http://hdmiclub.online:8080/c/",
            "macs": [
                "00:1A:79:41:BC:A0",
                "00:1A:79:5D:8C:41",
                "00:1A:79:C6:D2:4F"
            ]
        },
        {
            "server_name": "innovationpro.nl:80",
            "server_url": "http://innovationpro.nl:80/c/",
            "macs": [
                "00:1A:79:87:7F:CA",
                "00:1A:79:A1:76:31",
                "00:1A:79:C6:74:C7"
            ]
        },
        {
            "server_name": "mnbgy.com",
            "server_url": "http://mnbgy.com/c/",
            "macs": [
                "00:1A:79:50:CA:EF",
                "00:1A:79:50:ED:53",
                "00:1A:79:51:15:E7",
                "00:1A:79:51:A2:D1"
            ]
        },
        {
            "server_name": "4ksuper.live",
            "server_url": "http://4ksuper.live/c/",
            "macs": [
                "00:1A:79:36:44:CC",
                "00:1A:79:C3:A8:86",
                "00:1A:79:C4:6E:F6",
                "00:1A:79:CE:EE:FB",
                "00:1A:79:D4:C6:24",
                "00:1A:79:E4:40:27",
                "00:1A:79:F5:49:AC"
            ]
        },
        {
            "server_name": "195.128.249.99",
            "server_url": "http://195.128.249.99/c/",
            "macs": [
                "00:1A:79:AD:EC:7A",
                "00:1A:79:B2:35:D2",
                "00:1A:79:BB:28:EB",
                "00:1A:79:C0:7F:C8",
                "00:1A:79:C4:10:F5",
                "00:1A:79:C4:58:21",
                "00:1A:79:CA:DC:53",
                "00:1A:79:F5:35:95"
            ]
        },
        {
            "server_name": "petarxc.ddns.net:8000",
            "server_url": "http://petarxc.ddns.net:8000/c/",
            "macs": [
                "00:1A:79:32:BB:A2",
                "00:1A:79:5D:93:81"
            ]
        },
        {
            "server_name": "redson.xyz:80",
            "server_url": "http://redson.xyz:80/c/",
            "macs": [
                "00:1A:79:41:75:5A"
            ]
        },
        {
            "server_name": "cdn.tv-ks.top:80",
            "server_url": "http://cdn.tv-ks.top:80/c/",
            "macs": [
                "00:1A:79:1E:08:C7",
                "00:1A:79:22:40:BF",
                "00:1A:79:80:5B:69",
                "00:1A:79:84:07:A5",
                "00:1A:79:A8:F7:B1",
                "00:1A:79:C2:B7:56"
            ]
        },
        {
            "server_name": "tvkijken.xyz:8080",
            "server_url": "http://tvkijken.xyz:8080/c/",
            "macs": [
                "00:1A:79:86:09:4A"
            ]
        },
        {
            "server_name": "45.139.122.199:8080",
            "server_url": "http://45.139.122.199:8080/c/",
            "macs": [
                "00:1A:79:A2:8F:B8",
                "00:1A:79:CC:D6:E4"
            ]
        },
        {
            "server_name": "teos.black2.live:8080",
            "server_url": "http://teos.black2.live:8080/c/",
            "macs": [
                "00:1A:79:A6:01:CF"
            ]
        },
        {
            "server_name": "roxs.xyz",
            "server_url": "http://roxs.xyz/c/",
            "macs": [
                "00:1A:79:21:1F:26",
                "00:1A:79:A2:0B:AD"
            ]
        },
        {
            "server_name": "zepequeno.xyz:8080",
            "server_url": "http://zepequeno.xyz:8080/c/",
            "macs": [
                "00:1A:79:3B:44:77",
                "00:1A:79:AC:C0:0F",
                "00:1A:79:AF:53:73",
                "00:1A:79:BA:2B:B8",
                "00:1A:79:CD:F3:DC"
            ]
        },
        {
            "server_name": "ios.exodus-1.rocks:8080",
            "server_url": "http://ios.exodus-1.rocks:8080/c/",
            "macs": [
                "00:1A:79:30:91:8D",
                "00:1A:79:31:33:62"
            ]
        },
        {
            "server_name": "mag.diamondma.club",
            "server_url": "http://mag.diamondma.club/c/",
            "macs": [
                "00:1A:79:00:AA:5E",
                "00:1A:79:11:DF:FF",
                "00:1A:79:68:0F:8B",
                "00:1A:79:D3:5A:51"
            ]
        },
        {
            "server_name": "ip219.ip-188-165-28.eu",
            "server_url": "http://ip219.ip-188-165-28.eu/c/",
            "macs": [
                "00:1A:79:05:F6:C7",
                "00:1A:79:42:7E:F6"
            ]
        },
        {
            "server_name": "global4k.info:8080",
            "server_url": "http://global4k.info:8080/c/",
            "macs": [
                "00:1A:79:08:E4:E2",
                "00:1A:79:25:87:AF",
                "00:1A:79:4D:01:2E",
                "00:1A:79:4D:03:23",
                "00:1A:79:4D:05:B8",
                "00:1A:79:63:C5:66",
                "00:1A:79:6E:29:B9",
                "00:1A:79:81:DB:2F",
                "00:1A:79:A5:C7:BC",
                "00:1A:79:B0:34:C5",
                "00:1A:79:BC:35:4D",
                "00:1A:79:C7:9A:CD"
            ]
        },
        {
            "server_name": "exm3u.123tv.to:8080",
            "server_url": "http://exm3u.123tv.to:8080/c/",
            "macs": [
                "00:1A:79:44:65:4B",
                "00:1A:79:46:1C:45",
                "00:1A:79:4A:15:2F",
                "00:1A:79:52:15:5A",
                "00:1A:79:63:78:E0",
                "00:1A:79:66:53:0F",
                "00:1A:79:AB:5F:91",
                "00:1A:79:B0:A5:92",
                "00:1A:79:BA:73:F1"
            ]
        },
        {
            "server_name": "darktv.eu:25461",
            "server_url": "http://darktv.eu:25461/c/",
            "macs": [
                "00:1A:79:3B:44:5E",
                "00:1A:79:3D:66:B1",
                "00:1A:79:61:FC:57",
                "00:1A:79:68:F8:00",
                "00:1A:79:7C:6F:55",
                "00:1A:79:83:9F:A7",
                "00:1A:79:A4:73:0E",
                "00:1A:79:BE:4A:70",
                "00:1A:79:BF:68:CF",
                "00:1A:79:DD:3F:B3"
            ]
        },
        {
            "server_name": "medotv.nl:8000",
            "server_url": "http://medotv.nl:8000/c/",
            "macs": [
                "00:1A:79:35:3B:D9",
                "00:1A:79:4E:2D:25",
                "00:1A:79:4E:2E:CD",
                "00:1A:79:55:73:CA",
                "00:1A:79:B5:94:10"
            ]
        },
        {
            "server_name": "185.243.7.51:80",
            "server_url": "http://185.243.7.51:80/c/",
            "macs": [
                "00:1A:79:00:02:02",
                "00:1A:79:0C:0A:98",
                "00:1A:79:57:A3:8C",
                "00:1A:79:7A:00:AE",
                "00:1A:79:B4:45:A1",
                "00:1A:79:F4:66:36",
                "00:1A:79:F5:15:84"
            ]
        },
        {
            "server_name": "wildversion.com:80",
            "server_url": "http://wildversion.com:80/c/",
            "macs": [
                "00:1A:79:22:14:9D",
                "00:1A:79:C8:35:DA",
                "00:1A:79:F1:B8:05"
            ]
        },
        {
            "server_name": "ip.01live.club:8080",
            "server_url": "http://ip.01live.club:8080/c/",
            "macs": [
                "00:1A:79:50:20:78",
                "00:1A:79:50:BD:85",
                "00:1A:79:50:DC:87"
            ]
        },
        {
            "server_name": "stalker.ugoiptv.com:80",
            "server_url": "http://stalker.ugoiptv.com:80/c/",
            "macs": [
                "00:1A:79:00:07:95",
                "00:1A:79:00:0D:62",
                "00:1A:79:00:12:4F"
            ]
        },
        {
            "server_name": "gauloise.cc",
            "server_url": "http://gauloise.cc/c/",
            "macs": [
                "00:1A:79:50:86:C3",
                "00:1A:79:62:B3:C8"
            ]
        },
        {
            "server_name": "speed-gaz.xyz",
            "server_url": "http://speed-gaz.xyz/c/",
            "macs": [
                "00:1A:79:C7:9D:16"
            ]
        },
        {
            "server_name": "tornado.netlink4.com:8080",
            "server_url": "http://tornado.netlink4.com:8080/c/",
            "macs": [
                "00:1A:79:01:71:B3",
                "00:1A:79:04:EB:7A",
                "00:1A:79:08:8F:47",
                "00:1A:79:33:59:E5",
                "00:1A:79:3A:B6:66",
                "00:1A:79:4E:37:C9",
                "00:1A:79:5A:98:70",
                "00:1A:79:87:07:AF",
                "00:1A:79:9D:45:BD",
                "00:1A:79:C0:D7:32"
            ]
        },
        {
            "server_name": "optimus-tv.org:8080",
            "server_url": "http://optimus-tv.org:8080/c/",
            "macs": [
                "00:1A:79:01:71:5B",
                "00:1A:79:07:BB:FD",
                "00:1A:79:08:41:C7",
                "00:1A:79:08:E3:14",
                "00:1A:79:08:E6:AA",
                "00:1A:79:08:EC:9D",
                "00:1A:79:0E:3A:A0",
                "00:1A:79:10:DE:93",
                "00:1A:79:10:DF:B0",
                "00:1A:79:5E:48:01",
                "00:1A:79:6B:BA:5C",
                "00:1A:79:6B:BB:28",
                "00:1A:79:6B:BB:52",
                "00:1A:79:6E:28:EE",
                "00:1A:79:6E:2A:55",
                "00:1A:79:6E:2A:CE",
                "00:1A:79:76:FC:8C",
                "00:1A:79:77:04:5F",
                "00:1A:79:A0:FD:4F",
                "00:1A:79:A0:FD:82",
                "00:1A:79:AB:60:C6",
                "00:1A:79:AF:38:B8"
            ]
        },
        {
            "server_name": "xc-clubtv.xyz:8080",
            "server_url": "http://xc-clubtv.xyz:8080/c/",
            "macs": [
                "00:1A:79:00:02:C1",
                "00:1A:79:00:16:A1",
                "00:1A:79:00:16:AC",
                "00:1A:79:1A:01:B4",
                "00:1A:79:4A:18:B8"
            ]
        },
        {
            "server_name": "mutant.arrox.top:80",
            "server_url": "http://mutant.arrox.top:80/c/",
            "macs": [
                "00:1A:79:00:02:B5",
                "00:1A:79:00:03:28",
                "00:1A:79:00:03:69"
            ]
        },
        {
            "server_name": "keycdn.co:80",
            "server_url": "http://keycdn.co:80/c/",
            "macs": [
                "00:1A:79:48:A2:D4",
                "00:1A:79:72:F4:AA"
            ]
        },
        {
            "server_name": "iptv.darkbox.nu:80",
            "server_url": "http://iptv.darkbox.nu:80/c/",
            "macs": [
                "00:1A:79:03:0C:D5",
                "00:1A:79:05:0F:12",
                "00:1A:79:A7:69:7E"
            ]
        },
        {
            "server_name": "mysp03.wanicelife.com:8880",
            "server_url": "http://mysp03.wanicelife.com:8880/c/",
            "macs": [
                "00:1A:79:70:C5:56"
            ]
        },
        {
            "server_name": "ibrafr.com:8789",
            "server_url": "http://ibrafr.com:8789/c/",
            "macs": [
                "00:1A:79:4F:03:F6",
                "00:1A:79:56:63:0E",
                "00:1A:79:5A:72:E6",
                "00:1A:79:5D:4C:31",
                "00:1A:79:62:29:92",
                "00:1A:79:68:8B:EA",
                "00:1A:79:7B:89:50",
                "00:1A:79:A1:E5:BC",
                "00:1A:79:A2:F8:6F",
                "00:1A:79:B4:69:3D",
                "00:1A:79:C3:C9:70",
                "00:1A:79:C8:70:23"
            ]
        },
        {
            "server_name": "6a6b6.com",
            "server_url": "http://6a6b6.com/c/",
            "macs": [
                "00:1A:79:2B:BF:60",
                "00:1A:79:30:9F:23",
                "00:1A:79:90:02:72"
            ]
        },
        {
            "server_name": "scorpioniptv.com:8880",
            "server_url": "http://scorpioniptv.com:8880/c/",
            "macs": [
                "00:1A:79:32:C3:36",
                "00:1A:79:A1:AA:FC",
                "00:1A:79:F5:31:2C"
            ]
        },
        {
            "server_name": "fpro.webvps.de:25443",
            "server_url": "http://fpro.webvps.de:25443/c/",
            "macs": [
                "00:1A:79:25:C4:3E"
            ]
        },
        {
            "server_name": "xruistream.bio:8080",
            "server_url": "http://xruistream.bio:8080/c/",
            "macs": [
                "00:1A:79:40:86:A9",
                "00:1A:79:5E:03:93"
            ]
        },
        {
            "server_name": "4kplus.org:80",
            "server_url": "http://4kplus.org:80/c/",
            "macs": [
                "00:1A:79:03:8F:F7",
                "00:1A:79:CA:2F:3D"
            ]
        },
        {
            "server_name": "maxhd.org:8080",
            "server_url": "http://maxhd.org:8080/c/",
            "macs": [
                "00:1A:79:40:06:6C",
                "00:1A:79:40:0F:CE"
            ]
        },
        {
            "server_name": "fr5k.com",
            "server_url": "http://fr5k.com/c/",
            "macs": [
                "00:1A:79:53:3C:99"
            ]
        },
        {
            "server_name": "masterofiptv.pro",
            "server_url": "http://masterofiptv.pro/c/",
            "macs": [
                "00:1A:79:20:38:CD"
            ]
        },
        {
            "server_name": "juqifsharobt.com",
            "server_url": "http://juqifsharobt.com/c/",
            "macs": [
                "00:1A:79:19:99:4F",
                "00:1A:79:31:8A:84"
            ]
        },
        {
            "server_name": "wsg.orac.link.streamtv.to:8080",
            "server_url": "http://wsg.orac.link.streamtv.to:8080/c/",
            "macs": [
                "00:1A:79:BA:BA:94",
                "00:1A:79:C6:BA:71",
                "00:1A:79:CB:A0:2E",
                "00:1A:79:D0:06:A7"
            ]
        },
        {
            "server_name": "ptvhost.com",
            "server_url": "http://ptvhost.com/c/",
            "macs": [
                "00:1A:79:4C:AA:3F",
                "00:1A:79:5E:32:22"
            ]
        },
        {
            "server_name": "matos.one-live.xyz:8080",
            "server_url": "http://matos.one-live.xyz:8080/c/",
            "macs": [
                "00:1A:79:40:84:0C",
                "00:1A:79:42:32:15",
                "00:1A:79:42:60:4E"
            ]
        },
        {
            "server_name": "new.ivue.co:25461",
            "server_url": "http://new.ivue.co:25461/c/",
            "macs": [
                "00:1A:79:6B:D8:C4",
                "00:1A:79:6D:65:53"
            ]
        },
        {
            "server_name": "iptv-factory.xyz:8080",
            "server_url": "http://iptv-factory.xyz:8080/c/",
            "macs": [
                "00:1A:79:08:42:69",
                "00:1A:79:10:3E:7E",
                "00:1A:79:2D:7C:57",
                "00:1A:79:44:57:84",
                "00:1A:79:4D:07:39",
                "00:1A:79:55:78:35",
                "00:1A:79:70:75:1B",
                "00:1A:79:B4:4F:39",
                "00:1A:79:B5:9D:28",
                "00:1A:79:BC:D3:35",
                "00:1A:79:BF:A1:48",
                "00:1A:79:C0:94:8B",
                "00:1A:79:F1:B8:05"
            ]
        },
        {
            "server_name": "pintassilgo.xyz:8080",
            "server_url": "http://pintassilgo.xyz:8080/c/",
            "macs": [
                "00:1A:79:C8:28:92"
            ]
        },
        {
            "server_name": "gtvstreams.me:80",
            "server_url": "http://gtvstreams.me:80/c/",
            "macs": [
                "00:1A:79:A5:D9:9A"
            ]
        },
        {
            "server_name": "c.overboxtv.com:8080",
            "server_url": "http://c.overboxtv.com:8080/c/",
            "macs": [
                "00:1A:79:AD:4F:D8"
            ]
        },
        {
            "server_name": "catirtv.ddns.me:8080",
            "server_url": "http://catirtv.ddns.me:8080/c/",
            "macs": [
                "00:1A:79:B7:44:C3"
            ]
        },
        {
            "server_name": "download.best-ott.me:80",
            "server_url": "http://download.best-ott.me:80/c/",
            "macs": [
                "00:1A:79:41:B6:D3"
            ]
        },
        {
            "server_name": "w4ktvpro.com:8080",
            "server_url": "http://w4ktvpro.com:8080/c/",
            "macs": [
                "00:1A:79:7B:B2:12",
                "00:1A:79:C8:35:E9"
            ]
        },
        {
            "server_name": "89.45.13.153:25461",
            "server_url": "http://89.45.13.153:25461/c/",
            "macs": [
                "00:1A:79:3E:64:D8",
                "00:1A:79:49:19:54",
                "00:1A:79:6A:D5:D5"
            ]
        },
        {
            "server_name": "line.gofast-tv.me",
            "server_url": "http://line.gofast-tv.me/c/",
            "macs": [
                "00:1A:79:59:3D:5A",
                "00:1A:79:64:51:E7",
                "00:1A:79:BE:26:C2",
                "00:1A:79:FF:DA:82"
            ]
        },
        {
            "server_name": "europeprimetv.xyz:8000",
            "server_url": "http://europeprimetv.xyz:8000/c/",
            "macs": [
                "00:1A:79:40:18:F8",
                "00:1A:79:40:19:3E"
            ]
        },
        {
            "server_name": "britthosting.xyz",
            "server_url": "http://britthosting.xyz/c/",
            "macs": [
                "00:1A:79:70:04:A7",
                "00:1A:79:70:8B:31"
            ]
        },
        {
            "server_name": "skipcf.cwdn.cx",
            "server_url": "http://skipcf.cwdn.cx/c/",
            "macs": [
                "00:1A:79:7B:6F:CF"
            ]
        },
        {
            "server_name": "m.tvmera.com",
            "server_url": "http://m.tvmera.com/c/",
            "macs": [
                "00:1A:79:1D:8F:67"
            ]
        },
        {
            "server_name": "mol-2.com:8080",
            "server_url": "http://mol-2.com:8080/c/",
            "macs": [
                "00:1A:79:AB:D9:99",
                "00:1A:79:B9:12:CF",
                "00:1A:79:B9:95:D4",
                "00:1A:79:C3:4A:E0",
                "00:1A:79:EB:19:71"
            ]
        },
        {
            "server_name": "fefiarfc.newsagitario.xyz:8080",
            "server_url": "http://fefiarfc.newsagitario.xyz:8080/c/",
            "macs": [
                "00:1A:79:A6:09:5A",
                "00:1A:79:C6:A7:B7",
                "00:1A:79:CB:7C:A6",
                "00:1A:79:CD:1D:6F"
            ]
        },
        {
            "server_name": "n34tpo.com:80",
            "server_url": "http://n34tpo.com:80/c/",
            "macs": [
                "00:1A:79:52:7C:C1"
            ]
        },
        {
            "server_name": "mag.greatott.me:80",
            "server_url": "http://mag.greatott.me:80/c/",
            "macs": [
                "00:1A:79:73:87:E3",
                "00:1A:79:7F:84:A1"
            ]
        },
        {
            "server_name": "darktv.in:80",
            "server_url": "http://darktv.in:80/c/",
            "macs": [
                "00:1A:79:3E:9F:04",
                "00:1A:79:A7:00:60"
            ]
        },
        {
            "server_name": "51.159.70.234",
            "server_url": "http://51.159.70.234/stalker_portal/c/",
            "macs": [
                "00:1A:79:24:7E:0A",
                "00:1A:79:7B:6D:3A",
                "00:1A:79:AC:30:5A"
            ]
        },
        {
            "server_name": "tv.premiumplus.tv:80",
            "server_url": "http://tv.premiumplus.tv:80/c/",
            "macs": [
                "00:1A:79:28:D4:62",
                "00:1A:79:AC:39:2D",
                "00:1A:79:BB:CE:D9",
                "00:1A:79:BE:13:BA",
                "00:1A:79:FB:02:13"
            ]
        },
        {
            "server_name": "1919s.live:8080",
            "server_url": "http://1919s.live:8080/c/",
            "macs": [
                "00:1A:79:84:A0:A6"
            ]
        },
        {
            "server_name": "gtvstreams.me",
            "server_url": "http://gtvstreams.me/c/",
            "macs": [
                "00:1A:79:78:52:47"
            ]
        },
        {
            "server_name": "buyspamtool.com:8080",
            "server_url": "http://buyspamtool.com:8080/c/",
            "macs": [
                "00:1A:79:19:82:0E",
                "00:1A:79:4B:35:4B",
                "00:1A:79:B4:EA:20",
                "00:1A:79:BA:9C:91",
                "00:1A:79:FD:53:7E"
            ]
        },
        {
            "server_name": "109.169.37.140:8000",
            "server_url": "http://109.169.37.140:8000/c/",
            "macs": [
                "00:1A:79:39:16:ED",
                "00:1A:79:4E:B7:88"
            ]
        },
        {
            "server_name": "123jk.tv:80",
            "server_url": "http://123jk.tv:80/c/",
            "macs": [
                "00:1A:79:E5:12:3A",
                "00:1A:79:E5:1F:F0",
                "00:1A:79:E7:4E:C8"
            ]
        },
        {
            "server_name": "opanak.xyz",
            "server_url": "http://opanak.xyz/c/",
            "macs": [
                "00:1A:79:3D:A1:9D"
            ]
        },
        {
            "server_name": "onrev.xyz:80",
            "server_url": "http://onrev.xyz:80/c/",
            "macs": [
                "00:1A:79:34:1D:1D"
            ]
        },
        {
            "server_name": "nvs1hosting.live:25461",
            "server_url": "http://nvs1hosting.live:25461/c/",
            "macs": [
                "00:1A:79:A4:1A:49",
                "00:1A:79:A4:1A:5B",
                "00:1A:79:A4:1B:07",
                "00:1A:79:B8:C8:5F",
                "00:1A:79:BC:61:F8",
                "00:1A:79:C5:19:A7",
                "00:1A:79:C6:78:D5",
                "00:1A:79:CD:56:1E",
                "00:1A:79:CD:E1:A4",
                "00:1A:79:CE:F5:7C",
                "00:1A:79:CF:0D:0B",
                "00:1A:79:D0:87:EF",
                "00:1A:79:D0:8A:8D",
                "00:1A:79:D0:95:B0"
            ]
        },
        {
            "server_name": "nas.bordo1453.be:80",
            "server_url": "http://nas.bordo1453.be:80/c/",
            "macs": [
                "00:1A:79:43:65:81",
                "00:1A:79:A1:83:11",
                "00:1A:79:A1:F4:2A",
                "00:1A:79:D2:26:29"
            ]
        },
        {
            "server_name": "starshare.live:8080",
            "server_url": "http://starshare.live:8080/c/",
            "macs": [
                "00:1A:79:72:0D:F5"
            ]
        }
    ]
}