{
    "items": [
        {
            "server_name": "mypaste.fun.gentv.to:8080",
            "server_url": "http://mypaste.fun.gentv.to:8080/c/",
            "macs": [
                "00:1A:79:B7:28:62"
            ]
        },
        {
            "server_name": "4connect.link",
            "server_url": "http://4connect.link/c/",
            "macs": [
                "00:1A:79:AD:7F:26"
            ]
        },
        {
            "server_name": "ultra-box.club",
            "server_url": "http://ultra-box.club/c/",
            "macs": [
                "00:1A:79:C4:09:41"
            ]
        },
        {
            "server_name": "iptv.maxlacress.com",
            "server_url": "http://iptv.maxlacress.com/c/",
            "macs": [
                "00:1A:79:73:6E:B7",
                "00:1A:79:73:BA:26",
                "00:1A:79:74:D7:81"
            ]
        },
        {
            "server_name": "invale.party:80",
            "server_url": "http://invale.party:80/c/",
            "macs": [
                "00:1A:79:31:E7:7F",
                "00:1A:79:31:F7:B8"
            ]
        },
        {
            "server_name": "hans_monika.streamtv.to:8080",
            "server_url": "http://hans_monika.streamtv.to:8080/c/",
            "macs": [
                "00:1A:79:C7:F7:A6"
            ]
        },
        {
            "server_name": "107.189.14.168:8080",
            "server_url": "http://107.189.14.168:8080/c/",
            "macs": [
                "00:1A:79:70:4D:CF"
            ]
        },
        {
            "server_name": "stb.homeiptv.org",
            "server_url": "http://stb.homeiptv.org/stalker_portal/c/",
            "macs": [
                "00:1A:79:04:6C:B6"
            ]
        },
        {
            "server_name": "p1.iptvrocket.tv",
            "server_url": "http://p1.iptvrocket.tv/c/",
            "macs": [
                "00:1A:79:3B:33:E4"
            ]
        },
        {
            "server_name": "mag.ugoiptv.com",
            "server_url": "http://mag.ugoiptv.com/c/",
            "macs": [
                "00:1A:79:25:6C:EB",
                "00:1A:79:C3:C5:C7"
            ]
        },
        {
            "server_name": "alexiptv.ddns.me:8080",
            "server_url": "http://alexiptv.ddns.me:8080/c/",
            "macs": [
                "00:1A:79:CE:0F:45"
            ]
        },
        {
            "server_name": "restream.globaltv1.net:8080",
            "server_url": "http://restream.globaltv1.net:8080/c/",
            "macs": [
                "00:1A:79:05:ED:78",
                "00:1A:79:C0:97:07",
                "00:1A:79:F3:7F:02"
            ]
        }
    ]
}