{
    "items": [
        {
            "server_name": "abcnew.site:8880",
            "server_url": "http://abcnew.site:8880/c/",
            "macs": [
                "00:1A:79:4A:BB:C1",
                "00:1A:79:C7:3B:72"
            ]
        },
        {
            "server_name": "mol-2.com:8080",
            "server_url": "http://mol-2.com:8080/c/",
            "macs": [
                "00:1A:79:1D:0E:99",
                "00:1A:79:1E:03:1B",
                "00:1A:79:24:7A:C7",
                "00:1A:79:32:55:D8",
                "00:1A:79:50:36:9E",
                "00:1A:79:5E:DE:3E",
                "00:1A:79:6B:E1:0A",
                "00:1A:79:71:C7:C2",
                "00:1A:79:76:14:41",
                "00:1A:79:A3:A2:56",
                "00:1A:79:AC:45:99",
                "00:1A:79:AD:6E:38",
                "00:1A:79:B0:95:A9",
                "00:1A:79:B1:60:5F",
                "00:1A:79:B3:10:AB",
                "00:1A:79:B3:A7:B5",
                "00:1A:79:B3:A9:B7",
                "00:1A:79:B3:AB:37",
                "00:1A:79:B3:BC:76",
                "00:1A:79:B7:1D:41",
                "00:1A:79:B7:3A:7B",
                "00:1A:79:B9:B7:34",
                "00:1A:79:BE:5B:D0",
                "00:1A:79:BE:61:C9",
                "00:1A:79:BF:51:1C",
                "00:1A:79:C0:E4:C6",
                "00:1A:79:C2:89:4F",
                "00:1A:79:C3:3A:0F",
                "00:1A:79:C3:C9:37",
                "00:1A:79:C4:4A:BF",
                "00:1A:79:C4:5E:20",
                "00:1A:79:C5:2F:E1",
                "00:1A:79:C5:64:E6",
                "00:1A:79:C7:DA:0C",
                "00:1A:79:C8:13:6C",
                "00:1A:79:C8:17:00",
                "00:1A:79:CB:5C:CE",
                "00:1A:79:CC:1A:7E",
                "00:1A:79:CD:08:CB",
                "00:1A:79:D2:1C:8B",
                "00:1A:79:DE:0F:BB",
                "00:1A:79:FA:05:73",
                "00:1A:79:FA:08:8A",
                "00:1A:79:FB:02:BF",
                "00:1A:79:FB:09:C3",
                "00:1A:79:FB:22:D8",
                "00:1A:79:FB:3C:F0",
                "00:1A:79:FB:46:93",
                "00:1A:79:FB:48:7A"
            ]
        },
        {
            "server_name": "br0ss.xyz:8090",
            "server_url": "http://br0ss.xyz:8090/c/",
            "macs": [
                "00:1A:79:CC:63:54"
            ]
        },
        {
            "server_name": "pro.xviptv.com",
            "server_url": "http://pro.xviptv.com/c/",
            "macs": [
                "00:1A:79:CD:2B:E8"
            ]
        },
        {
            "server_name": "starshare.live:8080",
            "server_url": "http://starshare.live:8080/c/",
            "macs": [
                "00:1A:79:34:3E:D0",
                "00:1A:79:B4:F2:82"
            ]
        },
        {
            "server_name": "plustv.ws:80",
            "server_url": "http://plustv.ws:80/c/",
            "macs": [
                "00:1A:79:20:9F:A8",
                "00:1A:79:EB:97:E4"
            ]
        },
        {
            "server_name": "pt.chape-shop.com:8080",
            "server_url": "http://pt.chape-shop.com:8080/c/",
            "macs": [
                "00:1A:79:02:75:A4",
                "00:1A:79:2A:D2:E8",
                "00:1A:79:4F:CA:62",
                "00:1A:79:57:2D:85",
                "00:1A:79:76:C0:68",
                "00:1A:79:7B:EB:85",
                "00:1A:79:85:55:4E",
                "00:1A:79:90:CD:32",
                "00:1A:79:BB:11:24",
                "00:1A:79:C5:4D:F1",
                "00:1A:79:C8:89:8E",
                "00:1A:79:CE:7A:51",
                "00:1A:79:F5:07:66",
                "00:1A:79:F5:17:2D"
            ]
        }
    ]
}