{
    "items": [
        {
            "server_name": "ln.tabox.in:24651",
            "server_url": "http://ln.tabox.in:24651/c/",
            "macs": [
                "00:1A:79:4e:70:85"
            ]
        },
        {
            "server_name": "flumine.cc",
            "server_url": "http://flumine.cc/stalker_portal/c/",
            "macs": [
                "00:1A:79:64:E2:44"
            ]
        },
        {
            "server_name": "lordofthepings.xyz:8080",
            "server_url": "http://lordofthepings.xyz:8080/c/",
            "macs": [
                "00:1A:79:BD:27:27",
                "00:1A:79:BD:27:30",
                "00:1A:79:B6:85:8D"
            ]
        },
        {
            "server_name": "4kgoott.com:2052",
            "server_url": "http://4kgoott.com:2052/c/",
            "macs": [
                "00:1A:79:AE:3E:88",
                "00:1A:79:3F:A6:F7",
                "00:1A:79:7F:1E:84",
                "00:1A:79:65:B0:92"
            ]
        },
        {
            "server_name": "bosst.net:80",
            "server_url": "http://bosst.net:80/c/",
            "macs": [
                "00:1A:79:41:0F:1C",
                "00:1A:79:41:8C:7C",
                "00:1A:79:42:8E:C1"
            ]
        },
        {
            "server_name": "sonymax.org:8080",
            "server_url": "http://sonymax.org:8080/c/",
            "macs": [
                "00:1A:79:57:E2:DF",
                "00:1A:79:57:A6:E6"
            ]
        },
        {
            "server_name": "premiumtv4k.ottct.pro:80",
            "server_url": "http://premiumtv4k.ottct.pro:80/c/",
            "macs": [
                "00:1A:79:50:ce:d2",
                "00:1A:79:05:9b:8e"
            ]
        }
    ]
}