{
    "items": [
        {
            "server_name": "avr.remotetv.org:2086",
            "server_url": "http://avr.remotetv.org:2086/c/",
            "macs": [
                "00:1A:79:11:2F:D2",
                "00:1A:79:37:02:70",
                "00:1A:79:A4:86:83",
                "00:1A:79:B0:46:01",
                "00:1A:79:B8:7F:11"
            ]
        },
        {
            "server_name": "mag.trexlive.me",
            "server_url": "http://mag.trexlive.me/c/",
            "macs": [
                "00:1A:79:22:20:D3",
                "00:1A:79:6A:C2:3E",
                "00:1A:79:A4:26:A3"
            ]
        },
        {
            "server_name": "5.206.227.184:8080",
            "server_url": "http://5.206.227.184:8080/c/",
            "macs": [
                "00:1A:79:36:09:98",
                "00:1A:79:3D:83:F2",
                "00:1A:79:B2:35:B6",
                "00:1A:79:BA:5D:69",
                "00:1A:79:CB:91:F4"
            ]
        },
        {
            "server_name": "plustv.ws:80",
            "server_url": "http://plustv.ws:80/c/",
            "macs": [
                "00:1A:79:03:0C:36",
                "00:1A:79:03:6F:C0",
                "00:1A:79:27:3F:73",
                "00:1A:79:90:01:E5"
            ]
        },
        {
            "server_name": "sansat.net:88",
            "server_url": "http://sansat.net:88/c/",
            "macs": [
                "00:1A:79:35:CF:3B",
                "00:1A:79:39:57:25",
                "00:1A:79:98:05:F9",
                "00:1A:79:03:0B:51"
            ]
        }
    ]
}