{
    "items": [
        {
            "server_name": "ultra-box.club",
            "server_url": "http://ultra-box.club/c/",
            "macs": [
                "00:1a:79:71:d1:4b",
                "00:1a:79:ea:8e:52",
                "00:1a:79:b4:c0:48"
            ]
        },
        {
            "server_name": "rapid-4k.com",
            "server_url": "http://rapid-4k.com/c/",
            "macs": [
                "00:1A:79:A9:34:F4",
                "00:1A:79:A6:1F:6F",
                "00:1A:79:B2:AC:2B"
            ]
        }
    ]
}