{
    "items": [
        {
            "server_name": "view-kryptotvplatinum.co:8080",
            "server_url": "http://view-kryptotvplatinum.co:8080/c/",
            "macs": [
                "00:1A:79:60:0E:3C"
            ]
        },
        {
            "server_name": "mag.ukhd.tv",
            "server_url": "http://mag.ukhd.tv/c/",
            "macs": [
                "00:1A:79:05:B2:CC",
                "00:1A:79:A5:3F:F6"
            ]
        },
        {
            "server_name": "stream.keycdn.co",
            "server_url": "http://stream.keycdn.co/c/",
            "macs": [
                "00:1A:79:42:EB:1E",
                "00:1A:79:43:06:A1"
            ]
        },
        {
            "server_name": "stalker.klma2023.net:2082",
            "server_url": "http://stalker.klma2023.net:2082/c/",
            "macs": [
                "00:1A:79:10:3E:76",
                "00:1A:79:10:50:52",
                "00:1A:79:10:8A:0A"
            ]
        },
        {
            "server_name": "mag.iudtv.org:8080",
            "server_url": "http://mag.iudtv.org:8080/c/",
            "macs": [
                "00:1A:79:82:B9:9A",
                "00:1A:79:82:BB:A6",
                "00:1A:79:83:84:C8"
            ]
        },
        {
            "server_name": "4connect.link",
            "server_url": "http://4connect.link/c/",
            "macs": [
                "00:1A:79:B0:63:32",
                "00:1A:79:B9:F6:25"
            ]
        },
        {
            "server_name": "rufus.zone",
            "server_url": "http://rufus.zone/stalker_portal/c/",
            "macs": [
                "00:1A:79:D5:6D:5E"
            ]
        },
        {
            "server_name": "portal.entertainmentxl.com:8080",
            "server_url": "http://portal.entertainmentxl.com:8080/c/",
            "macs": [
                "00:1A:79:BB:C7:93",
                "00:1A:79:C0:11:99",
                "00:1A:79:C2:02:AC"
            ]
        },
        {
            "server_name": "tv.greatstar.me",
            "server_url": "http://tv.greatstar.me/c/",
            "macs": [
                "00:1A:79:05:A4:1F",
                "00:1A:79:2E:89:A9",
                "00:1A:79:37:A7:85",
                "00:1A:79:68:8B:DF",
                "00:1A:79:6F:97:FB",
                "00:1A:79:73:B8:DA",
                "00:1A:79:79:C0:3D",
                "00:1A:79:8C:01:B3",
                "00:1A:79:AF:06:1B",
                "00:1A:79:B7:B5:A2",
                "00:1A:79:D6:A0:E4"
            ]
        },
        {
            "server_name": "digitalmobile.live:8080",
            "server_url": "http://digitalmobile.live:8080/c/",
            "macs": [
                "00:1A:79:A4:4C:47",
                "00:1A:79:A5:91:C6"
            ]
        },
        {
            "server_name": "buyspamtool.com:8080",
            "server_url": "http://buyspamtool.com:8080/c/",
            "macs": [
                "00:1A:79:36:6A:6F",
                "00:1A:79:A9:1F:07"
            ]
        },
        {
            "server_name": "gfr5.mi20.cc",
            "server_url": "http://gfr5.mi20.cc/stalker_portal/c/",
            "macs": [
                "00:1A:79:70:AA:E2",
                "00:1A:79:76:EC:E8"
            ]
        }
    ]
}