{
    "items": [
        {
            "server_name": "darktv.nl:80",
            "server_url": "http://darktv.nl:80/c/",
            "macs": [
                "00:1A:79:40:98:37",
                "00:1A:79:42:BF:55",
                "00:1A:79:47:98:43",
                "00:1A:79:4B:85:48",
                "00:1A:79:BF:A4:40"
            ]
        },
        {
            "server_name": "bigline.club:8080",
            "server_url": "http://bigline.club:8080/c/",
            "macs": [
                "00:1A:79:AF:79:83",
                "00:1A:79:BA:5B:9C",
                "00:1A:79:BD:71:6E"
            ]
        },
        {
            "server_name": "funportal.vip:8080",
            "server_url": "http://funportal.vip:8080/c/",
            "macs": [
                "00:1A:79:00:95:92",
                "00:1A:79:38:72:B9",
                "00:1A:79:60:53:C4"
            ]
        },
        {
            "server_name": "x11.live:8080",
            "server_url": "http://x11.live:8080/c/",
            "macs": [
                "00:1A:79:1A:00:71",
                "00:1A:79:26:D0:5B",
                "00:1A:79:5D:E7:C8"
            ]
        },
        {
            "server_name": "p1.iptvrocket.tv",
            "server_url": "http://p1.iptvrocket.tv/c/",
            "macs": [
                "00:1A:79:32:83:12",
                "00:1A:79:A4:7E:E7",
                "00:1A:79:AB:5D:56",
                "00:1A:79:B8:3C:04",
                "00:1A:79:C6:6B:57",
                "00:1A:79:DF:88:D5"
            ]
        },
        {
            "server_name": "bunny49138.cdngold.me",
            "server_url": "http://bunny49138.cdngold.me/c/",
            "macs": [
                "00:1A:79:00:10:79",
                "00:1A:79:00:11:6B"
            ]
        },
        {
            "server_name": "10431-plan.ott-cdn.me:80",
            "server_url": "http://10431-plan.ott-cdn.me:80/c/",
            "macs": [
                "00:1A:79:00:00:00",
                "00:1A:79:00:00:0D",
                "00:1A:79:00:00:22",
                "00:1A:79:00:00:4D"
            ]
        },
        {
            "server_name": "flumine.cc",
            "server_url": "http://flumine.cc/stalker_portal/c/",
            "macs": [
                "00:1A:79:86:80:53"
            ]
        },
        {
            "server_name": "tellyflix.xyz:8080",
            "server_url": "http://tellyflix.xyz:8080/c/",
            "macs": [
                "00:1A:79:3E:7F:99",
                "00:1A:79:54:C1:8A",
                "00:1A:79:60:73:1E"
            ]
        },
        {
            "server_name": "skipcf.cwdn.cx:80",
            "server_url": "http://skipcf.cwdn.cx:80/c/",
            "macs": [
                "00:1A:79:6B:A5:DB",
                "00:1A:79:B1:F1:6E"
            ]
        },
        {
            "server_name": "51.159.70.234",
            "server_url": "http://51.159.70.234/stalker_portal/c/",
            "macs": [
                "00:1A:79:98:4A:39"
            ]
        },
        {
            "server_name": "rapid-4k.com",
            "server_url": "http://rapid-4k.com/c/",
            "macs": [
                "00:1A:79:58:C7:8D"
            ]
        },
        {
            "server_name": "sonymax.org:8080",
            "server_url": "http://sonymax.org:8080/c/",
            "macs": [
                "00:1A:79:B2:7E:DA",
                "00:1A:79:D0:F1:CD"
            ]
        },
        {
            "server_name": "onrev.xyz",
            "server_url": "http://onrev.xyz/c/",
            "macs": [
                "00:1A:79:53:1D:92"
            ]
        },
        {
            "server_name": "zepequeno.xyz:8080",
            "server_url": "http://zepequeno.xyz:8080/c/",
            "macs": [
                "00:1A:79:B4:5F:3B"
            ]
        },
        {
            "server_name": "tvizle.nl:8080",
            "server_url": "http://tvizle.nl:8080/c/",
            "macs": [
                "00:1A:79:AA:CC:BC"
            ]
        },
        {
            "server_name": "hdlocal.de:8080",
            "server_url": "http://hdlocal.de:8080/c/",
            "macs": [
                "00:1A:79:46:05:73",
                "00:1A:79:6B:6B:C4",
                "00:1A:79:BC:6F:35"
            ]
        },
        {
            "server_name": "hnx.digital:8080",
            "server_url": "http://hnx.digital:8080/c/",
            "macs": [
                "00:1A:79:1A:00:71",
                "00:1A:79:20:50:63",
                "00:1A:79:20:57:60",
                "00:1A:79:5D:E7:C8"
            ]
        },
        {
            "server_name": "gtvstreams.me",
            "server_url": "http://gtvstreams.me/c/",
            "macs": [
                "00:1A:79:5F:25:09",
                "00:1A:79:6E:A3:FB",
                "00:1A:79:AF:7E:10"
            ]
        },
        {
            "server_name": "starshare.live:8080",
            "server_url": "http://starshare.live:8080/c/",
            "macs": [
                "00:1A:79:36:34:66",
                "00:1A:79:62:66:10",
                "00:1A:79:7B:00:D4",
                "00:1A:79:92:57:EF",
                "00:1A:79:AB:31:06"
            ]
        }
    ]
}