{
    "items": [
        {
            "server_name": "89.45.13.220:8080",
            "server_url": "http://89.45.13.220:8080/c/",
            "macs": [
                "00:1A:79:10:D4:85",
                "00:1A:79:13:53:A7",
                "00:1A:79:14:E1:16",
                "00:1A:79:14:E1:6F"
            ]
        },
        {
            "server_name": "onmax.pro",
            "server_url": "http://onmax.pro/c/",
            "macs": [
                "00:1A:79:31:9F:C5",
                "00:1A:79:33:44:55",
                "00:1A:79:33:8E:17",
                "00:1A:79:55:50:92",
                "00:1A:79:66:5C:87",
                "00:1A:79:7A:34:35"
            ]
        },
        {
            "server_name": "99ab99.com:80",
            "server_url": "http://99ab99.com:80/c/",
            "macs": [
                "00:1A:79:1C:2F:D6",
                "00:1A:79:7C:6F:5C",
                "00:1A:79:90:12:E8",
                "00:1A:79:A3:C0:C6",
                "00:1A:79:B1:19:CB",
                "00:1A:79:C0:82:36",
                "00:1A:79:D4:6F:7C"
            ]
        },
        {
            "server_name": "194.76.0.140",
            "server_url": "http://194.76.0.140/c/",
            "macs": [
                "00:1A:79:1E:14:F8",
                "00:1A:79:1E:8F:0C",
                "00:1A:79:43:74:59",
                "00:1A:79:5C:FE:59",
                "00:1A:79:66:1D:7D",
                "00:1A:79:7A:7D:2B",
                "00:1A:79:A5:FD:CF",
                "00:1A:79:B5:1E:78",
                "00:1A:79:BC:01:EC",
                "00:1A:79:BF:74:69",
                "00:1A:79:D4:6F:EC",
                "00:1A:79:F5:29:4D"
            ]
        },
        {
            "server_name": "brokentv.rip:8080",
            "server_url": "http://brokentv.rip:8080/c/",
            "macs": [
                "00:1A:79:32:60:BB",
                "00:1A:79:3A:08:59",
                "00:1A:79:3F:E4:A1",
                "00:1A:79:44:81:CA",
                "00:1A:79:58:24:4E",
                "00:1A:79:5D:04:ED",
                "00:1A:79:5F:71:A2",
                "00:1A:79:64:DF:BB",
                "00:1A:79:98:D2:1A",
                "00:1A:79:A5:E6:67",
                "00:1A:79:AE:66:D1",
                "00:1A:79:B3:BC:9F",
                "00:1A:79:BA:66:82",
                "00:1A:79:C3:C6:CF",
                "00:1A:79:C8:79:26",
                "00:1A:79:CB:93:FD",
                "00:1A:79:CC:5B:58",
                "00:1A:79:D9:EC:59"
            ]
        },
        {
            "server_name": "proxy.iptveurope.cc",
            "server_url": "http://proxy.iptveurope.cc/c/",
            "macs": [
                "00:1A:79:61:34:32",
                "00:1A:79:69:67:22"
            ]
        },
        {
            "server_name": "162.19.37.133:8080",
            "server_url": "http://162.19.37.133:8080/c/",
            "macs": [
                "00:1A:79:36:9F:44",
                "00:1A:79:65:30:AC",
                "00:1A:79:67:B6:94",
                "00:1A:79:71:CE:D0",
                "00:1A:79:A3:C2:86",
                "00:1A:79:B1:7A:B5",
                "00:1A:79:B4:37:97",
                "00:1A:79:BA:F3:35",
                "00:1A:79:BE:8C:8C",
                "00:1A:79:C2:81:49",
                "00:1A:79:C2:8A:81",
                "00:1A:79:C2:92:9C",
                "00:1A:79:C5:99:43",
                "00:1A:79:C6:26:EF",
                "00:1A:79:C7:BB:BB",
                "00:1A:79:C7:BF:5D",
                "00:1A:79:CB:8B:2D",
                "00:1A:79:CD:00:8D",
                "00:1A:79:CD:1F:AC",
                "00:1A:79:D1:94:75",
                "00:1A:79:F5:38:DB",
                "00:1A:79:FB:18:96",
                "00:1A:79:FB:23:92",
                "00:1A:79:FB:33:3D"
            ]
        },
        {
            "server_name": "line.greatstar.me:80",
            "server_url": "http://line.greatstar.me:80/c/",
            "macs": [
                "00:1A:79:0D:4F:0F",
                "00:1A:79:38:39:33",
                "00:1A:79:70:E7:5A",
                "00:1A:79:7C:01:B5",
                "00:1A:79:80:D6:A7",
                "00:1A:79:82:9F:47",
                "00:1A:79:A6:29:53",
                "00:1A:79:A8:0B:0E",
                "00:1A:79:B6:95:55",
                "00:1A:79:C5:34:93",
                "00:1A:79:F5:4A:C7"
            ]
        },
        {
            "server_name": "llllllllliiiiiiiiiiiiii.funtogether.xyz:8080",
            "server_url": "http://llllllllliiiiiiiiiiiiii.funtogether.xyz:8080/c/",
            "macs": [
                "00:1A:79:B5:A4:54"
            ]
        },
        {
            "server_name": "fuego-iptv.net:8080",
            "server_url": "http://fuego-iptv.net:8080/c/",
            "macs": [
                "00:1A:79:85:27:87"
            ]
        },
        {
            "server_name": "portal.magic8kip.tv",
            "server_url": "http://portal.magic8kip.tv/c/",
            "macs": [
                "00:1A:79:8C:04:D0"
            ]
        },
        {
            "server_name": "darknetiptv1.ddns.net:25461",
            "server_url": "http://darknetiptv1.ddns.net:25461/c/",
            "macs": [
                "00:1A:79:53:62:1F",
                "00:1A:79:6E:61:4E",
                "00:1A:79:6E:63:69",
                "00:1A:79:72:85:2F",
                "00:1A:79:B8:4F:1E",
                "00:1A:79:C2:99:B9"
            ]
        },
        {
            "server_name": "m.suportline.xyz",
            "server_url": "http://m.suportline.xyz/stalker_portal/c/",
            "macs": [
                "00:1A:79:1E:E1:A0",
                "00:1A:79:23:AC:92",
                "00:1A:79:44:F6:B9",
                "00:1A:79:4D:4A:3F",
                "00:1A:79:95:30:A9",
                "00:1A:79:F1:C2:87"
            ]
        },
        {
            "server_name": "rufus.zone",
            "server_url": "http://rufus.zone/stalker_portal/c/",
            "macs": [
                "00:1A:79:11:24:74",
                "00:1A:79:62:C2:36",
                "00:1A:79:D5:48:8A",
                "00:1A:79:D8:41:85",
                "00:1A:79:E0:01:06",
                "00:1A:79:E0:33:82",
                "00:1A:79:E6:5A:01"
            ]
        },
        {
            "server_name": "glavonja.work:5115",
            "server_url": "http://glavonja.work:5115/c/",
            "macs": [
                "00:1A:79:0D:58:EC",
                "00:1A:79:51:48:10",
                "00:1A:79:80:B1:A2",
                "00:1A:79:A5:63:E6",
                "00:1A:79:A7:1E:0C",
                "00:1A:79:CB:A7:39"
            ]
        },
        {
            "server_name": "esesfero.mine.nu:3800",
            "server_url": "http://esesfero.mine.nu:3800/c/",
            "macs": [
                "00:1A:79:40:13:AA",
                "00:1A:79:D2:2C:24"
            ]
        },
        {
            "server_name": "skipcf.cwdn.cx",
            "server_url": "http://skipcf.cwdn.cx/c/",
            "macs": [
                "00:1A:79:15:16:11",
                "00:1A:79:36:DD:01",
                "00:1A:79:62:0C:E4",
                "00:1A:79:65:F0:41",
                "00:1A:79:77:6A:97",
                "00:1A:79:B8:38:0A"
            ]
        },
        {
            "server_name": "tv.trexiptv.com",
            "server_url": "http://tv.trexiptv.com/c/",
            "macs": [
                "00:1A:79:02:98:4B",
                "00:1A:79:57:81:4C",
                "00:1A:79:75:80:15",
                "00:1A:79:7B:08:88",
                "00:1A:79:C0:3F:B5",
                "00:1A:79:C4:9F:0F",
                "00:1A:79:CD:53:0A",
                "00:1A:79:D2:C8:54",
                "00:1A:79:FB:11:F2"
            ]
        },
        {
            "server_name": "laurenlending.pproxy.cc",
            "server_url": "http://laurenlending.pproxy.cc/c/",
            "macs": [
                "00:1A:79:29:FD:7C",
                "00:1A:79:31:1F:88",
                "00:1A:79:B4:F6:9C"
            ]
        },
        {
            "server_name": "monerotv.net:8080",
            "server_url": "http://monerotv.net:8080/c/",
            "macs": [
                "00:1A:79:30:66:64",
                "00:1A:79:31:37:35",
                "00:1A:79:F4:FF:68"
            ]
        },
        {
            "server_name": "ispy1.click:8080",
            "server_url": "http://ispy1.click:8080/c/",
            "macs": [
                "00:1A:79:5A:43:C9"
            ]
        },
        {
            "server_name": "dp-elite.net:2095",
            "server_url": "http://dp-elite.net:2095/c/",
            "macs": [
                "00:1A:79:00:FB:26",
                "00:1A:79:13:7F:92",
                "00:1A:79:1B:5F:3B",
                "00:1A:79:26:86:25",
                "00:1A:79:51:A3:84",
                "00:1A:79:90:64:9B",
                "00:1A:79:A4:58:1D",
                "00:1A:79:AC:21:EF",
                "00:1A:79:B4:CA:89",
                "00:1A:79:BC:60:11",
                "00:1A:79:BE:FD:18",
                "00:1A:79:C2:C9:0B",
                "00:1A:79:C3:5C:E4",
                "00:1A:79:C4:9F:FA",
                "00:1A:79:C7:3A:6F",
                "00:1A:79:C7:66:D6",
                "00:1A:79:DB:DC:71",
                "00:1A:79:E9:B6:7F"
            ]
        },
        {
            "server_name": "new.ivue.co:25461",
            "server_url": "http://new.ivue.co:25461/c/",
            "macs": [
                "00:1A:79:1C:5D:9E",
                "00:1A:79:34:C1:C4",
                "00:1A:79:36:B5:FB",
                "00:1A:79:45:1F:5B",
                "00:1A:79:53:62:1F",
                "00:1A:79:64:14:5A",
                "00:1A:79:6C:32:B4",
                "00:1A:79:6E:63:69",
                "00:1A:79:72:85:2F",
                "00:1A:79:77:63:67",
                "00:1A:79:7E:69:A4",
                "00:1A:79:AA:EA:F2",
                "00:1A:79:B8:4F:1E",
                "00:1A:79:C2:99:B9",
                "00:1A:79:C3:66:EE",
                "00:1A:79:F1:C5:A4"
            ]
        },
        {
            "server_name": "1.germany4k.xyz:8080",
            "server_url": "http://1.germany4k.xyz:8080/c/",
            "macs": [
                "00:1A:79:0F:09:BD",
                "00:1A:79:21:DB:33",
                "00:1A:79:3A:FF:23",
                "00:1A:79:3B:5C:80",
                "00:1A:79:60:4D:8C",
                "00:1A:79:64:45:C2",
                "00:1A:79:64:E3:C9",
                "00:1A:79:6A:B9:4F",
                "00:1A:79:86:E1:AE",
                "00:1A:79:E0:03:52"
            ]
        },
        {
            "server_name": "185.243.7.51",
            "server_url": "http://185.243.7.51/c/",
            "macs": [
                "00:1A:79:12:30:37",
                "00:1A:79:64:AA:CA",
                "00:1A:79:79:77:B6",
                "00:1A:79:C3:F1:71",
                "00:1A:79:C6:95:3E"
            ]
        },
        {
            "server_name": "starshare.live:8080",
            "server_url": "http://starshare.live:8080/c/",
            "macs": [
                "00:1A:79:58:77:2F",
                "00:1A:79:70:78:F3",
                "00:1A:79:7E:D6:C8",
                "00:1A:79:8D:BF:A7",
                "00:1A:79:AF:A4:CA",
                "00:1A:79:B5:18:26",
                "00:1A:79:C8:53:2A"
            ]
        }
    ]
}