{
    "items": [
        {
            "server_name": "tv.kingreshare.eu:7711",
            "server_url": "http://tv.kingreshare.eu:7711/c/",
            "macs": [
                "00:1A:79:60:09:1D"
            ]
        },
        {
            "server_name": "crystalott.org",
            "server_url": "http://crystalott.org/c/",
            "macs": [
                "00:1A:79:00:0D:DE",
                "00:1A:79:00:0F:1F"
            ]
        },
        {
            "server_name": "neroiptv.xyz:8080",
            "server_url": "http://neroiptv.xyz:8080/c/",
            "macs": [
                "00:1A:79:F5:08:09"
            ]
        },
        {
            "server_name": "mutant.arrox.top:80",
            "server_url": "http://mutant.arrox.top:80/c/",
            "macs": [
                "00:1A:79:C0:DB:FB"
            ]
        },
        {
            "server_name": "ip.xtremetv.eu:8000",
            "server_url": "http://ip.xtremetv.eu:8000/c/",
            "macs": [
                "00:1A:79:5A:F5:FD",
                "00:1A:79:90:0D:E2"
            ]
        },
        {
            "server_name": "black-ghost.live:8080",
            "server_url": "http://black-ghost.live:8080/c/",
            "macs": [
                "00:1A:79:01:83:C1",
                "00:1A:79:05:DF:4E",
                "00:1A:79:13:58:09",
                "00:1A:79:1C:11:46",
                "00:1A:79:76:FE:B0",
                "00:1A:79:83:8F:D5",
                "00:1A:79:BD:70:75",
                "00:1A:79:C1:A1:D1"
            ]
        },
        {
            "server_name": "megafull.site:8080",
            "server_url": "http://megafull.site:8080/c/",
            "macs": [
                "00:1A:79:63:E6:AB"
            ]
        },
        {
            "server_name": "tv.premiumplus.tv",
            "server_url": "http://tv.premiumplus.tv/c/",
            "macs": [
                "00:1A:79:08:F1:D4",
                "00:1A:79:78:D1:DA",
                "00:1A:79:CE:1F:C5",
                "00:1A:79:E7:FA:85"
            ]
        },
        {
            "server_name": "fast.newdns.world",
            "server_url": "http://fast.newdns.world/c/",
            "macs": [
                "00:1A:79:D4:7F:84"
            ]
        },
        {
            "server_name": "rapid-4k.com",
            "server_url": "http://rapid-4k.com/c/",
            "macs": [
                "00:1A:79:83:84:C8",
                "00:1A:79:A2:77:93"
            ]
        },
        {
            "server_name": "mag.premiumplus.tv:80",
            "server_url": "http://mag.premiumplus.tv:80/c/",
            "macs": [
                "00:1A:79:B5:01:42"
            ]
        },
        {
            "server_name": "don-balon.ddns.net:8080",
            "server_url": "http://don-balon.ddns.net:8080/c/",
            "macs": [
                "00:1A:79:2F:47:03"
            ]
        },
        {
            "server_name": "coresys.dvrdns.org:25461",
            "server_url": "http://coresys.dvrdns.org:25461/c/",
            "macs": [
                "00:1A:79:0F:ED:83",
                "00:1A:79:13:8F:1F",
                "00:1A:79:28:71:B2",
                "00:1A:79:A1:E4:70",
                "00:1A:79:B8:D5:39"
            ]
        },
        {
            "server_name": "tkosportz.live:25461",
            "server_url": "http://tkosportz.live:25461/c/",
            "macs": [
                "00:1A:79:E5:C3:2D"
            ]
        },
        {
            "server_name": "188.241.218.199",
            "server_url": "http://188.241.218.199/c/",
            "macs": [
                "00:1A:79:00:00:00"
            ]
        },
        {
            "server_name": "tv.greatstar.me",
            "server_url": "http://tv.greatstar.me/c/",
            "macs": [
                "00:1A:79:75:77:FE",
                "00:1A:79:C1:5A:73"
            ]
        },
        {
            "server_name": "45.139.122.199:8080",
            "server_url": "http://45.139.122.199:8080/c/",
            "macs": [
                "00:1A:79:58:0E:9B",
                "00:1A:79:5C:B3:F5",
                "00:1A:79:68:97:68",
                "00:1A:79:B3:2C:C6",
                "00:1A:79:B5:D3:81",
                "00:1A:79:C0:87:6F"
            ]
        },
        {
            "server_name": "catirtv.ddns.me:8080",
            "server_url": "http://catirtv.ddns.me:8080/c/",
            "macs": [
                "00:1A:79:E6:01:05"
            ]
        },
        {
            "server_name": "a.bittensor.nexus",
            "server_url": "http://a.bittensor.nexus/c/",
            "macs": [
                "00:1A:79:51:98:8D"
            ]
        },
        {
            "server_name": "10431-plan.ott-cdn.me",
            "server_url": "http://10431-plan.ott-cdn.me/c/",
            "macs": [
                "00:1A:79:58:74:94"
            ]
        },
        {
            "server_name": "uhd3.one",
            "server_url": "http://uhd3.one/c/",
            "macs": [
                "00:1A:79:61:0F:E4",
                "00:1A:79:6F:C9:C8",
                "00:1A:79:80:92:A2",
                "00:1A:79:93:F4:59",
                "00:1A:79:A5:14:AC",
                "00:1A:79:B0:98:2F",
                "00:1A:79:BE:EB:DA",
                "00:1A:79:BF:8E:54",
                "00:1A:79:C3:B7:EC"
            ]
        },
        {
            "server_name": "line.iptveros.com:8000",
            "server_url": "http://line.iptveros.com:8000/c/",
            "macs": [
                "00:1A:79:06:43:CC",
                "00:1A:79:09:6A:69",
                "00:1A:79:34:39:64",
                "00:1A:79:57:B7:FB",
                "00:1A:79:5B:30:6F",
                "00:1A:79:6F:E0:44",
                "00:1A:79:74:B4:51",
                "00:1A:79:78:85:BF",
                "00:1A:79:87:4F:88",
                "00:1A:79:AA:66:47"
            ]
        },
        {
            "server_name": "sf.bleutv.net:8080",
            "server_url": "http://sf.bleutv.net:8080/c/",
            "macs": [
                "00:1A:79:05:96:81"
            ]
        },
        {
            "server_name": "pointpython.streamtv.to:8080",
            "server_url": "http://pointpython.streamtv.to:8080/c/",
            "macs": [
                "00:1A:79:3C:94:EA",
                "00:1A:79:64:36:4D"
            ]
        },
        {
            "server_name": "31.220.40.114",
            "server_url": "http://31.220.40.114/c/",
            "macs": [
                "00:1A:79:02:19:27",
                "00:1A:79:27:FC:E3",
                "00:1A:79:2B:F7:2D",
                "00:1A:79:40:1F:80",
                "00:1A:79:40:20:A6",
                "00:1A:79:5C:71:12",
                "00:1A:79:A5:11:8C"
            ]
        },
        {
            "server_name": "200.26.188.66",
            "server_url": "http://200.26.188.66/c/",
            "macs": [
                "00:1A:79:01:6F:55",
                "00:1A:79:18:23:8B",
                "00:1A:79:19:22:1F",
                "00:1A:79:19:3F:6A",
                "00:1A:79:1F:3F:D6",
                "00:1A:79:3D:09:AD",
                "00:1A:79:57:E8:53",
                "00:1A:79:A2:86:7D",
                "00:1A:79:AA:CD:62",
                "00:1A:79:BA:15:26",
                "00:1A:79:D7:7F:7F"
            ]
        },
        {
            "server_name": "185.235.165.43",
            "server_url": "http://185.235.165.43/c/",
            "macs": [
                "00:1A:79:00:18:29",
                "00:1A:79:1E:DE:99",
                "00:1A:79:2A:1A:3E",
                "00:1A:79:2F:04:32",
                "00:1A:79:40:7C:E9",
                "00:1A:79:47:93:2F",
                "00:1A:79:49:2C:A5",
                "00:1A:79:50:1B:5B",
                "00:1A:79:50:40:B4",
                "00:1A:79:56:C7:9A",
                "00:1A:79:5B:92:55",
                "00:1A:79:5C:E6:EF",
                "00:1A:79:60:86:D9",
                "00:1A:79:67:C1:32",
                "00:1A:79:6D:9F:2A",
                "00:1A:79:A2:BF:2A"
            ]
        },
        {
            "server_name": "sharktv.alphatx.me",
            "server_url": "http://sharktv.alphatx.me/c/",
            "macs": [
                "00:1A:79:06:45:53",
                "00:1A:79:19:10:07",
                "00:1A:79:36:B2:90",
                "00:1A:79:3C:CA:F5",
                "00:1A:79:9D:1A:CB"
            ]
        },
        {
            "server_name": "marvelhd.eu:8080",
            "server_url": "http://marvelhd.eu:8080/c/",
            "macs": [
                "00:1A:79:00:4D:C4",
                "00:1A:79:25:03:87",
                "00:1A:79:34:1A:A5",
                "00:1A:79:50:09:42",
                "00:1A:79:67:AF:0A",
                "00:1A:79:A4:80:BB",
                "00:1A:79:FC:A4:84"
            ]
        },
        {
            "server_name": "m.suportline.xyz",
            "server_url": "http://m.suportline.xyz/stalker_portal/c/",
            "macs": [
                "00:1A:79:4B:C0:BC"
            ]
        },
        {
            "server_name": "vip2102.112421.net:2050",
            "server_url": "http://vip2102.112421.net:2050/c/",
            "macs": [
                "00:1A:79:1E:4F:DF",
                "00:1A:79:56:6F:22",
                "00:1A:79:5F:5F:5F",
                "00:1A:79:67:8F:E2"
            ]
        },
        {
            "server_name": "hdmiclub.online:8080",
            "server_url": "http://hdmiclub.online:8080/c/",
            "macs": [
                "00:1A:79:A7:C9:18",
                "00:1A:79:B9:7B:3F",
                "00:1A:79:B9:A6:70",
                "00:1A:79:D0:08:A1"
            ]
        },
        {
            "server_name": "matrix-ott.tv:8080",
            "server_url": "http://matrix-ott.tv:8080/c/",
            "macs": [
                "00:1A:79:00:4F:E1",
                "00:1A:79:41:7B:FF",
                "00:1A:79:57:51:F5",
                "00:1A:79:57:9F:04",
                "00:1A:79:BD:E3:C8"
            ]
        },
        {
            "server_name": "mag.marsweb.co",
            "server_url": "http://mag.marsweb.co/c/",
            "macs": [
                "00:1A:79:4A:58:9F",
                "00:1A:79:5F:31:6F",
                "00:1A:79:8D:6F:6E",
                "00:1A:79:AA:09:DE",
                "00:1A:79:AD:65:CC",
                "00:1A:79:BD:34:F5",
                "00:1A:79:C0:08:26",
                "00:1A:79:C0:66:42",
                "00:1A:79:D0:08:96",
                "00:1A:79:D0:64:38"
            ]
        },
        {
            "server_name": "holipop.xyz",
            "server_url": "http://holipop.xyz/c/",
            "macs": [
                "00:1A:79:0F:44:A5",
                "00:1A:79:54:15:AA",
                "00:1A:79:A6:6B:DD",
                "00:1A:79:AB:48:B2",
                "00:1A:79:AE:24:32",
                "00:1A:79:C4:0F:51",
                "00:1A:79:C7:D1:D8",
                "00:1A:79:CC:12:30"
            ]
        }
    ]
}