{
    "items": [
        {
            "server_name": "rayantv.org:80",
            "server_url": "http://rayantv.org:80/c/",
            "macs": [
                "00:1A:79:66:5D:79",
                "00:1A:79:76:66:0A",
                "00:1A:79:B4:6F:07",
                "00:1A:79:B7:71:4E",
                "00:1A:79:C7:5A:C7",
                "00:1A:79:EE:61:1D"
            ]
        },
        {
            "server_name": "tv.greatstar.me",
            "server_url": "http://tv.greatstar.me/c/",
            "macs": [
                "00:1A:79:36:2F:DC"
            ]
        },
        {
            "server_name": "45.139.122.199:8080",
            "server_url": "http://45.139.122.199:8080/c/",
            "macs": [
                "00:1A:79:02:BE:2A",
                "00:1A:79:09:E6:F6",
                "00:1A:79:21:0F:47",
                "00:1A:79:2D:4A:58",
                "00:1A:79:34:E8:5D",
                "00:1A:79:3F:3B:E4",
                "00:1A:79:4E:19:BF",
                "00:1A:79:50:BE:15",
                "00:1A:79:51:1E:87",
                "00:1A:79:54:07:EC",
                "00:1A:79:5B:8C:6C",
                "00:1A:79:63:34:37",
                "00:1A:79:99:E7:5C",
                "00:1A:79:A3:0D:F7",
                "00:1A:79:AB:99:DB",
                "00:1A:79:AB:BA:E7",
                "00:1A:79:AD:5A:09",
                "00:1A:79:AD:7E:94",
                "00:1A:79:AE:75:26",
                "00:1A:79:AE:CF:0A",
                "00:1A:79:B4:3D:27",
                "00:1A:79:B4:4A:8F",
                "00:1A:79:B4:4B:D1",
                "00:1A:79:B4:57:66",
                "00:1A:79:B6:D9:83",
                "00:1A:79:BA:18:AB",
                "00:1A:79:BA:61:AC",
                "00:1A:79:BA:9B:A5",
                "00:1A:79:BB:F1:F3",
                "00:1A:79:BD:C7:F7",
                "00:1A:79:BF:B8:F2",
                "00:1A:79:C0:93:4A",
                "00:1A:79:C4:60:CA",
                "00:1A:79:C6:F7:16",
                "00:1A:79:C7:80:BA",
                "00:1A:79:CB:74:65",
                "00:1A:79:DB:D0:52",
                "00:1A:79:EF:30:D2"
            ]
        },
        {
            "server_name": "petarxc.ddns.net:8000",
            "server_url": "http://petarxc.ddns.net:8000/c/",
            "macs": [
                "00:1A:79:5F:D1:A1",
                "00:1A:79:72:29:1A"
            ]
        },
        {
            "server_name": "spain1.offshorerev.cc:8080",
            "server_url": "http://spain1.offshorerev.cc:8080/c/",
            "macs": [
                "00:1A:79:48:60:1B",
                "00:1A:79:BE:E9:29"
            ]
        },
        {
            "server_name": "starshare.live:8080",
            "server_url": "http://starshare.live:8080/c/",
            "macs": [
                "00:1A:79:17:5D:EC",
                "00:1A:79:58:91:24",
                "00:1A:79:63:E5:AF",
                "00:1A:79:74:A0:BD",
                "00:1A:79:C2:20:CF"
            ]
        },
        {
            "server_name": "plustv.ws:80",
            "server_url": "http://plustv.ws:80/c/",
            "macs": [
                "00:1A:79:1E:0A:C1",
                "00:1A:79:23:37:B5",
                "00:1A:79:30:8F:CF",
                "00:1A:79:A5:32:80",
                "00:1A:79:B3:75:22",
                "00:1A:79:B5:C5:48",
                "00:1A:79:BC:57:F1"
            ]
        }
    ]
}