{
    "items": [
        {
            "server_name": "adoiptv.com:8080",
            "server_url": "http://adoiptv.com:8080/c/",
            "macs": [
                "00:1a:79:ba:a5:12",
                "00:1a:79:ae:79:5f",
                "00:1A:79:3A:13:00"
            ]
        },
        {
            "server_name": "mutant.arrox.top",
            "server_url": "http://mutant.arrox.top/c/",
            "macs": [
                "00:1A:79:5C:FE:59",
                "00:1A:79:b7:3f:ea",
                "00:1A:79:B2:59:EE",
                "00:1A:79:FB:3F:4F",
                "00:1A:79:62:9B:5F",
                "00:1a:79:7a:dc:6f",
                "00:1a:79:5e:7e:b8",
                "00:1a:79:a0:0f:df",
                "00:1A:79:BE:CC:99",
                "00:1a:79:45:7e:1d",
                "00:1A:79:40:F3:22",
                "00:1A:79:87:A4:23",
                "00:1A:79:55:69:83",
                "00:1a:79:5F:7a:E0",
                "00:1A:79:51:9D:F9",
                "00:1a:79:44:2a:3b",
                "00:1a:79:34:e6:cd",
                "00:1A:79:3C:53:E4",
                "00:1A:79:38:3F:7B",
                "00:1a:79:56:91:e5",
                "00:1A:79:28:35:F8",
                "00:1A:79:58:37:6B",
                "00:1A:79:5B:91:D0",
                "00:1A:79:6F:9B:0F",
                "00:1a:79:25:c4:3e"
            ]
        },
        {
            "server_name": "poyrazdeu.pro:8080",
            "server_url": "http://poyrazdeu.pro:8080/c/",
            "macs": [
                "00:1A:79:38:38:37"
            ]
        },
        {
            "server_name": "mutant.arrox.top",
            "server_url": "http://mutant.arrox.top/c/",
            "macs": [
                "00:1A:79:41:E1:3B",
                "00:1A:79:A5:0B:B4",
                "00:1A:79:1D:01:57",
                "00:1A:79:92:4F:97"
            ]
        },
        {
            "server_name": "ns358711.ovh.net:88",
            "server_url": "http://ns358711.ovh.net:88/stalker_portal/c/",
            "macs": [
                "00:1A:79:42:D1:F3",
                "00:1A:79:5F:31:9C",
                "00:1A:79:74:AC:65",
                "00:1A:79:72:7B:0E",
                "00:1A:79:FC:8E:5A",
                "00:1A:79:26:70:1D",
                "00:1A:79:52:E7:B7"
            ]
        },
        {
            "server_name": "line.iptvwings.com",
            "server_url": "http://line.iptvwings.com/c/",
            "macs": [
                "00:1A:79:6F:EC:CF",
                "00:1A:79:24:45:82",
                "00:1A:79:F5:0C:CA",
                "00:1A:79:AF:8E:41",
                "00:1A:79:C1:F1:77",
                "00:1A:79:AF:D8:15",
                "00:1A:79:79:AA:04"
            ]
        },
        {
            "server_name": "alexiptv.ddns.me:8080",
            "server_url": "http://alexiptv.ddns.me:8080/c/",
            "macs": [
                "00:1A:79:BB:42:83"
            ]
        },
        {
            "server_name": "tv.cloudcdn.online",
            "server_url": "http://tv.cloudcdn.online/c/",
            "macs": [
                "00:1A:79:45:5B:21"
            ]
        },
        {
            "server_name": "neroiptv.xyz:8080",
            "server_url": "http://neroiptv.xyz:8080/c/",
            "macs": [
                "00:1A:79:39:34:17",
                "00:1A:79:1C:37:5C",
                "00:1A:79:35:9D:A0",
                "00:1A:79:AF:59:CA",
                "00:1A:79:63:A7:B0",
                "00:1A:79:73:9E:51",
                "00:1A:79:7A:F0:E0",
                "00:1A:79:32:5E:1F",
                "00:1A:79:5E:D5:94",
                "00:1A:79:F5:07:5E",
                "00:1A:79:FB:08:6E"
            ]
        },
        {
            "server_name": "tvhouse.live",
            "server_url": "http://tvhouse.live/c/",
            "macs": [
                "00:1A:79:58:B8:7A"
            ]
        },
        {
            "server_name": "promaxhd.com:8080",
            "server_url": "http://promaxhd.com:8080/c/",
            "macs": [
                "00:1A:79:6A:37:3B",
                "00:1A:79:4E:0A:6B",
                "00:1A:79:01:02:E4",
                "00:1A:79:AE:CD:C4",
                "00:1A:79:68:3F:3D",
                "00:1A:79:6E:1B:70",
                "00:1A:79:4B:C8:36",
                "00:1A:79:DE:41:D9"
            ]
        },
        {
            "server_name": "new.ivue.co:25461",
            "server_url": "http://new.ivue.co:25461/c/",
            "macs": [
                "00:1A:79:5C:98:F0",
                "00:1A:79:86:0F:51"
            ]
        },
        {
            "server_name": "scorpioniptv.com:2052",
            "server_url": "http://scorpioniptv.com:2052/c/",
            "macs": [
                "00:1A:79:62:d9:a0",
                "00:1A:79:78:b2:b8",
                "00:1A:79:bf:22:92",
                "00:1A:79:BC:D2:8C",
                "00:1A:79:63:AB:46"
            ]
        },
        {
            "server_name": "adoiptv.com:8080",
            "server_url": "http://adoiptv.com:8080/c/",
            "macs": [
                "00:1a:79:ba:a5:12",
                "00:1a:79:ae:79:5f"
            ]
        },
        {
            "server_name": "mutant.arrox.top",
            "server_url": "http://mutant.arrox.top/c/",
            "macs": [
                "00:1A:79:5C:FE:59",
                "00:1A:79:b7:3f:ea"
            ]
        }
    ]
}