{
    "items": [
        {
            "server_name": "procdnnet.eu:80",
            "server_url": "http://procdnnet.eu:80/c/",
            "macs": [
                "00:1A:79:AE:CB:D5",
                "00:1A:79:E7:AD:E1",
                "00:1A:79:E7:59:C4"
            ]
        },
        {
            "server_name": "aabb.is:2095",
            "server_url": "http://aabb.is:2095/c/",
            "macs": [
                "00:1A:79:BA:B4:36",
                "00:1A:79:B7:30:98"
            ]
        },
        {
            "server_name": "ledir.thund.re",
            "server_url": "http://ledir.thund.re/c/",
            "macs": [
                "00:1A:79:00:30:43",
                "00:1A:79:00:65:72",
                "00:1A:79:00:93:02",
                "00:1A:79:00:60:70",
                "00:1A:79:02:65:92",
                "00:1A:79:00:37:60",
                "00:1A:79:22:72:16",
                "00:1A:79:00:35:34",
                "00:1A:79:22:5A:77"
            ]
        },
        {
            "server_name": "wiki-ott.org:8789",
            "server_url": "http://wiki-ott.org:8789/c/",
            "macs": [
                "00:1A:79:3D:5C:6F",
                "00:1A:79:A5:40:70",
                "00:1A:79:23:7A:F4",
                "00:1A:79:70:68:3F",
                "00:1A:79:94:21:A0",
                "00:1A:79:A4:58:03",
                "00:1A:79:5E:F3:6F",
                "00:1A:79:98:97:56",
                "00:1A:79:7A:42:12",
                "00:1A:79:05:A3:28",
                "00:1A:79:6A:AC:A5"
            ]
        },
        {
            "server_name": "xc.xvip58.xyz:8080",
            "server_url": "http://xc.xvip58.xyz:8080/c/",
            "macs": [
                "00:1A:79:14:e1:71",
                "00:1A:79:22:40:c2",
                "00:1A:79:4d:07:54",
                "00:1A:79:22:db:ad",
                "00:1A:79:10:de:e9"
            ]
        },
        {
            "server_name": "poiuy6.com",
            "server_url": "http://poiuy6.com/c/",
            "macs": [
                "00:1A:79:6D:60:65"
            ]
        },
        {
            "server_name": "stb.iphd.tv",
            "server_url": "http://stb.iphd.tv/c/",
            "macs": [
                "00:1A:79:0B:65:A5",
                "00:1A:79:B2:45:1A",
                "00:1A:79:4A:42:F4"
            ]
        },
        {
            "server_name": "fastrunner.live:8080",
            "server_url": "http://fastrunner.live:8080/c/",
            "macs": [
                "00:1A:79:B1:F7:0A",
                "00:1A:79:BE:58:E8"
            ]
        },
        {
            "server_name": "45.139.122.199:8080",
            "server_url": "http://45.139.122.199:8080/c/",
            "macs": [
                "00:1A:79:4D:83:E3"
            ]
        },
        {
            "server_name": "tvonpt.net:80",
            "server_url": "http://tvonpt.net:80/c/",
            "macs": [
                "00:1A:79:B7:98:CF",
                "00:1A:79:18:6F:B8",
                "00:1A:79:53:9F:08",
                "00:1A:79:A2:B3:F2",
                "00:1A:79:2B:7F:D0",
                "00:1A:79:AE:B5:92",
                "00:1A:79:E0:8F:45"
            ]
        },
        {
            "server_name": "onair4k.com",
            "server_url": "http://onair4k.com/c/",
            "macs": [
                "00:1A:79:A0:01:B2",
                "00:1A:79:A0:0E:2F",
                "00:1A:79:A0:17:64",
                "00:1A:79:A0:22:66",
                "00:1A:79:A0:2B:52",
                "00:1A:79:A0:64:6B",
                "00:1A:79:A0:67:45",
                "00:1A:79:A0:78:78",
                "00:1A:79:A0:88:93",
                "00:1A:79:A0:8E:C6",
                "00:1A:79:A0:98:5A"
            ]
        },
        {
            "server_name": "pirate-teleiptv.com:80",
            "server_url": "http://pirate-teleiptv.com:80/c/",
            "macs": [
                "00:1A:79:44:16:FD"
            ]
        },
        {
            "server_name": "dm.lion-ott.com",
            "server_url": "http://dm.lion-ott.com/c/",
            "macs": [
                "00:1A:79:00:00:00"
            ]
        },
        {
            "server_name": "tv.lietuviska.tv",
            "server_url": "http://tv.lietuviska.tv/stalker_portal/c/",
            "macs": [
                "00:1A:79:00:00:1F",
                "00:1A:79:00:1A:1D",
                "00:1A:79:00:3C:9C",
                "00:1A:79:00:86:00",
                "00:1A:79:01:01:11",
                "00:1A:79:01:81:31",
                "00:1A:79:04:6C:80",
                "00:1a:79:04:85:5b",
                "00:1a:79:05:06:52",
                "00:1A:79:06:00:00",
                "00:1a:79:06:22:58",
                "00:1A:79:06:AB:53",
                "00:1A:79:07:F0:6E",
                "00:1A:79:08:EF:25",
                "00:1A:79:09:4B:B1",
                "00:1a:79:09:21:b7",
                "00:1A:79:09:25:6A"
            ]
        },
        {
            "server_name": "tv.supertv.life:80",
            "server_url": "http://tv.supertv.life:80/c/",
            "macs": [
                "00:1A:79:05:8F:1C",
                "00:1A:79:05:8F:2B",
                "00:1A:79:06:8F:D9",
                "00:1a:79:06:8f:d7",
                "00:1A:79:06:8F:E3",
                "00:1A:79:06:8F:C0",
                "00:1A:79:06:8F:F8",
                "00:1A:79:07:4F:D4",
                "00:1A:79:07:4F:DE",
                "00:1A:79:07:4F:DD",
                "00:1A:79:07:6F:8F",
                "00:1A:79:07:9F:F4",
                "00:1A:79:07:9F:F6",
                "00:1A:79:0A:9F:00",
                "00:1A:79:35:EF:33",
                "00:1A:79:44:B3:E5",
                "00:1a:79:4a:99:cc",
                "00:1a:79:4a:cb:cc",
                "00:1a:79:4c:0a:d9",
                "00:1A:79:4C:31:10",
                "00:1a:79:4C:31:12",
                "00:1A:79:4C:3B:52",
                "00:1A:79:55:20:b4",
                "00:1A:79:55:9C:AD",
                "00:1a:79:55:a1:7a",
                "00:1A:79:59:21:6A"
            ]
        },
        {
            "server_name": "chaine.ddns.net:80",
            "server_url": "http://chaine.ddns.net:80/c/",
            "macs": [
                "00:1A:79:85:8F:C7",
                "00:1A:79:79:0F:D4",
                "00:1A:79:23:7F:37",
                "00:1A:79:5E:8F:25",
                "00:1A:79:23:6F:3F",
                "00:1A:79:A3:4F:D5",
                "00:1A:79:19:0A:16",
                "00:1A:79:B3:F4:C9",
                "00:1A:79:B1:6B:BA",
                "00:1A:79:A6:EE:D0"
            ]
        },
        {
            "server_name": "kp76.dfqz.cc:80",
            "server_url": "http://kp76.dfqz.cc:80/c/",
            "macs": [
                "00:1A:79:18:C9:2E",
                "00:1A:79:FB:32:E8",
                "00:1A:79:BE:7A:49",
                "00:1A:79:C4:51:A2",
                "00:1A:79:C4:22:E5",
                "00:1A:79:A0:D8:97",
                "00:1A:79:2B:C9:23",
                "00:1A:79:44:72:80",
                "00:1A:79:2A:AD:52",
                "00:1A:79:99:2B:B7",
                "00:1A:79:FF:0A:0A",
                "00:1A:79:B4:B7:24",
                "00:1A:79:D2:97:7E",
                "00:1A:79:73:5D:79"
            ]
        },
        {
            "server_name": "magictvliege.com:8080",
            "server_url": "http://magictvliege.com:8080/c/",
            "macs": [
                "00:1A:79:BE:5B:F5",
                "00:1A:79:4A:05:96",
                "00:1A:79:B5:AB:3C",
                "00:1A:79:74:FB:1C",
                "00:1A:79:F5:53:C6"
            ]
        },
        {
            "server_name": "hdmiclub.online:8080",
            "server_url": "http://hdmiclub.online:8080/c/",
            "macs": [
                "00:1A:79:AD:FC:D0",
                "00:1A:79:AB:AB:67",
                "00:1A:79:CD:12:32",
                "00:1A:79:C1:C6:B0",
                "00:1A:79:14:5F:1B"
            ]
        },
        {
            "server_name": "brokentv.rip:8080",
            "server_url": "http://brokentv.rip:8080/c/",
            "macs": [
                "00:1A:79:C3:10:15",
                "00:1A:79:62:9C:D7",
                "00:1A:79:0F:61:E6",
                "00:1A:79:AB:C0:EA",
                "00:1A:79:58:24:26"
            ]
        },
        {
            "server_name": "magico.livrexs.xyz",
            "server_url": "http://magico.livrexs.xyz/c/",
            "macs": [
                "00:1A:79:C2:00:EE",
                "00:1A:79:A2:C5:AD"
            ]
        },
        {
            "server_name": "exm3u.123tv.to:8080",
            "server_url": "http://exm3u.123tv.to:8080/c/",
            "macs": [
                "00:1A:79:2B:89:46"
            ]
        },
        {
            "server_name": "23232.top:80",
            "server_url": "http://23232.top:80/c/",
            "macs": [
                "00:1A:79:C0:CD:34",
                "00:1A:79:1C:18:61",
                "00:1A:79:81:5E:60",
                "00:1A:79:C9:A6:CD",
                "00:1A:79:B4:F0:E3"
            ]
        },
        {
            "server_name": "procdnnet.eu:80",
            "server_url": "http://procdnnet.eu:80/c/",
            "macs": [
                "00:1A:79:AD:94:2E",
                "00:1A:79:E7:AD:E1",
                "00:1A:79:BA:8F:78",
                "00:1A:79:E7:59:C4",
                "00:1A:79:AE:CB:D5",
                "00:1A:79:ED:9C:61"
            ]
        },
        {
            "server_name": "catirtv.ddns.me:8080",
            "server_url": "http://catirtv.ddns.me:8080/c/",
            "macs": [
                "00:1A:79:D1:FF:DB",
                "00:1A:79:B0:BE:4A",
                "00:1A:79:C1:91:FD"
            ]
        },
        {
            "server_name": "black-ghost.live:8080",
            "server_url": "http://black-ghost.live:8080/c/",
            "macs": [
                "00:1A:79:14:E7:E2",
                "00:1A:79:10:DF:E8",
                "00:1A:79:84:C1:0B"
            ]
        },
        {
            "server_name": "chunkymunky.site:8080",
            "server_url": "http://chunkymunky.site:8080/c/",
            "macs": [
                "00:1A:79:52:CF:9E",
                "00:1A:79:52:D6:4D",
                "00:1A:79:52:EB:B6",
                "00:1A:79:52:EC:91",
                "00:1A:79:52:F6:54",
                "00:1A:79:52:F7:8C",
                "00:1A:79:53:01:58",
                "00:1A:79:53:0C:10"
            ]
        },
        {
            "server_name": "sharktv.alphatx.me",
            "server_url": "http://sharktv.alphatx.me/c/",
            "macs": [
                "00:1A:79:06:45:53",
                "00:1A:79:3C:CA:F5",
                "00:1a:79:36:B2:90",
                "00:1A:79:19:10:07",
                "00:1a:79:9d:1a:cb"
            ]
        },
        {
            "server_name": "marvelhd.eu:8080",
            "server_url": "http://marvelhd.eu:8080/c/",
            "macs": [
                "00:1A:79:25:03:87",
                "00:1a:79:34:1a:a5",
                "00:1A:79:50:09:42",
                "00:1A:79:00:4d:c4",
                "00:1a:79:a4:80:bb",
                "00:1a:79:fc:a4:84",
                "00:1A:79:67:AF:0A"
            ]
        },
        {
            "server_name": "chaine.ddns.net:80",
            "server_url": "http://chaine.ddns.net:80/c/",
            "macs": [
                "00:1A:79:85:8F:C7",
                "00:1A:79:79:0F:D4",
                "00:1A:79:23:7F:37",
                "00:1A:79:5E:8F:25",
                "00:1A:79:23:6F:3F",
                "00:1A:79:A3:4F:D5",
                "00:1A:79:19:0A:16",
                "00:1A:79:B3:F4:C9",
                "00:1A:79:B1:6B:BA",
                "00:1A:79:A6:EE:D0",
                "00:1A:79:35:EF:33",
                "00:1A:79:44:B3:E5",
                "00:1a:79:4a:99:cc",
                "00:1a:79:4a:cb:cc",
                "00:1a:79:4c:0a:d9",
                "00:1A:79:4C:31:10",
                "00:1a:79:4C:31:12",
                "00:1A:79:4C:3B:52",
                "00:1A:79:55:20:b4",
                "00:1A:79:55:9C:AD",
                "00:1a:79:55:a1:7a",
                "00:1A:79:59:21:6A"
            ]
        },
        {
            "server_name": "mag.ukhd.tv",
            "server_url": "http://mag.ukhd.tv/c/",
            "macs": [
                "00:1A:79:68:9D:1D",
                "00:1A:79:62:41:7E",
                "00:1A:79:A3:14:01",
                "00:1A:79:84:27:01",
                "00:1A:79:19:87:75",
                "00:1A:79:83:6F:A7",
                "00:1A:79:A3:11:D8",
                "00:1A:79:75:F5:CD"
            ]
        },
        {
            "server_name": "line.iptvwings.com",
            "server_url": "http://line.iptvwings.com/c/",
            "macs": [
                "00:1A:79:52:DD:E5",
                "00:1A:79:B5:0A:62",
                "00:1A:79:AC:1F:C5",
                "00:1A:79:C5:15:CD",
                "00:1A:79:24:76:5E",
                "00:1A:79:3A:E2:52",
                "00:1A:79:7E:2C:FC",
                "00:1A:79:97:5B:44",
                "00:1A:79:44:CA:DE"
            ]
        },
        {
            "server_name": "tv.cloudcdn.me",
            "server_url": "http://tv.cloudcdn.me/c/",
            "macs": [
                "00:1A:79:50:3A:D4",
                "00:1A:79:FC:69:43",
                "00:1A:79:40:26:17",
                "00:1A:79:08:26:03",
                "00:1A:79:0A:92:99",
                "00:1A:79:A8:9C:32",
                "00:1A:79:07:1D:D8",
                "00:1A:79:0E:F7:2B",
                "00:1A:79:20:8F:97",
                "00:1A:79:06:EF:86",
                "00:1A:79:07:45:32",
                "00:1A:79:9E:97:5B",
                "00:1A:79:17:D4:A9",
                "00:1A:79:91:38:31",
                "00:1A:79:A4:26:02"
            ]
        },
        {
            "server_name": "tit.ipsh.tv",
            "server_url": "http://tit.ipsh.tv/c/",
            "macs": [
                "00:1A:79:81:73:68",
                "00:1A:79:C6:B9:AD",
                "00:1A:79:40:34:51",
                "00:1A:79:38:4F:21",
                "00:1A:79:76:98:27",
                "00:1A:79:76:16:7C",
                "00:1A:79:B5:F8:A3",
                "00:1A:79:74:92:76",
                "00:1A:79:B9:F1:93",
                "00:1A:79:2D:44:DE",
                "00:1A:79:42:58:1D",
                "00:1A:79:53:DE:EE"
            ]
        },
        {
            "server_name": "117tv.icu:8080",
            "server_url": "http://117tv.icu:8080/c/",
            "macs": [
                "00:1A:79:AA:10:2A",
                "00:1A:79:AD:D0:90",
                "00:1A:79:AD:CD:25"
            ]
        },
        {
            "server_name": "coresys.dvrdns.org:25461",
            "server_url": "http://coresys.dvrdns.org:25461/c/",
            "macs": [
                "00:1A:79:8E:6F:DA",
                "00:1A:79:14:5F:3F"
            ]
        },
        {
            "server_name": "medotv.nl:8000",
            "server_url": "http://medotv.nl:8000/c/",
            "macs": [
                "00:1A:79:3D:1E:34"
            ]
        },
        {
            "server_name": "tv70.icu:8080",
            "server_url": "http://tv70.icu:8080/c/",
            "macs": [
                "00:1A:79:AD:CD:25",
                "00:1A:79:35:F5:69"
            ]
        },
        {
            "server_name": "don-balon.ddns.net:8080",
            "server_url": "http://don-balon.ddns.net:8080/c/",
            "macs": [
                "00:1A:79:A3:02:3D"
            ]
        },
        {
            "server_name": "ip.xtremetv.eu:8000",
            "server_url": "http://ip.xtremetv.eu:8000/c/",
            "macs": [
                "00:1A:79:D8:8B:2D"
            ]
        },
        {
            "server_name": "powerglobal.io",
            "server_url": "http://powerglobal.io/c/",
            "macs": [
                "00:1A:79:03:1B:11",
                "00:1A:79:2B:7F:35",
                "00:1A:79:18:7F:40",
                "00:1A:79:80:8F:1A",
                "00:1A:79:0F:5F:33",
                "00:1A:79:0F:0F:55",
                "00:1A:79:79:1F:32",
                "00:1A:79:3D:0F:46",
                "00:1A:79:00:15:53",
                "00:1A:79:3D:0F:7D",
                "00:1A:79:23:6F:0D",
                "00:1A:79:6B:5F:7B"
            ]
        },
        {
            "server_name": "line.protv.cc:80",
            "server_url": "http://line.protv.cc:80/c/",
            "macs": [
                "00:1A:79:21:77:C8",
                "00:1A:79:44:A0:99",
                "00:1A:79:A3:B9:53",
                "00:1A:79:4F:55:3E",
                "00:1A:79:C5:2D:70",
                "00:1A:79:1C:AD:8E"
            ]
        },
        {
            "server_name": "ruyatv.com:8080",
            "server_url": "http://ruyatv.com:8080/c/",
            "macs": [
                "00:1A:79:4D:03:B3"
            ]
        },
        {
            "server_name": "mutant.arrox.top:80",
            "server_url": "http://mutant.arrox.top:80/c/",
            "macs": [
                "00:1A:79:BF:D2:53"
            ]
        },
        {
            "server_name": "stalker.ugoiptv.com",
            "server_url": "http://stalker.ugoiptv.com/c/",
            "macs": [
                "00:1A:79:65:2F:58",
                "00:1A:79:8B:1F:B8",
                "00:1A:79:C5:81:86",
                "00:1A:79:C9:A9:D2",
                "00:1A:79:1C:08:F0",
                "00:1A:79:C2:9A:24",
                "00:1A:79:B5:97:56",
                "00:1A:79:7B:31:D3",
                "00:1A:79:18:96:92",
                "00:1A:79:0F:63:A8"
            ]
        },
        {
            "server_name": "tv.supertv.life:80",
            "server_url": "http://tv.supertv.life:80/c/",
            "macs": [
                "00:1A:79:05:8F:1C",
                "00:1A:79:05:8F:2B",
                "00:1A:79:06:8F:D9",
                "00:1a:79:06:8f:d7",
                "00:1A:79:06:8F:E3",
                "00:1A:79:06:8F:C0",
                "00:1A:79:06:8F:F8",
                "00:1A:79:07:4F:D4",
                "00:1A:79:07:4F:DE",
                "00:1A:79:07:4F:DD",
                "00:1A:79:07:6F:8F",
                "00:1A:79:07:9F:F4",
                "00:1A:79:07:9F:F6",
                "00:1A:79:0A:9F:00"
            ]
        },
        {
            "server_name": "don-balon.ddns.net:8080",
            "server_url": "http://don-balon.ddns.net:8080/c/",
            "macs": [
                "00:1A:79:29:0E:73"
            ]
        },
        {
            "server_name": "web2021.biz:8080",
            "server_url": "http://web2021.biz:8080/c/",
            "macs": [
                "00:1A:79:5F:2C:3B",
                "00:1A:79:4E:A4:C4",
                "00:1A:79:4E:A4:C4"
            ]
        },
        {
            "server_name": "107.189.14.168:8080",
            "server_url": "http://107.189.14.168:8080/c/",
            "macs": [
                "00:1A:79:A4:88:4D"
            ]
        },
        {
            "server_name": "hans_monika.streamtv.to:8080",
            "server_url": "http://hans_monika.streamtv.to:8080/c/",
            "macs": [
                "00:1A:79:A3:FB:BC",
                "00:1A:79:53:B7:5B"
            ]
        },
        {
            "server_name": "restream.globaltv1.net:8080",
            "server_url": "http://restream.globaltv1.net:8080/c/",
            "macs": [
                "00:1A:79:14:E3:85",
                "00:1A:79:C1:A0:E6",
                "00:1A:79:08:46:3B",
                "00:1A:79:A1:83:3B",
                "00:1A:79:6B:E3:59"
            ]
        },
        {
            "server_name": "magico.livrexs.xyz",
            "server_url": "http://magico.livrexs.xyz/c/",
            "macs": [
                "00:1A:79:C2:0B:3C",
                "00:1A:79:BA:21:A6"
            ]
        },
        {
            "server_name": "185.182.193.87",
            "server_url": "http://185.182.193.87/stalker_portal/c/",
            "macs": [
                "00:1A:79:78:C5:D4",
                "00:1A:79:03:F2:D3",
                "00:1A:79:7C:09:28",
                "00:1A:79:76:86:12",
                "00:1A:79:4A:4B:C6"
            ]
        },
        {
            "server_name": "mag.ukhd.tv",
            "server_url": "http://mag.ukhd.tv/c/",
            "macs": [
                "00:1A:79:68:9D:1D",
                "00:1A:79:62:41:7E",
                "00:1A:79:A3:14:01",
                "00:1A:79:19:87:75",
                "00:1A:79:83:6F:A7",
                "00:1A:79:A3:11:D8",
                "00:1A:79:75:F5:CD"
            ]
        },
        {
            "server_name": "hanaiptv.com:8080",
            "server_url": "http://hanaiptv.com:8080/c/",
            "macs": [
                "00:1A:79:CB:9D:10",
                "00:1A:79:B5:12:96"
            ]
        },
        {
            "server_name": "577839.112421.net:2050",
            "server_url": "http://577839.112421.net:2050/c/",
            "macs": [
                "00:1A:79:41:BA:6C"
            ]
        },
        {
            "server_name": "spacextv.live:8080",
            "server_url": "http://spacextv.live:8080/c/",
            "macs": [
                "00:1A:79:00:00:00"
            ]
        },
        {
            "server_name": "kp76.dfqz.cc",
            "server_url": "http://kp76.dfqz.cc/c/",
            "macs": [
                "00:1A:79:00:00:00"
            ]
        },
        {
            "server_name": "tit.ipsh.tv",
            "server_url": "http://tit.ipsh.tv/c/",
            "macs": [
                "00:1a:79:AA:AA:AA"
            ]
        },
        {
            "server_name": "line.protv.cc",
            "server_url": "http://line.protv.cc/c/",
            "macs": [
                "00:1A:79:54:6F:34"
            ]
        },
        {
            "server_name": "mutant.arrox.top",
            "server_url": "http://mutant.arrox.top/c/",
            "macs": [
                "00:1A:79:00:0A:08",
                "00:1A:79:CD:2F:3E",
                "00:1A:79:06:C2:1D",
                "00:1A:79:04:ED:5B"
            ]
        },
        {
            "server_name": "xc.xvip58.xyz:8080",
            "server_url": "http://xc.xvip58.xyz:8080/c/",
            "macs": [
                "00:1A:79:10:DF:13"
            ]
        },
        {
            "server_name": "iptv.darktv.nl:25461",
            "server_url": "http://iptv.darktv.nl:25461/c/",
            "macs": [
                "00:1A:79:85:88:56"
            ]
        },
        {
            "server_name": "tv.cloudcdn.me",
            "server_url": "http://tv.cloudcdn.me/c/",
            "macs": [
                "00:1A:79:B7:2F:EA",
                "00:1A:79:03:ED:4F",
                "00:1A:79:CC:56:3B"
            ]
        }
    ]
}