{
    "items": [
        {
            "server_name": "chaine.ddns.net:80",
            "server_url": "http://chaine.ddns.net:80/c/",
            "macs": [
                "00:1A:79:A6:F3:E8",
                "00:1A:79:AA:B8:22",
                "00:1A:79:AB:53:EA",
                "00:1A:79:B0:D5:11",
                "00:1A:79:BD:12:78",
                "00:1A:79:BD:33:1D",
                "00:1A:79:BF:DD:04"
            ]
        },
        {
            "server_name": "ipwebtv.dyndns.tv:8000",
            "server_url": "http://ipwebtv.dyndns.tv:8000/c/",
            "macs": [
                "00:1A:79:39:F7:DA"
            ]
        },
        {
            "server_name": "localiptv.site:85",
            "server_url": "http://localiptv.site:85/c/",
            "macs": [
                "00:1A:79:5F:B0:E8",
                "00:1A:79:BE:95:C7"
            ]
        },
        {
            "server_name": "tk.upsky.space:8085",
            "server_url": "http://tk.upsky.space:8085/c/",
            "macs": [
                "00:1A:79:94:A9:00"
            ]
        },
        {
            "server_name": "mutant.arrox.top",
            "server_url": "http://mutant.arrox.top/c/",
            "macs": [
                "00:1A:79:C3:16:C4"
            ]
        },
        {
            "server_name": "ya.trythisone.cc",
            "server_url": "http://ya.trythisone.cc/c/",
            "macs": [
                "00:1A:79:00:0E:B0",
                "00:1A:79:00:AE:05"
            ]
        },
        {
            "server_name": "pal.alphatx.me:80",
            "server_url": "http://pal.alphatx.me:80/c/",
            "macs": [
                "00:1A:79:00:11:B9",
                "00:1A:79:00:14:F8",
                "00:1A:79:A1:F9:9C"
            ]
        },
        {
            "server_name": "stream.keycdn.co:80",
            "server_url": "http://stream.keycdn.co:80/c/",
            "macs": [
                "00:1A:79:41:B1:74",
                "00:1A:79:45:3E:4F"
            ]
        },
        {
            "server_name": "darknetiptv1.ddns.net:25461",
            "server_url": "http://darknetiptv1.ddns.net:25461/c/",
            "macs": [
                "00:1A:79:00:00:00"
            ]
        },
        {
            "server_name": "mag.ukhd.tv",
            "server_url": "http://mag.ukhd.tv/c/",
            "macs": [
                "00:1A:79:21:0A:D4",
                "00:1A:79:23:4F:E9",
                "00:1A:79:56:1F:DE",
                "00:1A:79:57:E6:C2",
                "00:1A:79:90:89:15",
                "00:1A:79:AD:80:73",
                "00:1A:79:F1:E6:C4"
            ]
        },
        {
            "server_name": "besttv.club:8080",
            "server_url": "http://besttv.club:8080/c/",
            "macs": [
                "00:1A:79:01:70:93",
                "00:1A:79:20:5F:6E",
                "00:1A:79:3F:20:12",
                "00:1A:79:51:A2:B8",
                "00:1A:79:5E:0C:DC",
                "00:1A:79:A4:73:9B",
                "00:1A:79:D7:74:DD"
            ]
        },
        {
            "server_name": "90309-fri.ott-cdn.me",
            "server_url": "http://90309-fri.ott-cdn.me/c/",
            "macs": [
                "00:1A:79:1E:86:56",
                "00:1A:79:5E:2F:30",
                "00:1A:79:96:B0:60",
                "00:1A:79:B1:10:AB",
                "00:1A:79:C2:9B:1C",
                "00:1A:79:D7:72:14",
                "00:1A:79:FC:C5:4E"
            ]
        },
        {
            "server_name": "sony4k.vip:8000",
            "server_url": "http://sony4k.vip:8000/c/",
            "macs": [
                "00:1A:79:2E:6F:CA",
                "00:1A:79:44:C2:06",
                "00:1A:79:72:35:F2",
                "00:1A:79:90:6E:D2",
                "00:1A:79:C2:06:F1",
                "00:1A:79:C5:82:54",
                "00:1A:79:D2:2B:1E"
            ]
        },
        {
            "server_name": "tv.trexiptv.com:80",
            "server_url": "http://tv.trexiptv.com:80/c/",
            "macs": [
                "00:1A:79:00:AA:0E",
                "00:1A:79:55:66:77",
                "00:1A:79:7B:7B:8C",
                "00:1A:79:FF:08:0D"
            ]
        },
        {
            "server_name": "redson.xyz:3800",
            "server_url": "http://redson.xyz:3800/c/",
            "macs": [
                "00:1A:79:40:DF:E2",
                "00:1A:79:85:FD:8C",
                "00:1A:79:B5:C9:76"
            ]
        },
        {
            "server_name": "mystb.top",
            "server_url": "http://mystb.top/stalker_portal/c/",
            "macs": [
                "00:1A:79:02:27:A4",
                "00:1A:79:21:11:D3"
            ]
        },
        {
            "server_name": "chaine.ddns.net:26928",
            "server_url": "http://chaine.ddns.net:26928/c/",
            "macs": [
                "00:1A:79:21:0C:00",
                "00:1A:79:23:7F:C5",
                "00:1A:79:53:9F:42",
                "00:1A:79:53:9F:CE",
                "00:1A:79:55:9F:06",
                "00:1A:79:5E:9F:E6",
                "00:1A:79:60:A6:21"
            ]
        },
        {
            "server_name": "sonymax.org:8080",
            "server_url": "http://sonymax.org:8080/c/",
            "macs": [
                "00:1A:79:00:A9:03",
                "00:1A:79:03:8F:DF",
                "00:1A:79:04:0E:A8",
                "00:1A:79:05:F6:47",
                "00:1A:79:08:5C:18",
                "00:1A:79:08:5C:1E",
                "00:1A:79:08:65:C1",
                "00:1A:79:0D:78:9E",
                "00:1A:79:15:72:D8",
                "00:1A:79:19:4F:00",
                "00:1A:79:1C:15:57",
                "00:1A:79:23:E2:6E",
                "00:1A:79:28:52:52",
                "00:1A:79:2A:49:1D",
                "00:1A:79:2C:36:48",
                "00:1A:79:2C:A1:41",
                "00:1A:79:31:D1:B1",
                "00:1A:79:33:6B:94",
                "00:1A:79:34:88:59",
                "00:1A:79:35:6A:C8",
                "00:1A:79:35:A8:5A",
                "00:1A:79:38:DB:CA",
                "00:1A:79:3C:11:14",
                "00:1A:79:3C:8A:A9",
                "00:1A:79:3D:AE:A3",
                "00:1A:79:3F:9B:14",
                "00:1A:79:40:00:68",
                "00:1A:79:41:15:83",
                "00:1A:79:42:51:59",
                "00:1A:79:43:3C:D0",
                "00:1A:79:43:E0:FC",
                "00:1A:79:46:7C:D5",
                "00:1A:79:47:33:DB",
                "00:1A:79:47:6B:A5",
                "00:1A:79:47:A8:AF",
                "00:1A:79:48:9B:EC",
                "00:1A:79:49:06:01",
                "00:1A:79:49:71:69",
                "00:1A:79:49:DC:13",
                "00:1A:79:4A:3E:C4",
                "00:1A:79:4C:9F:B7",
                "00:1A:79:4D:E8:06",
                "00:1A:79:52:B5:B2",
                "00:1A:79:53:81:88",
                "00:1A:79:54:2D:CD",
                "00:1A:79:55:39:90",
                "00:1A:79:56:51:94",
                "00:1A:79:6B:DA:17",
                "00:1A:79:6D:9C:6C",
                "00:1A:79:6D:EA:F5",
                "00:1A:79:70:45:34",
                "00:1A:79:73:2F:A0",
                "00:1A:79:76:2B:18",
                "00:1A:79:78:8B:D8",
                "00:1A:79:79:03:82",
                "00:1A:79:7A:A4:0D",
                "00:1A:79:82:C5:43",
                "00:1A:79:8A:80:08",
                "00:1A:79:92:5D:57",
                "00:1A:79:94:69:CB",
                "00:1A:79:96:A7:0A",
                "00:1A:79:9C:34:DD",
                "00:1A:79:A6:4F:81",
                "00:1A:79:A7:B0:F1",
                "00:1A:79:A7:B8:78",
                "00:1A:79:A7:CC:35",
                "00:1A:79:AA:87:62",
                "00:1A:79:AB:5A:91",
                "00:1A:79:AD:5B:D8",
                "00:1A:79:AE:6D:73",
                "00:1A:79:B1:FE:0F",
                "00:1A:79:B4:E0:CD",
                "00:1A:79:B8:7E:F5",
                "00:1A:79:BA:32:BA",
                "00:1A:79:C0:17:C3",
                "00:1A:79:C2:09:12",
                "00:1A:79:C2:88:B4",
                "00:1A:79:C3:40:4A",
                "00:1A:79:C3:C2:F0",
                "00:1A:79:F6:57:2F"
            ]
        }
    ]
}