{
    "items": [
        {
            "server_name": "magentalive.eu:8080",
            "server_url": "http://magentalive.eu:8080/c/",
            "macs": [
                "00:1A:79:6B:EA:8D"
            ]
        },
        {
            "server_name": "1234up.com:8080",
            "server_url": "http://1234up.com:8080/c/",
            "macs": [
                "00:1A:79:4E:7F:08",
                "00:1A:79:84:9D:5D",
                "00:1A:79:A8:74:62",
                "00:1A:79:B2:32:DE",
                "00:1A:79:B3:C1:A9",
                "00:1A:79:B6:7D:63",
                "00:1A:79:BB:3E:C8",
                "00:1A:79:C0:7B:92",
                "00:1A:79:C7:6E:C7",
                "00:1A:79:D0:E7:9C",
                "00:1A:79:DA:32:62",
                "00:1A:79:FB:03:05"
            ]
        },
        {
            "server_name": "uhd3.one:80",
            "server_url": "http://uhd3.one:80/c/",
            "macs": [
                "00:1A:79:70:F2:C9",
                "00:1A:79:D2:A1:97"
            ]
        },
        {
            "server_name": "200.26.188.39:80",
            "server_url": "http://200.26.188.39:80/c/",
            "macs": [
                "00:1A:79:35:2B:43"
            ]
        },
        {
            "server_name": "89.45.13.220:8080",
            "server_url": "http://89.45.13.220:8080/c/",
            "macs": [
                "00:1A:79:01:23:23",
                "00:1A:79:AB:5D:D7"
            ]
        },
        {
            "server_name": "hustler.tv.streamtv.to:8080",
            "server_url": "http://hustler.tv.streamtv.to:8080/c/",
            "macs": [
                "00:1A:79:2C:60:44",
                "00:1A:79:3B:17:50",
                "00:1A:79:C8:1B:10",
                "00:1A:79:D0:F7:DF"
            ]
        },
        {
            "server_name": "putin.penis.streamtv.to:8080",
            "server_url": "http://putin.penis.streamtv.to:8080/c/",
            "macs": [
                "00:1A:79:37:0A:4A",
                "00:1A:79:63:B0:56",
                "00:1A:79:DB:2D:FB",
                "00:1A:79:FE:1F:92"
            ]
        },
        {
            "server_name": "ott.aet.az",
            "server_url": "http://ott.aet.az/stalker_portal/c/",
            "macs": [
                "00:1A:79:1C:38:37",
                "00:1A:79:87:FC:4C"
            ]
        },
        {
            "server_name": "kaliteiptv.live:8080",
            "server_url": "http://kaliteiptv.live:8080/c/",
            "macs": [
                "00:1A:79:13:3C:11"
            ]
        },
        {
            "server_name": "tissl.club:8080",
            "server_url": "http://tissl.club:8080/c/",
            "macs": [
                "00:1A:79:6C:50:98"
            ]
        },
        {
            "server_name": "hit55555555.streamtv.to:8080",
            "server_url": "http://hit55555555.streamtv.to:8080/c/",
            "macs": [
                "00:1A:79:37:0A:4A",
                "00:1A:79:49:D7:47",
                "00:1A:79:52:29:A4",
                "00:1A:79:55:97:DC",
                "00:1A:79:B3:A1:DA",
                "00:1A:79:DC:4B:F8"
            ]
        },
        {
            "server_name": "adamkowal.club:8880",
            "server_url": "http://adamkowal.club:8880/c/",
            "macs": [
                "00:1A:79:AF:8E:4C"
            ]
        },
        {
            "server_name": "4khdstreamsbox.com",
            "server_url": "http://4khdstreamsbox.com/c/",
            "macs": [
                "00:1A:79:0E:1F:A8"
            ]
        },
        {
            "server_name": "yo.ikitv.site:8080",
            "server_url": "http://yo.ikitv.site:8080/c/",
            "macs": [
                "00:1A:79:3F:C6:C3",
                "00:1A:79:A9:E9:39",
                "00:1A:79:B3:6B:64",
                "00:1A:79:C3:CB:86"
            ]
        },
        {
            "server_name": "p1.airce.biz",
            "server_url": "http://p1.airce.biz/stalker_portal/c/",
            "macs": [
                "00:1A:79:22:97:40",
                "00:1A:79:2E:1C:57",
                "00:1A:79:38:E0:47",
                "00:1A:79:57:6D:F3",
                "00:1A:79:63:63:36",
                "00:1A:79:64:33:05",
                "00:1A:79:6A:86:C5",
                "00:1A:79:89:C0:0E",
                "00:1A:79:95:43:77",
                "00:1A:79:9D:12:24",
                "00:1A:79:B8:CA:8D",
                "00:1A:79:E3:DB:08"
            ]
        },
        {
            "server_name": "cooltv4u.xyz",
            "server_url": "http://cooltv4u.xyz/stalker_portal/c/",
            "macs": [
                "00:1A:79:00:10:A9"
            ]
        },
        {
            "server_name": "alektv.com",
            "server_url": "http://alektv.com/c/",
            "macs": [
                "00:1A:79:00:8F:8F",
                "00:1A:79:07:1E:3F",
                "00:1A:79:28:DC:7B",
                "00:1A:79:4C:84:3F",
                "00:1A:79:5B:36:90",
                "00:1A:79:5B:7F:9D",
                "00:1A:79:6A:8D:6B",
                "00:1A:79:6B:AE:91",
                "00:1A:79:6B:BB:13",
                "00:1A:79:6D:34:B5",
                "00:1A:79:6F:EC:F2",
                "00:1A:79:74:24:C5"
            ]
        },
        {
            "server_name": "lomaxs.xyz:8080",
            "server_url": "http://lomaxs.xyz:8080/c/",
            "macs": [
                "00:1A:79:01:69:E4",
                "00:1A:79:09:81:63",
                "00:1A:79:43:81:83",
                "00:1A:79:55:E6:BA",
                "00:1A:79:6E:86:20",
                "00:1A:79:A1:04:14"
            ]
        },
        {
            "server_name": "162.19.37.133:8080",
            "server_url": "http://162.19.37.133:8080/c/",
            "macs": [
                "00:1A:79:A4:5A:CC",
                "00:1A:79:AD:E4:17",
                "00:1A:79:B2:43:86",
                "00:1A:79:B9:9C:A8"
            ]
        },
        {
            "server_name": "iup-tv.com:8080",
            "server_url": "http://iup-tv.com:8080/c/",
            "macs": [
                "00:1A:79:A9:EE:6C",
                "00:1A:79:AE:2A:3B",
                "00:1A:79:BB:52:D0"
            ]
        },
        {
            "server_name": "digital121.xyz",
            "server_url": "http://digital121.xyz/c/",
            "macs": [
                "00:1A:79:AF:7A:F3"
            ]
        },
        {
            "server_name": "scorpioniptv.com:2052",
            "server_url": "http://scorpioniptv.com:2052/c/",
            "macs": [
                "00:1A:79:A5:80:B5"
            ]
        },
        {
            "server_name": "line.gofast-tv.me",
            "server_url": "http://line.gofast-tv.me/c/",
            "macs": [
                "00:1A:79:B5:9A:99"
            ]
        },
        {
            "server_name": "chefedoze12.xyz",
            "server_url": "http://chefedoze12.xyz/c/",
            "macs": [
                "00:1A:79:B8:23:27"
            ]
        },
        {
            "server_name": "sotu.ws",
            "server_url": "http://sotu.ws/c/",
            "macs": [
                "00:1A:79:A9:2B:7E"
            ]
        },
        {
            "server_name": "mag.king-4k.cc",
            "server_url": "http://mag.king-4k.cc/c/",
            "macs": [
                "00:1A:79:B6:21:5D"
            ]
        },
        {
            "server_name": "line.clear-ocean.link",
            "server_url": "http://line.clear-ocean.link/c/",
            "macs": [
                "00:1A:79:D1:D1:89"
            ]
        },
        {
            "server_name": "llllllllliiiiiiiiiiiiii.funtogether.xyz:8080",
            "server_url": "http://llllllllliiiiiiiiiiiiii.funtogether.xyz:8080/c/",
            "macs": [
                "00:1A:79:5A:1C:16"
            ]
        },
        {
            "server_name": "caccapupu.ddns.net",
            "server_url": "http://caccapupu.ddns.net/c/",
            "macs": [
                "00:1A:79:7C:0C:E4"
            ]
        },
        {
            "server_name": "def.fiorecasa.xyz:80",
            "server_url": "http://def.fiorecasa.xyz:80/c/",
            "macs": [
                "00:1A:79:00:44:A1"
            ]
        },
        {
            "server_name": "ipwebtv.dyndns.tv:8000",
            "server_url": "http://ipwebtv.dyndns.tv:8000/c/",
            "macs": [
                "00:1A:79:39:F7:CC"
            ]
        },
        {
            "server_name": "zepequeno.xyz:8080",
            "server_url": "http://zepequeno.xyz:8080/c/",
            "macs": [
                "00:1A:79:B5:B2:F0",
                "00:1A:79:CE:2B:8C"
            ]
        },
        {
            "server_name": "smartersdnsx.com:8080",
            "server_url": "http://smartersdnsx.com:8080/c/",
            "macs": [
                "00:1A:79:03:67:19",
                "00:1A:79:3B:42:D2",
                "00:1A:79:57:DB:F5",
                "00:1A:79:5F:E2:2C",
                "00:1A:79:64:EE:C1",
                "00:1A:79:8C:23:20"
            ]
        },
        {
            "server_name": "line.greatstar.me:80",
            "server_url": "http://line.greatstar.me:80/c/",
            "macs": [
                "00:1A:79:00:0B:C2",
                "00:1A:79:00:0C:3E",
                "00:1A:79:00:0D:87",
                "00:1A:79:00:0D:ED",
                "00:1A:79:00:0E:E5",
                "00:1A:79:00:11:63",
                "00:1A:79:00:12:BB",
                "00:1A:79:00:12:FA",
                "00:1A:79:00:13:06",
                "00:1A:79:00:13:24",
                "00:1A:79:00:13:25",
                "00:1A:79:00:13:37",
                "00:1A:79:00:14:F3",
                "00:1A:79:00:15:D5"
            ]
        },
        {
            "server_name": "new.ivue.co:25461",
            "server_url": "http://new.ivue.co:25461/c/",
            "macs": [
                "00:1A:79:09:C4:73",
                "00:1A:79:34:C1:C4",
                "00:1A:79:44:2A:0F",
                "00:1A:79:45:1F:5B",
                "00:1A:79:50:57:90",
                "00:1A:79:53:62:1F",
                "00:1A:79:53:77:1F",
                "00:1A:79:57:93:FC",
                "00:1A:79:5C:94:F2",
                "00:1A:79:6C:32:B4",
                "00:1A:79:6E:63:69",
                "00:1A:79:72:85:2F",
                "00:1A:79:77:63:67",
                "00:1A:79:7E:69:A4",
                "00:1A:79:B8:4F:1E",
                "00:1A:79:BB:D8:6F",
                "00:1A:79:C0:05:12",
                "00:1A:79:C2:99:B9",
                "00:1A:79:C3:66:EE",
                "00:1A:79:F1:C5:A4"
            ]
        },
        {
            "server_name": "darknetiptv1.ddns.net:25461",
            "server_url": "http://darknetiptv1.ddns.net:25461/c/",
            "macs": [
                "00:1A:79:53:62:1F",
                "00:1A:79:6E:63:69",
                "00:1A:79:72:85:2F",
                "00:1A:79:B8:4F:1E",
                "00:1A:79:C2:99:B9"
            ]
        },
        {
            "server_name": "mag.premiumplus.tv",
            "server_url": "http://mag.premiumplus.tv/c/",
            "macs": [
                "00:1A:79:06:DE:2C",
                "00:1A:79:10:29:AF",
                "00:1A:79:10:40:B5",
                "00:1A:79:17:49:F3",
                "00:1A:79:18:24:1C",
                "00:1A:79:2F:EB:0C",
                "00:1A:79:3A:FB:60",
                "00:1A:79:45:BC:2A",
                "00:1A:79:4A:B3:09",
                "00:1A:79:5A:A0:59",
                "00:1A:79:64:F1:8C",
                "00:1A:79:68:6F:EE",
                "00:1A:79:6B:B8:FC",
                "00:1A:79:76:36:69",
                "00:1A:79:78:E8:74",
                "00:1A:79:7D:D7:6A",
                "00:1A:79:8E:47:9F",
                "00:1A:79:90:3E:4F",
                "00:1A:79:97:0A:BE",
                "00:1A:79:B0:A7:3B",
                "00:1A:79:B5:FE:93",
                "00:1A:79:B7:07:5A",
                "00:1A:79:B9:48:5B",
                "00:1A:79:BD:5F:D4",
                "00:1A:79:C3:C6:17",
                "00:1A:79:C9:5C:3E",
                "00:1A:79:CD:4B:F7",
                "00:1A:79:E6:E4:89",
                "00:1A:79:EF:92:E7"
            ]
        },
        {
            "server_name": "proxy.iptveurope.cc:8080",
            "server_url": "http://proxy.iptveurope.cc:8080/c/",
            "macs": [
                "00:1A:79:4F:49:F7"
            ]
        },
        {
            "server_name": "rufus.zone",
            "server_url": "http://rufus.zone/stalker_portal/c/",
            "macs": [
                "00:1A:79:2F:2F:13",
                "00:1A:79:B5:5E:66",
                "00:1A:79:C1:37:22",
                "00:1A:79:C5:2A:38",
                "00:1A:79:CD:57:2C",
                "00:1A:79:E5:17:A9"
            ]
        },
        {
            "server_name": "89.45.13.153:25461",
            "server_url": "http://89.45.13.153:25461/c/",
            "macs": [
                "00:1A:79:08:BA:81",
                "00:1A:79:4B:71:52"
            ]
        },
        {
            "server_name": "esesfero.mine.nu:3800",
            "server_url": "http://esesfero.mine.nu:3800/c/",
            "macs": [
                "00:1A:79:03:0F:25",
                "00:1A:79:40:13:AA",
                "00:1A:79:D2:2C:24"
            ]
        },
        {
            "server_name": "200.26.188.39",
            "server_url": "http://200.26.188.39/c/",
            "macs": [
                "00:1A:79:6F:63:A1",
                "00:1A:79:BB:5C:25",
                "00:1A:79:BD:25:FB",
                "00:1A:79:BF:DA:52"
            ]
        },
        {
            "server_name": "pt.chape-shop.com:8080",
            "server_url": "http://pt.chape-shop.com:8080/c/",
            "macs": [
                "00:1A:79:5F:60:B3",
                "00:1A:79:73:52:1A",
                "00:1A:79:74:2C:2C",
                "00:1A:79:79:76:53",
                "00:1A:79:96:8C:3C",
                "00:1A:79:A4:8B:68",
                "00:1A:79:B0:C6:B5",
                "00:1A:79:BB:19:2F",
                "00:1A:79:C4:4F:A7"
            ]
        },
        {
            "server_name": "tv.premiumplus.tv",
            "server_url": "http://tv.premiumplus.tv/c/",
            "macs": [
                "00:1A:79:10:D5:E9",
                "00:1A:79:2D:22:BB",
                "00:1A:79:3B:9E:F7",
                "00:1A:79:4A:59:D8",
                "00:1A:79:6F:CC:10",
                "00:1A:79:86:B9:1B",
                "00:1A:79:90:22:43",
                "00:1A:79:B5:17:B7",
                "00:1A:79:B7:51:DD",
                "00:1A:79:BF:4D:CD",
                "00:1A:79:C0:F2:76",
                "00:1A:79:C1:98:39",
                "00:1A:79:C9:3A:A4",
                "00:1A:79:CF:50:0C"
            ]
        },
        {
            "server_name": "st1.ipweb.site",
            "server_url": "http://st1.ipweb.site/stalker_portal/c/",
            "macs": [
                "00:1A:79:00:80:ED",
                "00:1A:79:14:E8:88",
                "00:1A:79:35:9A:61",
                "00:1A:79:35:9B:9C",
                "00:1A:79:4C:D8:E1",
                "00:1A:79:5C:29:8F"
            ]
        },
        {
            "server_name": "tvhouse.live",
            "server_url": "http://tvhouse.live/c/",
            "macs": [
                "00:1A:79:00:10:F5",
                "00:1A:79:00:12:6B",
                "00:1A:79:00:12:7D",
                "00:1A:79:00:31:22",
                "00:1A:79:09:18:32",
                "00:1A:79:0B:AE:74",
                "00:1A:79:16:9F:B5",
                "00:1A:79:19:44:92",
                "00:1A:79:33:71:28",
                "00:1A:79:37:2A:59",
                "00:1A:79:3D:24:4D",
                "00:1A:79:40:4B:29",
                "00:1A:79:48:37:5F",
                "00:1A:79:4A:BA:C9",
                "00:1A:79:4E:48:7B",
                "00:1A:79:4E:FE:91",
                "00:1A:79:54:73:01",
                "00:1A:79:6A:C5:D1",
                "00:1A:79:AA:0F:9C",
                "00:1A:79:CD:6A:B8"
            ]
        },
        {
            "server_name": "mol-2.com:8080",
            "server_url": "http://mol-2.com:8080/c/",
            "macs": [
                "00:1A:79:19:39:6B",
                "00:1A:79:31:3F:1C",
                "00:1A:79:36:AB:C2",
                "00:1A:79:57:8E:C8",
                "00:1A:79:5A:D1:AB",
                "00:1A:79:88:32:EB",
                "00:1A:79:AD:0A:95",
                "00:1A:79:AD:75:B7",
                "00:1A:79:B0:51:18",
                "00:1A:79:B2:3D:9B",
                "00:1A:79:B2:CB:FA",
                "00:1A:79:B3:83:B8",
                "00:1A:79:B3:A5:D4",
                "00:1A:79:B4:37:58",
                "00:1A:79:B4:38:A0",
                "00:1A:79:B6:3E:1F",
                "00:1A:79:B9:13:7F",
                "00:1A:79:BA:0B:8E",
                "00:1A:79:BA:44:9D",
                "00:1A:79:BA:93:6A",
                "00:1A:79:BA:9F:0B",
                "00:1A:79:BC:6F:D0",
                "00:1A:79:BC:F8:25",
                "00:1A:79:C3:BC:E7"
            ]
        }
    ]
}