{
    "items": [
        {
            "server_name": "watchtv.best:80",
            "server_url": "http://watchtv.best:80/c/",
            "macs": [
                "00:1A:79:B4:AD:F2",
                "00:1A:79:C0:0A:99"
            ]
        },
        {
            "server_name": "humiptv.live:8080",
            "server_url": "http://humiptv.live:8080/c/",
            "macs": [
                "00:1A:79:52:4F:D8",
                "00:1A:79:71:45:A8",
                "00:1A:79:7B:1B:D1"
            ]
        },
        {
            "server_name": "hellas.sltv.pw:8080",
            "server_url": "http://hellas.sltv.pw:8080/c/",
            "macs": [
                "00:1A:79:6D:FD:2F",
                "00:1A:79:B3:6E:F2",
                "00:1A:79:BD:44:C9"
            ]
        },
        {
            "server_name": "mag.alphatx.me",
            "server_url": "http://mag.alphatx.me/c/",
            "macs": [
                "00:1A:79:05:B2:48",
                "00:1A:79:8B:74:F6",
                "00:1A:79:BE:B3:1A"
            ]
        },
        {
            "server_name": "live.max4k.cc",
            "server_url": "http://live.max4k.cc/stalker_portal/c/",
            "macs": [
                "00:1A:79:98:80:B2"
            ]
        },
        {
            "server_name": "skipcf.cwdn.cx",
            "server_url": "http://skipcf.cwdn.cx/c/",
            "macs": [
                "00:1A:79:6B:A5:DB",
                "00:1A:79:B1:F1:6E"
            ]
        },
        {
            "server_name": "cateya.xyz:8080",
            "server_url": "http://cateya.xyz:8080/c/",
            "macs": [
                "00:1A:79:3D:EC:DA"
            ]
        },
        {
            "server_name": "ip.xtremetv.eu:8000",
            "server_url": "http://ip.xtremetv.eu:8000/c/",
            "macs": [
                "00:1A:79:B3:8E:A6"
            ]
        },
        {
            "server_name": "stalker.ugoiptv.com",
            "server_url": "http://stalker.ugoiptv.com/c/",
            "macs": [
                "00:1A:79:37:37:82"
            ]
        },
        {
            "server_name": "rayantv.org:80",
            "server_url": "http://rayantv.org:80/c/",
            "macs": [
                "00:1A:79:2C:98:4A",
                "00:1A:79:79:EF:96"
            ]
        },
        {
            "server_name": "mag.iptvdashboard.com:8080",
            "server_url": "http://mag.iptvdashboard.com:8080/c/",
            "macs": [
                "00:1A:79:71:8F:9C",
                "00:1A:79:AF:76:32"
            ]
        },
        {
            "server_name": "elite41iptv.streamtv.to:8080",
            "server_url": "http://elite41iptv.streamtv.to:8080/c/",
            "macs": [
                "00:1A:79:4B:47:38"
            ]
        },
        {
            "server_name": "89.45.13.153:25461",
            "server_url": "http://89.45.13.153:25461/c/",
            "macs": [
                "00:1A:79:DF:8F:BC"
            ]
        },
        {
            "server_name": "51.159.70.234",
            "server_url": "http://51.159.70.234/stalker_portal/c/",
            "macs": [
                "00:1A:79:3D:9D:FA",
                "00:1A:79:85:B0:9D",
                "00:1A:79:CF:16:4A"
            ]
        },
        {
            "server_name": "xpro.one-iptv.com:25443",
            "server_url": "http://xpro.one-iptv.com:25443/c/",
            "macs": [
                "00:1A:79:4B:7A:B6",
                "00:1A:79:5F:49:5D"
            ]
        },
        {
            "server_name": "vod.4kplus.org",
            "server_url": "http://vod.4kplus.org/c/",
            "macs": [
                "00:1A:79:17:0E:1B",
                "00:1A:79:A6:76:0B",
                "00:1A:79:CE:A4:3D"
            ]
        },
        {
            "server_name": "revteam9.offshorerev.cc",
            "server_url": "http://revteam9.offshorerev.cc/c/",
            "macs": [
                "00:1A:79:32:D0:48",
                "00:1A:79:34:25:30"
            ]
        },
        {
            "server_name": "4kplus.org",
            "server_url": "http://4kplus.org/c/",
            "macs": [
                "00:1A:79:05:5F:53",
                "00:1A:79:28:0F:4F",
                "00:1A:79:2C:0F:0C",
                "00:1A:79:4F:69:57",
                "00:1A:79:AA:DA:58",
                "00:1A:79:B4:2F:75",
                "00:1A:79:B8:3F:CC",
                "00:1A:79:C7:CF:01"
            ]
        },
        {
            "server_name": "4ksuper.live",
            "server_url": "http://4ksuper.live/c/",
            "macs": [
                "00:1A:79:06:CB:5C",
                "00:1A:79:0A:46:82",
                "00:1A:79:18:17:2C",
                "00:1A:79:1F:E0:95",
                "00:1A:79:30:6F:69",
                "00:1A:79:3B:7F:87",
                "00:1A:79:40:80:CE",
                "00:1A:79:46:F6:AF",
                "00:1A:79:49:5D:DF",
                "00:1A:79:5C:47:A4",
                "00:1A:79:68:E6:46",
                "00:1A:79:6B:EF:96",
                "00:1A:79:74:50:D3",
                "00:1A:79:76:73:1C",
                "00:1A:79:7B:0E:12",
                "00:1A:79:82:5F:A7",
                "00:1A:79:92:4E:96",
                "00:1A:79:B3:66:75",
                "00:1A:79:B5:44:F1",
                "00:1A:79:B9:40:B0",
                "00:1A:79:BE:FB:BC",
                "00:1A:79:C3:75:F9",
                "00:1A:79:C4:91:7D",
                "00:1A:79:C5:2E:D5",
                "00:1A:79:C7:2F:13",
                "00:1A:79:DD:5E:CE",
                "00:1A:79:E6:5E:03",
                "00:1A:79:E6:A1:94",
                "00:1A:79:F1:AB:3B"
            ]
        }
    ]
}