{
    "items": [
        {
            "server_name": "anonymoustv.club",
            "server_url": "http://anonymoustv.club/c/",
            "macs": [
                "00:1A:79:50:D9:74",
                "00:1A:79:64:C5:8F",
                "00:1A:79:B0:AA:0C",
                "00:1A:79:F4:22:D8"
            ]
        },
        {
            "server_name": "51.75.79.64:8080",
            "server_url": "http://51.75.79.64:8080/c/",
            "macs": [
                "00:1A:79:35:CB:C7",
                "00:1A:79:C6:F2:BF",
                "00:1A:79:CE:21:F5"
            ]
        },
        {
            "server_name": "line.atlaspro4k.me",
            "server_url": "http://line.atlaspro4k.me/c/",
            "macs": [
                "00:1A:79:3F:69:FD",
                "00:1A:79:71:19:E1",
                "00:1A:79:B0:6A:F5",
                "00:1A:79:B4:A0:9E",
                "00:1A:79:B5:9D:E6",
                "00:1A:79:B5:F7:E2",
                "00:1A:79:B5:F8:A7",
                "00:1A:79:C0:50:DE",
                "00:1A:79:C0:F7:7B",
                "00:1A:79:C3:AA:C2"
            ]
        },
        {
            "server_name": "005.0004567.xyz",
            "server_url": "http://005.0004567.xyz/c/",
            "macs": [
                "00:1A:79:3C:77:2D",
                "00:1A:79:93:30:AC",
                "00:1A:79:C5:49:B7",
                "00:1A:79:CB:85:56",
                "00:1A:79:CF:2F:AC"
            ]
        },
        {
            "server_name": "un1.anonymoustv.club",
            "server_url": "http://un1.anonymoustv.club/c/",
            "macs": [
                "00:1A:79:5D:6B:8D",
                "00:1A:79:5F:D6:77",
                "00:1A:79:C0:22:2E"
            ]
        },
        {
            "server_name": "line.protv.cc:80",
            "server_url": "http://line.protv.cc:80/c/",
            "macs": [
                "00:1A:79:7A:80:B0",
                "00:1A:79:CD:D8:6A",
                "00:1A:79:E5:21:81"
            ]
        },
        {
            "server_name": "89.45.13.220:8080",
            "server_url": "http://89.45.13.220:8080/c/",
            "macs": [
                "00:1A:79:01:6E:4F",
                "00:1A:79:01:6E:5A",
                "00:1A:79:01:6E:86",
                "00:1A:79:07:BA:F6",
                "00:1A:79:07:C6:14",
                "00:1A:79:08:52:EF",
                "00:1A:79:08:EF:45",
                "00:1A:79:08:EF:49",
                "00:1A:79:13:55:67",
                "00:1A:79:14:62:CD",
                "00:1A:79:14:E0:AD",
                "00:1A:79:14:E1:23",
                "00:1A:79:14:E5:8D",
                "00:1A:79:6B:BA:A2",
                "00:1A:79:6E:2D:31",
                "00:1A:79:AA:59:A8",
                "00:1A:79:AA:5B:24",
                "00:1A:79:AF:38:A8",
                "00:1A:79:CB:9B:78"
            ]
        },
        {
            "server_name": "dp-elite.net:2095",
            "server_url": "http://dp-elite.net:2095/c/",
            "macs": [
                "00:1A:79:B0:54:59",
                "00:1A:79:C1:44:57"
            ]
        },
        {
            "server_name": "mutant.arrox.top:80",
            "server_url": "http://mutant.arrox.top:80/c/",
            "macs": [
                "00:1A:79:4E:0D:5E"
            ]
        },
        {
            "server_name": "tissl.club:8080",
            "server_url": "http://tissl.club:8080/c/",
            "macs": [
                "00:1A:79:6C:2F:74",
                "00:1A:79:7B:B9:4A",
                "00:1A:79:7D:CF:40",
                "00:1A:79:81:02:64"
            ]
        },
        {
            "server_name": "200.26.188.39",
            "server_url": "http://200.26.188.39/c/",
            "macs": [
                "00:1A:79:17:32:4B",
                "00:1A:79:3E:AB:D8",
                "00:1A:79:69:E6:9B",
                "00:1A:79:76:56:E3",
                "00:1A:79:7E:2A:D3",
                "00:1A:79:93:5E:B5",
                "00:1A:79:BF:A5:8B",
                "00:1A:79:C2:95:EE",
                "00:1A:79:C8:5B:CD",
                "00:1A:79:F5:34:74"
            ]
        },
        {
            "server_name": "private3.clientline.club",
            "server_url": "http://private3.clientline.club/c/",
            "macs": [
                "00:1A:79:48:60:05",
                "00:1A:79:6E:C1:1F",
                "00:1A:79:6F:BB:CD",
                "00:1A:79:BB:70:AC"
            ]
        },
        {
            "server_name": "yo.ikitv.site:8080",
            "server_url": "http://yo.ikitv.site:8080/c/",
            "macs": [
                "00:1A:79:19:F6:7D",
                "00:1A:79:7B:7D:4F",
                "00:1A:79:B1:FF:28",
                "00:1A:79:B7:19:CD",
                "00:1A:79:BC:FD:38",
                "00:1A:79:C2:8F:98",
                "00:1A:79:C3:BA:0F",
                "00:1A:79:C8:2B:80",
                "00:1A:79:C8:4E:29",
                "00:1A:79:CB:0B:C2",
                "00:1A:79:D0:29:36",
                "00:1A:79:D2:25:36",
                "00:1A:79:D3:AF:4C",
                "00:1A:79:FB:1A:FE",
                "00:1A:79:FB:47:20",
                "00:1A:79:FB:49:B7"
            ]
        },
        {
            "server_name": "12ww11.top:8080",
            "server_url": "http://12ww11.top:8080/c/",
            "macs": [
                "00:1A:79:A5:A0:FA",
                "00:1A:79:A7:A3:FB",
                "00:1A:79:AF:52:5F",
                "00:1A:79:BD:0F:AD",
                "00:1A:79:BD:5A:91",
                "00:1A:79:BD:62:13",
                "00:1A:79:BD:79:64",
                "00:1A:79:C1:C4:F5",
                "00:1A:79:C6:A9:11",
                "00:1A:79:C6:AA:1D",
                "00:1A:79:C6:C7:A6"
            ]
        },
        {
            "server_name": "unovpn.fastgo.cam:8080",
            "server_url": "http://unovpn.fastgo.cam:8080/c/",
            "macs": [
                "00:1A:79:3B:17:50",
                "00:1A:79:BD:4F:F8",
                "00:1A:79:C0:B7:EC"
            ]
        },
        {
            "server_name": "188.93.238.18:8000",
            "server_url": "http://188.93.238.18:8000/c/",
            "macs": [
                "00:1A:79:01:6B:05",
                "00:1A:79:10:07:49",
                "00:1A:79:AA:A9:A2",
                "00:1A:79:CD:F9:2E",
                "00:1A:79:D0:1D:2E",
                "00:1A:79:D2:A2:D9"
            ]
        },
        {
            "server_name": "185.235.165.21",
            "server_url": "http://185.235.165.21/c/",
            "macs": [
                "00:1A:79:05:E1:A0",
                "00:1A:79:05:F5:2F",
                "00:1A:79:1C:12:17",
                "00:1A:79:22:15:60",
                "00:1A:79:2D:6E:42",
                "00:1A:79:2F:79:B0",
                "00:1A:79:3F:41:6D",
                "00:1A:79:4A:09:00",
                "00:1A:79:7F:94:29",
                "00:1A:79:90:D9:8C",
                "00:1A:79:9A:6C:7E",
                "00:1A:79:B0:37:C2",
                "00:1A:79:D6:59:7E"
            ]
        },
        {
            "server_name": "178.132.1.197:8080",
            "server_url": "http://178.132.1.197:8080/c/",
            "macs": [
                "00:1A:79:18:00:5A",
                "00:1A:79:41:F2:08",
                "00:1A:79:56:8B:91",
                "00:1A:79:57:E0:B9",
                "00:1A:79:64:B4:A4",
                "00:1A:79:80:08:C0",
                "00:1A:79:AD:AD:AB",
                "00:1A:79:CB:A4:84"
            ]
        },
        {
            "server_name": "ipwebtv.dyndns.tv:8000",
            "server_url": "http://ipwebtv.dyndns.tv:8000/c/",
            "macs": [
                "00:1A:79:13:13:F9",
                "00:1A:79:19:AE:80",
                "00:1A:79:3A:38:3C",
                "00:1A:79:D5:9C:15"
            ]
        },
        {
            "server_name": "localiptv.site:85",
            "server_url": "http://localiptv.site:85/c/",
            "macs": [
                "00:1A:79:62:C5:C4"
            ]
        },
        {
            "server_name": "vip2102.112421.net:2050",
            "server_url": "http://vip2102.112421.net:2050/c/",
            "macs": [
                "00:1A:79:17:51:7E",
                "00:1A:79:19:72:D3",
                "00:1A:79:1A:6F:46",
                "00:1A:79:37:82:36",
                "00:1A:79:38:05:34",
                "00:1A:79:52:9C:B9",
                "00:1A:79:52:A0:44",
                "00:1A:79:54:9F:CC",
                "00:1A:79:55:02:3C",
                "00:1A:79:5B:4F:08",
                "00:1A:79:5F:0F:DC",
                "00:1A:79:63:E3:AA",
                "00:1A:79:66:DE:BA",
                "00:1A:79:70:9F:C5",
                "00:1A:79:87:0F:80",
                "00:1A:79:90:9F:03",
                "00:1A:79:93:1F:66",
                "00:1A:79:9A:8F:AE",
                "00:1A:79:B4:E9:8F",
                "00:1A:79:B8:23:1A",
                "00:1A:79:D0:58:D0",
                "00:1A:79:D3:6F:BC",
                "00:1A:79:D3:A8:46"
            ]
        },
        {
            "server_name": "tv1.darktv.eu",
            "server_url": "http://tv1.darktv.eu/c/",
            "macs": [
                "00:1A:79:0E:F7:5D",
                "00:1A:79:1D:24:F3",
                "00:1A:79:1D:F5:7B",
                "00:1A:79:1E:37:C8",
                "00:1A:79:24:3F:B5",
                "00:1A:79:25:5F:FC",
                "00:1A:79:2C:0F:E6",
                "00:1A:79:2C:C7:57",
                "00:1A:79:30:6F:4E",
                "00:1A:79:40:7D:90",
                "00:1A:79:40:AC:A2",
                "00:1A:79:45:98:DB",
                "00:1A:79:59:AE:C6",
                "00:1A:79:5B:55:69",
                "00:1A:79:5E:91:93",
                "00:1A:79:67:85:90",
                "00:1A:79:73:1F:3D",
                "00:1A:79:73:2F:93",
                "00:1A:79:73:C2:FE",
                "00:1A:79:7C:48:C9",
                "00:1A:79:90:1D:39",
                "00:1A:79:95:FE:8E",
                "00:1A:79:A1:77:65",
                "00:1A:79:B7:14:E6",
                "00:1A:79:BE:9A:8A",
                "00:1A:79:C2:1F:E4",
                "00:1A:79:C6:B0:A4",
                "00:1A:79:C7:9F:06",
                "00:1A:79:CA:2F:AA",
                "00:1A:79:D4:1F:AB",
                "00:1A:79:D6:7F:26",
                "00:1A:79:DE:69:75",
                "00:1A:79:DE:9F:F4",
                "00:1A:79:E1:13:5C"
            ]
        },
        {
            "server_name": "104.243.32.68:25461",
            "server_url": "http://104.243.32.68:25461/c/",
            "macs": [
                "00:1A:79:E9:E7:61"
            ]
        },
        {
            "server_name": "117tv.icu:8080",
            "server_url": "http://117tv.icu:8080/c/",
            "macs": [
                "00:1A:79:E7:50:36"
            ]
        },
        {
            "server_name": "134.119.176.239",
            "server_url": "http://134.119.176.239/stalker_portal/c/",
            "macs": [
                "00:1A:79:5D:22:A2",
                "00:1A:79:AF:93:BD",
                "00:1A:79:B4:F0:16",
                "00:1A:79:B4:F1:60"
            ]
        },
        {
            "server_name": "mutant.arrox.top",
            "server_url": "http://mutant.arrox.top/c/",
            "macs": [
                "00:1A:79:B5:AA:55",
                "00:1A:79:C0:0A:D2",
                "00:1A:79:F5:54:BA"
            ]
        },
        {
            "server_name": "optimus-tv.org:8080",
            "server_url": "http://optimus-tv.org:8080/c/",
            "macs": [
                "00:1A:79:08:54:22",
                "00:1A:79:08:ED:2E",
                "00:1A:79:13:56:5A",
                "00:1A:79:13:58:03",
                "00:1A:79:13:58:12",
                "00:1A:79:5D:8C:B7",
                "00:1A:79:6B:BE:DB",
                "00:1A:79:6B:BF:B9",
                "00:1A:79:6E:28:C5",
                "00:1A:79:76:FD:23",
                "00:1A:79:7C:6B:F4",
                "00:1A:79:A1:00:3B",
                "00:1A:79:AF:3A:57"
            ]
        },
        {
            "server_name": "sonymax.org:8080",
            "server_url": "http://sonymax.org:8080/c/",
            "macs": [
                "00:1A:79:00:0D:FC",
                "00:1A:79:00:46:14",
                "00:1A:79:28:08:13",
                "00:1A:79:28:33:8D",
                "00:1A:79:28:3A:D2",
                "00:1A:79:2A:BE:0D",
                "00:1A:79:2A:F8:E0",
                "00:1A:79:35:9D:94",
                "00:1A:79:3A:B5:AE",
                "00:1A:79:3A:CA:24",
                "00:1A:79:41:7B:FF",
                "00:1A:79:41:C8:C8",
                "00:1A:79:42:D4:10",
                "00:1A:79:57:3A:AA",
                "00:1A:79:57:51:F5",
                "00:1A:79:5C:E1:6B",
                "00:1A:79:A2:C9:99",
                "00:1A:79:AC:C5:FC",
                "00:1A:79:C2:6F:12",
                "00:1A:79:F4:DC:5A"
            ]
        },
        {
            "server_name": "mol-2.com:8080",
            "server_url": "http://mol-2.com:8080/c/",
            "macs": [
                "00:1A:79:48:E6:50",
                "00:1A:79:B4:42:58",
                "00:1A:79:B5:93:9C",
                "00:1A:79:B6:5A:66",
                "00:1A:79:BA:44:9D",
                "00:1A:79:BC:F5:01",
                "00:1A:79:C2:88:8B",
                "00:1A:79:C3:BC:E7",
                "00:1A:79:DD:E8:2A"
            ]
        },
        {
            "server_name": "too4youall.net:8080",
            "server_url": "http://too4youall.net:8080/c/",
            "macs": [
                "00:1A:79:AB:C2:41"
            ]
        },
        {
            "server_name": "spacextv.live:8080",
            "server_url": "http://spacextv.live:8080/c/",
            "macs": [
                "00:1A:79:4F:26:21"
            ]
        },
        {
            "server_name": "mag.greatott.me",
            "server_url": "http://mag.greatott.me/c/",
            "macs": [
                "00:1A:79:20:6F:F2",
                "00:1A:79:67:C0:D2",
                "00:1A:79:95:67:62",
                "00:1A:79:B3:14:BB",
                "00:1A:79:C5:33:E8",
                "00:1A:79:C5:9E:1F",
                "00:1A:79:C6:FC:38",
                "00:1A:79:C9:97:F1",
                "00:1A:79:CF:0F:9A",
                "00:1A:79:E5:EF:90"
            ]
        },
        {
            "server_name": "fzahtv.com",
            "server_url": "http://fzahtv.com/c/",
            "macs": [
                "00:1A:79:3B:38:08",
                "00:1A:79:6B:58:9B",
                "00:1A:79:77:4B:41",
                "00:1A:79:B5:28:D7",
                "00:1A:79:B5:47:83",
                "00:1A:79:C4:7F:67"
            ]
        },
        {
            "server_name": "tkichi.t4t4.xyz",
            "server_url": "http://tkichi.t4t4.xyz/c/",
            "macs": [
                "00:1A:79:64:EE:E2"
            ]
        },
        {
            "server_name": "mag.marsweb.co",
            "server_url": "http://mag.marsweb.co/c/",
            "macs": [
                "00:1A:79:18:09:3B",
                "00:1A:79:A2:2A:0A",
                "00:1A:79:B0:F4:89",
                "00:1A:79:DE:F7:69"
            ]
        }
    ]
}