{
    "items": [
        {
            "server_name": "optimus-tv.org:8080",
            "server_url": "http://optimus-tv.org:8080/c/",
            "macs": [
                "00:1A:79:01:74:05",
                "00:1A:79:10:3F:E1",
                "00:1A:79:0E:9F:96",
                "00:1A:79:08:46:A6",
                "00:1A:79:08:49:90"
            ]
        },
        {
            "server_name": "4kgoott.com:8880",
            "server_url": "http://4kgoott.com:8880/c/",
            "macs": [
                "00:1A:79:BA:90:E4"
            ]
        },
        {
            "server_name": "keycdn.co:8880",
            "server_url": "http://keycdn.co:8880/c/",
            "macs": [
                "00:1A:79:57:23:73",
                "00:1A:79:18:BF:04"
            ]
        },
        {
            "server_name": "tv.premiumplus.tv",
            "server_url": "http://tv.premiumplus.tv/c/",
            "macs": [
                "00:1A:79:84:5D:13",
                "00:1A:79:D4:87:F4"
            ]
        }
    ]
}