{
    "items": [
        {
            "server_name": "tvizle.nl:8080",
            "server_url": "http://tvizle.nl:8080/c/",
            "macs": [
                "00:1A:79:BA:B8:5C",
                "00:1A:79:BF:99:05"
            ]
        },
        {
            "server_name": "p1.uiop.tv:8037",
            "server_url": "http://p1.uiop.tv:8037/stalker_portal/c/",
            "macs": [
                "00:1A:79:2A:E3:C8",
                "00:1A:79:36:9D:42",
                "00:1A:79:4A:DB:0F",
                "00:1A:79:4A:E7:9F",
                "00:1A:79:5D:2D:3A",
                "00:1A:79:5D:CF:1C",
                "00:1A:79:5D:FB:01"
            ]
        },
        {
            "server_name": "154.16.143.181:8080",
            "server_url": "http://154.16.143.181:8080/c/",
            "macs": [
                "00:1A:79:B4:33:40"
            ]
        },
        {
            "server_name": "traveliptv.com",
            "server_url": "http://traveliptv.com/c/",
            "macs": [
                "00:1A:79:B9:06:53"
            ]
        },
        {
            "server_name": "tit.ipsh.tv",
            "server_url": "http://tit.ipsh.tv/c/",
            "macs": [
                "00:1A:79:45:D3:DB",
                "00:1A:79:5A:29:68",
                "00:1A:79:64:84:50"
            ]
        },
        {
            "server_name": "wowtv.cc",
            "server_url": "http://wowtv.cc/c/",
            "macs": [
                "00:1A:79:AB:31:4C",
                "00:1A:79:C0:C3:B1",
                "00:1A:79:C1:B6:2A"
            ]
        },
        {
            "server_name": "venomousent.xyz:8080",
            "server_url": "http://venomousent.xyz:8080/c/",
            "macs": [
                "00:1A:79:4A:6F:A8",
                "00:1A:79:7A:B4:71"
            ]
        },
        {
            "server_name": "tvfalcon.net:8080",
            "server_url": "http://tvfalcon.net:8080/c/",
            "macs": [
                "00:1A:79:4A:17:B6",
                "00:1A:79:AB:5F:08",
                "00:1A:79:AB:B9:BF",
                "00:1A:79:BF:D4:4F",
                "00:1A:79:C3:44:24",
                "00:1A:79:CA:E5:F8"
            ]
        }
    ]
}