{
    "items": [
        {
            "server_name": "mutant.arrox.top",
            "server_url": "http://mutant.arrox.top/c/",
            "macs": [
                "00:1A:79:24:5F:1E",
                "00:1A:79:71:4F:5F",
                "00:1A:79:85:4B:F5",
                "00:1A:79:AB:4F:05",
                "00:1A:79:BF:B0:5B",
                "00:1A:79:C0:A6:29",
                "00:1A:79:C7:7A:01",
                "00:1A:79:C8:78:BE"
            ]
        },
        {
            "server_name": "teckpro-lus.xyz:8080",
            "server_url": "http://teckpro-lus.xyz:8080/c/",
            "macs": [
                "00:1A:79:0E:3A:C7",
                "00:1A:79:BB:3D:95",
                "00:1A:79:CC:F7:FB",
                "00:1A:79:CD:0D:22"
            ]
        },
        {
            "server_name": "stalker.ugoiptv.com",
            "server_url": "http://stalker.ugoiptv.com/c/",
            "macs": [
                "00:1A:79:50:EC:40",
                "00:1A:79:76:2F:8F",
                "00:1A:79:8A:33:45",
                "00:1A:79:A3:BB:76",
                "00:1A:79:A8:8D:CA"
            ]
        },
        {
            "server_name": "fhdtv.club:8080",
            "server_url": "http://fhdtv.club:8080/c/",
            "macs": [
                "00:1A:79:25:2F:59",
                "00:1A:79:AF:80:92"
            ]
        },
        {
            "server_name": "besttv.club:8080",
            "server_url": "http://besttv.club:8080/c/",
            "macs": [
                "00:1A:79:42:67:61",
                "00:1A:79:52:DF:6F",
                "00:1A:79:65:D2:F3",
                "00:1A:79:7B:92:63",
                "00:1A:79:83:E1:67",
                "00:1A:79:A6:5F:A4",
                "00:1A:79:AB:1B:7D"
            ]
        },
        {
            "server_name": "fultv.sytes.net:8080",
            "server_url": "http://fultv.sytes.net:8080/c/",
            "macs": [
                "00:1A:79:01:68:77",
                "00:1A:79:31:DB:88",
                "00:1A:79:6A:6F:E5",
                "00:1A:79:78:75:E7"
            ]
        },
        {
            "server_name": "nett88.net:8080",
            "server_url": "http://nett88.net:8080/c/",
            "macs": [
                "00:1A:79:26:B4:B7",
                "00:1A:79:33:89:56",
                "00:1A:79:36:E8:85",
                "00:1A:79:7A:65:95",
                "00:1A:79:BB:27:98"
            ]
        },
        {
            "server_name": "skipcf.cwdn.cx:80",
            "server_url": "http://skipcf.cwdn.cx:80/c/",
            "macs": [
                "00:1A:79:B5:18:16",
                "00:1A:79:B9:C9:45",
                "00:1A:79:CA:42:0C",
                "00:1A:79:E4:69:ED"
            ]
        },
        {
            "server_name": "worldfusion.xyz:8080",
            "server_url": "http://worldfusion.xyz:8080/c/",
            "macs": [
                "00:1A:79:43:C0:74",
                "00:1A:79:AB:58:86",
                "00:1A:79:AD:96:EA",
                "00:1A:79:AE:B5:F9",
                "00:1A:79:B7:45:C9",
                "00:1A:79:BA:00:31",
                "00:1A:79:BC:09:22",
                "00:1A:79:BC:14:B1",
                "00:1A:79:C4:56:AE"
            ]
        },
        {
            "server_name": "alexiptv.ddns.me:8080",
            "server_url": "http://alexiptv.ddns.me:8080/c/",
            "macs": [
                "00:1A:79:01:29:BB",
                "00:1A:79:1D:07:B3",
                "00:1A:79:46:62:24",
                "00:1A:79:B0:BE:4A",
                "00:1A:79:B0:BF:70",
                "00:1A:79:B5:2E:3C",
                "00:1A:79:B5:66:CE",
                "00:1A:79:B7:49:26",
                "00:1A:79:BE:89:AE",
                "00:1A:79:C1:91:FD",
                "00:1A:79:C1:E6:4B",
                "00:1A:79:C6:AE:7F",
                "00:1A:79:C7:DD:4D",
                "00:1A:79:CA:DB:73",
                "00:1A:79:DE:44:22"
            ]
        },
        {
            "server_name": "private3.clientline.club",
            "server_url": "http://private3.clientline.club/c/",
            "macs": [
                "00:1A:79:B5:17:EB",
                "00:1A:79:BB:70:AA",
                "00:1A:79:BC:1D:7E",
                "00:1A:79:C2:B0:C8",
                "00:1A:79:CA:78:58"
            ]
        },
        {
            "server_name": "dhoom4u.me",
            "server_url": "http://dhoom4u.me/stalker_portal/c/",
            "macs": [
                "00:1A:79:34:E4:0D",
                "00:1A:79:4A:5B:27",
                "00:1A:79:71:49:18",
                "00:1A:79:8E:BC:B4"
            ]
        },
        {
            "server_name": "89.45.13.220:8080",
            "server_url": "http://89.45.13.220:8080/c/",
            "macs": [
                "00:1A:79:07:C6:14",
                "00:1A:79:08:45:CD",
                "00:1A:79:08:EF:45",
                "00:1A:79:10:3D:4C",
                "00:1A:79:10:40:D6",
                "00:1A:79:10:E1:C4",
                "00:1A:79:10:E2:4B",
                "00:1A:79:14:E0:AD",
                "00:1A:79:14:E3:86",
                "00:1A:79:6B:BA:A2",
                "00:1A:79:6E:2D:31",
                "00:1A:79:A0:FD:69",
                "00:1A:79:AA:59:A8",
                "00:1A:79:AF:3B:3A"
            ]
        },
        {
            "server_name": "200.26.188.39",
            "server_url": "http://200.26.188.39/c/",
            "macs": [
                "00:1A:79:83:7F:C1",
                "00:1A:79:8D:A1:34",
                "00:1A:79:A3:D7:CE"
            ]
        },
        {
            "server_name": "tvmate.icu:8080",
            "server_url": "http://tvmate.icu:8080/c/",
            "macs": [
                "00:1A:79:A9:21:A5"
            ]
        },
        {
            "server_name": "tkosportz.live:25461",
            "server_url": "http://tkosportz.live:25461/c/",
            "macs": [
                "00:1A:79:E6:40:BD"
            ]
        },
        {
            "server_name": "mutant.arrox.top:80",
            "server_url": "http://mutant.arrox.top:80/c/",
            "macs": [
                "00:1A:79:90:F2:1C",
                "00:1A:79:B5:AA:55",
                "00:1A:79:C0:0A:D2",
                "00:1A:79:F5:54:BA"
            ]
        },
        {
            "server_name": "iup-tv.com:8080",
            "server_url": "http://iup-tv.com:8080/c/",
            "macs": [
                "00:1A:79:56:01:FC",
                "00:1A:79:6A:A8:9B",
                "00:1A:79:6A:BC:AC",
                "00:1A:79:A1:F9:79",
                "00:1A:79:A9:D3:65",
                "00:1A:79:AB:50:F0",
                "00:1A:79:B2:0E:B4",
                "00:1A:79:BD:29:73",
                "00:1A:79:BE:90:48",
                "00:1A:79:BE:E8:7D",
                "00:1A:79:C6:E3:A6",
                "00:1A:79:CB:91:95",
                "00:1A:79:DA:9F:CA"
            ]
        },
        {
            "server_name": "p1.iptvrocket.tv",
            "server_url": "http://p1.iptvrocket.tv/c/",
            "macs": [
                "00:1A:79:64:AA:FD",
                "00:1A:79:C3:04:66",
                "00:1A:79:C9:CA:37",
                "00:1A:79:E2:B2:23"
            ]
        },
        {
            "server_name": "42tv.club",
            "server_url": "http://42tv.club/c/",
            "macs": [
                "00:1A:79:00:10:08",
                "00:1A:79:00:10:09",
                "00:1A:79:00:10:0A",
                "00:1A:79:00:10:0B",
                "00:1A:79:00:10:0C",
                "00:1A:79:00:10:0E",
                "00:1A:79:00:10:23",
                "00:1A:79:00:10:24"
            ]
        },
        {
            "server_name": "rufus.zone",
            "server_url": "http://rufus.zone/stalker_portal/c/",
            "macs": [
                "00:1A:79:96:54:70",
                "00:1A:79:B5:5D:E5"
            ]
        },
        {
            "server_name": "pdata.ddns.me:8080",
            "server_url": "http://pdata.ddns.me:8080/c/",
            "macs": [
                "00:1A:79:24:24:01",
                "00:1A:79:45:6E:4A",
                "00:1A:79:48:22:D7",
                "00:1A:79:64:44:DC",
                "00:1A:79:7D:D5:EF",
                "00:1A:79:B3:83:00",
                "00:1A:79:B3:A4:5D",
                "00:1A:79:B4:FD:0E",
                "00:1A:79:BD:7E:83",
                "00:1A:79:BD:98:5D",
                "00:1A:79:C3:57:FE",
                "00:1A:79:C3:AC:1C",
                "00:1A:79:C3:BC:54",
                "00:1A:79:C3:C1:5A",
                "00:1A:79:C5:F6:5E",
                "00:1A:79:D2:2C:13",
                "00:1A:79:F5:03:8E",
                "00:1A:79:FA:0A:56",
                "00:1A:79:FB:1A:42",
                "00:1A:79:FB:1B:0A",
                "00:1A:79:FB:5A:EE"
            ]
        },
        {
            "server_name": "45.139.122.199:8080",
            "server_url": "http://45.139.122.199:8080/c/",
            "macs": [
                "00:1A:79:20:FB:06",
                "00:1A:79:21:0B:A5",
                "00:1A:79:50:43:3D",
                "00:1A:79:61:A5:E0",
                "00:1A:79:7B:7C:30",
                "00:1A:79:A0:7C:54",
                "00:1A:79:A6:44:1F",
                "00:1A:79:AC:58:E8",
                "00:1A:79:B0:39:37",
                "00:1A:79:B3:76:40",
                "00:1A:79:B5:99:7B",
                "00:1A:79:BF:F3:FC",
                "00:1A:79:C3:46:0A",
                "00:1A:79:CC:5B:3D"
            ]
        },
        {
            "server_name": "pt.chape-shop.com:8080",
            "server_url": "http://pt.chape-shop.com:8080/c/",
            "macs": [
                "00:1A:79:36:2E:BA",
                "00:1A:79:5F:0A:D6",
                "00:1A:79:6D:89:83",
                "00:1A:79:84:35:5F",
                "00:1A:79:BD:24:65",
                "00:1A:79:FE:D9:DD"
            ]
        },
        {
            "server_name": "tv.greatstar.me",
            "server_url": "http://tv.greatstar.me/c/",
            "macs": [
                "00:1A:79:70:BB:A1",
                "00:1A:79:B0:93:4E",
                "00:1A:79:CD:BF:52"
            ]
        }
    ]
}