{
    "items": [
        {
            "server_name": "hits.gentv.to:8080",
            "server_url": "http://hits.gentv.to:8080/c/",
            "macs": [
                "00:1A:79:33:62:A5",
                "00:1A:79:34:2B:3E",
                "00:1A:79:4C:1B:68"
            ]
        },
        {
            "server_name": "starshare.live:8080",
            "server_url": "http://starshare.live:8080/c/",
            "macs": [
                "00:1A:79:19:E6:9A",
                "00:1A:79:49:D9:85",
                "00:1A:79:72:A9:90",
                "00:1A:79:7A:E9:53",
                "00:1A:79:E0:B2:C0"
            ]
        },
        {
            "server_name": "meganuovo.club:8000",
            "server_url": "http://meganuovo.club:8000/c/",
            "macs": [
                "00:1A:79:05:DF:24",
                "00:1A:79:67:53:5D"
            ]
        },
        {
            "server_name": "restaurantetogether.es:8080",
            "server_url": "http://restaurantetogether.es:8080/c/",
            "macs": [
                "00:1A:79:51:E6:54"
            ]
        },
        {
            "server_name": "hellas.sltv.pw:8080",
            "server_url": "http://hellas.sltv.pw:8080/c/",
            "macs": [
                "00:1A:79:24:54:9F",
                "00:1A:79:7F:0B:37"
            ]
        },
        {
            "server_name": "cbrlig.com:8080",
            "server_url": "http://cbrlig.com:8080/c/",
            "macs": [
                "00:1A:79:B5:5F:48",
                "00:1A:79:C1:F6:B2"
            ]
        },
        {
            "server_name": "lines4.lumos.best",
            "server_url": "http://lines4.lumos.best/c/",
            "macs": [
                "00:1A:79:56:C8:FD"
            ]
        },
        {
            "server_name": "tvpro.vprotv.com",
            "server_url": "http://tvpro.vprotv.com/c/",
            "macs": [
                "00:1A:79:58:A1:66"
            ]
        },
        {
            "server_name": "balkanika.club:2082",
            "server_url": "http://balkanika.club:2082/c/",
            "macs": [
                "00:1A:79:B9:E3:3F"
            ]
        },
        {
            "server_name": "innovationpro.nl:80",
            "server_url": "http://innovationpro.nl:80/c/",
            "macs": [
                "00:1A:79:BB:51:8B",
                "00:1A:79:F5:2E:51"
            ]
        },
        {
            "server_name": "streamcode.one:2082",
            "server_url": "http://streamcode.one:2082/c/",
            "macs": [
                "00:1A:79:6D:46:D8"
            ]
        },
        {
            "server_name": "mag.iptvpolska.vip:80",
            "server_url": "http://mag.iptvpolska.vip:80/c/",
            "macs": [
                "00:1A:79:00:00:00",
                "00:1A:79:00:00:07",
                "00:1A:79:00:00:0D",
                "00:1A:79:00:00:22",
                "00:1A:79:00:00:4D",
                "00:1A:79:00:00:51",
                "00:1A:79:00:00:52",
                "00:1A:79:00:00:66",
                "00:1A:79:00:00:78",
                "00:1A:79:00:00:97",
                "00:1A:79:00:00:98",
                "00:1A:79:00:00:FF",
                "00:1A:79:00:01:50",
                "00:1A:79:00:01:5F"
            ]
        },
        {
            "server_name": "line.atlaspro4k.me:80",
            "server_url": "http://line.atlaspro4k.me:80/c/",
            "macs": [
                "00:1A:79:00:01:50",
                "00:1A:79:00:01:5F",
                "00:1A:79:00:02:03"
            ]
        },
        {
            "server_name": "line.tvdsz.cc:80",
            "server_url": "http://line.tvdsz.cc:80/c/",
            "macs": [
                "00:1A:79:00:00:00",
                "00:1A:79:00:CD:90",
                "00:1A:79:01:7B:1B",
                "00:1A:79:01:93:93",
                "00:1A:79:03:1F:BA",
                "00:1A:79:03:6F:BC",
                "00:1A:79:03:6F:BF"
            ]
        },
        {
            "server_name": "ffg.gogo8k.me:80",
            "server_url": "http://ffg.gogo8k.me:80/c/",
            "macs": [
                "00:1A:79:00:00:00",
                "00:1A:79:00:00:02",
                "00:1A:79:00:00:0A",
                "00:1A:79:00:00:15",
                "00:1A:79:00:00:33",
                "00:1A:79:00:00:43",
                "00:1A:79:00:00:46",
                "00:1A:79:00:00:53",
                "00:1A:79:00:00:55",
                "00:1A:79:00:00:69",
                "00:1A:79:00:00:74",
                "00:1A:79:00:00:75",
                "00:1A:79:00:00:77",
                "00:1A:79:00:00:78",
                "00:1A:79:00:00:79",
                "00:1A:79:00:00:90",
                "00:1A:79:00:00:99",
                "00:1A:79:00:00:A9",
                "00:1A:79:00:00:AA"
            ]
        },
        {
            "server_name": "ledir.thund.re:80",
            "server_url": "http://ledir.thund.re:80/c/",
            "macs": [
                "00:1A:79:00:08:DB",
                "00:1A:79:00:09:16",
                "00:1A:79:00:09:37",
                "00:1A:79:00:32:11",
                "00:1A:79:0C:22:F8"
            ]
        },
        {
            "server_name": "5giptv.me:8880",
            "server_url": "http://5giptv.me:8880/c/",
            "macs": [
                "00:1A:79:00:00:00",
                "00:1A:79:00:01:11",
                "00:1A:79:00:11:AF"
            ]
        },
        {
            "server_name": "42tv.club:80",
            "server_url": "http://42tv.club:80/c/",
            "macs": [
                "00:1A:79:00:00:00",
                "00:1A:79:00:00:0D",
                "00:1A:79:00:00:22",
                "00:1A:79:00:00:4D"
            ]
        },
        {
            "server_name": "tkosportz.live:25461",
            "server_url": "http://tkosportz.live:25461/c/",
            "macs": [
                "00:1A:79:E5:E2:73",
                "00:1A:79:E6:01:1C",
                "00:1A:79:E6:40:78",
                "00:1A:79:E6:4A:34",
                "00:1A:79:E6:CD:DB"
            ]
        }
    ]
}