{
    "items": [
        {
            "server_name": "vodkom.net:88",
            "server_url": "http://vodkom.net:88/c/",
            "macs": [
                "00:1A:79:37:3D:09",
                "00:1A:79:7C:13:3A",
                "00:1A:79:86:80:53",
                "00:1A:79:8E:86:0C",
                "00:1A:79:99:76:F4",
                "00:1A:79:EF:16:1C"
            ]
        },
        {
            "server_name": "safe.avivainsur.com:8080",
            "server_url": "http://safe.avivainsur.com:8080/c/",
            "macs": [
                "00:1A:79:2E:08:D4"
            ]
        },
        {
            "server_name": "tkosportz.live:25461",
            "server_url": "http://tkosportz.live:25461/c/",
            "macs": [
                "00:1A:79:E6:4A:8D",
                "00:1A:79:E6:4D:7D"
            ]
        },
        {
            "server_name": "62.182.83.91:80",
            "server_url": "http://62.182.83.91:80/c/",
            "macs": [
                "00:1A:79:B2:12:2A"
            ]
        },
        {
            "server_name": "2a2b2.com:80",
            "server_url": "http://2a2b2.com:80/c/",
            "macs": [
                "00:1A:79:2B:8F:15",
                "00:1A:79:CA:2F:73"
            ]
        },
        {
            "server_name": "astro2023.felix19.com:2082",
            "server_url": "http://astro2023.felix19.com:2082/c/",
            "macs": [
                "00:1A:79:98:82:11"
            ]
        },
        {
            "server_name": "77.222.55.117",
            "server_url": "http://77.222.55.117/stalker_portal/c/",
            "macs": [
                "00:1A:79:84:99:F9"
            ]
        },
        {
            "server_name": "51.91.57.198",
            "server_url": "http://51.91.57.198/stalker_portal/c/",
            "macs": [
                "00:1A:79:5C:EA:AB",
                "00:1A:79:C6:4B:8F"
            ]
        },
        {
            "server_name": "coelhopatobravo.live",
            "server_url": "http://coelhopatobravo.live/c/",
            "macs": [
                "00:1A:79:02:1B:F4",
                "00:1A:79:09:62:41",
                "00:1A:79:2E:8A:31",
                "00:1A:79:46:B6:63",
                "00:1A:79:6B:B4:AC",
                "00:1A:79:71:FC:7D",
                "00:1A:79:92:3A:46",
                "00:1A:79:C9:D3:21"
            ]
        }
    ]
}