{
    "items": [
        {
            "server_name": "redson.xyz:3800",
            "server_url": "http://redson.xyz:3800/c/",
            "macs": [
                "00:1A:79:40:DF:E2",
                "00:1A:79:85:FD:8C"
            ]
        },
        {
            "server_name": "mutant.arrox.top:80",
            "server_url": "http://mutant.arrox.top:80/c/",
            "macs": [
                "00:1A:79:00:01:E7",
                "00:1A:79:00:02:01",
                "00:1A:79:00:02:99",
                "00:1A:79:00:02:AD",
                "00:1A:79:00:02:AF",
                "00:1A:79:00:02:B5",
                "00:1A:79:00:02:CE",
                "00:1A:79:00:03:28",
                "00:1A:79:00:04:DD"
            ]
        },
        {
            "server_name": "magentalive.eu:8080",
            "server_url": "http://magentalive.eu:8080/c/",
            "macs": [
                "00:1A:79:CF:BB:25"
            ]
        },
        {
            "server_name": "main.light-ott.net",
            "server_url": "http://main.light-ott.net/c/",
            "macs": [
                "00:1A:79:08:4C:36",
                "00:1A:79:1E:1A:18",
                "00:1A:79:50:01:1D",
                "00:1A:79:50:41:22",
                "00:1A:79:54:2E:21",
                "00:1A:79:62:30:33"
            ]
        },
        {
            "server_name": "maxzi.pro:80",
            "server_url": "http://maxzi.pro:80/c/",
            "macs": [
                "00:1A:79:A4:D9:92"
            ]
        },
        {
            "server_name": "vod.4kplus.org:80",
            "server_url": "http://vod.4kplus.org:80/c/",
            "macs": [
                "00:1A:79:56:0F:D3"
            ]
        },
        {
            "server_name": "zenlink.link",
            "server_url": "http://zenlink.link/c/",
            "macs": [
                "00:1A:79:A1:5F:40",
                "00:1A:79:A5:DB:D2",
                "00:1A:79:A9:EC:5E",
                "00:1A:79:AA:CC:0D",
                "00:1A:79:AE:56:1C",
                "00:1A:79:B0:93:26",
                "00:1A:79:B2:8B:92",
                "00:1A:79:B5:8A:06",
                "00:1A:79:B6:5A:A2",
                "00:1A:79:BA:0E:70",
                "00:1A:79:BB:8D:C1",
                "00:1A:79:BD:35:F7"
            ]
        },
        {
            "server_name": "tv.trexiptv.com:80",
            "server_url": "http://tv.trexiptv.com:80/c/",
            "macs": [
                "00:1A:79:00:AA:0E",
                "00:1A:79:55:66:77",
                "00:1A:79:7B:7B:8C",
                "00:1A:79:FF:08:0D"
            ]
        },
        {
            "server_name": "s16.fjoker.xyz:8080",
            "server_url": "http://s16.fjoker.xyz:8080/c/",
            "macs": [
                "00:1A:79:BA:CE:36"
            ]
        },
        {
            "server_name": "magm1giillmig.funtogether.xyz:8080",
            "server_url": "http://magm1giillmig.funtogether.xyz:8080/c/",
            "macs": [
                "00:1A:79:B7:92:EE"
            ]
        },
        {
            "server_name": "162.19.37.133:8080",
            "server_url": "http://162.19.37.133:8080/c/",
            "macs": [
                "00:1A:79:64:37:5F",
                "00:1A:79:64:37:E0",
                "00:1A:79:64:38:BA",
                "00:1A:79:64:39:93",
                "00:1A:79:64:3A:59",
                "00:1A:79:64:3B:17",
                "00:1A:79:64:3C:07",
                "00:1A:79:64:3D:39",
                "00:1A:79:64:3D:51",
                "00:1A:79:64:3D:55",
                "00:1A:79:64:3D:70",
                "00:1A:79:64:3E:B5",
                "00:1A:79:64:3F:44",
                "00:1A:79:64:40:A5"
            ]
        }
    ]
}