{
    "items": [
        {
            "server_name": "main.light-ott.net",
            "server_url": "http://main.light-ott.net/c/",
            "macs": [
                "00:1A:79:1C:13:79",
                "00:1A:79:1E:0D:74",
                "00:1A:79:83:6F:E1",
                "00:1A:79:A4:58:B1",
                "00:1A:79:EA:2C:A4"
            ]
        },
        {
            "server_name": "tit.ipsh.tv",
            "server_url": "http://tit.ipsh.tv/c/",
            "macs": [
                "00:1A:79:00:F2:E1",
                "00:1A:79:06:A4:78"
            ]
        },
        {
            "server_name": "nettv88.net:8080",
            "server_url": "http://nettv88.net:8080/c/",
            "macs": [
                "00:1A:79:40:1D:13",
                "00:1A:79:BD:B5:7B"
            ]
        },
        {
            "server_name": "skydidyma.xyz:8080",
            "server_url": "http://skydidyma.xyz:8080/c/",
            "macs": [
                "00:1A:79:6D:69:14"
            ]
        },
        {
            "server_name": "tp.nxdns4.com:8080",
            "server_url": "http://tp.nxdns4.com:8080/c/",
            "macs": [
                "00:1A:79:3C:63:16"
            ]
        },
        {
            "server_name": "semprea100.relaxy.vip:8000",
            "server_url": "http://semprea100.relaxy.vip:8000/c/",
            "macs": [
                "00:1A:79:44:29:AC",
                "00:1A:79:49:A2:51",
                "00:1A:79:51:21:C5",
                "00:1A:79:AA:C8:33",
                "00:1A:79:FB:5A:F5"
            ]
        },
        {
            "server_name": "unblock2.king-box.tv",
            "server_url": "http://unblock2.king-box.tv/c/",
            "macs": [
                "00:1A:79:7B:8E:12"
            ]
        },
        {
            "server_name": "foxx-tv.com:8080",
            "server_url": "http://foxx-tv.com:8080/c/",
            "macs": [
                "00:1A:79:B3:C2:AC",
                "00:1A:79:C2:83:02",
                "00:1A:79:C5:A5:26",
                "00:1A:79:C7:B6:52",
                "00:1A:79:C8:54:7C",
                "00:1A:79:CC:31:8C"
            ]
        },
        {
            "server_name": "nvs1hosting.live:25461",
            "server_url": "http://nvs1hosting.live:25461/c/",
            "macs": [
                "00:1A:79:C7:26:8C",
                "00:1A:79:CE:F8:62"
            ]
        },
        {
            "server_name": "ns31617126.ip-162-19-37.eu:8080",
            "server_url": "http://ns31617126.ip-162-19-37.eu:8080/c/",
            "macs": [
                "00:1A:79:22:1D:D2",
                "00:1A:79:49:84:60",
                "00:1A:79:4D:49:89",
                "00:1A:79:4E:79:A2",
                "00:1A:79:53:66:98",
                "00:1A:79:5D:94:5C",
                "00:1A:79:76:80:B6",
                "00:1A:79:92:B6:9D",
                "00:1A:79:A5:BF:C9",
                "00:1A:79:AB:2D:17",
                "00:1A:79:AB:97:B1",
                "00:1A:79:AC:F9:3A",
                "00:1A:79:AD:05:D1",
                "00:1A:79:AD:EC:E6",
                "00:1A:79:B0:38:B5",
                "00:1A:79:B1:65:25",
                "00:1A:79:B1:7C:E4",
                "00:1A:79:B4:F2:9A",
                "00:1A:79:B5:B7:EA",
                "00:1A:79:B6:74:B9",
                "00:1A:79:B9:9B:7E",
                "00:1A:79:BA:DF:01",
                "00:1A:79:BD:82:72",
                "00:1A:79:BE:53:77",
                "00:1A:79:BE:62:1D",
                "00:1A:79:BF:63:E8",
                "00:1A:79:C0:C8:1E",
                "00:1A:79:C3:35:A3",
                "00:1A:79:C3:CB:8B",
                "00:1A:79:C5:2E:3D",
                "00:1A:79:C5:3F:07",
                "00:1A:79:C7:80:1C",
                "00:1A:79:C7:CF:94",
                "00:1A:79:CA:D7:D9",
                "00:1A:79:CA:DA:03",
                "00:1A:79:CC:0E:69",
                "00:1A:79:CC:2A:17",
                "00:1A:79:D3:B1:04",
                "00:1A:79:F5:3B:5B",
                "00:1A:79:FB:09:FC",
                "00:1A:79:FB:1C:F0",
                "00:1A:79:FB:4F:24"
            ]
        },
        {
            "server_name": "tv1.darktv.eu:80",
            "server_url": "http://tv1.darktv.eu:80/c/",
            "macs": [
                "00:1A:79:21:04:6F",
                "00:1A:79:A5:33:EB"
            ]
        },
        {
            "server_name": "pdata.ddns.me:8080",
            "server_url": "http://pdata.ddns.me:8080/c/",
            "macs": [
                "00:1A:79:38:2F:8F",
                "00:1A:79:A4:33:9A",
                "00:1A:79:AA:BB:9A",
                "00:1A:79:AB:36:5D",
                "00:1A:79:AC:FB:A8",
                "00:1A:79:BF:58:D0",
                "00:1A:79:C8:15:34",
                "00:1A:79:C8:5D:4A",
                "00:1A:79:CC:23:89",
                "00:1A:79:FB:34:EE"
            ]
        },
        {
            "server_name": "mondo.discoveryvision.xyz:80",
            "server_url": "http://mondo.discoveryvision.xyz:80/c/",
            "macs": [
                "00:1A:79:54:CA:52"
            ]
        },
        {
            "server_name": "ggddnss2.com:8080",
            "server_url": "http://ggddnss2.com:8080/c/",
            "macs": [
                "00:1A:79:A7:2F:D8"
            ]
        },
        {
            "server_name": "mag.ukhd.tv:80",
            "server_url": "http://mag.ukhd.tv:80/c/",
            "macs": [
                "00:1A:79:3D:C8:44"
            ]
        },
        {
            "server_name": "birutv.my.id:80",
            "server_url": "http://birutv.my.id:80/c/",
            "macs": [
                "00:1A:79:61:4F:EF"
            ]
        },
        {
            "server_name": "localiptv.site:85",
            "server_url": "http://localiptv.site:85/c/",
            "macs": [
                "00:1A:79:52:B2:3D"
            ]
        },
        {
            "server_name": "medotv.nl:8000",
            "server_url": "http://medotv.nl:8000/c/",
            "macs": [
                "00:1A:79:40:33:A4"
            ]
        },
        {
            "server_name": "mutant.arrox.top:80",
            "server_url": "http://mutant.arrox.top:80/c/",
            "macs": [
                "00:1A:79:00:16:CB",
                "00:1A:79:03:AE:8C",
                "00:1A:79:04:ED:3F",
                "00:1A:79:04:EF:BF",
                "00:1A:79:09:BF:33",
                "00:1A:79:0E:0D:19",
                "00:1A:79:25:9F:6C",
                "00:1A:79:44:8E:D8",
                "00:1A:79:48:43:19",
                "00:1A:79:4F:2E:D3",
                "00:1A:79:51:DA:53",
                "00:1A:79:82:7C:76",
                "00:1A:79:8A:DB:EF",
                "00:1A:79:98:5F:E8",
                "00:1A:79:9C:CA:EA",
                "00:1A:79:A4:E6:D4",
                "00:1A:79:BD:6C:7A",
                "00:1A:79:BD:7D:C1",
                "00:1A:79:DF:91:54",
                "00:1A:79:F7:5F:A1"
            ]
        },
        {
            "server_name": "sonymax.org:8080",
            "server_url": "http://sonymax.org:8080/c/",
            "macs": [
                "00:1A:79:03:24:13",
                "00:1A:79:2A:A0:2C",
                "00:1A:79:31:CB:7A",
                "00:1A:79:3A:30:8C",
                "00:1A:79:3A:34:3E",
                "00:1A:79:3A:68:37",
                "00:1A:79:40:D6:5E",
                "00:1A:79:57:78:C7",
                "00:1A:79:57:A6:E6",
                "00:1A:79:57:E2:DF",
                "00:1A:79:85:DE:8E",
                "00:1A:79:85:DE:94",
                "00:1A:79:85:E3:01",
                "00:1A:79:A1:36:62",
                "00:1A:79:A2:F1:60",
                "00:1A:79:AC:6A:67",
                "00:1A:79:AC:73:76",
                "00:1A:79:AC:C3:0A",
                "00:1A:79:C1:BF:71",
                "00:1A:79:DC:39:52"
            ]
        },
        {
            "server_name": "cod41.biz:88",
            "server_url": "http://cod41.biz:88/stalker_portal/c/",
            "macs": [
                "00:1A:79:30:A2:02",
                "00:1A:79:35:82:A0",
                "00:1A:79:57:E2:A1",
                "00:1A:79:B7:6F:05"
            ]
        },
        {
            "server_name": "162.19.37.133:8080",
            "server_url": "http://162.19.37.133:8080/c/",
            "macs": [
                "00:1A:79:4C:16:35",
                "00:1A:79:4E:4D:80",
                "00:1A:79:50:3F:76",
                "00:1A:79:52:EE:F6",
                "00:1A:79:5C:1E:59",
                "00:1A:79:61:EC:63",
                "00:1A:79:72:9E:1C",
                "00:1A:79:A3:A4:CB",
                "00:1A:79:A6:F8:A0",
                "00:1A:79:AA:E9:0C",
                "00:1A:79:AD:99:78",
                "00:1A:79:B1:01:22",
                "00:1A:79:B1:64:29",
                "00:1A:79:B3:68:AB",
                "00:1A:79:B3:8E:90",
                "00:1A:79:B3:9C:8D",
                "00:1A:79:B5:5E:0A",
                "00:1A:79:B7:1D:41",
                "00:1A:79:B9:F4:64",
                "00:1A:79:BC:F6:A5",
                "00:1A:79:BE:54:BE",
                "00:1A:79:C0:10:F5",
                "00:1A:79:C2:09:51",
                "00:1A:79:C2:83:1A",
                "00:1A:79:C2:96:2E",
                "00:1A:79:C2:96:BA",
                "00:1A:79:C3:B9:6F",
                "00:1A:79:C4:50:19",
                "00:1A:79:C5:43:2E",
                "00:1A:79:C5:4E:75",
                "00:1A:79:C6:D0:08",
                "00:1A:79:C6:F0:EB",
                "00:1A:79:C8:26:23",
                "00:1A:79:C8:4E:54",
                "00:1A:79:C8:83:79",
                "00:1A:79:CD:1E:D4",
                "00:1A:79:D2:1B:14",
                "00:1A:79:D3:B1:29",
                "00:1A:79:E9:78:48",
                "00:1A:79:FB:28:B3"
            ]
        },
        {
            "server_name": "holipop.xyz",
            "server_url": "http://holipop.xyz/c/",
            "macs": [
                "00:1A:79:0A:EA:1B",
                "00:1A:79:A3:8B:10",
                "00:1A:79:A4:50:03",
                "00:1A:79:A7:B8:1A",
                "00:1A:79:AD:3E:E3",
                "00:1A:79:AD:AE:07",
                "00:1A:79:AE:AB:39",
                "00:1A:79:B5:59:64",
                "00:1A:79:BD:86:49",
                "00:1A:79:C5:BF:BF",
                "00:1A:79:C7:A8:FA",
                "00:1A:79:C8:27:95",
                "00:1A:79:CC:67:CE",
                "00:1A:79:CD:07:ED",
                "00:1A:79:D0:25:CB"
            ]
        },
        {
            "server_name": "51.159.70.234",
            "server_url": "http://51.159.70.234/stalker_portal/c/",
            "macs": [
                "00:1A:79:26:94:56",
                "00:1A:79:38:30:32",
                "00:1A:79:47:68:8A",
                "00:1A:79:51:A3:73",
                "00:1A:79:5B:F4:F5",
                "00:1A:79:6A:93:6B",
                "00:1A:79:76:76:DF",
                "00:1A:79:79:19:9D",
                "00:1A:79:79:8A:4C",
                "00:1A:79:8C:0B:A7",
                "00:1A:79:9E:D3:0F",
                "00:1A:79:D5:08:6B"
            ]
        },
        {
            "server_name": "optimus-tv.org:8080",
            "server_url": "http://optimus-tv.org:8080/c/",
            "macs": [
                "00:1A:79:07:BA:E2",
                "00:1A:79:07:BE:34",
                "00:1A:79:07:C0:7C",
                "00:1A:79:07:C1:07",
                "00:1A:79:08:42:98",
                "00:1A:79:08:E6:17",
                "00:1A:79:10:DD:45",
                "00:1A:79:13:53:4F",
                "00:1A:79:14:E0:7C",
                "00:1A:79:76:FE:66",
                "00:1A:79:76:FE:BC",
                "00:1A:79:77:04:8B",
                "00:1A:79:7C:6D:44",
                "00:1A:79:A0:FD:4B",
                "00:1A:79:AB:51:9C",
                "00:1A:79:C2:8D:07"
            ]
        },
        {
            "server_name": "mag.premiumplus.tv",
            "server_url": "http://mag.premiumplus.tv/c/",
            "macs": [
                "00:1A:79:24:80:E6",
                "00:1A:79:2D:DB:F6",
                "00:1A:79:36:5F:D0",
                "00:1A:79:5C:82:97",
                "00:1A:79:65:00:01",
                "00:1A:79:76:5E:9D",
                "00:1A:79:83:8B:3C",
                "00:1A:79:B1:72:2B",
                "00:1A:79:B4:A1:B1",
                "00:1A:79:B4:D9:AA",
                "00:1A:79:B5:A0:45",
                "00:1A:79:B7:45:20",
                "00:1A:79:BB:EE:A4",
                "00:1A:79:BF:A1:1C",
                "00:1A:79:C4:26:F0",
                "00:1A:79:CB:C3:59"
            ]
        }
    ]
}