{
    "items": [
        {
            "server_name": "pal.alphatx.me:80",
            "server_url": "http://pal.alphatx.me:80/c/",
            "macs": [
                "00:1A:79:05:CE:1A",
                "00:1A:79:0B:69:6D",
                "00:1A:79:2F:59:53",
                "00:1A:79:3C:21:B0",
                "00:1A:79:64:DE:C2",
                "00:1A:79:6A:3D:B9",
                "00:1A:79:6E:DF:E1",
                "00:1A:79:76:60:71",
                "00:1A:79:7A:0C:30",
                "00:1A:79:A2:34:2E",
                "00:1A:79:AC:95:67",
                "00:1A:79:B2:0A:D0",
                "00:1A:79:B3:2E:96",
                "00:1A:79:B9:B2:94",
                "00:1A:79:BF:BA:DA",
                "00:1A:79:BF:BE:87",
                "00:1A:79:C0:73:14",
                "00:1A:79:C0:BE:1A",
                "00:1A:79:C6:3E:77",
                "00:1A:79:C7:11:F2",
                "00:1A:79:C7:2A:D4",
                "00:1A:79:CB:6A:A1",
                "00:1A:79:E6:91:0F"
            ]
        },
        {
            "server_name": "pro.xviptv.com",
            "server_url": "http://pro.xviptv.com/c/",
            "macs": [
                "00:1A:79:6B:35:A4"
            ]
        },
        {
            "server_name": "starshare.live:8080",
            "server_url": "http://starshare.live:8080/c/",
            "macs": [
                "00:1A:79:68:C2:63",
                "00:1A:79:94:10:E0"
            ]
        },
        {
            "server_name": "plustv.ws:80",
            "server_url": "http://plustv.ws:80/c/",
            "macs": [
                "00:1A:79:15:20:B7",
                "00:1A:79:28:4F:48",
                "00:1A:79:AE:63:BF"
            ]
        },
        {
            "server_name": "77.74.193.158:88",
            "server_url": "http://77.74.193.158:88/stalker_portal/c/",
            "macs": [
                "00:1A:79:78:6E:00"
            ]
        },
        {
            "server_name": "fastgo.cam:8080",
            "server_url": "http://fastgo.cam:8080/c/",
            "macs": [
                "00:1A:79:44:03:23",
                "00:1A:79:4E:F7:4D",
                "00:1A:79:C5:69:BF"
            ]
        },
        {
            "server_name": "speed-gaz.xyz",
            "server_url": "http://speed-gaz.xyz/c/",
            "macs": [
                "00:1A:79:18:06:10",
                "00:1A:79:18:0E:DD",
                "00:1A:79:48:AD:0C",
                "00:1A:79:5D:7E:51",
                "00:1A:79:66:CD:30",
                "00:1A:79:A6:7F:44",
                "00:1A:79:AB:DA:00",
                "00:1A:79:AE:70:6E",
                "00:1A:79:C6:BD:FC",
                "00:1A:79:C6:C6:EC",
                "00:1A:79:CB:8D:1A"
            ]
        }
    ]
}