{
    "items": [
        {
            "server_name": "premiumtv4k.ottct.pro:80",
            "server_url": "http://premiumtv4k.ottct.pro:80/c/",
            "macs": [
                "00:1A:79:05:9B:8E",
                "00:1A:79:50:CE:D2",
                "00:1A:79:7F:AF:7D",
                "00:1A:79:B9:2D:1F"
            ]
        },
        {
            "server_name": "dm.lion-ott.com",
            "server_url": "http://dm.lion-ott.com/c/",
            "macs": [
                "00:1A:79:25:6F:49",
                "00:1A:79:3C:48:35",
                "00:1A:79:43:96:6C",
                "00:1A:79:43:D6:7D",
                "00:1A:79:46:83:67",
                "00:1A:79:55:39:1E",
                "00:1A:79:59:DC:D4",
                "00:1A:79:5E:3E:39",
                "00:1A:79:62:DA:4A",
                "00:1A:79:69:25:95",
                "00:1A:79:71:81:CB",
                "00:1A:79:78:EC:9B",
                "00:1A:79:7E:B5:46",
                "00:1A:79:BA:19:2C",
                "00:1A:79:BF:1F:5D",
                "00:1A:79:C0:16:AB",
                "00:1A:79:CF:6A:8E"
            ]
        },
        {
            "server_name": "138.199.51.170:8080",
            "server_url": "http://138.199.51.170:8080/c/",
            "macs": [
                "00:1A:79:00:00:01",
                "00:1A:79:00:00:02",
                "00:1A:79:07:BC:23",
                "00:1A:79:08:52:22",
                "00:1A:79:08:5C:1E",
                "00:1A:79:08:E2:70",
                "00:1A:79:0E:15:9A",
                "00:1A:79:1D:0C:D5",
                "00:1A:79:28:A7:5A",
                "00:1A:79:2E:7E:67",
                "00:1A:79:43:87:B8",
                "00:1A:79:4C:4F:87",
                "00:1A:79:58:C7:81",
                "00:1A:79:59:45:F9",
                "00:1A:79:5B:04:39",
                "00:1A:79:5C:EC:8E",
                "00:1A:79:5D:02:E0",
                "00:1A:79:5D:AA:99",
                "00:1A:79:63:21:B3",
                "00:1A:79:6D:65:C7",
                "00:1A:79:71:3F:7F",
                "00:1A:79:7B:5A:7D",
                "00:1A:79:A6:4C:5B",
                "00:1A:79:AB:5F:23",
                "00:1A:79:AB:A4:B7",
                "00:1A:79:AD:0D:A4",
                "00:1A:79:AF:37:3F",
                "00:1A:79:AF:6D:84",
                "00:1A:79:B1:BB:4C",
                "00:1A:79:B2:70:58",
                "00:1A:79:B6:BF:DD",
                "00:1A:79:B7:77:24",
                "00:1A:79:B8:86:B5",
                "00:1A:79:BB:FE:DA",
                "00:1A:79:BD:1A:A4",
                "00:1A:79:C0:E7:E8",
                "00:1A:79:C4:17:CF",
                "00:1A:79:C4:21:A2",
                "00:1A:79:C4:8C:22",
                "00:1A:79:C5:D6:23",
                "00:1A:79:C6:38:05",
                "00:1A:79:C6:E5:89",
                "00:1A:79:CD:2F:D7",
                "00:1A:79:DC:FC:11"
            ]
        }
    ]
}