{
    "items": [
        {
            "server_name": "mutant.arrox.top:80",
            "server_url": "http://mutant.arrox.top:80/c/",
            "macs": [
                "00:1A:79:03:07:19",
                "00:1A:79:4D:01:89",
                "00:1A:79:69:85:57",
                "00:1A:79:95:FC:1F",
                "00:1A:79:C0:7D:BD"
            ]
        },
        {
            "server_name": "promaxhd.com:8080",
            "server_url": "http://promaxhd.com:8080/c/",
            "macs": [
                "00:1A:79:00:0C:FF",
                "00:1A:79:35:A3:34",
                "00:1A:79:A6:54:FF"
            ]
        },
        {
            "server_name": "iboxs.club",
            "server_url": "http://iboxs.club/c/",
            "macs": [
                "00:1A:79:A2:35:BD",
                "00:1A:79:AE:81:41",
                "00:1A:79:B7:E6:89"
            ]
        },
        {
            "server_name": "fastgo.cam:8080",
            "server_url": "http://fastgo.cam:8080/c/",
            "macs": [
                "00:1A:79:B3:67:3A",
                "00:1A:79:C0:1A:B4",
                "00:1A:79:D0:06:A5"
            ]
        },
        {
            "server_name": "foviptv.link:8080",
            "server_url": "http://foviptv.link:8080/c/",
            "macs": [
                "00:1A:79:4A:70:09"
            ]
        },
        {
            "server_name": "apk.zentv4k.me:80",
            "server_url": "http://apk.zentv4k.me:80/c/",
            "macs": [
                "00:1A:79:12:0F:9D"
            ]
        },
        {
            "server_name": "fhdtv.club:8080",
            "server_url": "http://fhdtv.club:8080/c/",
            "macs": [
                "00:1A:79:64:41:50"
            ]
        },
        {
            "server_name": "hdmiclub.online:8080",
            "server_url": "http://hdmiclub.online:8080/c/",
            "macs": [
                "00:1A:79:2B:57:0B",
                "00:1A:79:50:23:45",
                "00:1A:79:C1:AA:F1",
                "00:1A:79:C5:39:1D",
                "00:1A:79:CA:FE:6F"
            ]
        },
        {
            "server_name": "main.light-ott.net",
            "server_url": "http://main.light-ott.net/c/",
            "macs": [
                "00:1A:79:1C:13:79",
                "00:1A:79:1D:0B:C2",
                "00:1A:79:1E:0D:74",
                "00:1A:79:2B:8F:BE",
                "00:1A:79:32:58:99",
                "00:1A:79:39:33:65",
                "00:1A:79:3A:93:FD",
                "00:1A:79:83:6F:E1",
                "00:1A:79:A2:08:6C",
                "00:1A:79:A4:58:B1",
                "00:1A:79:BA:31:B1",
                "00:1A:79:C6:F4:CA",
                "00:1A:79:D6:00:2D",
                "00:1A:79:EA:2C:A4",
                "00:1A:79:F7:4F:CD",
                "00:1A:79:FB:0C:15"
            ]
        },
        {
            "server_name": "1ptv.co:2095",
            "server_url": "http://1ptv.co:2095/c/",
            "macs": [
                "00:1A:79:00:21:18",
                "00:1A:79:02:7B:E3",
                "00:1A:79:B4:CC:C8",
                "00:1A:79:B5:F2:94",
                "00:1A:79:E1:31:50",
                "00:1A:79:F4:BF:C3"
            ]
        },
        {
            "server_name": "hellas.sltv.pw:8080",
            "server_url": "http://hellas.sltv.pw:8080/c/",
            "macs": [
                "00:1A:79:B3:6E:F2"
            ]
        },
        {
            "server_name": "mag.alphatx.me",
            "server_url": "http://mag.alphatx.me/c/",
            "macs": [
                "00:1A:79:05:B2:48"
            ]
        },
        {
            "server_name": "pro.maxhd.eu:8080",
            "server_url": "http://pro.maxhd.eu:8080/c/",
            "macs": [
                "00:1A:79:02:A8:E2",
                "00:1A:79:05:E6:95",
                "00:1A:79:A5:60:EE",
                "00:1A:79:BC:EC:EA"
            ]
        },
        {
            "server_name": "zupanet.live:8080",
            "server_url": "http://zupanet.live:8080/c/",
            "macs": [
                "00:1A:79:25:84:78",
                "00:1A:79:2B:79:42",
                "00:1A:79:34:C0:6C",
                "00:1A:79:3E:7F:7B",
                "00:1A:79:41:E5:DE",
                "00:1A:79:7D:9F:74",
                "00:1A:79:85:D8:A8",
                "00:1A:79:AD:90:93"
            ]
        },
        {
            "server_name": "mag.abcdxyz.one:80",
            "server_url": "http://mag.abcdxyz.one:80/c/",
            "macs": [
                "00:1A:79:00:45:78",
                "00:1A:79:04:ED:80",
                "00:1A:79:23:56:26",
                "00:1A:79:3C:2F:80",
                "00:1A:79:A1:7F:E5",
                "00:1A:79:AF:6F:04",
                "00:1A:79:B4:F7:31",
                "A0:BB:3E:B5:F9:F5"
            ]
        },
        {
            "server_name": "bluespain4k.xyz",
            "server_url": "http://bluespain4k.xyz/c/",
            "macs": [
                "00:1A:79:08:99:32",
                "00:1A:79:14:92:69",
                "00:1A:79:27:EA:25",
                "00:1A:79:38:64:64",
                "00:1A:79:3A:8F:25",
                "00:1A:79:3F:C9:FE",
                "00:1A:79:43:71:E8",
                "00:1A:79:52:7A:7D",
                "00:1A:79:52:C5:12",
                "00:1A:79:55:DE:30",
                "00:1A:79:58:20:5F",
                "00:1A:79:5C:9A:01",
                "00:1A:79:63:CE:BC",
                "00:1A:79:64:3B:69",
                "00:1A:79:68:08:AF",
                "00:1A:79:6E:C8:A8",
                "00:1A:79:70:B1:0A",
                "00:1A:79:73:68:D0",
                "00:1A:79:74:41:DF",
                "00:1A:79:78:3B:FA",
                "00:1A:79:7D:D9:1C",
                "00:1A:79:7E:0F:C2",
                "00:1A:79:7E:76:6E",
                "00:1A:79:A9:6F:BC",
                "00:1A:79:AA:7E:86",
                "00:1A:79:B1:7A:E8",
                "00:1A:79:BF:5E:5B",
                "00:1A:79:C3:32:3F",
                "00:1A:79:C4:5D:5F",
                "00:1A:79:C6:2B:B4",
                "00:1A:79:DC:5F:45",
                "00:1A:79:E0:04:82",
                "00:1A:79:E4:B4:26",
                "00:1A:79:E8:F2:03",
                "00:1A:79:EE:47:6E",
                "00:1A:79:F5:47:A9"
            ]
        },
        {
            "server_name": "tp.nxdns4.com:8080",
            "server_url": "http://tp.nxdns4.com:8080/c/",
            "macs": [
                "00:1A:79:05:EA:A8",
                "00:1A:79:23:6E:8A",
                "00:1A:79:3C:63:16",
                "00:1A:79:9D:54:B9"
            ]
        },
        {
            "server_name": "5.255.105.5:80",
            "server_url": "http://5.255.105.5:80/stalker_portal/c/",
            "macs": [
                "00:1A:79:02:16:FF",
                "00:1A:79:27:15:8E",
                "00:1A:79:3E:95:A1",
                "00:1A:79:3E:95:AA",
                "00:1A:79:59:AB:27",
                "00:1A:79:CC:FC:CE",
                "00:1A:79:F1:5C:A8"
            ]
        },
        {
            "server_name": "185.189.225.150",
            "server_url": "http://185.189.225.150/stalker_portal/c/",
            "macs": [
                "00:1A:79:37:19:C0",
                "00:1A:79:54:12:56"
            ]
        },
        {
            "server_name": "skydidyma.xyz:8080",
            "server_url": "http://skydidyma.xyz:8080/c/",
            "macs": [
                "00:1A:79:05:F6:A2",
                "00:1A:79:6D:69:14",
                "00:1A:79:AE:20:22"
            ]
        },
        {
            "server_name": "line.protv.cc:80",
            "server_url": "http://line.protv.cc:80/c/",
            "macs": [
                "00:1A:79:04:9F:62",
                "00:1A:79:0B:BC:F4",
                "00:1A:79:52:EC:28",
                "00:1A:79:5D:DE:A2",
                "00:1A:79:B3:23:97",
                "00:1A:79:B7:6F:43",
                "00:1A:79:C2:D9:1B"
            ]
        },
        {
            "server_name": "nettv88.net:8080",
            "server_url": "http://nettv88.net:8080/c/",
            "macs": [
                "00:1A:79:18:19:74",
                "00:1A:79:40:1D:13",
                "00:1A:79:BD:B5:7B"
            ]
        },
        {
            "server_name": "pankajgorasiya.net:80",
            "server_url": "http://pankajgorasiya.net:80/c/",
            "macs": [
                "00:1A:79:6D:BC:BF",
                "00:1A:79:8D:BB:02",
                "00:1A:79:B5:B2:B4",
                "00:1A:79:C3:B8:20",
                "00:1A:79:D8:1B:6F",
                "00:1A:79:E6:67:3D",
                "00:1A:79:F9:8D:4E"
            ]
        },
        {
            "server_name": "21tv.net:8789",
            "server_url": "http://21tv.net:8789/c/",
            "macs": [
                "00:1A:79:0A:C8:AC",
                "00:1A:79:35:89:7F",
                "00:1A:79:CE:0F:C8"
            ]
        },
        {
            "server_name": "tit.ipsh.tv",
            "server_url": "http://tit.ipsh.tv/c/",
            "macs": [
                "00:1A:79:00:39:F5",
                "00:1A:79:00:F2:E1",
                "00:1A:79:06:A4:78"
            ]
        },
        {
            "server_name": "mag.ukhd.tv",
            "server_url": "http://mag.ukhd.tv/c/",
            "macs": [
                "00:1A:79:19:4F:65",
                "00:1A:79:A9:2B:10"
            ]
        },
        {
            "server_name": "line.lion-ott.com",
            "server_url": "http://line.lion-ott.com/c/",
            "macs": [
                "00:1A:79:35:65:89",
                "00:1A:79:4C:E6:32",
                "00:1A:79:74:95:FD",
                "00:1A:79:99:CF:01",
                "00:1A:79:A8:6C:1B",
                "00:1A:79:B2:A0:62",
                "00:1A:79:F5:47:D0"
            ]
        },
        {
            "server_name": "darknetiptv1.ddns.net:25461",
            "server_url": "http://darknetiptv1.ddns.net:25461/c/",
            "macs": [
                "00:1A:79:7B:EC:0A",
                "00:1A:79:7C:D3:56",
                "00:1A:79:9D:D9:94",
                "00:1A:79:B8:4A:EE",
                "00:1A:79:B8:4C:91",
                "00:1A:79:F8:31:D8"
            ]
        },
        {
            "server_name": "ln.tabox.in:24651",
            "server_url": "http://ln.tabox.in:24651/c/",
            "macs": [
                "00:1A:79:4E:70:85",
                "00:1A:79:6D:39:0B",
                "00:1A:79:73:DB:53",
                "00:1A:79:77:C1:65",
                "00:1A:79:AD:AD:4E"
            ]
        }
    ]
}