{
    "items": [
        {
            "server_name": "ch.bosstv.live:8080",
            "server_url": "http://ch.bosstv.live:8080/c/",
            "macs": [
                "00:1A:79:A3:A3:C1"
            ]
        },
        {
            "server_name": "rufus.zone",
            "server_url": "http://rufus.zone/stalker_portal/c/",
            "macs": [
                "00:1A:79:C1:44:92",
                "00:1A:79:D5:3F:6D",
                "00:1A:79:C0:94:77",
                "00:1A:79:E5:27:E8",
                "00:1A:79:CD:57:49",
                "00:1A:79:9E:07:9E"
            ]
        },
        {
            "server_name": "iup-tv.com:8080",
            "server_url": "http://iup-tv.com:8080/c/",
            "macs": [
                "00:1A:79:AD:49:5A",
                "00:1A:79:2E:85:51",
                "00:1A:79:AC:C2:63",
                "00:1A:79:BC:D9:36",
                "00:1A:79:B4:63:C3",
                "00:1A:79:B5:61:7E",
                "00:1A:79:CD:49:04",
                "00:1A:79:AE:2A:37",
                "00:1A:79:A8:CF:B0"
            ]
        },
        {
            "server_name": "185.82.108.2",
            "server_url": "http://185.82.108.2/stalker_portal/c/",
            "macs": [
                "00:1A:79:63:A7:58"
            ]
        },
        {
            "server_name": "magico.livrexs.xyz",
            "server_url": "http://magico.livrexs.xyz/c/",
            "macs": [
                "00:1A:79:2B:89:46",
                "00:1A:79:C2:00:EE",
                "00:1A:79:A2:C5:AD"
            ]
        },
        {
            "server_name": "web2021.biz:8080",
            "server_url": "http://web2021.biz:8080/c/",
            "macs": [
                "00:1A:79:5F:2C:3B",
                "00:1A:79:4E:A4:C4",
                "00:1A:79:52:30:FB"
            ]
        },
        {
            "server_name": "restream.globaltv1.net:8080",
            "server_url": "http://restream.globaltv1.net:8080/c/",
            "macs": [
                "00:1A:79:14:E3:85",
                "00:1A:79:C1:A0:E6",
                "00:1A:79:08:46:3B",
                "00:1A:79:A1:83:3B"
            ]
        },
        {
            "server_name": "brokentv.rip:8080",
            "server_url": "http://brokentv.rip:8080/c/",
            "macs": [
                "00:1A:79:C3:10:15",
                "00:1A:79:62:9C:D7",
                "00:1A:79:0F:61:E6",
                "00:1A:79:AB:C0:EA"
            ]
        },
        {
            "server_name": "line.tivi-one.net",
            "server_url": "http://line.tivi-one.net/c/",
            "macs": [
                "00:1A:79:21:30:FF",
                "00:1A:79:0E:0F:91"
            ]
        },
        {
            "server_name": "safetv.vip:8080",
            "server_url": "http://safetv.vip:8080/c/",
            "macs": [
                "00:1A:79:BC:36:09",
                "00:1A:79:06:C8:79",
                "00:1A:79:AE:B0:40",
                "00:1A:79:4d:f6:f4",
                "00:1A:79:45:0F:50",
                "00:1A:79:44:F9:E4",
                "00:1a:79:37:15:2a",
                "00:1A:79:41:BD:5C",
                "00:1A:79:AB:5B:4B",
                "00:1a:79:1c:3f:6a"
            ]
        },
        {
            "server_name": "31.220.40.114",
            "server_url": "http://31.220.40.114/c/",
            "macs": [
                "00:1A:79:02:19:27",
                "00:1A:79:A5:11:8C",
                "00:1A:79:2B:F7:2D",
                "00:1a:79:27:fc:e3",
                "00:1A:79:40:1F:80",
                "00:1a:79:40:20:a6"
            ]
        },
        {
            "server_name": "200.26.188.66",
            "server_url": "http://200.26.188.66/c/",
            "macs": [
                "00:1A:79:AA:CD:62",
                "00:1a:79:57:e8:53",
                "00:1A:79:D7:7F:7F",
                "00:1A:79:19:3F:6A",
                "00:1A:79:1F:3F:D6",
                "00:1a:79:ba:15:26",
                "00:1a:79:3d:09:ad",
                "00:1A:79:19:22:1F",
                "00:1A:79:A2:86:7D",
                "00:1A:79:01:6F:55",
                "00:1A:79:18:23:8B"
            ]
        }
    ]
}