{
    "items": [
        {
            "server_name": "tv1.darktv.eu",
            "server_url": "http://tv1.darktv.eu/c/",
            "macs": [
                "00:1A:79:00:9F:76",
                "00:1A:79:01:63:74",
                "00:1A:79:18:1A:2F",
                "00:1A:79:37:08:14",
                "00:1A:79:3C:4F:F1",
                "00:1A:79:3E:7F:0A",
                "00:1A:79:40:81:00",
                "00:1A:79:57:9F:32",
                "00:1A:79:5D:8B:86",
                "00:1A:79:A7:8F:F1",
                "00:1A:79:A7:CD:17",
                "00:1A:79:A7:DE:87",
                "00:1A:79:A9:21:8E",
                "00:1A:79:AA:2F:E9",
                "00:1A:79:AF:9F:B2",
                "00:1A:79:B5:95:04",
                "00:1A:79:BA:0B:3D",
                "00:1A:79:BD:2F:BF",
                "00:1A:79:C0:06:91",
                "00:1A:79:D7:2F:80"
            ]
        },
        {
            "server_name": "new.ivue.co:25461",
            "server_url": "http://new.ivue.co:25461/c/",
            "macs": [
                "00:1A:79:1B:03:DE",
                "00:1A:79:1D:26:57",
                "00:1A:79:23:80:74",
                "00:1A:79:25:BD:13",
                "00:1A:79:36:B4:AD",
                "00:1A:79:4B:C8:FE",
                "00:1A:79:4C:39:8E",
                "00:1A:79:4D:12:60",
                "00:1A:79:54:88:37",
                "00:1A:79:69:4F:57",
                "00:1A:79:6A:D8:38",
                "00:1A:79:6B:D8:C4",
                "00:1A:79:73:AA:6C",
                "00:1A:79:75:33:75",
                "00:1A:79:78:01:42",
                "00:1A:79:B8:47:6F",
                "00:1A:79:B8:47:BD",
                "00:1A:79:B8:4A:5C",
                "00:1A:79:B8:4D:1E",
                "00:1A:79:B8:4E:77",
                "00:1A:79:BF:D1:9C",
                "00:1A:79:C0:05:27",
                "00:1A:79:C6:E1:C2",
                "00:1A:79:CA:62:9A",
                "00:1A:79:CE:3C:05"
            ]
        },
        {
            "server_name": "mol-2.com:8080",
            "server_url": "http://mol-2.com:8080/c/",
            "macs": [
                "00:1A:79:47:49:55",
                "00:1A:79:48:28:44",
                "00:1A:79:AE:B2:3B",
                "00:1A:79:B1:65:7D",
                "00:1A:79:B2:31:D8",
                "00:1A:79:B2:89:CB",
                "00:1A:79:B3:A5:3D",
                "00:1A:79:B4:37:53",
                "00:1A:79:B5:16:7F",
                "00:1A:79:B7:79:B4",
                "00:1A:79:B7:AC:EE",
                "00:1A:79:B9:A7:5C",
                "00:1A:79:B9:AE:00",
                "00:1A:79:B9:C5:23",
                "00:1A:79:B9:D3:18",
                "00:1A:79:BA:9A:92",
                "00:1A:79:BC:D1:10",
                "00:1A:79:BF:1F:96",
                "00:1A:79:C2:83:47",
                "00:1A:79:C3:B3:FA",
                "00:1A:79:C3:B5:6E",
                "00:1A:79:C4:68:E6",
                "00:1A:79:E9:7F:54",
                "00:1A:79:F0:07:0C"
            ]
        },
        {
            "server_name": "onfireboxtv.com",
            "server_url": "http://onfireboxtv.com/c/",
            "macs": [
                "00:1A:79:A5:2A:68",
                "00:1A:79:A9:2B:70",
                "00:1A:79:AC:95:58"
            ]
        },
        {
            "server_name": "4k.jazztv.me",
            "server_url": "http://4k.jazztv.me/stalker_portal/c/",
            "macs": [
                "00:1A:79:68:6D:EA"
            ]
        },
        {
            "server_name": "tatatv.cc",
            "server_url": "http://tatatv.cc/c/",
            "macs": [
                "00:1A:79:7F:B3:A9"
            ]
        },
        {
            "server_name": "line.greatstar.me",
            "server_url": "http://line.greatstar.me/c/",
            "macs": [
                "00:1A:79:5E:6A:FF",
                "00:1A:79:92:D7:83"
            ]
        },
        {
            "server_name": "tvmate.icu:8080",
            "server_url": "http://tvmate.icu:8080/c/",
            "macs": [
                "00:1A:79:1D:B7:08",
                "00:1A:79:B0:23:D4",
                "00:1A:79:B7:65:0E"
            ]
        },
        {
            "server_name": "zepequeno.xyz:8080",
            "server_url": "http://zepequeno.xyz:8080/c/",
            "macs": [
                "00:1A:79:B9:1E:B0"
            ]
        }
    ]
}