{
    "items": [
        {
            "server_name": "mag.ottcst.com:80",
            "server_url": "http://mag.ottcst.com:80/c/",
            "macs": [
                "00:1A:79:00:AF:4B",
                "00:1A:79:01:E8:F6",
                "00:1A:79:02:83:D0"
            ]
        },
        {
            "server_name": "mag.trexlive.me",
            "server_url": "http://mag.trexlive.me/c/",
            "macs": [
                "00:1A:79:0F:6F:98",
                "00:1A:79:2A:08:BE",
                "00:1A:79:2A:69:9B",
                "00:1A:79:2B:DD:51",
                "00:1A:79:4D:11:F5",
                "00:1A:79:4F:E1:07",
                "00:1A:79:66:1B:50",
                "00:1A:79:94:CD:87",
                "00:1A:79:AC:8A:81",
                "00:1A:79:B4:C4:12",
                "00:1A:79:B8:34:C0",
                "00:1A:79:F0:05:18",
                "00:1A:79:F0:05:1D",
                "00:1A:79:F0:05:27"
            ]
        },
        {
            "server_name": "zenlink.link",
            "server_url": "http://zenlink.link/c/",
            "macs": [
                "00:1A:79:B0:5B:8E",
                "00:1A:79:B3:2E:B9",
                "00:1A:79:B4:54:5D",
                "00:1A:79:B7:52:1C",
                "00:1A:79:BD:23:BD"
            ]
        },
        {
            "server_name": "venomousent.xyz:8080",
            "server_url": "http://venomousent.xyz:8080/c/",
            "macs": [
                "00:1A:79:48:B8:67",
                "00:1A:79:B4:B7:37"
            ]
        },
        {
            "server_name": "optimus-tv.org:8080",
            "server_url": "http://optimus-tv.org:8080/c/",
            "macs": [
                "00:1A:79:08:43:CD",
                "00:1A:79:08:44:67",
                "00:1A:79:08:4D:35",
                "00:1A:79:08:4D:97",
                "00:1A:79:10:E2:2C",
                "00:1A:79:5E:46:ED",
                "00:1A:79:5E:49:5C",
                "00:1A:79:6E:2B:E2",
                "00:1A:79:A1:00:C6",
                "00:1A:79:AA:57:E4",
                "00:1A:79:AB:60:D9",
                "00:1A:79:AF:37:97",
                "00:1A:79:AF:F7:49",
                "00:1A:79:BD:18:68",
                "00:1A:79:CD:02:C1"
            ]
        },
        {
            "server_name": "traveliptv.com",
            "server_url": "http://traveliptv.com/c/",
            "macs": [
                "00:1A:79:F5:07:A3"
            ]
        },
        {
            "server_name": "entertainmentj4u.com",
            "server_url": "http://entertainmentj4u.com/stalker_portal/c/",
            "macs": [
                "00:1A:79:13:E2:18",
                "00:1A:79:62:43:30",
                "00:1A:79:71:4C:BF",
                "00:1A:79:77:8A:7D",
                "00:1A:79:7B:6F:9E",
                "00:1A:79:B1:05:C5",
                "00:1A:79:B1:10:67",
                "00:1A:79:B1:57:C3",
                "00:1A:79:B8:7E:9E",
                "00:1A:79:D8:0C:50",
                "00:1A:79:EC:4A:B5"
            ]
        },
        {
            "server_name": "31.42.176.59",
            "server_url": "http://31.42.176.59/c/",
            "macs": [
                "00:1A:79:70:72:9E"
            ]
        },
        {
            "server_name": "apkonrev.store:8080",
            "server_url": "http://apkonrev.store:8080/c/",
            "macs": [
                "00:1A:79:51:18:65",
                "00:1A:79:58:0D:6B",
                "00:1A:79:58:94:78",
                "00:1A:79:58:9A:6F",
                "00:1A:79:5C:34:D9",
                "00:1A:79:83:4A:27",
                "00:1A:79:A2:41:0B",
                "00:1A:79:A2:41:C4",
                "00:1A:79:A2:45:22",
                "00:1A:79:A3:DE:04",
                "00:1A:79:A3:DF:83",
                "00:1A:79:A3:E0:38",
                "00:1A:79:A3:E2:3D",
                "00:1A:79:A3:E3:1C",
                "00:1A:79:A3:E6:07",
                "00:1A:79:A3:E6:A4",
                "00:1A:79:A3:EA:75",
                "00:1A:79:A3:EA:E9",
                "00:1A:79:A3:EB:0E",
                "00:1A:79:A3:EB:55",
                "00:1A:79:A3:EB:8A",
                "00:1A:79:A4:07:9C",
                "00:1A:79:A4:07:A8",
                "00:1A:79:A4:08:C6",
                "00:1A:79:A4:09:4D",
                "00:1A:79:A4:0B:AF",
                "00:1A:79:A4:0D:E6",
                "00:1A:79:A6:83:AA",
                "00:1A:79:A7:04:E8",
                "00:1A:79:A7:05:F0",
                "00:1A:79:A7:07:83",
                "00:1A:79:A7:15:D8",
                "00:1A:79:A7:19:FC",
                "00:1A:79:A7:21:3D",
                "00:1A:79:A7:24:F9",
                "00:1A:79:A7:27:81",
                "00:1A:79:A7:28:7C",
                "00:1A:79:A7:28:F6",
                "00:1A:79:AB:90:CD",
                "00:1A:79:AB:9C:2B",
                "00:1A:79:AF:87:48",
                "00:1A:79:AF:B7:0F",
                "00:1A:79:B0:7B:6F",
                "00:1A:79:B0:7C:86",
                "00:1A:79:B0:7F:4C",
                "00:1A:79:B0:80:AB",
                "00:1A:79:B0:83:89",
                "00:1A:79:B0:83:C7",
                "00:1A:79:B0:84:7D",
                "00:1A:79:B0:84:93",
                "00:1A:79:B0:88:D6",
                "00:1A:79:B0:8A:B8",
                "00:1A:79:B0:8D:D5",
                "00:1A:79:B1:AA:C8",
                "00:1A:79:B1:AF:5E",
                "00:1A:79:B5:A8:59",
                "00:1A:79:B5:B3:FB",
                "00:1A:79:B6:70:89",
                "00:1A:79:B9:4F:41",
                "00:1A:79:BA:61:22",
                "00:1A:79:BA:B7:BD",
                "00:1A:79:BB:AC:2F",
                "00:1A:79:BB:AC:A3",
                "00:1A:79:BB:B4:E4",
                "00:1A:79:BB:B7:41",
                "00:1A:79:BB:BA:16",
                "00:1A:79:BB:BB:9E",
                "00:1A:79:BB:BC:43",
                "00:1A:79:BB:BC:F0",
                "00:1A:79:BC:D8:F0",
                "00:1A:79:BD:50:2D",
                "00:1A:79:BD:B2:37",
                "00:1A:79:BD:D9:FC",
                "00:1A:79:BD:DC:2C",
                "00:1A:79:BD:DC:8F",
                "00:1A:79:BD:DF:BD",
                "00:1A:79:BD:E0:4A",
                "00:1A:79:BD:E5:A1",
                "00:1A:79:BD:E6:21",
                "00:1A:79:BD:E6:CE",
                "00:1A:79:BD:EA:BB",
                "00:1A:79:BD:F0:BF",
                "00:1A:79:BD:F3:03",
                "00:1A:79:BD:F3:66",
                "00:1A:79:BD:F4:A4",
                "00:1A:79:BD:F5:41",
                "00:1A:79:BD:F9:BD",
                "00:1A:79:BE:91:39",
                "00:1A:79:CA:A2:00",
                "00:1A:79:CA:A7:4F",
                "00:1A:79:CA:A8:AA",
                "00:1A:79:CA:AB:6F",
                "00:1A:79:CA:AC:2C",
                "00:1A:79:CA:B7:B4",
                "00:1A:79:CA:B9:9F",
                "00:1A:79:CA:B9:B0",
                "00:1A:79:CA:BE:CC",
                "00:1A:79:CA:BE:FC",
                "00:1A:79:CA:C0:79",
                "00:1A:79:CA:C1:82",
                "00:1A:79:CA:C3:87",
                "00:1A:79:CA:C6:8C"
            ]
        }
    ]
}