{
    "items": [
        {
            "server_name": "promaxhd.com:8080",
            "server_url": "http://promaxhd.com:8080/c/",
            "macs": [
                "00:1a:79:b2:58:15",
                "00:1a:79:b6:57:6b",
                "00:1a:79:bb:40:e5",
                "00:1a:79:ab:62:5e",
                "00:1a:79:ab:67:dc",
                "00:1a:79:be:07:81"
            ]
        },
        {
            "server_name": "royallivetv.club",
            "server_url": "http://royallivetv.club/c/",
            "macs": [
                "00:1a:79:a5:2d:4a"
            ]
        },
        {
            "server_name": "ss.2665.ninja:8080",
            "server_url": "http://ss.2665.ninja:8080/c/",
            "macs": [
                "00:1a:79:4e:8d:c8"
            ]
        },
        {
            "server_name": "poyraz67.com:8080",
            "server_url": "http://poyraz67.com:8080/c/",
            "macs": [
                "00:1a:79:35:a8:5b"
            ]
        },
        {
            "server_name": "iboxs.club",
            "server_url": "http://iboxs.club/c/",
            "macs": [
                "00:1a:79:b4:6c:1c",
                "00:1a:79:ae:3a:d4"
            ]
        },
        {
            "server_name": "scorpioniptv.com:2052",
            "server_url": "http://scorpioniptv.com:2052/c/",
            "macs": [
                "00:1A:79:00:00:01"
            ]
        },
        {
            "server_name": "mag.premiumplus.tv:80",
            "server_url": "http://mag.premiumplus.tv:80/c/",
            "macs": [
                "00:1A:79:be:fd:a8"
            ]
        },
        {
            "server_name": "naples.alternate.ovh",
            "server_url": "http://naples.alternate.ovh/c/",
            "macs": [
                "00:1A:79:65:71:0a"
            ]
        },
        {
            "server_name": "aleminkrali.xyz:8080",
            "server_url": "http://aleminkrali.xyz:8080/c/",
            "macs": [
                "00:2A:01:90:EB:26"
            ]
        },
        {
            "server_name": "line.greatstar.me",
            "server_url": "http://line.greatstar.me/c/",
            "macs": [
                "00:1A:79:5E:C9:86",
                "00:1A:79:CC:54:44",
                "00:1A:79:75:22:49",
                "00:1A:79:22:03:E4"
            ]
        },
        {
            "server_name": "21tv.net:8789",
            "server_url": "http://21tv.net:8789/c/",
            "macs": [
                "00:1A:79:CE:0F:C8",
                "00:1A:79:35:89:7F",
                "00:1A:79:0A:C8:AC"
            ]
        },
        {
            "server_name": "apk-es.dinott.com",
            "server_url": "http://apk-es.dinott.com/c/",
            "macs": [
                "00:1A:79:F4:BD:86"
            ]
        },
        {
            "server_name": "elvis-elmu-best.streamtv.to:8080",
            "server_url": "http://elvis-elmu-best.streamtv.to:8080/c/",
            "macs": [
                "00:1a:79:bb:46:98",
                "00:1a:79:b6:2f:ce"
            ]
        },
        {
            "server_name": "teducpemunte.online:8080",
            "server_url": "http://teducpemunte.online:8080/c/",
            "macs": [
                "00:1A:79:57:44:d0"
            ]
        },
        {
            "server_name": "bruce-lee.streamtv.to:8080",
            "server_url": "http://bruce-lee.streamtv.to:8080/c/",
            "macs": [
                "00:1A:79:52:B2:C6",
                "00:1A:79:72:AB:A4",
                "00:1A:79:BF:92:DE",
                "00:1A:79:B0:95:D0"
            ]
        },
        {
            "server_name": "magentalive.eu:8080",
            "server_url": "http://magentalive.eu:8080/c/",
            "macs": [
                "00:1A:79:63:fe:dd",
                "00:1A:79:cf:bb:25"
            ]
        },
        {
            "server_name": "new.ivue.co:25461",
            "server_url": "http://new.ivue.co:25461/c/",
            "macs": [
                "00:1A:79:B7:52:97"
            ]
        },
        {
            "server_name": "m.tvfalco.com:8080",
            "server_url": "http://m.tvfalco.com:8080/c/",
            "macs": [
                "00:1A:79:C0:0F:76"
            ]
        },
        {
            "server_name": "mag.ukhd.tv:80",
            "server_url": "http://mag.ukhd.tv:80/c/",
            "macs": [
                "00:1a:79:19:4f:65",
                "00:1A:79:A9:2B:10"
            ]
        },
        {
            "server_name": "ministra.torba.live",
            "server_url": "http://ministra.torba.live/c/",
            "macs": [
                "00:1A:79:78:38:D1"
            ]
        },
        {
            "server_name": "vodofun.tv",
            "server_url": "http://vodofun.tv/stalker_portal/c/",
            "macs": [
                "00:1A:79:C0:DE:FE"
            ]
        },
        {
            "server_name": "185.235.165.43",
            "server_url": "http://185.235.165.43/c/",
            "macs": [
                "00:1A:79:74:ed:76"
            ]
        }
    ]
}