{
    "items": [
        {
            "server_name": "eagle2024.xyz:8080",
            "server_url": "http://eagle2024.xyz:8080/c/",
            "macs": [
                "00:1A:79:3B:02:1C",
                "00:1A:79:43:9D:A0",
                "00:1A:79:57:A3:1B",
                "00:1A:79:74:B8:2D",
                "00:1A:79:BF:AC:55"
            ]
        },
        {
            "server_name": "pal.alphatx.me:80",
            "server_url": "http://pal.alphatx.me:80/c/",
            "macs": [
                "00:1A:79:A3:BB:09"
            ]
        },
        {
            "server_name": "innovationpro.nl",
            "server_url": "http://innovationpro.nl/c/",
            "macs": [
                "00:1A:79:05:B2:48",
                "00:1A:79:09:EB:AB",
                "00:1A:79:13:DA:F8",
                "00:1A:79:18:16:94",
                "00:1A:79:22:EA:59",
                "00:1A:79:41:BC:29",
                "00:1A:79:48:F9:FF",
                "00:1A:79:53:B2:53",
                "00:1A:79:5F:C3:05",
                "00:1A:79:76:8C:13",
                "00:1A:79:7E:33:F0",
                "00:1A:79:8D:7B:B9",
                "00:1A:79:8E:6A:D6",
                "00:1A:79:A5:FC:A7",
                "00:1A:79:B6:52:CF",
                "00:1A:79:C4:BF:05",
                "00:1A:79:CC:29:8C",
                "00:1A:79:CD:00:C9",
                "00:1A:79:DA:D8:2E",
                "00:1A:79:E0:DF:FC"
            ]
        },
        {
            "server_name": "51.159.70.234",
            "server_url": "http://51.159.70.234/stalker_portal/c/",
            "macs": [
                "00:1A:79:50:10:BA"
            ]
        },
        {
            "server_name": "1ptv.co:2095",
            "server_url": "http://1ptv.co:2095/c/",
            "macs": [
                "00:1A:79:45:18:99",
                "00:1A:79:45:23:54",
                "00:1A:79:45:57:B0",
                "00:1A:79:45:9C:29",
                "00:1A:79:45:D2:E<"
            ]
        },
        {
            "server_name": "new.jiotv.be",
            "server_url": "http://new.jiotv.be/stalker_portal/c/",
            "macs": [
                "00:1A:79:03:13:B3"
            ]
        },
        {
            "server_name": "mag.premiumplus.tv",
            "server_url": "http://mag.premiumplus.tv/c/",
            "macs": [
                "00:1A:79:76:7C:BC",
                "00:1A:79:90:F4:F1",
                "00:1A:79:B7:10:9F",
                "00:1A:79:BB:C6:25",
                "00:1A:79:BC:03:6E",
                "00:1A:79:C7:3E:40"
            ]
        },
        {
            "server_name": "jedicctv.net:8080",
            "server_url": "http://jedicctv.net:8080/c/",
            "macs": [
                "00:1A:79:12:B2:B2"
            ]
        },
        {
            "server_name": "ip.sltv.xyz:8080",
            "server_url": "http://ip.sltv.xyz:8080/c/",
            "macs": [
                "00:1A:79:19:96:2A",
                "00:1A:79:1E:7F:39",
                "00:1A:79:28:5F:4B",
                "00:1A:79:2E:BA:91",
                "00:1A:79:46:53:91",
                "00:1A:79:46:B8:18",
                "00:1A:79:53:6E:0E",
                "00:1A:79:5E:8E:9B",
                "00:1A:79:5F:C0:56",
                "00:1A:79:60:53:81",
                "00:1A:79:63:95:E4",
                "00:1A:79:6C:EE:EF",
                "00:1A:79:72:9D:D1",
                "00:1A:79:7C:5F:76",
                "00:1A:79:7C:6F:9B",
                "00:1A:79:84:97:B5",
                "00:1A:79:8C:56:56",
                "00:1A:79:A3:87:0B",
                "00:1A:79:A4:62:64",
                "00:1A:79:A6:07:54",
                "00:1A:79:A6:FE:86",
                "00:1A:79:AE:BA:C3",
                "00:1A:79:B5:1F:98",
                "00:1A:79:BA:A5:6B",
                "00:1A:79:BF:8F:32",
                "00:1A:79:C6:C9:BA",
                "00:1A:79:C6:D9:11",
                "00:1A:79:C7:E8:DB",
                "00:1A:79:CB:98:D4",
                "00:1A:79:CC:51:67",
                "00:1A:79:CC:8F:BD",
                "00:1A:79:CD:98:25",
                "00:1A:79:D8:6E:5D",
                "00:1A:79:D8:92:18"
            ]
        }
    ]
}