{
    "items": [
        {
            "server_name": "ix.kingtv.pw",
            "server_url": "http://ix.kingtv.pw/c/",
            "macs": [
                "00:1A:79:08:EE:7A",
                "00:1A:79:0F:45:66",
                "00:1A:79:13:50:4C",
                "00:1A:79:13:51:0C",
                "00:1A:79:13:51:C6",
                "00:1A:79:9E:86:09",
                "00:1A:79:9E:86:FF",
                "00:1A:79:9E:88:06",
                "00:1A:79:9E:88:EB",
                "00:1A:79:A4:0C:EE",
                "00:1A:79:AF:34:AC"
            ]
        },
        {
            "server_name": "dragoniptv.de:80",
            "server_url": "http://dragoniptv.de:80/c/",
            "macs": [
                "00:1A:79:05:DD:D4",
                "00:1A:79:0C:34:C0",
                "00:1A:79:38:1F:30",
                "00:1A:79:57:CE:C0",
                "00:1A:79:8B:A6:E3",
                "00:1A:79:A1:5D:9E",
                "00:1A:79:A1:F2:CA",
                "00:1A:79:BA:C0:B7"
            ]
        },
        {
            "server_name": "lllllliiiiiiidsa9.funtogether.xyz:8080",
            "server_url": "http://lllllliiiiiiidsa9.funtogether.xyz:8080/c/",
            "macs": [
                "00:1A:79:01:6F:CD",
                "00:1A:79:4C:F1:68",
                "00:1A:79:4F:35:2C",
                "00:1A:79:53:F5:23",
                "00:1A:79:7B:3B:32",
                "00:1A:79:7E:1D:7A",
                "00:1A:79:AB:D2:6C",
                "00:1A:79:AE:14:E6",
                "00:1A:79:AE:15:FC",
                "00:1A:79:BB:11:6F",
                "00:1A:79:C4:27:CD",
                "00:1A:79:C5:F4:A1",
                "00:1A:79:C6:B6:57",
                "00:1A:79:C7:7C:83"
            ]
        },
        {
            "server_name": "cdn.satocean.co",
            "server_url": "http://cdn.satocean.co/stalker_portal/c/",
            "macs": [
                "00:1A:79:00:00:99"
            ]
        },
        {
            "server_name": "74374-are.cloud-x.me:80",
            "server_url": "http://74374-are.cloud-x.me:80/c/",
            "macs": [
                "00:1A:79:07:73:29"
            ]
        },
        {
            "server_name": "scottishbest.club:80",
            "server_url": "http://scottishbest.club:80/c/",
            "macs": [
                "00:1A:79:43:83:92",
                "00:1A:79:8D:0C:9E",
                "00:1A:79:95:5B:30"
            ]
        },
        {
            "server_name": "bes5.alphatx.me:80",
            "server_url": "http://bes5.alphatx.me:80/c/",
            "macs": [
                "00:1A:79:02:1C:C7",
                "00:1A:79:3B:6F:65",
                "00:1A:79:46:81:D6",
                "00:1A:79:4C:73:6E",
                "00:1A:79:5F:75:3D",
                "00:1A:79:67:17:E2",
                "00:1A:79:7A:09:DA",
                "00:1A:79:C5:08:CA",
                "00:1A:79:D5:55:7F"
            ]
        },
        {
            "server_name": "tv.dino-code.site:80",
            "server_url": "http://tv.dino-code.site:80/c/",
            "macs": [
                "00:1A:79:01:71:95",
                "00:1A:79:08:36:5C",
                "00:1A:79:26:A8:81",
                "00:1A:79:31:69:23",
                "00:1A:79:37:63:37",
                "00:1A:79:3C:4F:A8",
                "00:1A:79:80:FD:A6",
                "00:1A:79:AD:A9:61",
                "00:1A:79:C6:D5:20",
                "00:1A:79:CE:10:F5",
                "00:1A:79:D1:C5:3D"
            ]
        },
        {
            "server_name": "dino10.noahtv.online:80",
            "server_url": "http://dino10.noahtv.online:80/c/",
            "macs": [
                "00:1A:79:38:15:48",
                "00:1A:79:38:34:65",
                "00:1A:79:53:35:25",
                "00:1A:79:59:8D:86",
                "00:1A:79:79:1F:EB",
                "00:1A:79:7A:0F:30",
                "00:1A:79:80:C7:65",
                "00:1A:79:A9:F3:01",
                "00:1A:79:B2:39:76",
                "00:1A:79:C4:C9:AF"
            ]
        },
        {
            "server_name": "flixtralion.xyz:80",
            "server_url": "http://flixtralion.xyz:80/c/",
            "macs": [
                "00:1A:79:00:00:00",
                "00:1A:79:00:15:E6",
                "00:1A:79:07:C2:06",
                "00:1A:79:0E:C0:8D",
                "00:1A:79:18:46:CD",
                "00:1A:79:1C:10:63",
                "00:1A:79:32:30:61",
                "00:1A:79:33:51:70",
                "00:1A:79:34:07:54",
                "00:1A:79:4C:A3:A5",
                "00:1A:79:4F:4F:3F",
                "00:1A:79:5C:80:F9",
                "00:1A:79:62:64:39",
                "00:1A:79:78:93:91",
                "00:1A:79:7A:3D:37",
                "00:1A:79:7B:82:54",
                "00:1A:79:81:47:5A",
                "00:1A:79:A2:BB:21",
                "00:1A:79:AC:0A:B6",
                "00:1A:79:B7:E3:1B"
            ]
        },
        {
            "server_name": "restream.cdn-4k.cloud",
            "server_url": "http://restream.cdn-4k.cloud/c/",
            "macs": [
                "00:1A:79:4D:6D:2D",
                "00:1A:79:7B:BB:FB",
                "00:1A:79:7B:D5:4A",
                "00:1A:79:7C:61:A4",
                "00:1A:79:B4:F1:2A"
            ]
        },
        {
            "server_name": "xc-clubtv.xyz:8080",
            "server_url": "http://xc-clubtv.xyz:8080/c/",
            "macs": [
                "00:1A:79:07:C4:46",
                "00:1A:79:14:DE:F1",
                "00:1A:79:19:21:38",
                "00:1A:79:31:3F:84"
            ]
        },
        {
            "server_name": "b1g.uk:80",
            "server_url": "http://b1g.uk:80/c/",
            "macs": [
                "00:1A:79:61:51:EF",
                "00:1A:79:80:7F:04",
                "00:1A:79:B1:56:EF",
                "00:1A:79:B3:07:4E",
                "00:1A:79:B3:99:07",
                "00:1A:79:B6:93:B1",
                "00:1A:79:B9:86:34",
                "00:1A:79:C8:36:AF"
            ]
        },
        {
            "server_name": "89.187.189.89:9010",
            "server_url": "http://89.187.189.89:9010/stalker_portal/c/",
            "macs": [
                "00:1A:79:02:8F:BF",
                "00:1A:79:04:93:A6",
                "00:1A:79:06:19:F0",
                "00:1A:79:07:9B:55",
                "00:1A:79:08:1C:7E",
                "00:1A:79:0C:25:0D",
                "00:1A:79:13:B0:13",
                "00:1A:79:49:45:F4",
                "00:1A:79:54:46:27",
                "00:1A:79:55:05:63",
                "00:1A:79:63:63:35"
            ]
        },
        {
            "server_name": "103.161.34.27:8080",
            "server_url": "http://103.161.34.27:8080/c/",
            "macs": [
                "00:1A:79:00:02:E6"
            ]
        },
        {
            "server_name": "nonamevos.com",
            "server_url": "http://nonamevos.com/c/",
            "macs": [
                "00:1A:79:23:B7:39"
            ]
        },
        {
            "server_name": "media.ottpurstream.com",
            "server_url": "http://media.ottpurstream.com/c/",
            "macs": [
                "00:1A:79:64:DE:1D"
            ]
        },
        {
            "server_name": "auth.streamtv.to:8080",
            "server_url": "http://auth.streamtv.to:8080/c/",
            "macs": [
                "00:1A:79:64:42:E6",
                "00:1A:79:B0:98:6F",
                "00:1A:79:C0:75:59",
                "00:1A:79:C0:98:47",
                "00:1A:79:C3:F2:90",
                "00:1A:79:C8:07:D8"
            ]
        },
        {
            "server_name": "d.tvdark.eu",
            "server_url": "http://d.tvdark.eu/c/",
            "macs": [
                "00:1A:79:32:A1:1C",
                "00:1A:79:3C:1E:29",
                "00:1A:79:BC:75:75",
                "00:1A:79:D7:3F:B3"
            ]
        },
        {
            "server_name": "app.mm88.com.bd",
            "server_url": "http://app.mm88.com.bd/stalker_portal/c/",
            "macs": [
                "00:1A:79:6B:EA:55",
                "00:1A:79:6E:09:61",
                "00:1A:79:76:29:84",
                "00:1A:79:76:85:A2",
                "00:1A:79:77:08:1A",
                "00:1A:79:78:2A:7D",
                "00:1A:79:78:60:6B",
                "00:1A:79:79:68:DD",
                "00:1A:79:7A:27:EB",
                "00:1A:79:7A:8D:DD",
                "00:1A:79:7A:FB:F6",
                "00:1A:79:7B:0B:F8",
                "00:1A:79:7B:76:A6",
                "00:1A:79:7D:30:08",
                "00:1A:79:7D:34:D7",
                "00:1A:79:7D:4D:3E",
                "00:1A:79:7D:D8:43"
            ]
        },
        {
            "server_name": "168.119.44.162:2080",
            "server_url": "http://168.119.44.162:2080/stalker_portal/c/",
            "macs": [
                "00:1A:79:00:35:71",
                "00:1A:79:6F:A3:F8",
                "00:1A:79:70:73:84",
                "00:1A:79:74:BD:1A",
                "00:1A:79:78:64:36",
                "00:1A:79:7E:B8:E2"
            ]
        },
        {
            "server_name": "masterofiptv.pro",
            "server_url": "http://masterofiptv.pro/c/",
            "macs": [
                "00:1A:79:A5:2B:0B"
            ]
        },
        {
            "server_name": "torcidaiptv.gentv.to:8080",
            "server_url": "http://torcidaiptv.gentv.to:8080/c/",
            "macs": [
                "00:1A:79:82:01:40",
                "00:1A:79:C6:B2:B9"
            ]
        }
    ]
}