{
    "items": [
        {
            "server_name": "107.189.14.168:8080",
            "server_url": "http://107.189.14.168:8080/c/",
            "macs": [
                "00:1A:79:01:5A:1D",
                "00:1A:79:0A:44:23",
                "00:1A:79:0D:A7:25",
                "00:1A:79:0F:5C:E0",
                "00:1A:79:55:AF:FA"
            ]
        },
        {
            "server_name": "cooltv4u.xyz",
            "server_url": "http://cooltv4u.xyz/stalker_portal/c/",
            "macs": [
                "00:1A:79:00:11:38",
                "00:1A:79:2B:5D:25",
                "00:1A:79:65:DB:03",
                "00:1A:79:88:48:E0"
            ]
        },
        {
            "server_name": "cbrlig.com:8080",
            "server_url": "http://cbrlig.com:8080/c/",
            "macs": [
                "00:1A:79:56:99:7D",
                "00:1A:79:9D:CF:D4",
                "00:1A:79:AF:58:66",
                "00:1A:79:B1:6C:27",
                "00:1A:79:B5:66:05"
            ]
        },
        {
            "server_name": "1234up.com:8080",
            "server_url": "http://1234up.com:8080/c/",
            "macs": [
                "00:1A:79:A6:DE:7E",
                "00:1A:79:BB:50:01",
                "00:1A:79:C4:26:90"
            ]
        },
        {
            "server_name": "77.74.193.158:88",
            "server_url": "http://77.74.193.158:88/stalker_portal/c/",
            "macs": [
                "00:1A:79:14:30:98",
                "00:1A:79:14:54:42",
                "00:1A:79:60:02:34",
                "00:1A:79:A6:0A:5C",
                "00:1A:79:C9:96:F0"
            ]
        },
        {
            "server_name": "king.viviotv.xyz",
            "server_url": "http://king.viviotv.xyz/c/",
            "macs": [
                "00:1A:79:00:16:A9",
                "00:1A:79:18:07:06",
                "00:1A:79:32:D1:76",
                "00:1A:79:3D:E9:23",
                "00:1A:79:43:0B:28",
                "00:1A:79:53:43:AF",
                "00:1A:79:95:C5:71",
                "00:1A:79:AA:0D:E6",
                "00:1A:79:B3:EE:8B",
                "00:1A:79:BC:30:14",
                "00:1A:79:D1:8B:A2"
            ]
        },
        {
            "server_name": "45.139.122.199:8080",
            "server_url": "http://45.139.122.199:8080/c/",
            "macs": [
                "00:1A:79:25:4C:2C",
                "00:1A:79:B7:2C:CA",
                "00:1A:79:D2:0B:BF"
            ]
        }
    ]
}