{
    "items": [
        {
            "server_name": "tv.premiumplus.tv",
            "server_url": "http://tv.premiumplus.tv/c/",
            "macs": [
                "00:1A:79:56:95:DA"
            ]
        },
        {
            "server_name": "mag.4k365.xyz:80",
            "server_url": "http://mag.4k365.xyz:80/c/",
            "macs": [
                "00:1A:79:02:62:94"
            ]
        },
        {
            "server_name": "garaveli.123tv.to:8080",
            "server_url": "http://garaveli.123tv.to:8080/c/",
            "macs": [
                "00:1A:79:62:3D:D5"
            ]
        },
        {
            "server_name": "pars01.com:8080",
            "server_url": "http://pars01.com:8080/c/",
            "macs": [
                "00:1A:79:4D:00:4B",
                "00:1A:79:6E:2A:9B"
            ]
        },
        {
            "server_name": "violetta.cfd:8080",
            "server_url": "http://violetta.cfd:8080/c/",
            "macs": [
                "00:1A:79:A6:FC:C4"
            ]
        },
        {
            "server_name": "pera-on.cyou:8080",
            "server_url": "http://pera-on.cyou:8080/c/",
            "macs": [
                "00:1A:79:B7:7A:E7",
                "00:1A:79:BE:87:09"
            ]
        },
        {
            "server_name": "server.hdiptv.world:8000",
            "server_url": "http://server.hdiptv.world:8000/c/",
            "macs": [
                "00:1A:79:6F:2F:66"
            ]
        },
        {
            "server_name": "recreativa.tecnologiashd.com:8080",
            "server_url": "http://recreativa.tecnologiashd.com:8080/c/",
            "macs": [
                "00:1A:79:59:3C:D8",
                "00:1A:79:AB:3D:73",
                "00:1A:79:BB:C9:3B",
                "00:1A:79:BD:11:70",
                "00:1A:79:C4:74:4B"
            ]
        },
        {
            "server_name": "iptvs4.ultapulta.com",
            "server_url": "http://iptvs4.ultapulta.com/stalker_portal/c/",
            "macs": [
                "00:1A:79:5B:08:9E"
            ]
        },
        {
            "server_name": "invale.party",
            "server_url": "http://invale.party/c/",
            "macs": [
                "00:1A:79:C6:42:C2"
            ]
        },
        {
            "server_name": "king.viviotv.xyz",
            "server_url": "http://king.viviotv.xyz/c/",
            "macs": [
                "00:1A:79:0D:F6:1F",
                "00:1A:79:72:B0:95",
                "00:1A:79:7C:1E:F2",
                "00:1A:79:AB:5F:2D",
                "00:1A:79:C4:87:7C",
                "00:1A:79:C9:A1:7F"
            ]
        },
        {
            "server_name": "tv.dino-code.site",
            "server_url": "http://tv.dino-code.site/c/",
            "macs": [
                "00:1A:79:19:48:55",
                "00:1A:79:27:0F:1C",
                "00:1A:79:33:22:C2",
                "00:1A:79:52:D1:F1",
                "00:1A:79:5A:F5:FE",
                "00:1A:79:7D:C2:57",
                "00:1A:79:B3:96:EA"
            ]
        }
    ]
}