{
    "items": [
        {
            "server_name": "1234up.com:8080",
            "server_url": "http://1234up.com:8080/c/",
            "macs": [
                "00:1A:79:17:1B:9C",
                "00:1A:79:D1:9F:DA",
                "00:1A:79:AE:2D:01",
                "00:1A:79:AC:DE:FA",
                "00:1A:79:AC:51:E0",
                "00:1A:79:6D:F2:BF"
            ]
        },
        {
            "server_name": "cbrlig.com:8080",
            "server_url": "http://cbrlig.com:8080/c/",
            "macs": [
                "00:1A:79:37:B0:74",
                "00:1A:79:52:75:99",
                "00:1A:79:CE:10:98",
                "00:1A:79:50:1E:11"
            ]
        },
        {
            "server_name": "107.189.14.168:8080",
            "server_url": "http://107.189.14.168:8080/c/",
            "macs": [
                "00:1A:79:BF:6B:F0",
                "00:1A:79:6C:CE:B7",
                "00:1A:79:6C:F4:FC",
                "00:1A:79:58:37:6B",
                "00:1A:79:55:E0:C8"
            ]
        },
        {
            "server_name": "xc-clubtv.xyz:8080",
            "server_url": "http://xc-clubtv.xyz:8080/c/",
            "macs": [
                "00:1A:79:19:23:9E"
            ]
        },
        {
            "server_name": "line.tee-ott.com",
            "server_url": "http://line.tee-ott.com/c/",
            "macs": [
                "00:1A:79:B4:F0:A1"
            ]
        },
        {
            "server_name": "portott.com:80",
            "server_url": "http://portott.com:80/c/",
            "macs": [
                "00:1A:79:19:33:8F",
                "00:1A:79:19:35:8F",
                "00:1A:79:19:35:F4",
                "00:1A:79:19:35:A5",
                "00:1A:79:19:39:3E",
                "00:1A:79:19:39:C6",
                "00:1A:79:19:3B:27",
                "00:1A:79:19:3B:6E",
                "00:1A:79:19:3C:57",
                "00:1A:79:19:3C:9B",
                "00:1A:79:19:3D:17",
                "00:1A:79:19:40:4E"
            ]
        },
        {
            "server_name": "cdnimage-60342.broke-it.net:8080",
            "server_url": "http://cdnimage-60342.broke-it.net:8080/c/",
            "macs": [
                "00:1A:79:58:06:7f",
                "00:1A:79:71:0d:f0",
                "00:1A:79:c8:37:fb",
                "00:1A:79:4c:9e:eb",
                "00:1A:79:a8:76:a8",
                "00:1A:79:74:a9:d9",
                "00:1A:79:cc:66:c4",
                "00:1A:79:bc:3e:ef",
                "00:1A:79:50:dd:98"
            ]
        },
        {
            "server_name": "9v.wtf:80",
            "server_url": "http://9v.wtf:80/c/",
            "macs": [
                "00:1A:79:e7:c9:21",
                "00:1A:79:21:97:50",
                "00:1A:79:c3:1f:bc",
                "00:1A:79:ca:4c:4a",
                "00:1A:79:57:ab:fd",
                "00:1A:79:e1:71:2d",
                "00:1A:79:71:67:f1",
                "00:1A:79:93:9f:c8",
                "00:1A:79:20:43:31",
                "00:1A:79:c8:17:9c",
                "00:1A:79:bc:e8:24",
                "00:1A:79:92:2f:15",
                "00:1A:79:b1:64:d0",
                "00:1A:79:7c:36:1c"
            ]
        },
        {
            "server_name": "galaxyhotwomenhorror26368-maxpros.xyz",
            "server_url": "http://galaxyhotwomenhorror26368-maxpros.xyz/c/",
            "macs": [
                "00:1A:79:85:1F:94",
                "00:1A:79:32:C4:DE",
                "00:1A:79:32:C4:36",
                "00:1A:79:32:C4:98",
                "00:1A:79:6B:2F:94",
                "00:1A:79:FB:04:92",
                "00:1A:79:32:C4:12",
                "00:1A:79:FB:04:98",
                "00:1A:79:32:C4:C1",
                "00:1A:79:8C:01:C3",
                "00:1A:79:47:5F:2E",
                "00:1A:79:FB:04:9F",
                "00:1A:79:32:C4:53",
                "00:1A:79:19:3F:C4",
                "00:1A:79:BF:E2:55",
                "00:1A:79:32:C4:B2"
            ]
        },
        {
            "server_name": "6d.tanres.us",
            "server_url": "http://6d.tanres.us/c/",
            "macs": [
                "00:1A:79:4F:7C:8C",
                "00:1A:79:B5:20:CB",
                "00:1A:79:00:8F:17",
                "00:1A:79:B5:F9:5A",
                "00:1A:79:B5:F9:6B",
                "00:1A:79:F5:01:38",
                "00:1A:79:D4:48:98",
                "00:1A:79:F5:01:0F",
                "00:1A:79:C8:A1:56",
                "00:1A:79:B8:AD:90",
                "00:1A:79:F5:01:16",
                "00:1A:79:9E:AF:55"
            ]
        },
        {
            "server_name": "eurotuga.xyz:8080",
            "server_url": "http://eurotuga.xyz:8080/c/",
            "macs": [
                "00:1A:79:0E:13:B5"
            ]
        },
        {
            "server_name": "qqwawa.xyz",
            "server_url": "http://qqwawa.xyz/c/",
            "macs": [
                "00:1A:79:53:9F:EF"
            ]
        },
        {
            "server_name": "pars01.com:8080",
            "server_url": "http://pars01.com:8080/c/",
            "macs": [
                "00:1A:79:10:DF:13"
            ]
        },
        {
            "server_name": "skunkytv.live",
            "server_url": "http://skunkytv.live/c/",
            "macs": [
                "00:1A:79:00:10:42"
            ]
        },
        {
            "server_name": "93.119.105.61",
            "server_url": "http://93.119.105.61/c/",
            "macs": [
                "00:1A:79:00:1E:75"
            ]
        },
        {
            "server_name": "line.greatstar.me",
            "server_url": "http://line.greatstar.me/c/",
            "macs": [
                "00:1A:79:75:6F:5A",
                "00:1A:79:6E:C1:58",
                "00:1A:79:79:2F:5B",
                "00:1a:79:54:20:DA"
            ]
        },
        {
            "server_name": "cdnimage-60342.broke-it.net:8080",
            "server_url": "http://cdnimage-60342.broke-it.net:8080/c/",
            "macs": [
                "00:1A:79:58:06:7f",
                "00:1A:79:71:0d:f0"
            ]
        },
        {
            "server_name": "1.germany4k.xyz:8080",
            "server_url": "http://1.germany4k.xyz:8080/c/",
            "macs": [
                "00:1A:79:49:AC:4A",
                "00:1A:79:29:64:54",
                "00:1A:79:8E:F7:7C",
                "00:1A:79:BE:9C:79",
                "00:1A:79:02:F6:F0",
                "00:1A:79:8C:A7:4D"
            ]
        },
        {
            "server_name": "sonymax.org:8080",
            "server_url": "http://sonymax.org:8080/c/",
            "macs": [
                "00:1a:79:4a:0b:f7",
                "00:1A:79:01:01:3d",
                "00:1a:79:67:7d:30",
                "00:1a:79:3e:28:fd",
                "00:1a:79:bc:32:c6",
                "00:1a:79:5e:c3:d6",
                "00:1a:79:54:17:10",
                "00:1a:79:75:58:95"
            ]
        },
        {
            "server_name": "107.189.14.168:8080",
            "server_url": "http://107.189.14.168:8080/c/",
            "macs": [
                "00:1A:79:B0:9C:8A",
                "00:1A:79:4B:06:5C",
                "00:1A:79:3A:EF:86",
                "00:1A:79:93:4C:AD",
                "00:1A:79:64:37:BB"
            ]
        },
        {
            "server_name": "proxy.plus55.xyz",
            "server_url": "http://proxy.plus55.xyz/c/",
            "macs": [
                "00:1A:79:7A:29:B9"
            ]
        },
        {
            "server_name": "recreativa.tecnologiashd.com:8080",
            "server_url": "http://recreativa.tecnologiashd.com:8080/c/",
            "macs": [
                "00:1A:79:AB:3D:73",
                "00:1A:79:BD:11:70"
            ]
        },
        {
            "server_name": "tv.dino-code.site",
            "server_url": "http://tv.dino-code.site/c/",
            "macs": [
                "00:1A:79:BE:84:CF",
                "00:1A:79:BA:99:A0"
            ]
        },
        {
            "server_name": "server.hdiptv.world:8000",
            "server_url": "http://server.hdiptv.world:8000/c/",
            "macs": [
                "00:1A:79:6F:2F:66"
            ]
        },
        {
            "server_name": "zte-dream2.ddns.net:80",
            "server_url": "http://zte-dream2.ddns.net:80/c/",
            "macs": [
                "00:1A:79:CE:3A:52",
                "00:1A:79:B5:A4:C1",
                "00:1A:79:BD:8A:9E"
            ]
        }
    ]
}