{
    "items": [
        {
            "server_name": "drk.yasarpro.com:80",
            "server_url": "http://drk.yasarpro.com:80/c/",
            "macs": [
                "00:1A:79:00:00:00",
                "00:1A:79:00:B8:42",
                "00:1A:79:10:92:22",
                "00:1A:79:19:4F:65",
                "00:1A:79:24:3F:6C",
                "00:1A:79:28:0F:C7",
                "00:1A:79:30:5F:1B",
                "00:1A:79:36:BD:66",
                "00:1A:79:3F:40:35",
                "00:1A:79:4E:31:92",
                "00:1A:79:53:4B:DB",
                "00:1A:79:66:0B:80",
                "00:1A:79:67:02:7A",
                "00:1A:79:6F:4F:41",
                "00:1A:79:7F:9C:F4",
                "00:1A:79:A2:6D:E0",
                "00:1A:79:A6:7F:86",
                "00:1A:79:BB:EE:C9",
                "00:1A:79:D1:84:5C",
                "00:1A:79:D6:0F:DC",
                "00:1A:79:D8:9F:C5"
            ]
        },
        {
            "server_name": "cbr.selfip.org:8080",
            "server_url": "http://cbr.selfip.org:8080/c/",
            "macs": [
                "00:1A:79:56:9A:0E",
                "00:1A:79:5D:4F:7F",
                "00:1A:79:6A:FF:31",
                "00:1A:79:A3:8C:CE",
                "00:1A:79:F1:F1:66"
            ]
        },
        {
            "server_name": "1234up.com:8080",
            "server_url": "http://1234up.com:8080/c/",
            "macs": [
                "00:1A:79:2C:22:47",
                "00:1A:79:AC:51:E0",
                "00:1A:79:BC:F5:5F",
                "00:1A:79:C1:F4:F2",
                "00:1A:79:C5:4B:C1"
            ]
        },
        {
            "server_name": "107.189.14.168:8080",
            "server_url": "http://107.189.14.168:8080/c/",
            "macs": [
                "00:1A:79:51:96:65",
                "00:1A:79:52:35:4F",
                "00:1A:79:59:4D:D1",
                "00:1A:79:62:B5:6E",
                "00:1A:79:6A:BB:FF"
            ]
        },
        {
            "server_name": "m.devtv.biz:80",
            "server_url": "http://m.devtv.biz:80/c/",
            "macs": [
                "00:1A:79:00:B8:42",
                "00:1A:79:19:4F:65",
                "00:1A:79:24:3F:6C",
                "00:1A:79:28:0F:C7",
                "00:1A:79:30:5F:1B",
                "00:1A:79:3F:40:35",
                "00:1A:79:4E:31:92",
                "00:1A:79:53:4B:DB",
                "00:1A:79:66:0B:80",
                "00:1A:79:6F:4F:41",
                "00:1A:79:A2:6D:E0",
                "00:1A:79:A6:7F:86",
                "00:1A:79:BB:EE:C9",
                "00:1A:79:D1:84:5C",
                "00:1A:79:D6:0F:DC",
                "00:1A:79:D8:9F:C5"
            ]
        },
        {
            "server_name": "edge.bz:8080",
            "server_url": "http://edge.bz:8080/c/",
            "macs": [
                "00:1A:79:36:FC:98",
                "00:1A:79:37:31:62"
            ]
        },
        {
            "server_name": "iptv.magikserv.com",
            "server_url": "http://iptv.magikserv.com/c/",
            "macs": [
                "00:1A:79:A3:8A:14",
                "00:1A:79:A3:8D:D2",
                "00:1A:79:AA:EC:87",
                "00:1A:79:BB:0A:5D",
                "00:1A:79:BF:F8:81",
                "00:1A:79:D0:E9:A5"
            ]
        },
        {
            "server_name": "triptv.club:8000",
            "server_url": "http://triptv.club:8000/c/",
            "macs": [
                "00:1A:79:00:01:DF"
            ]
        },
        {
            "server_name": "tv.premiumplus.tv",
            "server_url": "http://tv.premiumplus.tv/c/",
            "macs": [
                "00:1A:79:34:F0:CF"
            ]
        },
        {
            "server_name": "tr.redatvgold.com:80",
            "server_url": "http://tr.redatvgold.com:80/c/",
            "macs": [
                "00:1A:79:17:1B:86"
            ]
        },
        {
            "server_name": "eu.majes-line.co:80",
            "server_url": "http://eu.majes-line.co:80/c/",
            "macs": [
                "00:1A:79:77:8D:8C"
            ]
        },
        {
            "server_name": "line.greatstar.me:80",
            "server_url": "http://line.greatstar.me:80/c/",
            "macs": [
                "00:1A:79:00:00:72"
            ]
        },
        {
            "server_name": "10cctv.fans:8080",
            "server_url": "http://10cctv.fans:8080/c/",
            "macs": [
                "00:1A:79:07:43:D4",
                "00:1A:79:0B:E9:71",
                "00:1A:79:4B:89:B1",
                "00:1A:79:56:EC:59",
                "00:1A:79:5F:76:8C",
                "00:1A:79:68:55:97",
                "00:1A:79:72:21:16",
                "00:1A:79:74:DB:4B",
                "00:1A:79:75:A4:67",
                "00:1A:79:7E:7F:13",
                "00:1A:79:B4:31:72",
                "00:1A:79:BC:31:6A",
                "00:1A:79:C2:60:F4",
                "00:1A:79:CC:6D:21",
                "00:1A:79:D5:3E:E8",
                "00:1A:79:F1:47:8C"
            ]
        },
        {
            "server_name": "portal2.iptv-mag.com:80",
            "server_url": "http://portal2.iptv-mag.com:80/c/",
            "macs": [
                "00:1A:79:56:58:40"
            ]
        },
        {
            "server_name": "museunofthfuture.pics",
            "server_url": "http://museunofthfuture.pics/c/",
            "macs": [
                "00:1A:79:00:8A:5D"
            ]
        },
        {
            "server_name": "d.tvdark.eu:80",
            "server_url": "http://d.tvdark.eu:80/c/",
            "macs": [
                "00:1A:79:6E:50:3E",
                "00:1A:79:94:36:B9"
            ]
        },
        {
            "server_name": "mylife2022.pro",
            "server_url": "http://mylife2022.pro/c/",
            "macs": [
                "00:1A:79:11:1F:A5"
            ]
        },
        {
            "server_name": "mutant.arrox.top:80",
            "server_url": "http://mutant.arrox.top:80/c/",
            "macs": [
                "00:1A:79:32:4F:DE"
            ]
        },
        {
            "server_name": "buffy.zapto.org:80",
            "server_url": "http://buffy.zapto.org:80/stalker_portal/c/",
            "macs": [
                "00:1A:79:39:65:38"
            ]
        },
        {
            "server_name": "lllllliiiiiiidsa9.funtogether.xyz:8080",
            "server_url": "http://lllllliiiiiiidsa9.funtogether.xyz:8080/c/",
            "macs": [
                "00:1A:79:3E:7F:99"
            ]
        },
        {
            "server_name": "92.246.87.53:80",
            "server_url": "http://92.246.87.53:80/c/",
            "macs": [
                "00:1A:79:00:74:34",
                "00:1A:79:7B:F7:13",
                "00:1A:79:91:75:88",
                "00:1A:79:A4:62:24",
                "00:1A:79:AB:BB:25",
                "00:1A:79:B0:56:AE",
                "00:1A:79:B0:60:9A",
                "00:1A:79:B1:B8:C7",
                "00:1A:79:B5:5D:FE",
                "00:1A:79:BA:37:DC"
            ]
        },
        {
            "server_name": "www.login.a1days.com",
            "server_url": "http://www.login.a1days.com/c/",
            "macs": [
                "00:1A:79:3E:8F:F4"
            ]
        },
        {
            "server_name": "schanel.org:8080",
            "server_url": "http://schanel.org:8080/c/",
            "macs": [
                "00:1A:79:52:CF:84",
                "00:1A:79:A1:E3:69",
                "00:1A:79:A1:EC:92"
            ]
        },
        {
            "server_name": "restream.cdn-4k.cloud",
            "server_url": "http://restream.cdn-4k.cloud/c/",
            "macs": [
                "00:1A:79:7C:7F:5C"
            ]
        },
        {
            "server_name": "server.hdiptv.world:8080",
            "server_url": "http://server.hdiptv.world:8080/c/",
            "macs": [
                "00:1A:79:43:EB:A3"
            ]
        },
        {
            "server_name": "95.214.232.47",
            "server_url": "http://95.214.232.47/c/",
            "macs": [
                "00:1A:79:5E:CE:F2"
            ]
        },
        {
            "server_name": "ip.sltv.be:8080",
            "server_url": "http://ip.sltv.be:8080/c/",
            "macs": [
                "00:1A:79:54:F2:EA",
                "00:1A:79:AB:15:C7",
                "00:1A:79:BD:2A:15"
            ]
        },
        {
            "server_name": "194.76.0.140",
            "server_url": "http://194.76.0.140/c/",
            "macs": [
                "00:1A:79:AC:C9:B3"
            ]
        },
        {
            "server_name": "fast.newdns.world",
            "server_url": "http://fast.newdns.world/c/",
            "macs": [
                "00:1A:79:C7:11:1F",
                "00:1A:79:E5:89:04"
            ]
        },
        {
            "server_name": "ggddnss2.com:8080",
            "server_url": "http://ggddnss2.com:8080/c/",
            "macs": [
                "00:1A:79:93:4C:AD"
            ]
        },
        {
            "server_name": "1.germany4k.xyz",
            "server_url": "http://1.germany4k.xyz/c/",
            "macs": [
                "00:1A:79:C6:F4:7C"
            ]
        },
        {
            "server_name": "danatv.tv.streamtv.to:8080",
            "server_url": "http://danatv.tv.streamtv.to:8080/c/",
            "macs": [
                "00:1A:79:3B:C4:C3",
                "00:1A:79:51:A1:E3",
                "00:1A:79:5D:25:C2"
            ]
        },
        {
            "server_name": "d.tvdark.eu",
            "server_url": "http://d.tvdark.eu/c/",
            "macs": [
                "00:1A:79:0B:A9:54"
            ]
        },
        {
            "server_name": "iptvworld.ml:2095",
            "server_url": "http://iptvworld.ml:2095/c/",
            "macs": [
                "00:1A:79:34:FC:1A",
                "00:1A:79:5E:F6:14",
                "00:1A:79:75:6B:79",
                "00:1A:79:8D:42:1E",
                "00:1A:79:B6:53:70",
                "00:1A:79:B6:5B:26",
                "00:1A:79:BC:DB:F2",
                "00:1A:79:C0:AF:74"
            ]
        },
        {
            "server_name": "tv.8dott.xyz",
            "server_url": "http://tv.8dott.xyz/c/",
            "macs": [
                "00:1A:79:19:81:4B",
                "00:1A:79:36:38:31",
                "00:1A:79:B4:EC:44",
                "00:1A:79:DF:97:0B"
            ]
        },
        {
            "server_name": "alpha-2ott.me",
            "server_url": "http://alpha-2ott.me/c/",
            "macs": [
                "00:1A:79:04:38:B2",
                "00:1A:79:10:0B:B3",
                "00:1A:79:24:38:6C",
                "00:1A:79:52:2F:A9",
                "00:1A:79:79:C7:1A",
                "00:1A:79:9E:AF:19",
                "00:1A:79:B0:A4:A7"
            ]
        },
        {
            "server_name": "ainfo.icu",
            "server_url": "http://ainfo.icu/c/",
            "macs": [
                "00:1A:79:41:3D:30",
                "00:1A:79:70:E4:AA",
                "00:1A:79:79:68:92",
                "00:1A:79:B6:46:4F",
                "00:1A:79:BE:D4:5B"
            ]
        }
    ]
}