{
    "items": [
        {
            "server_name": "wiki-ott.org:8789",
            "server_url": "http://wiki-ott.org:8789/c/",
            "macs": [
                "00:1A:79:A1:3A:1B",
                "00:1A:79:A1:62:57",
                "00:1A:79:A2:65:83",
                "00:1A:79:A4:23:B8",
                "00:1A:79:A6:20:F1",
                "00:1A:79:AC:12:D3",
                "00:1A:79:AE:20:51",
                "00:1A:79:AE:3E:87",
                "00:1A:79:AE:6B:28"
            ]
        },
        {
            "server_name": "xxva.xyz:80",
            "server_url": "http://xxva.xyz:80/c/",
            "macs": [
                "00:1A:79:5F:F7:51",
                "00:1A:79:A7:BC:8B",
                "00:1A:79:AE:01:FD",
                "00:1A:79:AF:58:4D"
            ]
        },
        {
            "server_name": "45.137.206.80:26085",
            "server_url": "http://45.137.206.80:26085/stalker_portal/c/",
            "macs": [
                "00:1A:79:00:2C:EA",
                "00:1A:79:22:F2:AC",
                "00:1A:79:2D:C0:45",
                "00:1A:79:39:A4:AF",
                "00:1A:79:3A:A4:F5",
                "00:1A:79:43:77:08",
                "00:1A:79:44:D5:1D",
                "00:1A:79:50:7F:FC",
                "00:1A:79:5B:AB:56",
                "00:1A:79:65:E4:EE",
                "00:1A:79:79:59:70",
                "00:1A:79:7A:7C:4B",
                "00:1A:79:7B:0D:4D",
                "00:1A:79:7D:FF:0E",
                "00:1A:79:98:70:9A",
                "00:1A:79:A7:78:C5",
                "00:1A:79:B6:06:2A",
                "00:1A:79:CF:0F:12",
                "00:1A:79:E6:58:B5",
                "00:1A:79:F0:7E:3C",
                "00:1A:79:F0:E8:54",
                "00:1A:79:FF:25:53"
            ]
        },
        {
            "server_name": "io.t-v.io",
            "server_url": "http://io.t-v.io/c/",
            "macs": [
                "00:1A:79:08:45:2E",
                "00:1A:79:AD:61:98"
            ]
        },
        {
            "server_name": "uhd3.one",
            "server_url": "http://uhd3.one/c/",
            "macs": [
                "00:1A:79:A9:DA:92",
                "00:1A:79:BE:26:F9",
                "00:1A:79:E1:0E:18"
            ]
        },
        {
            "server_name": "atg100.xyz",
            "server_url": "http://atg100.xyz/c/",
            "macs": [
                "00:1A:79:23:1F:98",
                "00:1A:79:AD:F2:91"
            ]
        },
        {
            "server_name": "atlantistv.pro:8080",
            "server_url": "http://atlantistv.pro:8080/c/",
            "macs": [
                "00:00:00:00:00:00",
                "00:1A:79:01:74:7A",
                "00:1A:79:07:BC:69",
                "00:1A:79:07:BC:77",
                "00:1A:79:0D:01:00",
                "00:1A:79:0E:37:90",
                "00:1A:79:13:4F:86",
                "00:1A:79:19:1E:D6",
                "00:1A:79:19:1F:05",
                "00:1A:79:19:23:79",
                "00:1A:79:1A:02:96",
                "00:1A:79:50:36:B8",
                "00:1A:79:56:30:AF",
                "00:1A:79:6E:28:52",
                "00:1A:79:A6:4B:E3"
            ]
        },
        {
            "server_name": "genlive.online",
            "server_url": "http://genlive.online/c/",
            "macs": [
                "00:1A:79:3F:16:B6",
                "00:1A:79:58:13:CD",
                "00:1A:79:BC:36:AF"
            ]
        },
        {
            "server_name": "spacextv.live:8080",
            "server_url": "http://spacextv.live:8080/c/",
            "macs": [
                "00:1A:79:07:BE:67",
                "00:1A:79:08:42:4F",
                "00:1A:79:08:EF:74",
                "00:1A:79:10:D5:BC",
                "00:1A:79:13:50:FD",
                "00:1A:79:1D:66:8A",
                "00:1A:79:2B:98:8F",
                "00:1A:79:34:22:33",
                "00:1A:79:48:12:A8",
                "00:1A:79:58:CB:2A",
                "00:1A:79:AA:A9:CD",
                "00:1A:79:AB:F4:AF",
                "00:1A:79:B6:23:A9",
                "00:1A:79:BB:B5:C9",
                "00:1A:79:BD:23:CE",
                "00:1A:79:F0:07:FD"
            ]
        },
        {
            "server_name": "iptv.darktv.in",
            "server_url": "http://iptv.darktv.in/c/",
            "macs": [
                "00:1A:79:7C:5F:29"
            ]
        },
        {
            "server_name": "pro.xviptv.com",
            "server_url": "http://pro.xviptv.com/c/",
            "macs": [
                "00:1A:79:5F:8A:4A"
            ]
        },
        {
            "server_name": "line.linehunt.org:80",
            "server_url": "http://line.linehunt.org:80/c/",
            "macs": [
                "00:1A:79:BC:94:CA"
            ]
        },
        {
            "server_name": "line.protv.cc:80",
            "server_url": "http://line.protv.cc:80/c/",
            "macs": [
                "00:1A:79:05:3D:0D",
                "00:1A:79:17:AD:14",
                "00:1A:79:24:16:40",
                "00:1A:79:BD:39:50",
                "00:1A:79:E0:BB:3C"
            ]
        },
        {
            "server_name": "194.76.0.140",
            "server_url": "http://194.76.0.140/c/",
            "macs": [
                "00:1A:79:B4:F9:BF"
            ]
        },
        {
            "server_name": "line.iptveros.com:8000",
            "server_url": "http://line.iptveros.com:8000/c/",
            "macs": [
                "00:1A:79:3B:78:E1",
                "00:1A:79:C0:29:49",
                "00:1A:79:E6:E5:C5"
            ]
        },
        {
            "server_name": "ix.kingtv.pw",
            "server_url": "http://ix.kingtv.pw/c/",
            "macs": [
                "00:1A:79:07:C9:BA",
                "00:1A:79:08:49:7F",
                "00:1A:79:08:E4:8D",
                "00:1A:79:0F:45:A8",
                "00:1A:79:0F:46:E9",
                "00:1A:79:14:E4:22",
                "00:1A:79:14:E4:A9",
                "00:1A:79:6B:BA:BF",
                "00:1A:79:9E:85:56",
                "00:1A:79:9E:87:18",
                "00:1A:79:9E:87:76",
                "00:1A:79:FF:28:6F"
            ]
        },
        {
            "server_name": "mag.ukhd.tv",
            "server_url": "http://mag.ukhd.tv/c/",
            "macs": [
                "00:1A:79:19:1F:37",
                "00:1A:79:19:1F:F4"
            ]
        },
        {
            "server_name": "new.maxtv.be",
            "server_url": "http://new.maxtv.be/stalker_portal/c/",
            "macs": [
                "00:1A:79:9A:6D:22"
            ]
        },
        {
            "server_name": "tv.indigotv.me",
            "server_url": "http://tv.indigotv.me/c/",
            "macs": [
                "00:1A:79:08:26:03",
                "00:1A:79:08:26:07"
            ]
        },
        {
            "server_name": "magico.livrexs.xyz",
            "server_url": "http://magico.livrexs.xyz/c/",
            "macs": [
                "00:1A:79:46:B5:96",
                "00:1A:79:A2:C6:1B",
                "00:1A:79:A2:E5:B2",
                "00:1A:79:AE:00:5B",
                "00:1A:79:B6:70:00",
                "00:1A:79:BB:CE:6F",
                "00:1A:79:C1:E0:3A",
                "00:1A:79:D1:90:98"
            ]
        },
        {
            "server_name": "tvonpt.net",
            "server_url": "http://tvonpt.net/c/",
            "macs": [
                "00:1A:79:53:9F:EF"
            ]
        },
        {
            "server_name": "bes5.alphatx.me:80",
            "server_url": "http://bes5.alphatx.me:80/c/",
            "macs": [
                "00:1A:79:08:1F:FC",
                "00:1A:79:F0:EF:1F"
            ]
        },
        {
            "server_name": "h05t.tecnolab.top:8080",
            "server_url": "http://h05t.tecnolab.top:8080/c/",
            "macs": [
                "00:1A:79:5C:7E:57"
            ]
        },
        {
            "server_name": "proxy-1.cdnlive.cyou:80",
            "server_url": "http://proxy-1.cdnlive.cyou:80/c/",
            "macs": [
                "00:1A:79:52:1C:40",
                "00:1A:79:62:3A:5C"
            ]
        },
        {
            "server_name": "stb.iphd.tv",
            "server_url": "http://stb.iphd.tv/c/",
            "macs": [
                "00:1A:79:41:E6:8C",
                "00:1A:79:6A:1A:8D",
                "00:1A:79:B3:77:B5",
                "00:1A:79:B7:2E:E8"
            ]
        },
        {
            "server_name": "io.t-v.io:80",
            "server_url": "http://io.t-v.io:80/c/",
            "macs": [
                "00:1A:79:38:22:2A"
            ]
        },
        {
            "server_name": "masterofiptv.pro",
            "server_url": "http://masterofiptv.pro/c/",
            "macs": [
                "00:1A:79:24:82:6A",
                "00:1A:79:24:82:72",
                "00:1A:79:28:BE:41",
                "00:1A:79:28:BE:58",
                "00:1A:79:76:21:87",
                "00:1A:79:7D:10:3C",
                "00:1A:79:95:90:B0",
                "00:1A:79:A1:E9:3D",
                "00:1A:79:A1:E9:5E",
                "00:1A:79:A1:E9:DF",
                "00:1A:79:AA:8E:0C",
                "00:1A:79:AC:57:D2",
                "00:1A:79:AC:57:FB",
                "00:1A:79:D5:42:AC",
                "00:1A:79:E5:65:F8"
            ]
        },
        {
            "server_name": "line.greatstar.me:80",
            "server_url": "http://line.greatstar.me:80/c/",
            "macs": [
                "00:1A:79:51:44:48",
                "00:1A:79:98:C5:51",
                "00:1A:79:B5:77:FE",
                "00:1A:79:E6:88:BD"
            ]
        },
        {
            "server_name": "kb007.xyz",
            "server_url": "http://kb007.xyz/c/",
            "macs": [
                "00:1A:79:44:9F:57",
                "00:1A:79:D6:FD:14"
            ]
        },
        {
            "server_name": "prestij4k.xyz:8080",
            "server_url": "http://prestij4k.xyz:8080/c/",
            "macs": [
                "00:1A:79:07:BD:3E",
                "00:1A:79:08:44:A4",
                "00:1A:79:08:44:AB",
                "00:1A:79:08:45:8E",
                "00:1A:79:0F:4A:77",
                "00:1A:79:10:DB:11",
                "00:1A:79:6B:C0:B9",
                "00:1A:79:7D:61:91",
                "00:1A:79:83:D4:0D",
                "00:1A:79:B2:7B:13",
                "00:1A:79:B9:4F:3A",
                "00:1A:79:E9:52:3F"
            ]
        },
        {
            "server_name": "tv.stream4k.cc",
            "server_url": "http://tv.stream4k.cc/stalker_portal/c/",
            "macs": [
                "00:1A:79:00:07:6F"
            ]
        },
        {
            "server_name": "mag.yo-ott.com:80",
            "server_url": "http://mag.yo-ott.com:80/c/",
            "macs": [
                "00:1A:79:AF:B6:05"
            ]
        },
        {
            "server_name": "alexiptv.ddns.me:8080",
            "server_url": "http://alexiptv.ddns.me:8080/c/",
            "macs": [
                "00:1A:79:21:1F:7F",
                "00:1A:79:79:D6:AA"
            ]
        },
        {
            "server_name": "too4youall.net:8080",
            "server_url": "http://too4youall.net:8080/c/",
            "macs": [
                "00:1A:79:AE:2B:9E",
                "00:1A:79:BD:54:AD",
                "00:1A:79:C1:D6:20"
            ]
        },
        {
            "server_name": "owliptv.gentv.to:8080",
            "server_url": "http://owliptv.gentv.to:8080/c/",
            "macs": [
                "00:1A:79:0C:21:E4",
                "00:1A:79:0F:44:BD",
                "00:1A:79:5A:C6:75",
                "00:1A:79:76:2C:21"
            ]
        },
        {
            "server_name": "77.74.193.158:88",
            "server_url": "http://77.74.193.158:88/stalker_portal/c/",
            "macs": [
                "00:1A:79:43:B8:CB"
            ]
        },
        {
            "server_name": "138.199.129.101",
            "server_url": "http://138.199.129.101/stalker_portal/c/",
            "macs": [
                "00:1A:79:73:6D:52",
                "00:1A:79:74:4C:93",
                "00:1A:79:7A:29:16",
                "00:1A:79:7B:10:76",
                "00:1A:79:7D:49:FC",
                "00:1A:79:7F:20:07",
                "00:1A:79:80:CA:3C",
                "00:1A:79:80:FD:7A",
                "00:1A:79:81:2F:E4"
            ]
        },
        {
            "server_name": "skipcf.cwdn.cx",
            "server_url": "http://skipcf.cwdn.cx/c/",
            "macs": [
                "00:1A:79:10:58:0D",
                "00:1A:79:2F:36:3A",
                "00:1A:79:F5:3E:2A"
            ]
        }
    ]
}