{
    "items": [
        {
            "server_name": "vip2102.112421.net:2050",
            "server_url": "http://vip2102.112421.net:2050/c/",
            "macs": [
                "00:1A:79:65:2F:9F",
                "00:1A:79:80:2F:67",
                "00:1A:79:B5:81:E0",
                "00:1A:79:51:0F:90",
                "00:1A:79:B4:6A:CC",
                "00:1A:79:FC:BA:BB"
            ]
        },
        {
            "server_name": "owliptv.gentv.to:8080",
            "server_url": "http://owliptv.gentv.to:8080/c/",
            "macs": [
                "00:1A:79:C1:E4:D6",
                "00:1A:79:C2:0D:EB",
                "00:1A:79:55:ED:5B",
                "00:1A:79:BF:93:6E",
                "00:1A:79:85:BA:26"
            ]
        },
        {
            "server_name": "15.235.13.183:88",
            "server_url": "http://15.235.13.183:88/stalker_portal/c/",
            "macs": [
                "00:1A:79:B1:83:1E",
                "00:1A:79:58:E3:16",
                "00:1A:79:2D:D8:0D",
                "00:1A:79:45:5A:D9",
                "00:1A:79:F4:6F:52",
                "00:1A:79:99:D7:4D",
                "00:1A:79:B4:79:A1",
                "00:1A:79:B5:75:38",
                "00:1A:79:B3:F7:25",
                "00:1A:79:B0:12:24"
            ]
        },
        {
            "server_name": "z.zcatt.cc",
            "server_url": "http://z.zcatt.cc/stalker_portal/c/",
            "macs": [
                "00:1A:79:4A:8B:C9"
            ]
        },
        {
            "server_name": "fast.newdns.world",
            "server_url": "http://fast.newdns.world/c/",
            "macs": [
                "00:1A:79:13:F7:B5",
                "00:1A:79:C4:28:04"
            ]
        },
        {
            "server_name": "vod.4kplus.org",
            "server_url": "http://vod.4kplus.org/c/",
            "macs": [
                "00:1A:79:92:73:F7",
                "00:1A:79:09:C1:F0"
            ]
        },
        {
            "server_name": "catirtv.ddns.me:8080",
            "server_url": "http://catirtv.ddns.me:8080/c/",
            "macs": [
                "00:1A:79:BD:5C:6D",
                "00:1A:79:AB:3F:70",
                "00:1A:79:57:69:23"
            ]
        },
        {
            "server_name": "zepequeno.xyz:8080",
            "server_url": "http://zepequeno.xyz:8080/c/",
            "macs": [
                "00:1A:79:C1:BF:BB",
                "00:1A:79:B7:1E:1F",
                "00:1A:79:C8:13:15",
                "00:1A:79:AD:A4:38",
                "00:1A:79:AD:A4:38"
            ]
        },
        {
            "server_name": "45.139.122.199:8080",
            "server_url": "http://45.139.122.199:8080/c/",
            "macs": [
                "00:1A:79:4D:F9:EB",
                "00:1A:79:B5:C8:56",
                "00:1A:79:BC:D6:42",
                "00:1A:79:BE:58:BA"
            ]
        },
        {
            "server_name": "spacextv.live:8080",
            "server_url": "http://spacextv.live:8080/c/",
            "macs": [
                "00:1A:79:6E:2E:DE",
                "00:1A:79:AF:36:D9",
                "00:1A:79:08:EA:47",
                "00:1A:79:BA:D5:E1"
            ]
        },
        {
            "server_name": "mag.ukhd.tv",
            "server_url": "http://mag.ukhd.tv/c/",
            "macs": [
                "00:1A:79:EE:2E:E4",
                "00:1A:79:3E:46:D3",
                "00:1A:79:3A:C5:79",
                "00:1A:79:A4:C8:AC",
                "00:1A:79:50:E0:04",
                "00:1A:79:01:98:FB",
                "00:1A:79:19:3E:F4"
            ]
        },
        {
            "server_name": "ip.bttv.be:8080",
            "server_url": "http://ip.bttv.be:8080/c/",
            "macs": [
                "00:1A:79:BD:47:D3"
            ]
        },
        {
            "server_name": "m3u.4kstrong.me",
            "server_url": "http://m3u.4kstrong.me/c/",
            "macs": [
                "00:1A:79:B4:A2:E4"
            ]
        },
        {
            "server_name": "monkey.streamtv.to:8080",
            "server_url": "http://monkey.streamtv.to:8080/c/",
            "macs": [
                "00:1A:79:40:14:F6"
            ]
        },
        {
            "server_name": "catirtv.ddns.me:8080",
            "server_url": "http://catirtv.ddns.me:8080/c/",
            "macs": [
                "00:1A:79:BD:5C:6D",
                "00:1A:79:AB:3F:70",
                "00:1A:79:57:69:23",
                "00:1A:79:BA:C2:21",
                "00:1A:79:53:A2:D3",
                "00:1A:79:11:22:33"
            ]
        },
        {
            "server_name": "new.gprod.co",
            "server_url": "http://new.gprod.co/stalker_portal/c/",
            "macs": [
                "00:1A:79:00:13:21",
                "00:1A:79:F2:0E:AA",
                "00:1A:79:C5:A9:5B"
            ]
        },
        {
            "server_name": "mag.ugoiptv.com:80",
            "server_url": "http://mag.ugoiptv.com:80/c/",
            "macs": [
                "00:1A:79:00:01:C8",
                "00:1A:79:00:01:E7",
                "00:1A:79:00:04:65",
                "00:1A:79:00:04:32",
                "00:1A:79:00:07:33",
                "00:1A:79:00:0B:C0",
                "00:1A:79:00:06:78",
                "00:1A:79:00:07:95",
                "00:1A:79:00:0D:48"
            ]
        },
        {
            "server_name": "185.243.7.154",
            "server_url": "http://185.243.7.154/c/",
            "macs": [
                "00:1A:79:BD:75:59",
                "00:1A:79:5D:AE:81",
                "00:1A:79:A7:63:99",
                "00:1A:79:7C:01:ED",
                "00:1A:79:B4:D9:C9",
                "00:1A:79:B6:9A:C3",
                "00:1A:79:D7:0D:86",
                "00:1A:79:C3:85:61"
            ]
        },
        {
            "server_name": "45.139.122.199:8080",
            "server_url": "http://45.139.122.199:8080/c/",
            "macs": [
                "00:1A:79:F4:8C:3A",
                "00:1A:79:A6:54:34",
                "00:1A:79:4D:13:73",
                "00:1A:79:B4:4F:81",
                "00:1A:79:AD:84:81",
                "00:1A:79:C3:0D:FD",
                "00:1A:79:C4:22:DD",
                "00:1A:79:AE:CC:32",
                "00:1A:79:C5:48:7B"
            ]
        }
    ]
}