{
    "items": [
        {
            "server_name": "1234up.com:8080",
            "server_url": "http://1234up.com:8080/c/",
            "macs": [
                "00:1A:79:17:1B:9C",
                "00:1A:79:6D:F2:BF",
                "00:1A:79:AC:51:E0",
                "00:1A:79:AC:DE:FA",
                "00:1A:79:AE:2D:01",
                "00:1A:79:D1:9F:DA"
            ]
        },
        {
            "server_name": "cbrlig.com:8080",
            "server_url": "http://cbrlig.com:8080/c/",
            "macs": [
                "00:1A:79:37:B0:74",
                "00:1A:79:50:1E:11",
                "00:1A:79:52:75:99",
                "00:1A:79:CE:10:98"
            ]
        },
        {
            "server_name": "107.189.14.168:8080",
            "server_url": "http://107.189.14.168:8080/c/",
            "macs": [
                "00:1A:79:3A:EF:86",
                "00:1A:79:4B:06:5C",
                "00:1A:79:55:E0:C8",
                "00:1A:79:58:37:6B",
                "00:1A:79:64:37:BB",
                "00:1A:79:6C:CE:B7",
                "00:1A:79:6C:F4:FC",
                "00:1A:79:93:4C:AD",
                "00:1A:79:B0:9C:8A",
                "00:1A:79:BF:6B:F0"
            ]
        },
        {
            "server_name": "xc-clubtv.xyz:8080",
            "server_url": "http://xc-clubtv.xyz:8080/c/",
            "macs": [
                "00:1A:79:19:23:9E"
            ]
        },
        {
            "server_name": "line.tee-ott.com",
            "server_url": "http://line.tee-ott.com/c/",
            "macs": [
                "00:1A:79:B4:F0:A1"
            ]
        },
        {
            "server_name": "portott.com:80",
            "server_url": "http://portott.com:80/c/",
            "macs": [
                "00:1A:79:19:33:8F",
                "00:1A:79:19:35:8F",
                "00:1A:79:19:35:A5",
                "00:1A:79:19:35:F4",
                "00:1A:79:19:39:3E",
                "00:1A:79:19:39:C6",
                "00:1A:79:19:3B:27",
                "00:1A:79:19:3B:6E",
                "00:1A:79:19:3C:57",
                "00:1A:79:19:3C:9B",
                "00:1A:79:19:3D:17",
                "00:1A:79:19:40:4E"
            ]
        },
        {
            "server_name": "cdnimage-60342.broke-it.net:8080",
            "server_url": "http://cdnimage-60342.broke-it.net:8080/c/",
            "macs": [
                "00:1A:79:4C:9E:EB",
                "00:1A:79:50:DD:98",
                "00:1A:79:58:06:7F",
                "00:1A:79:71:0D:F0",
                "00:1A:79:74:A9:D9",
                "00:1A:79:A8:76:A8",
                "00:1A:79:BC:3E:EF",
                "00:1A:79:C8:37:FB",
                "00:1A:79:CC:66:C4"
            ]
        },
        {
            "server_name": "9v.wtf:80",
            "server_url": "http://9v.wtf:80/c/",
            "macs": [
                "00:1A:79:20:43:31",
                "00:1A:79:21:97:50",
                "00:1A:79:57:AB:FD",
                "00:1A:79:71:67:F1",
                "00:1A:79:7C:36:1C",
                "00:1A:79:92:2F:15",
                "00:1A:79:93:9F:C8",
                "00:1A:79:B1:64:D0",
                "00:1A:79:BC:E8:24",
                "00:1A:79:C3:1F:BC",
                "00:1A:79:C8:17:9C",
                "00:1A:79:CA:4C:4A",
                "00:1A:79:E1:71:2D",
                "00:1A:79:E7:C9:21"
            ]
        },
        {
            "server_name": "galaxyhotwomenhorror26368-maxpros.xyz",
            "server_url": "http://galaxyhotwomenhorror26368-maxpros.xyz/c/",
            "macs": [
                "00:1A:79:19:3F:C4",
                "00:1A:79:32:C4:12",
                "00:1A:79:32:C4:36",
                "00:1A:79:32:C4:53",
                "00:1A:79:32:C4:98",
                "00:1A:79:32:C4:B2",
                "00:1A:79:32:C4:C1",
                "00:1A:79:32:C4:DE",
                "00:1A:79:47:5F:2E",
                "00:1A:79:6B:2F:94",
                "00:1A:79:85:1F:94",
                "00:1A:79:8C:01:C3",
                "00:1A:79:BF:E2:55",
                "00:1A:79:FB:04:92",
                "00:1A:79:FB:04:98",
                "00:1A:79:FB:04:9F"
            ]
        },
        {
            "server_name": "6d.tanres.us",
            "server_url": "http://6d.tanres.us/c/",
            "macs": [
                "00:1A:79:00:8F:17",
                "00:1A:79:4F:7C:8C",
                "00:1A:79:9E:AF:55",
                "00:1A:79:B5:20:CB",
                "00:1A:79:B5:F9:5A",
                "00:1A:79:B5:F9:6B",
                "00:1A:79:B8:AD:90",
                "00:1A:79:C8:A1:56",
                "00:1A:79:D4:48:98",
                "00:1A:79:F5:01:0F",
                "00:1A:79:F5:01:16",
                "00:1A:79:F5:01:38"
            ]
        },
        {
            "server_name": "eurotuga.xyz:8080",
            "server_url": "http://eurotuga.xyz:8080/c/",
            "macs": [
                "00:1A:79:0E:13:B5"
            ]
        },
        {
            "server_name": "qqwawa.xyz",
            "server_url": "http://qqwawa.xyz/c/",
            "macs": [
                "00:1A:79:53:9F:EF"
            ]
        },
        {
            "server_name": "pars01.com:8080",
            "server_url": "http://pars01.com:8080/c/",
            "macs": [
                "00:1A:79:10:DF:13"
            ]
        },
        {
            "server_name": "skunkytv.live",
            "server_url": "http://skunkytv.live/c/",
            "macs": [
                "00:1A:79:00:10:42"
            ]
        },
        {
            "server_name": "93.119.105.61",
            "server_url": "http://93.119.105.61/c/",
            "macs": [
                "00:1A:79:00:1E:75"
            ]
        },
        {
            "server_name": "line.greatstar.me",
            "server_url": "http://line.greatstar.me/c/",
            "macs": [
                "00:1A:79:54:20:DA",
                "00:1A:79:6E:C1:58",
                "00:1A:79:75:6F:5A",
                "00:1A:79:79:2F:5B"
            ]
        },
        {
            "server_name": "1.germany4k.xyz:8080",
            "server_url": "http://1.germany4k.xyz:8080/c/",
            "macs": [
                "00:1A:79:02:F6:F0",
                "00:1A:79:29:64:54",
                "00:1A:79:49:AC:4A",
                "00:1A:79:8C:A7:4D",
                "00:1A:79:8E:F7:7C",
                "00:1A:79:BE:9C:79"
            ]
        },
        {
            "server_name": "sonymax.org:8080",
            "server_url": "http://sonymax.org:8080/c/",
            "macs": [
                "00:1A:79:01:01:3D",
                "00:1A:79:3E:28:FD",
                "00:1A:79:4A:0B:F7",
                "00:1A:79:54:17:10",
                "00:1A:79:5E:C3:D6",
                "00:1A:79:67:7D:30",
                "00:1A:79:75:58:95",
                "00:1A:79:BC:32:C6"
            ]
        },
        {
            "server_name": "proxy.plus55.xyz",
            "server_url": "http://proxy.plus55.xyz/c/",
            "macs": [
                "00:1A:79:7A:29:B9"
            ]
        },
        {
            "server_name": "recreativa.tecnologiashd.com:8080",
            "server_url": "http://recreativa.tecnologiashd.com:8080/c/",
            "macs": [
                "00:1A:79:AB:3D:73",
                "00:1A:79:BD:11:70"
            ]
        },
        {
            "server_name": "tv.dino-code.site",
            "server_url": "http://tv.dino-code.site/c/",
            "macs": [
                "00:1A:79:BA:99:A0",
                "00:1A:79:BE:84:CF"
            ]
        },
        {
            "server_name": "server.hdiptv.world:8000",
            "server_url": "http://server.hdiptv.world:8000/c/",
            "macs": [
                "00:1A:79:6F:2F:66"
            ]
        },
        {
            "server_name": "zte-dream2.ddns.net:80",
            "server_url": "http://zte-dream2.ddns.net:80/c/",
            "macs": [
                "00:1A:79:B5:A4:C1",
                "00:1A:79:BD:8A:9E",
                "00:1A:79:CE:3A:52"
            ]
        },
        {
            "server_name": "testdi.proxytx.cloud",
            "server_url": "http://testdi.proxytx.cloud/c/",
            "macs": [
                "00:1A:79:7B:82:36",
                "00:1A:79:97:59:A3",
                "00:1A:79:B4:EC:26",
                "00:1A:79:BC:F3:12",
                "00:1A:79:C3:B8:ED",
                "00:1A:79:C6:B5:16"
            ]
        },
        {
            "server_name": "line.powerdino.com",
            "server_url": "http://line.powerdino.com/c/",
            "macs": [
                "00:1A:79:20:C6:40",
                "00:1A:79:8E:58:B2",
                "00:1A:79:E5:B4:7E",
                "00:1A:79:F5:00:17"
            ]
        },
        {
            "server_name": "genlive.online",
            "server_url": "http://genlive.online/c/",
            "macs": [
                "00:1A:79:2C:5F:27",
                "00:1A:79:47:96:DC",
                "00:1A:79:48:87:CB",
                "00:1A:79:4C:90:B9",
                "00:1A:79:B9:DC:1B",
                "00:1A:79:CD:17:00",
                "00:1A:79:CE:00:AB"
            ]
        },
        {
            "server_name": "iptv.darktv.in",
            "server_url": "http://iptv.darktv.in/c/",
            "macs": [
                "00:1A:79:4C:28:3E",
                "00:1A:79:6F:6F:DB",
                "00:1A:79:B8:4A:32",
                "00:1A:79:C5:9D:CC",
                "00:1A:79:CC:42:8D",
                "00:1A:79:E8:09:4C",
                "00:1A:79:ED:D4:9A"
            ]
        }
    ]
}