{
    "items": [
        {
            "server_name": "s1.station1.xyz:8080",
            "server_url": "http://s1.station1.xyz:8080/c/",
            "macs": [
                "00:1A:79:33:b8:67"
            ]
        },
        {
            "server_name": "mag.trexlive.me:8000",
            "server_url": "http://mag.trexlive.me:8000/c/",
            "macs": [
                "00:1A:79:F1:68:1D",
                "00:1A:79:FB:32:2B"
            ]
        },
        {
            "server_name": "mag.premiumplus.tv",
            "server_url": "http://mag.premiumplus.tv/c/",
            "macs": [
                "00:1A:79:7D:D7:6A"
            ]
        },
        {
            "server_name": "izle.atak.live:8080",
            "server_url": "http://izle.atak.live:8080/c/",
            "macs": [
                "00:1A:79:4d:03:42",
                "00:1A:79:17:2d:99"
            ]
        },
        {
            "server_name": "mag.greatott.me",
            "server_url": "http://mag.greatott.me/c/",
            "macs": [
                "00:1A:79:0D:75:8C"
            ]
        },
        {
            "server_name": "tv.psmarters.xyz:8080",
            "server_url": "http://tv.psmarters.xyz:8080/c/",
            "macs": [
                "00:1A:79:10:E0:FD"
            ]
        },
        {
            "server_name": "mag.myox.me:80",
            "server_url": "http://mag.myox.me:80/c/",
            "macs": [
                "00:1A:79:70:68:EA"
            ]
        },
        {
            "server_name": "power4kiptv.info:8080",
            "server_url": "http://power4kiptv.info:8080/c/",
            "macs": [
                "00:1A:79:10:d5:c1",
                "00:1A:79:a4:00:07"
            ]
        },
        {
            "server_name": "mag.greatott.me",
            "server_url": "http://mag.greatott.me/c/",
            "macs": [
                "00:1A:79:37:D5:34",
                "00:1A:79:3F:89:9E"
            ]
        },
        {
            "server_name": "mag.ukhd.tv:80",
            "server_url": "http://mag.ukhd.tv:80/c/",
            "macs": [
                "00:1A:79:2c:1f:38",
                "00:1A:79:64:c6:d0",
                "00:1A:79:21:0a:52"
            ]
        }
    ]
}