{
    "items": [
        {
            "server_name": "edge.bz:8080",
            "server_url": "http://edge.bz:8080/c/",
            "macs": [
                "00:1A:79:36:D2:EE",
                "00:1A:79:36:F4:F6",
                "00:1A:79:36:FD:BD"
            ]
        },
        {
            "server_name": "www.login.a1days.com",
            "server_url": "http://www.login.a1days.com/c/",
            "macs": [
                "00:1A:79:05:E3:E5",
                "00:1A:79:17:12:FA",
                "00:1A:79:4F:0B:B2",
                "00:1A:79:50:BE:31",
                "00:1A:79:68:E8:17"
            ]
        },
        {
            "server_name": "tr.limonviptv.xyz:8080",
            "server_url": "http://tr.limonviptv.xyz:8080/c/",
            "macs": [
                "00:1A:79:5A:15:B5",
                "00:1A:79:AF:F8:80"
            ]
        },
        {
            "server_name": "massiveletal.xyz:8080",
            "server_url": "http://massiveletal.xyz:8080/c/",
            "macs": [
                "00:1A:79:B5:C5:95"
            ]
        },
        {
            "server_name": "omeucanal.xyz:80",
            "server_url": "http://omeucanal.xyz:80/c/",
            "macs": [
                "00:1A:79:3A:22:BD"
            ]
        },
        {
            "server_name": "bet2thebest.me:8080",
            "server_url": "http://bet2thebest.me:8080/c/",
            "macs": [
                "00:1A:79:C8:0A:D9"
            ]
        },
        {
            "server_name": "portott.com",
            "server_url": "http://portott.com/c/",
            "macs": [
                "00:1A:79:4B:96:29"
            ]
        },
        {
            "server_name": "painelnovosonic.xyz:80",
            "server_url": "http://painelnovosonic.xyz:80/c/",
            "macs": [
                "00:1A:79:CD:04:01"
            ]
        },
        {
            "server_name": "fakaur.com",
            "server_url": "http://fakaur.com/c/",
            "macs": [
                "00:1A:79:45:0F:50",
                "00:1A:79:D3:79:1D"
            ]
        },
        {
            "server_name": "androstv.xyz:8080",
            "server_url": "http://androstv.xyz:8080/c/",
            "macs": [
                "00:1A:79:AF:34:C2"
            ]
        },
        {
            "server_name": "magnum.pm:8080",
            "server_url": "http://magnum.pm:8080/c/",
            "macs": [
                "00:1A:79:B6:55:BA"
            ]
        },
        {
            "server_name": "ministra.roshen.live",
            "server_url": "http://ministra.roshen.live/stalker_portal/c/",
            "macs": [
                "00:1A:79:7C:8A:11",
                "00:1A:79:95:63:46"
            ]
        },
        {
            "server_name": "eu.majes-line.co",
            "server_url": "http://eu.majes-line.co/c/",
            "macs": [
                "00:1A:79:03:AE:6F",
                "00:1A:79:0B:8E:66",
                "00:1A:79:65:C7:46",
                "00:1A:79:80:8F:FC",
                "00:1A:79:8A:7F:70"
            ]
        },
        {
            "server_name": "1234up.com:8080",
            "server_url": "http://1234up.com:8080/c/",
            "macs": [
                "00:1A:79:66:B2:97",
                "00:1A:79:68:F3:2C",
                "00:1A:79:BF:2E:3D",
                "00:1A:79:FA:05:8A",
                "00:1A:79:FB:50:B4"
            ]
        },
        {
            "server_name": "cbrlig.com:8080",
            "server_url": "http://cbrlig.com:8080/c/",
            "macs": [
                "00:1A:79:19:37:D4",
                "00:1A:79:A3:F6:7D",
                "00:1A:79:A7:A8:99",
                "00:1A:79:AE:37:41",
                "00:1A:79:D1:A9:A6"
            ]
        },
        {
            "server_name": "90309-fri.ott-cdn.me",
            "server_url": "http://90309-fri.ott-cdn.me/c/",
            "macs": [
                "00:1A:79:B5:86:4D"
            ]
        },
        {
            "server_name": "exprestv.win",
            "server_url": "http://exprestv.win/c/",
            "macs": [
                "00:1A:79:7D:CD:6A"
            ]
        },
        {
            "server_name": "restream.cdn-4k.cloud",
            "server_url": "http://restream.cdn-4k.cloud/c/",
            "macs": [
                "00:1A:79:18:17:3A"
            ]
        },
        {
            "server_name": "schanel.org:8080",
            "server_url": "http://schanel.org:8080/c/",
            "macs": [
                "00:1A:79:74:4C:8A",
                "00:1A:79:7C:8B:79",
                "00:1A:79:7C:C5:0F",
                "00:1A:79:7E:CC:96",
                "00:1A:79:81:2B:73",
                "00:1A:79:A1:F5:56"
            ]
        },
        {
            "server_name": "main.light-ott.net",
            "server_url": "http://main.light-ott.net/c/",
            "macs": [
                "00:1A:79:00:12:F4"
            ]
        },
        {
            "server_name": "line.myox.me:80",
            "server_url": "http://line.myox.me:80/c/",
            "macs": [
                "00:1A:79:12:85:7D",
                "00:1A:79:22:9E:5B",
                "00:1A:79:5A:3F:96",
                "00:1A:79:75:BE:1C",
                "00:1A:79:7E:6B:C9",
                "00:1A:79:8C:08:24",
                "00:1A:79:B0:A6:BE",
                "00:1A:79:CB:37:92"
            ]
        },
        {
            "server_name": "biturbos.xyz:8080",
            "server_url": "http://biturbos.xyz:8080/c/",
            "macs": [
                "00:1A:79:33:80:20",
                "00:1A:79:AD:2E:90",
                "00:1A:79:D1:93:C8",
                "00:1A:79:D3:7B:62"
            ]
        },
        {
            "server_name": "abcnew.site:8880",
            "server_url": "http://abcnew.site:8880/c/",
            "macs": [
                "00:1A:79:55:26:4A",
                "00:1A:79:6F:2F:29",
                "00:1A:79:80:94:5E",
                "00:1A:79:8E:D8:C6",
                "00:1A:79:C3:A9:79"
            ]
        },
        {
            "server_name": "rufus.zone",
            "server_url": "http://rufus.zone/stalker_portal/c/",
            "macs": [
                "00:1A:79:D5:3A:31"
            ]
        },
        {
            "server_name": "neofass.com:8080",
            "server_url": "http://neofass.com:8080/c/",
            "macs": [
                "00:1A:79:47:8E:58"
            ]
        },
        {
            "server_name": "lllllliiiiiiidsa9.funtogether.xyz:8080",
            "server_url": "http://lllllliiiiiiidsa9.funtogether.xyz:8080/c/",
            "macs": [
                "00:1A:79:AD:10:D1"
            ]
        },
        {
            "server_name": "adl8yfbnm.11121367.xyz:8080",
            "server_url": "http://adl8yfbnm.11121367.xyz:8080/c/",
            "macs": [
                "00:1A:79:0A:7F:D1",
                "00:1A:79:3A:FC:5A",
                "00:1A:79:55:85:C6",
                "00:1A:79:B6:4E:15",
                "00:1A:79:EA:BE:E8"
            ]
        },
        {
            "server_name": "line.kahr4a.com",
            "server_url": "http://line.kahr4a.com/c/",
            "macs": [
                "00:1A:79:1A:B3:AE",
                "00:1A:79:1C:10:54",
                "00:1A:79:64:23:44",
                "00:1A:79:77:87:1A",
                "00:1A:79:80:4C:37",
                "00:1A:79:BD:83:FE",
                "00:1A:79:C3:4F:83"
            ]
        },
        {
            "server_name": "10431-plan.ott-cdn.me",
            "server_url": "http://10431-plan.ott-cdn.me/c/",
            "macs": [
                "00:1A:79:49:5A:0A",
                "00:1A:79:53:4E:87",
                "00:1A:79:68:24:BE",
                "00:1A:79:B4:FA:ED"
            ]
        },
        {
            "server_name": "eex24.com:8000",
            "server_url": "http://eex24.com:8000/c/",
            "macs": [
                "00:1A:79:48:51:63"
            ]
        },
        {
            "server_name": "77.74.193.158:88",
            "server_url": "http://77.74.193.158:88/stalker_portal/c/",
            "macs": [
                "00:1A:79:14:1E:A6",
                "00:1A:79:36:6B:3E",
                "00:1A:79:5A:3F:53",
                "00:1A:79:72:E3:4B",
                "00:1A:79:8D:B7:15",
                "00:1A:79:93:0A:5D",
                "00:1A:79:B1:D2:29",
                "00:1A:79:EC:D9:58"
            ]
        },
        {
            "server_name": "genlive.online",
            "server_url": "http://genlive.online/c/",
            "macs": [
                "00:1A:79:40:51:EE",
                "00:1A:79:71:8F:9C",
                "00:1A:79:A5:30:2E",
                "00:1A:79:C8:87:E7"
            ]
        },
        {
            "server_name": "too4youall.net:8080",
            "server_url": "http://too4youall.net:8080/c/",
            "macs": [
                "00:1A:79:C6:C5:A6"
            ]
        },
        {
            "server_name": "owliptv.gentv.to:8080",
            "server_url": "http://owliptv.gentv.to:8080/c/",
            "macs": [
                "00:1A:79:0F:94:B1",
                "00:1A:79:39:DE:88",
                "00:1A:79:E6:DA:29"
            ]
        }
    ]
}