{
    "items": [
        {
            "server_name": "1234up.com:8080",
            "server_url": "http://1234up.com:8080/c/",
            "macs": [
                "00:1A:79:00:15:D7",
                "00:1A:79:5D:8B:68",
                "00:1A:79:77:5D:40",
                "00:1A:79:B5:68:B8",
                "00:1A:79:B5:95:18",
                "00:1A:79:CD:05:20",
                "00:1A:79:CF:00:F2",
                "00:1A:79:CF:00:FE",
                "00:1A:79:D0:13:DD",
                "00:1A:79:D1:AD:2A",
                "00:1A:79:D1:B0:A9",
                "00:1A:79:D1:EE:61",
                "00:1A:79:FB:4C:52"
            ]
        },
        {
            "server_name": "trxx.in:80",
            "server_url": "http://trxx.in:80/c/",
            "macs": [
                "00:1A:79:75:63:04",
                "00:1A:79:7A:37:B8",
                "00:1A:79:7D:9F:3D",
                "00:1A:79:8D:68:8A",
                "00:1A:79:C0:20:2F",
                "00:1A:79:D4:E7:CC"
            ]
        },
        {
            "server_name": "exchangesat.com:8080",
            "server_url": "http://exchangesat.com:8080/c/",
            "macs": [
                "00:1A:79:23:EA:18",
                "00:1A:79:3B:F8:53",
                "00:1A:79:48:1A:C3",
                "00:1A:79:53:82:5D",
                "00:1A:79:62:23:71",
                "00:1A:79:63:37:73",
                "00:1A:79:65:F4:7B",
                "00:1A:79:70:01:45",
                "00:1A:79:71:48:F0",
                "00:1A:79:72:24:B0",
                "00:1A:79:73:B5:9A",
                "00:1A:79:74:5A:50",
                "00:1A:79:75:E5:1D",
                "00:1A:79:77:00:A9",
                "00:1A:79:C8:2D:3F"
            ]
        },
        {
            "server_name": "olko22lmp.11121367.xyz:8080",
            "server_url": "http://olko22lmp.11121367.xyz:8080/c/",
            "macs": [
                "00:1A:79:00:00:F6",
                "00:1A:79:00:03:D9",
                "00:1A:79:00:04:57",
                "00:1A:79:00:05:30",
                "00:1A:79:00:05:7C",
                "00:1A:79:00:0E:6E",
                "00:1A:79:00:27:71",
                "00:1A:79:00:30:44",
                "00:1A:79:19:38:32",
                "00:1A:79:19:48:E7",
                "00:1A:79:19:49:99",
                "00:1A:79:19:5A:2F",
                "00:1A:79:5A:39:04"
            ]
        },
        {
            "server_name": "75697-mouse.cloud-x.me:80",
            "server_url": "http://75697-mouse.cloud-x.me:80/c/",
            "macs": [
                "00:1A:79:06:50:A7",
                "00:1A:79:08:EB:39",
                "00:1A:79:56:5F:BF",
                "00:1A:79:60:87:43",
                "00:1A:79:62:38:32",
                "00:1A:79:62:BA:FC",
                "00:1A:79:69:5F:7D",
                "00:1A:79:73:E5:35",
                "00:1A:79:D6:64:77",
                "00:1A:79:E7:52:25",
                "00:1A:79:E7:C1:93"
            ]
        },
        {
            "server_name": "tv.dino-code.site",
            "server_url": "http://tv.dino-code.site/c/",
            "macs": [
                "00:1A:79:19:48:55",
                "00:1A:79:27:0F:1C",
                "00:1A:79:33:22:C2",
                "00:1A:79:52:D1:F1",
                "00:1A:79:53:AD:3D",
                "00:1A:79:7D:C2:57",
                "00:1A:79:82:A9:2C",
                "00:1A:79:B3:96:EA",
                "00:1A:79:CF:FD:BF"
            ]
        },
        {
            "server_name": "invale.party",
            "server_url": "http://invale.party/c/",
            "macs": [
                "00:1A:79:C6:42:C2"
            ]
        },
        {
            "server_name": "king.viviotv.xyz",
            "server_url": "http://king.viviotv.xyz/c/",
            "macs": [
                "00:1A:79:7C:1E:F2",
                "00:1A:79:AB:5F:2D",
                "00:1A:79:C4:87:7C",
                "00:1A:79:C9:A1:7F"
            ]
        },
        {
            "server_name": "tkosportz.live:25461",
            "server_url": "http://tkosportz.live:25461/c/",
            "macs": [
                "00:1A:79:6F:42:12",
                "00:1A:79:73:33:56",
                "00:1A:79:73:77:3A",
                "00:1A:79:E6:47:B4",
                "00:1A:79:E6:4A:CB",
                "00:1A:79:E6:CB:4D",
                "00:1A:79:E6:DE:70",
                "00:1A:79:E7:54:CE",
                "00:1A:79:E7:5D:C2",
                "00:1A:79:E8:15:F6",
                "00:1A:79:E8:18:3E"
            ]
        },
        {
            "server_name": "tv.trexiptv.com:80",
            "server_url": "http://tv.trexiptv.com:80/c/",
            "macs": [
                "00:1A:79:4F:D1:54",
                "00:1A:79:50:3A:22",
                "00:1A:79:50:CC:58",
                "00:1A:79:50:E8:8C"
            ]
        },
        {
            "server_name": "recreativa.tecnologiashd.com:8080",
            "server_url": "http://recreativa.tecnologiashd.com:8080/c/",
            "macs": [
                "00:1A:79:59:3C:D8",
                "00:1A:79:BB:C9:3B",
                "00:1A:79:BD:11:70"
            ]
        },
        {
            "server_name": "iptvs4.ultapulta.com",
            "server_url": "http://iptvs4.ultapulta.com/stalker_portal/c/",
            "macs": [
                "00:1A:79:5B:08:9E"
            ]
        },
        {
            "server_name": "tr.limonviptv.xyz:8080",
            "server_url": "http://tr.limonviptv.xyz:8080/c/",
            "macs": [
                "00:1A:79:11:4F:9F",
                "00:1A:79:22:17:E5",
                "00:1A:79:4D:00:5F",
                "00:1A:79:5A:15:B5",
                "00:1A:79:62:95:55"
            ]
        },
        {
            "server_name": "acces.purstream.net:80",
            "server_url": "http://acces.purstream.net:80/c/",
            "macs": [
                "00:1A:79:47:78:9D",
                "00:1A:79:64:F5:D5",
                "00:1A:79:90:99:99"
            ]
        },
        {
            "server_name": "line.kahr4a.com",
            "server_url": "http://line.kahr4a.com/c/",
            "macs": [
                "00:1A:79:81:7A:CA"
            ]
        },
        {
            "server_name": "line.tee-ott.com",
            "server_url": "http://line.tee-ott.com/c/",
            "macs": [
                "00:1A:79:B5:F8:AA"
            ]
        },
        {
            "server_name": "fastopen.live:8080",
            "server_url": "http://fastopen.live:8080/c/",
            "macs": [
                "00:1A:79:32:68:06",
                "00:1A:79:BC:D0:5A",
                "00:1A:79:DA:CF:20"
            ]
        },
        {
            "server_name": "ip.sltv.be:8080",
            "server_url": "http://ip.sltv.be:8080/c/",
            "macs": [
                "00:1A:79:05:F5:E7",
                "00:1A:79:0A:AB:5F"
            ]
        },
        {
            "server_name": "rufus.zone",
            "server_url": "http://rufus.zone/stalker_portal/c/",
            "macs": [
                "00:1A:79:96:54:70",
                "00:1A:79:9E:07:46"
            ]
        },
        {
            "server_name": "168.119.44.162:2080",
            "server_url": "http://168.119.44.162:2080/stalker_portal/c/",
            "macs": [
                "00:1A:79:69:39:70",
                "00:1A:79:6A:06:15",
                "00:1A:79:74:F9:B2",
                "00:1A:79:78:5E:FC",
                "00:1A:79:79:6B:4F",
                "00:1A:79:7B:10:CC",
                "00:1A:79:7B:FD:9A",
                "00:1A:79:7E:6A:46",
                "00:1A:79:80:F3:64",
                "00:1A:79:81:2D:EE"
            ]
        },
        {
            "server_name": "ix.kingtv.pw",
            "server_url": "http://ix.kingtv.pw/c/",
            "macs": [
                "00:1A:79:01:6F:E6",
                "00:1A:79:10:40:2B",
                "00:1A:79:6B:BE:3C"
            ]
        },
        {
            "server_name": "tr.redatvgold.com",
            "server_url": "https://tr.redatvgold.com/c/",
            "macs": [
                "00:1A:79:69:15:29",
                "00:1A:79:7A:7E:DA",
                "00:1A:79:C1:00:73",
                "00:1A:79:C1:ED:4C",
                "00:1A:79:C5:99:4D"
            ]
        },
        {
            "server_name": "107.189.14.168:8080",
            "server_url": "http://107.189.14.168:8080/c/",
            "macs": [
                "00:1A:79:43:7F:AA"
            ]
        },
        {
            "server_name": "server.hdiptv.world:8080",
            "server_url": "http://server.hdiptv.world:8080/c/",
            "macs": [
                "00:1A:79:6F:2F:66"
            ]
        },
        {
            "server_name": "neptunpro24.xyz:8080",
            "server_url": "http://neptunpro24.xyz:8080/c/",
            "macs": [
                "00:1A:79:04:A6:E9"
            ]
        },
        {
            "server_name": "1.germany4k.xyz",
            "server_url": "http://1.germany4k.xyz/c/",
            "macs": [
                "00:1A:79:05:D5:54",
                "00:1A:79:2B:DF:3E",
                "00:1A:79:33:6B:C5",
                "00:1A:79:BE:94:78",
                "00:1A:79:E0:04:44",
                "00:1A:79:FD:23:6A"
            ]
        },
        {
            "server_name": "mutant.arrox.top",
            "server_url": "http://mutant.arrox.top/c/",
            "macs": [
                "00:1A:79:08:7F:73",
                "00:1A:79:22:9F:F0",
                "00:1A:79:A9:D6:23",
                "00:1A:79:B7:2A:54",
                "00:1A:79:BB:F3:FC"
            ]
        },
        {
            "server_name": "cbrlig.com:8080",
            "server_url": "http://cbrlig.com:8080/c/",
            "macs": [
                "00:1A:79:18:16:30",
                "00:1A:79:2D:17:57",
                "00:1A:79:5E:4B:37",
                "00:1A:79:B2:80:59",
                "00:1A:79:C1:F3:58",
                "00:1A:79:CC:67:AC",
                "00:1A:79:CD:EF:57"
            ]
        },
        {
            "server_name": "iptvworld.ml:2095",
            "server_url": "http://iptvworld.ml:2095/c/",
            "macs": [
                "00:1A:79:00:8A:79",
                "00:1A:79:24:7E:28",
                "00:1A:79:45:AB:6E",
                "00:1A:79:60:04:84",
                "00:1A:79:AE:8A:D5",
                "00:1A:79:B2:5C:E9",
                "00:1A:79:FA:09:2A"
            ]
        },
        {
            "server_name": "line.plav.cc",
            "server_url": "https://line.plav.cc/c/",
            "macs": [
                "00:1A:79:62:36:3B",
                "00:1A:79:A4:47:E6"
            ]
        },
        {
            "server_name": "line.iptvwings.com",
            "server_url": "http://line.iptvwings.com/c/",
            "macs": [
                "00:1A:79:02:F5:A1",
                "00:1A:79:70:32:CF",
                "00:1A:79:9C:09:09",
                "00:1A:79:B8:FC:57"
            ]
        },
        {
            "server_name": "pera-on.cyou:8080",
            "server_url": "http://pera-on.cyou:8080/c/",
            "macs": [
                "00:1A:79:B7:7A:E7",
                "00:1A:79:BE:87:09"
            ]
        },
        {
            "server_name": "line.rs6ott.com",
            "server_url": "http://line.rs6ott.com/c/",
            "macs": [
                "00:1A:79:0D:F6:1F",
                "00:1A:79:72:B0:95",
                "00:1A:79:7C:1E:F2",
                "00:1A:79:C4:87:7C"
            ]
        },
        {
            "server_name": "77.74.193.158:88",
            "server_url": "http://77.74.193.158:88/stalker_portal/c/",
            "macs": [
                "00:1A:79:05:72:29",
                "00:1A:79:18:B7:D2",
                "00:1A:79:4B:2B:1C",
                "00:1A:79:BF:58:AA"
            ]
        }
    ]
}