{
    "items": [
        {
            "server_name": "spacextv.live:8080",
            "server_url": "http://spacextv.live:8080/c/",
            "macs": [
                "00:1A:79:08:4A:FB",
                "00:1A:79:08:4B:CB",
                "00:1A:79:10:3F:73",
                "00:1A:79:33:D4:74",
                "00:1A:79:4D:05:CD",
                "00:1A:79:51:32:BD",
                "00:1A:79:AF:3B:2F",
                "00:1A:79:AF:F8:A8",
                "00:1A:79:B6:23:01"
            ]
        },
        {
            "server_name": "ggddnss2.com:8080",
            "server_url": "http://ggddnss2.com:8080/c/",
            "macs": [
                "00:1A:79:B6:D9:8C",
                "00:1A:79:F2:81:D2"
            ]
        },
        {
            "server_name": "king.viviotv.xyz",
            "server_url": "http://king.viviotv.xyz/c/",
            "macs": [
                "00:1A:79:08:FB:35",
                "00:1A:79:58:72:91",
                "00:1A:79:6C:C9:E2",
                "00:1A:79:70:EA:EE",
                "00:1A:79:8C:07:82",
                "00:1A:79:95:BB:52",
                "00:1A:79:A1:82:A0",
                "00:1A:79:A3:B7:83",
                "00:1A:79:AC:A4:22",
                "00:1A:79:BC:01:97",
                "00:1A:79:C7:B3:19",
                "00:1A:79:CD:44:C6"
            ]
        },
        {
            "server_name": "dm7776tv.xyz:8080",
            "server_url": "http://dm7776tv.xyz:8080/c/",
            "macs": [
                "00:1A:79:D3:3C:D1"
            ]
        },
        {
            "server_name": "mutant.arrox.top:80",
            "server_url": "http://mutant.arrox.top:80/c/",
            "macs": [
                "00:1A:79:03:4D:4E",
                "00:1A:79:08:9D:03",
                "00:1A:79:18:21:04",
                "00:1A:79:19:41:A8",
                "00:1A:79:29:58:EC",
                "00:1A:79:33:00:DA",
                "00:1A:79:3D:E6:97",
                "00:1A:79:5D:E4:25",
                "00:1A:79:64:4A:53",
                "00:1A:79:6E:2E:EE",
                "00:1A:79:88:35:83",
                "00:1A:79:96:11:1D",
                "00:1A:79:A0:2F:E8",
                "00:1A:79:A1:E7:5B",
                "00:1A:79:AB:F5:51",
                "00:1A:79:B1:73:33",
                "00:1A:79:B5:9A:9C",
                "00:1A:79:D4:55:54",
                "00:1A:79:F3:85:EC"
            ]
        },
        {
            "server_name": "mycasual.xyz:80",
            "server_url": "http://mycasual.xyz:80/c/",
            "macs": [
                "00:1A:79:33:0A:E6",
                "00:1A:79:50:4C:38",
                "00:1A:79:58:7F:19",
                "00:1A:79:5C:1C:A0",
                "00:1A:79:66:82:BA",
                "00:1A:79:71:74:17",
                "00:1A:79:73:29:FD",
                "00:1A:79:74:10:74",
                "00:1A:79:97:0F:11",
                "00:1A:79:B1:6F:C9",
                "00:1A:79:B4:7E:F6",
                "00:1A:79:B8:21:8D",
                "00:1A:79:B8:29:18",
                "00:1A:79:B9:F8:ED",
                "00:1A:79:BE:F8:45",
                "00:1A:79:C1:76:CB",
                "00:1A:79:C2:CF:CA",
                "00:1A:79:CF:56:16",
                "00:1A:79:D0:93:87",
                "00:1A:79:E7:A7:D3"
            ]
        },
        {
            "server_name": "iptv.darktv.eu",
            "server_url": "http://iptv.darktv.eu/c/",
            "macs": [
                "00:1A:79:03:0B:47",
                "00:1A:79:03:0B:61",
                "00:1A:79:0E:1F:E1",
                "00:1A:79:14:66:0A",
                "00:1A:79:14:66:12",
                "00:1A:79:14:66:16",
                "00:1A:79:14:66:17",
                "00:1A:79:14:66:18",
                "00:1A:79:14:66:19",
                "00:1A:79:14:66:1A",
                "00:1A:79:17:12:64",
                "00:1A:79:3A:1D:A0",
                "00:1A:79:51:37:13",
                "00:1A:79:51:37:59",
                "00:1A:79:51:37:80",
                "00:1A:79:97:E6:2B",
                "00:1A:79:97:E6:AA",
                "00:1A:79:A2:88:84",
                "00:1A:79:AA:0F:B6"
            ]
        },
        {
            "server_name": "tv.premiumplus.tv:80",
            "server_url": "http://tv.premiumplus.tv:80/c/",
            "macs": [
                "00:1A:79:17:76:71",
                "00:1A:79:30:07:F9",
                "00:1A:79:4A:3A:0B",
                "00:1A:79:5F:F7:F2",
                "00:1A:79:6E:A6:DF",
                "00:1A:79:76:27:56",
                "00:1A:79:A4:CC:C3",
                "00:1A:79:B1:FC:03",
                "00:1A:79:B6:CF:C7",
                "00:1A:79:B7:85:63",
                "00:1A:79:C1:19:97",
                "00:1A:79:C1:9F:F4",
                "00:1A:79:C2:B0:19",
                "00:1A:79:D0:28:3F",
                "00:1A:79:D8:A1:C4"
            ]
        },
        {
            "server_name": "200.26.188.66",
            "server_url": "http://200.26.188.66/c/",
            "macs": [
                "00:1A:79:03:03:0C",
                "00:1A:79:03:03:1F",
                "00:1A:79:03:03:4E",
                "00:1A:79:03:03:62",
                "00:1A:79:03:03:6D",
                "00:1A:79:03:03:C8",
                "00:1A:79:20:1F:73",
                "00:1A:79:23:90:38",
                "00:1A:79:2E:88:D1",
                "00:1A:79:41:82:27",
                "00:1A:79:61:1E:C4",
                "00:1A:79:92:1E:BA",
                "00:1A:79:AD:97:EF",
                "00:1A:79:C3:1B:A2",
                "00:1A:79:C3:1F:32",
                "00:1A:79:C3:1F:76",
                "00:1A:79:C7:0F:4C",
                "00:1A:79:C7:0F:73",
                "00:1A:79:C7:0F:8A"
            ]
        },
        {
            "server_name": "1.iptv22.is:80",
            "server_url": "http://1.iptv22.is:80/c/",
            "macs": [
                "00:1A:79:2E:E4:2A",
                "00:1A:79:35:11:89",
                "00:1A:79:37:65:63",
                "00:1A:79:39:63:B4",
                "00:1A:79:46:84:D0",
                "00:1A:79:53:DC:60",
                "00:1A:79:5A:C9:82",
                "00:1A:79:63:61:C6",
                "00:1A:79:A4:D8:19",
                "00:1A:79:AA:53:64",
                "00:1A:79:B6:C3:41",
                "00:1A:79:B7:08:7E",
                "00:1A:79:B8:31:A3",
                "00:1A:79:B9:2B:13",
                "00:1A:79:B9:2C:04",
                "00:1A:79:BF:12:9C",
                "00:1A:79:C2:A2:4E",
                "00:1A:79:C8:4C:E5",
                "00:1A:79:F6:A0:4B",
                "00:1A:79:F6:D8:86"
            ]
        },
        {
            "server_name": "un2.anonymoustv.club:80",
            "server_url": "http://un2.anonymoustv.club:80/c/",
            "macs": [
                "00:1A:79:00:00:00",
                "00:1A:79:06:51:DA",
                "00:1A:79:3A:AA:A0",
                "00:1A:79:6D:1E:16",
                "00:1A:79:78:95:E6",
                "00:1A:79:7B:E5:ED",
                "00:1A:79:A2:C2:6C",
                "00:1A:79:A5:E6:39",
                "00:1A:79:AA:CC:0D",
                "00:1A:79:AC:9C:7B",
                "00:1A:79:AD:02:9B",
                "00:1A:79:AD:8B:50",
                "00:1A:79:AE:1C:9B",
                "00:1A:79:AE:5C:34",
                "00:1A:79:AE:D9:5D",
                "00:1A:79:B0:6C:43",
                "00:1A:79:B5:5E:BC",
                "00:1A:79:BA:27:C7",
                "00:1A:79:BB:6E:3C",
                "00:1A:79:C2:A6:6E",
                "00:1A:79:FC:14:92"
            ]
        },
        {
            "server_name": "vip2102.112421.net:2050",
            "server_url": "http://vip2102.112421.net:2050/c/",
            "macs": [
                "00:1A:79:00:28:B4",
                "00:1A:79:00:32:EC",
                "00:1A:79:00:34:12",
                "00:1A:79:00:34:23",
                "00:1A:79:00:34:31",
                "00:1A:79:00:34:65",
                "00:1A:79:00:37:00",
                "00:1A:79:00:37:58",
                "00:1A:79:00:3B:F2",
                "00:1A:79:00:45:67",
                "00:1A:79:00:49:D5"
            ]
        },
        {
            "server_name": "power4kiptv.info:8080",
            "server_url": "http://power4kiptv.info:8080/c/",
            "macs": [
                "00:1A:79:10:EB:B7",
                "00:1A:79:19:23:A2",
                "00:1A:79:19:23:AA",
                "00:1A:79:21:04:19",
                "00:1A:79:42:52:A5",
                "00:1A:79:4D:06:EC",
                "00:1A:79:6F:AF:75",
                "00:1A:79:89:DC:11",
                "00:1A:79:9E:88:71",
                "00:1A:79:A2:B2:B0",
                "00:1A:79:AF:35:6F",
                "00:1A:79:C3:B1:A5",
                "00:1A:79:E7:43:81"
            ]
        },
        {
            "server_name": "testdi.proxytx.cloud",
            "server_url": "http://testdi.proxytx.cloud/c/",
            "macs": [
                "00:1A:79:37:2A:01",
                "00:1A:79:37:2A:2E",
                "00:1A:79:70:87:C8",
                "00:1A:79:70:87:D7",
                "00:1A:79:70:87:F8",
                "00:1A:79:91:7A:5F",
                "00:1A:79:F5:00:17",
                "00:1A:79:F5:00:41",
                "00:1A:79:F5:00:4A",
                "00:1A:79:F5:00:54",
                "00:1A:79:F5:00:56",
                "00:1A:79:F5:00:57",
                "00:1A:79:F5:00:6A",
                "00:1A:79:F5:00:C8",
                "00:1A:79:F5:00:DA",
                "00:1A:79:F5:00:DF"
            ]
        },
        {
            "server_name": "genlive.online",
            "server_url": "http://genlive.online/c/",
            "macs": [
                "00:1A:79:20:3F:C2",
                "00:1A:79:2C:60:44",
                "00:1A:79:51:05:B9",
                "00:1A:79:7E:7A:82",
                "00:1A:79:AD:AB:70",
                "00:1A:79:B2:4C:50",
                "00:1A:79:BD:53:10",
                "00:1A:79:BD:53:12",
                "00:1A:79:BD:53:18",
                "00:1A:79:BF:A8:48",
                "00:1A:79:C4:1D:34",
                "00:1A:79:C4:1D:9F",
                "00:1A:79:CD:2A:54",
                "00:1A:79:EB:9D:59"
            ]
        }
    ]
}