{
    "items": [
        {
            "server_name": "skunkytv.live:80",
            "server_url": "http://skunkytv.live:80/c/",
            "macs": [
                "00:1A:79:76:93:47",
                "00:1A:79:85:9F:D9",
                "00:1A:79:C0:03:7E"
            ]
        },
        {
            "server_name": "tv.dino-code.site",
            "server_url": "http://tv.dino-code.site/c/",
            "macs": [
                "00:1A:79:82:A9:2C"
            ]
        },
        {
            "server_name": "107.189.14.168:8080",
            "server_url": "http://107.189.14.168:8080/c/",
            "macs": [
                "00:1A:79:43:7F:AA"
            ]
        },
        {
            "server_name": "256.myvnc.com:80",
            "server_url": "http://256.myvnc.com:80/c/",
            "macs": [
                "00:1A:79:4A:C7:A2",
                "00:1A:79:66:6F:C3"
            ]
        },
        {
            "server_name": "testdi.proxytx.cloud",
            "server_url": "http://testdi.proxytx.cloud/c/",
            "macs": [
                "00:1A:79:61:0E:F0",
                "00:1A:79:6B:F5:60",
                "00:1A:79:AC:49:C3",
                "00:1A:79:AD:79:80",
                "00:1A:79:B2:24:40",
                "00:1A:79:B7:DE:73",
                "00:1A:79:BF:1D:2B",
                "00:1A:79:F5:00:25"
            ]
        },
        {
            "server_name": "josko.magovi.uk:8000",
            "server_url": "http://josko.magovi.uk:8000/c/",
            "macs": [
                "00:1A:79:3A:B5:E6"
            ]
        },
        {
            "server_name": "185.182.193.82",
            "server_url": "http://185.182.193.82/stalker_portal/c/",
            "macs": [
                "00:1A:79:69:D8:87"
            ]
        },
        {
            "server_name": "drk.yasar.tv",
            "server_url": "http://drk.yasar.tv/c/",
            "macs": [
                "00:1A:79:07:E3:1F",
                "00:1A:79:19:B2:5F",
                "00:1A:79:24:3F:28",
                "00:1A:79:2D:0F:AA",
                "00:1A:79:37:08:14",
                "00:1A:79:48:65:83",
                "00:1A:79:65:63:61",
                "00:1A:79:66:06:92",
                "00:1A:79:67:6A:9C",
                "00:1A:79:6F:4F:41",
                "00:1A:79:A5:1C:A1",
                "00:1A:79:AD:17:0C",
                "00:1A:79:B2:29:B1",
                "00:1A:79:BA:AF:77",
                "00:1A:79:EE:2A:87"
            ]
        },
        {
            "server_name": "iptv.darktv.in",
            "server_url": "http://iptv.darktv.in/c/",
            "macs": [
                "00:1A:79:41:FD:BA"
            ]
        }
    ]
}