{
    "items": [
        {
            "server_name": "owliptv.streamtv.to:8080",
            "server_url": "http://owliptv.streamtv.to:8080/c/",
            "macs": [
                "00:1A:79:69:02:44",
                "00:1A:79:95:7E:06",
                "00:1A:79:A2:0B:BE",
                "00:1A:79:C0:71:D7"
            ]
        },
        {
            "server_name": "7.iptvon.tv.123tv.to",
            "server_url": "http://7.iptvon.tv.123tv.to/c/",
            "macs": [
                "00:1A:79:1A:26:31",
                "00:1A:79:AE:21:78",
                "00:1A:79:BB:D1:46"
            ]
        },
        {
            "server_name": "2gb1.tvcdn.online",
            "server_url": "http://2gb1.tvcdn.online/c/",
            "macs": [
                "00:1A:79:91:10:17"
            ]
        },
        {
            "server_name": "uhd3.one",
            "server_url": "http://uhd3.one/c/",
            "macs": [
                "00:1A:79:1F:9F:64",
                "00:1A:79:BB:51:C3"
            ]
        },
        {
            "server_name": "tv.premiumplus.tv",
            "server_url": "http://tv.premiumplus.tv/c/",
            "macs": [
                "00:1A:79:3F:61:88",
                "00:1A:79:7B:DC:1A",
                "00:1A:79:D0:E7:6D"
            ]
        },
        {
            "server_name": "focusmag.eu01.live:8080",
            "server_url": "http://focusmag.eu01.live:8080/c/",
            "macs": [
                "00:1A:79:13:51:95",
                "00:1A:79:24:82:40"
            ]
        },
        {
            "server_name": "paristv.net:8080",
            "server_url": "http://paristv.net:8080/c/",
            "macs": [
                "00:1A:79:14:6A:C6",
                "00:1A:79:4B:73:5B",
                "00:1A:79:84:E9:E9",
                "00:1A:79:B5:44:9A",
                "00:1A:79:BB:F6:3A"
            ]
        },
        {
            "server_name": "honeywatch.net",
            "server_url": "http://honeywatch.net/c/",
            "macs": [
                "00:1A:79:D3:1E:18"
            ]
        },
        {
            "server_name": "proxym3u.watchtv.best",
            "server_url": "http://proxym3u.watchtv.best/c/",
            "macs": [
                "00:1A:79:2F:53:A9",
                "00:1A:79:CF:09:1A"
            ]
        },
        {
            "server_name": "xc-clubtv.xyz:8080",
            "server_url": "http://xc-clubtv.xyz:8080/c/",
            "macs": [
                "00:1A:79:19:23:9E",
                "00:1A:79:31:66:19"
            ]
        },
        {
            "server_name": "ix.kingtv.pw",
            "server_url": "http://ix.kingtv.pw/c/",
            "macs": [
                "00:1A:79:02:9F:AD",
                "00:1A:79:0F:47:11",
                "00:1A:79:11:3F:A1",
                "00:1A:79:2B:27:53"
            ]
        },
        {
            "server_name": "zippy.streamtv.to:8080",
            "server_url": "http://zippy.streamtv.to:8080/c/",
            "macs": [
                "00:1A:79:50:EE:05",
                "00:1A:79:52:1A:19",
                "00:1A:79:60:0E:CF",
                "00:1A:79:B9:08:F7"
            ]
        },
        {
            "server_name": "slayerteam.in.rs",
            "server_url": "http://slayerteam.in.rs/c/",
            "macs": [
                "00:1A:79:7D:CD:6A",
                "00:1A:79:DC:0A:CF"
            ]
        },
        {
            "server_name": "cineplus-hd.com:80",
            "server_url": "http://cineplus-hd.com:80/c/",
            "macs": [
                "00:1A:79:90:FC:62"
            ]
        },
        {
            "server_name": "connect-uk.proxytx.cloud:80",
            "server_url": "http://connect-uk.proxytx.cloud:80/c/",
            "macs": [
                "00:1A:79:44:7C:B2",
                "00:1A:79:53:1A:2C",
                "00:1A:79:64:0C:24",
                "00:1A:79:9A:A8:7E",
                "00:1A:79:B8:34:2B",
                "00:1A:79:BE:9D:EC",
                "00:1A:79:C0:65:DE",
                "00:1A:79:C0:ED:CA",
                "00:1A:79:C1:88:64",
                "00:1A:79:C4:13:37",
                "00:1A:79:CC:88:13"
            ]
        },
        {
            "server_name": "107.189.14.168:8080",
            "server_url": "http://107.189.14.168:8080/c/",
            "macs": [
                "00:1A:79:48:04:60",
                "00:1A:79:67:F4:58",
                "00:1A:79:6A:3A:E1",
                "00:1A:79:6B:E9:B2",
                "00:1A:79:A3:8D:27"
            ]
        },
        {
            "server_name": "cooltv4u.xyz",
            "server_url": "http://cooltv4u.xyz/stalker_portal/c/",
            "macs": [
                "00:1A:79:0E:82:34",
                "00:1A:79:5D:90:41",
                "00:1A:79:63:5C:98",
                "00:1A:79:65:D6:1E",
                "00:1A:79:65:F1:D4",
                "00:1A:79:75:D5:17",
                "00:1A:79:76:76:21",
                "00:1A:79:7B:6C:CD",
                "00:1A:79:80:92:FF",
                "00:1A:79:80:D5:DD",
                "00:1A:79:AF:A4:92",
                "00:1A:79:C6:B6:63"
            ]
        },
        {
            "server_name": "cbrlig.com:8080",
            "server_url": "http://cbrlig.com:8080/c/",
            "macs": [
                "00:1A:79:45:F3:5C",
                "00:1A:79:65:D1:81",
                "00:1A:79:B6:2A:1E",
                "00:1A:79:BD:4F:84",
                "00:1A:79:D0:0A:AA"
            ]
        },
        {
            "server_name": "154.9.154.242:80",
            "server_url": "http://154.9.154.242:80/c/",
            "macs": [
                "00:1A:79:12:4F:BE",
                "00:1A:79:28:21:6E",
                "00:1A:79:61:10:63",
                "00:1A:79:63:87:9B",
                "00:1A:79:B5:B8:35",
                "00:1A:79:C6:66:46",
                "00:1A:79:C7:27:07",
                "00:1A:79:D3:1E:A7"
            ]
        },
        {
            "server_name": "schanel.org:8080",
            "server_url": "http://schanel.org:8080/c/",
            "macs": [
                "00:1A:79:A1:F5:3B"
            ]
        },
        {
            "server_name": "global4k.info:8080",
            "server_url": "http://global4k.info:8080/c/",
            "macs": [
                "00:1A:79:00:00:00",
                "00:1A:79:00:12:D0",
                "00:1A:79:00:13:8A",
                "00:1A:79:13:51:96",
                "00:1A:79:4D:01:16",
                "00:1A:79:4D:05:2B",
                "00:1A:79:4D:07:39",
                "00:1A:79:57:20:B1",
                "00:1A:79:58:CD:82",
                "00:1A:79:A5:25:14",
                "00:1A:79:CD:4F:1F"
            ]
        },
        {
            "server_name": "celticdream.net",
            "server_url": "http://celticdream.net/c/",
            "macs": [
                "00:1A:79:5B:5B:5E",
                "00:1A:79:65:23:98",
                "00:1A:79:6A:DA:68",
                "00:1A:79:C2:3F:C0",
                "00:1A:79:CC:6B:10",
                "00:1A:79:CC:6B:76",
                "00:1A:79:CC:6B:89",
                "00:1A:79:CC:6B:DD",
                "00:1A:79:CC:6C:F8",
                "00:1A:79:CC:6F:BC",
                "00:1A:79:CC:6F:DE",
                "00:1A:79:CC:71:35",
                "00:1A:79:D1:B5:D9"
            ]
        },
        {
            "server_name": "d.tvdark.eu:80",
            "server_url": "http://d.tvdark.eu:80/c/",
            "macs": [
                "00:1A:79:6F:4F:2F"
            ]
        },
        {
            "server_name": "mag.trexlive.me:80",
            "server_url": "http://mag.trexlive.me:80/c/",
            "macs": [
                "00:1A:79:1F:67:10",
                "00:1A:79:76:8E:9E",
                "00:1A:79:7E:33:49",
                "00:1A:79:8E:CA:19",
                "00:1A:79:BD:64:B1",
                "00:1A:79:CB:97:DA",
                "00:1A:79:CE:32:6F",
                "00:1A:79:DD:2D:CC"
            ]
        },
        {
            "server_name": "line.yo-ott.com",
            "server_url": "http://line.yo-ott.com/c/",
            "macs": [
                "00:1A:79:7D:CD:6A"
            ]
        },
        {
            "server_name": "b1g.ooo",
            "server_url": "http://b1g.ooo/c/",
            "macs": [
                "00:1A:79:B4:F5:4D",
                "00:1A:79:B5:83:36",
                "00:1A:79:C9:E7:06"
            ]
        },
        {
            "server_name": "4cms.cc:8080",
            "server_url": "http://4cms.cc:8080/c/",
            "macs": [
                "00:1A:79:3E:25:84",
                "00:1A:79:48:9E:F5",
                "00:1A:79:57:9F:BB",
                "00:1A:79:58:97:80",
                "00:1A:79:83:84:C8",
                "00:1A:79:A3:43:39",
                "00:1A:79:A7:58:E7",
                "00:1A:79:A8:4E:A8",
                "00:1A:79:A8:50:FB",
                "00:1A:79:A8:73:6C",
                "00:1A:79:AC:0D:F3",
                "00:1A:79:B2:03:88",
                "00:1A:79:F9:CA:B0",
                "00:1A:79:FD:0D:A8"
            ]
        },
        {
            "server_name": "6d.tanres.us",
            "server_url": "http://6d.tanres.us/c/",
            "macs": [
                "00:1A:79:00:3A:77",
                "00:1A:79:34:38:66",
                "00:1A:79:70:8E:88",
                "00:1A:79:87:18:34",
                "00:1A:79:AB:CC:D2",
                "00:1A:79:C4:7A:0B"
            ]
        },
        {
            "server_name": "new.dittotvv.cc",
            "server_url": "http://new.dittotvv.cc/stalker_portal/c/",
            "macs": [
                "00:1A:79:19:B9:D4",
                "00:1A:79:E9:1F:94"
            ]
        },
        {
            "server_name": "line.iptvgoat.com",
            "server_url": "http://line.iptvgoat.com/c/",
            "macs": [
                "00:1A:79:18:4B:70",
                "00:1A:79:51:70:B6",
                "00:1A:79:64:32:34",
                "00:1A:79:6E:77:95",
                "00:1A:79:6F:2E:C0",
                "00:1A:79:84:00:01",
                "00:1A:79:8B:50:AF",
                "00:1A:79:8C:04:F9",
                "00:1A:79:91:6E:60",
                "00:1A:79:94:4F:D0",
                "00:1A:79:97:26:E1",
                "00:1A:79:B6:AA:52",
                "00:1A:79:B7:CD:53",
                "00:1A:79:B9:6F:E8",
                "00:1A:79:C1:0E:76",
                "00:1A:79:D2:3F:80",
                "00:1A:79:E5:AF:D9",
                "00:1A:79:F5:B8:9D",
                "00:1A:79:FC:54:6D"
            ]
        }
    ]
}