{
    "items": [
        {
            "server_name": "promaxhd.com:8080",
            "server_url": "http://promaxhd.com:8080/c/",
            "macs": [
                "00:1A:79:43:80:4D",
                "00:1A:79:4F:A2:54",
                "00:1A:79:75:40:C5",
                "00:1A:79:83:E9:99",
                "00:1A:79:AA:73:E6",
                "00:1A:79:BF:D7:63",
                "00:1A:79:C6:B8:FD",
                "00:1A:79:FD:E1:A8"
            ]
        },
        {
            "server_name": "bes5.alphatx.me:80",
            "server_url": "http://bes5.alphatx.me:80/c/",
            "macs": [
                "00:1A:79:20:CB:45",
                "00:1A:79:40:97:59",
                "00:1A:79:AE:EF:87"
            ]
        },
        {
            "server_name": "1234up.com:8080",
            "server_url": "http://1234up.com:8080/c/",
            "macs": [
                "00:1A:79:08:E5:85",
                "00:1A:79:A3:BB:8C",
                "00:1A:79:A3:D6:E9",
                "00:1A:79:A9:FB:8D",
                "00:1A:79:AF:88:FA",
                "00:1A:79:BC:D0:D2",
                "00:1A:79:C8:26:BB",
                "00:1A:79:CD:1A:71",
                "00:1A:79:D0:FA:3B"
            ]
        },
        {
            "server_name": "107.189.14.168:8080",
            "server_url": "http://107.189.14.168:8080/c/",
            "macs": [
                "00:1A:79:0F:5C:E0"
            ]
        },
        {
            "server_name": "135.125.45.122",
            "server_url": "http://135.125.45.122/c/",
            "macs": [
                "00:1A:79:90:15:B6"
            ]
        },
        {
            "server_name": "cbr.selfip.org:8080",
            "server_url": "http://cbr.selfip.org:8080/c/",
            "macs": [
                "00:1A:79:A1:A3:0A",
                "00:1A:79:B1:FB:82",
                "00:1A:79:BA:90:33",
                "00:1A:79:CB:9E:E6"
            ]
        },
        {
            "server_name": "194.76.0.140:80",
            "server_url": "http://194.76.0.140:80/c/",
            "macs": [
                "00:1A:79:5E:2F:FE"
            ]
        },
        {
            "server_name": "androstv.xyz:8080",
            "server_url": "http://androstv.xyz:8080/c/",
            "macs": [
                "00:1A:79:0E:39:5F"
            ]
        },
        {
            "server_name": "zap4k.me",
            "server_url": "http://zap4k.me/stalker_portal/c/",
            "macs": [
                "00:1A:79:00:2D:3B",
                "00:1A:79:06:84:4A",
                "00:1A:79:12:3C:DB",
                "00:1A:79:2D:12:BF",
                "00:1A:79:73:9B:11",
                "00:1A:79:9E:06:2C",
                "00:1A:79:BA:E1:F3",
                "00:1A:79:BB:CA:40",
                "00:1A:79:C4:15:EB",
                "00:1A:79:CC:D1:AD",
                "00:1A:79:CD:33:9A",
                "00:1A:79:CE:49:7A"
            ]
        },
        {
            "server_name": "vpncloud.uk",
            "server_url": "http://vpncloud.uk/stalker_portal/c/",
            "macs": [
                "00:1A:79:02:9A:50",
                "00:1A:79:65:F1:D8",
                "00:1A:79:78:5F:6A",
                "00:1A:79:79:E5:58",
                "00:1A:79:7B:89:16",
                "00:1A:79:7B:8E:88",
                "00:1A:79:7C:4F:71",
                "00:1A:79:BF:EC:04",
                "00:1A:79:C0:77:25",
                "00:1A:79:C0:84:CD",
                "00:1A:79:C8:34:35",
                "00:1A:79:CC:37:C5"
            ]
        },
        {
            "server_name": "main.light-ott.net:80",
            "server_url": "http://main.light-ott.net:80/c/",
            "macs": [
                "00:1A:79:6A:88:07",
                "00:1A:79:77:87:1A"
            ]
        },
        {
            "server_name": "23232.top:80",
            "server_url": "http://23232.top:80/c/",
            "macs": [
                "00:1A:79:08:1E:B5",
                "00:1A:79:0B:1F:95",
                "00:1A:79:3E:8D:F6",
                "00:1A:79:5E:8A:00",
                "00:1A:79:64:DA:95",
                "00:1A:79:B5:6D:A8",
                "00:1A:79:B9:8B:07",
                "00:1A:79:C3:93:FC",
                "00:1A:79:E7:88:B8",
                "00:1A:79:F0:0C:A4",
                "00:1A:79:F3:33:6A",
                "00:1A:79:FD:24:90",
                "00:1A:79:FD:5F:2D"
            ]
        },
        {
            "server_name": "galaxyhotwomenhorror26368-maxpros.xyz",
            "server_url": "http://galaxyhotwomenhorror26368-maxpros.xyz/c/",
            "macs": [
                "00:1A:79:00:54:B1",
                "00:1A:79:18:0E:39",
                "00:1A:79:18:0E:3A",
                "00:1A:79:18:0E:67",
                "00:1A:79:18:0E:CB",
                "00:1A:79:18:1D:11",
                "00:1A:79:18:1D:7B",
                "00:1A:79:1C:B1:06",
                "00:1A:79:62:BD:B3",
                "00:1A:79:A4:CA:47",
                "00:1A:79:A4:CA:8A",
                "00:1A:79:B4:C0:52",
                "00:1A:79:B8:E9:1E",
                "00:1A:79:D5:0B:71",
                "00:1A:79:E7:72:35"
            ]
        },
        {
            "server_name": "magonlyx.abcott.me",
            "server_url": "http://magonlyx.abcott.me/c/",
            "macs": [
                "00:1A:79:0E:5F:2B",
                "00:1A:79:2E:D4:4C",
                "00:1A:79:2F:51:A9",
                "00:1A:79:30:39:65",
                "00:1A:79:37:91:BC",
                "00:1A:79:70:DF:BD",
                "00:1A:79:7A:85:FB",
                "00:1A:79:7E:6F:1C",
                "00:1A:79:7E:A0:43",
                "00:1A:79:A3:B7:BB",
                "00:1A:79:B4:B5:7A",
                "00:1A:79:B8:D8:01",
                "00:1A:79:BE:DC:55",
                "00:1A:79:BE:F3:E1",
                "00:1A:79:C3:B6:77"
            ]
        },
        {
            "server_name": "m.devtv.biz:80",
            "server_url": "http://m.devtv.biz:80/c/",
            "macs": [
                "00:1A:79:08:44:51",
                "00:1A:79:21:0F:29",
                "00:1A:79:30:A0:04",
                "00:1A:79:32:A6:EE",
                "00:1A:79:6B:60:B4",
                "00:1A:79:6B:BD:53",
                "00:1A:79:7C:7F:59",
                "00:1A:79:86:39:E9",
                "00:1A:79:91:E4:2B",
                "00:1A:79:BC:88:66",
                "00:1A:79:C6:DB:0D",
                "00:1A:79:D6:4F:F4",
                "00:1A:79:F6:6F:CC"
            ]
        },
        {
            "server_name": "avare.kingtv.pw",
            "server_url": "http://avare.kingtv.pw/c/",
            "macs": [
                "00:1A:79:2B:27:53",
                "00:1A:79:3A:D6:B4",
                "00:1A:79:4A:FB:EB"
            ]
        },
        {
            "server_name": "ak-47scan.dyndns.tv:25461",
            "server_url": "http://ak-47scan.dyndns.tv:25461/c/",
            "macs": [
                "00:1A:79:8E:7F:DC",
                "00:1A:79:B5:24:2E"
            ]
        },
        {
            "server_name": "stb.iphd.tv",
            "server_url": "http://stb.iphd.tv/c/",
            "macs": [
                "00:1A:79:05:0A:50",
                "00:1A:79:27:9F:F8",
                "00:1A:79:A7:EB:17",
                "00:1A:79:C7:B8:D9",
                "00:1A:79:D6:48:AF"
            ]
        },
        {
            "server_name": "drk.yasar.tv:80",
            "server_url": "http://drk.yasar.tv:80/c/",
            "macs": [
                "00:1A:79:3C:2F:CE",
                "00:1A:79:4A:20:95",
                "00:1A:79:50:DF:F8",
                "00:1A:79:57:59:9A",
                "00:1A:79:74:FC:93",
                "00:1A:79:82:66:B3",
                "00:1A:79:BE:96:29",
                "00:1A:79:BF:E6:F2",
                "00:1A:79:D6:09:CF",
                "00:1A:79:ED:5F:E8",
                "00:1A:79:F5:11:5A"
            ]
        },
        {
            "server_name": "line.iptvgoat.com",
            "server_url": "http://line.iptvgoat.com/c/",
            "macs": [
                "00:1A:79:51:70:B6",
                "00:1A:79:64:32:34",
                "00:1A:79:E5:AF:D9"
            ]
        },
        {
            "server_name": "4connect.link",
            "server_url": "http://4connect.link/c/",
            "macs": [
                "00:1A:79:AD:45:D3",
                "00:1A:79:B4:E5:9A",
                "00:1A:79:B5:5E:89"
            ]
        },
        {
            "server_name": "nicolaj.123tv.to:8080",
            "server_url": "http://nicolaj.123tv.to:8080/c/",
            "macs": [
                "00:1A:79:37:FE:C8",
                "00:1A:79:44:3D:A9",
                "00:1A:79:65:39:4B",
                "00:1A:79:67:48:F7",
                "00:1A:79:A9:D6:84",
                "00:1A:79:AA:DC:D8"
            ]
        },
        {
            "server_name": "elite41iptv.streamtv.to:8080",
            "server_url": "http://elite41iptv.streamtv.to:8080/c/",
            "macs": [
                "00:1A:79:03:93:21",
                "00:1A:79:5C:CA:E6",
                "00:1A:79:79:69:7D",
                "00:1A:79:A3:F6:DD",
                "00:1A:79:AD:45:4F",
                "00:1A:79:C6:F9:CC",
                "00:1A:79:E6:03:89"
            ]
        },
        {
            "server_name": "iptvworld.ml:2095",
            "server_url": "http://iptvworld.ml:2095/c/",
            "macs": [
                "00:1A:79:08:A0:34",
                "00:1A:79:45:7E:47",
                "00:1A:79:AB:99:CC",
                "00:1A:79:AD:FE:20",
                "00:1A:79:AF:89:C5",
                "00:1A:79:BA:26:81",
                "00:1A:79:BF:E7:BD",
                "00:1A:79:C0:08:E6",
                "00:1A:79:C7:0F:FD"
            ]
        }
    ]
}