{
    "items": [
        {
            "server_name": "ix.kingtv.pw",
            "server_url": "http://ix.kingtv.pw/c/",
            "macs": [
                "00:1A:79:08:51:C2",
                "00:1A:79:08:E8:EC",
                "00:1A:79:08:F0:4A",
                "00:1A:79:13:50:33",
                "00:1A:79:14:E6:89",
                "00:1A:79:29:23:CE",
                "00:1A:79:41:47:33",
                "00:1A:79:42:17:7F",
                "00:1A:79:4C:0E:F3",
                "00:1A:79:5F:2E:27",
                "00:1A:79:6B:BA:C1",
                "00:1A:79:A0:E1:60",
                "00:1A:79:A5:BF:74"
            ]
        },
        {
            "server_name": "gt.6738hg.com:8080",
            "server_url": "http://gt.6738hg.com:8080/c/",
            "macs": [
                "00:1A:79:AD:9F:24"
            ]
        },
        {
            "server_name": "media.ottpurstream.com",
            "server_url": "http://media.ottpurstream.com/c/",
            "macs": [
                "00:1A:79:39:1D:81"
            ]
        },
        {
            "server_name": "135.125.45.122",
            "server_url": "http://135.125.45.122/c/",
            "macs": [
                "00:1A:79:4D:C0:28"
            ]
        },
        {
            "server_name": "schanel.org:8080",
            "server_url": "http://schanel.org:8080/c/",
            "macs": [
                "00:1A:79:A1:E0:10"
            ]
        },
        {
            "server_name": "cbrlig.com:8080",
            "server_url": "http://cbrlig.com:8080/c/",
            "macs": [
                "00:1A:79:35:94:A9",
                "00:1A:79:50:24:60",
                "00:1A:79:53:2B:93",
                "00:1A:79:5F:77:74",
                "00:1A:79:AE:1B:1E"
            ]
        },
        {
            "server_name": "1234up.com:8080",
            "server_url": "http://1234up.com:8080/c/",
            "macs": [
                "00:1A:79:A3:BB:8C",
                "00:1A:79:B2:A2:3B",
                "00:1A:79:B5:D2:F2",
                "00:1A:79:C8:2A:C2",
                "00:1A:79:D2:AD:68"
            ]
        },
        {
            "server_name": "tkosportz.live:25461",
            "server_url": "http://tkosportz.live:25461/c/",
            "macs": [
                "00:1A:79:E6:42:60"
            ]
        },
        {
            "server_name": "m.suportline.xyz",
            "server_url": "http://m.suportline.xyz/stalker_portal/c/",
            "macs": [
                "00:1A:79:95:30:A9"
            ]
        },
        {
            "server_name": "rufus.zone",
            "server_url": "http://rufus.zone/stalker_portal/c/",
            "macs": [
                "00:1A:79:C1:48:14",
                "00:1A:79:E0:38:21",
                "00:1A:79:E0:42:37",
                "00:1A:79:E5:65:E2",
                "00:1A:79:F0:03:69"
            ]
        },
        {
            "server_name": "d.tvdark.eu:80",
            "server_url": "http://d.tvdark.eu:80/c/",
            "macs": [
                "00:1A:79:3D:A1:3C",
                "00:1A:79:65:88:5A",
                "00:1A:79:E1:3F:23"
            ]
        },
        {
            "server_name": "p1.iptvrocket.tv",
            "server_url": "http://p1.iptvrocket.tv/c/",
            "macs": [
                "00:1A:79:46:65:E6",
                "00:1A:79:55:18:FB",
                "00:1A:79:69:3F:A0",
                "00:1A:79:7F:86:46",
                "00:1A:79:AD:25:17",
                "00:1A:79:AD:26:92",
                "00:1A:79:C7:3F:5F",
                "00:1A:79:CD:EA:89",
                "00:1A:79:E5:8D:A2",
                "00:1A:79:FC:DA:9A"
            ]
        },
        {
            "server_name": "mutant.arrox.top:80",
            "server_url": "http://mutant.arrox.top:80/c/",
            "macs": [
                "00:1A:79:02:FD:CB",
                "00:1A:79:03:01:89",
                "00:1A:79:03:08:19",
                "00:1A:79:03:0B:5F"
            ]
        },
        {
            "server_name": "tvhorizon.online:25750",
            "server_url": "http://tvhorizon.online:25750/c/",
            "macs": [
                "00:1A:79:18:9F:C3"
            ]
        },
        {
            "server_name": "app.yupptv.io",
            "server_url": "http://app.yupptv.io/stalker_portal/c/",
            "macs": [
                "00:1A:79:04:3F:B9",
                "00:1A:79:36:37:66",
                "00:1A:79:40:A6:B8",
                "00:1A:79:56:F4:A5"
            ]
        },
        {
            "server_name": "23.227.130.42",
            "server_url": "http://23.227.130.42/stalker_portal/c/",
            "macs": [
                "00:1A:79:61:61:5A"
            ]
        },
        {
            "server_name": "llllllllliosdaiiii1iiiiiiiii.funtogether.xyz:8080",
            "server_url": "http://llllllllliosdaiiii1iiiiiiiii.funtogether.xyz:8080/c/",
            "macs": [
                "00:1A:79:14:67:7E",
                "00:1A:79:51:05:B9",
                "00:1A:79:72:AB:A4",
                "00:1A:79:9E:A6:6B",
                "00:1A:79:BA:25:0E",
                "00:1A:79:BB:46:98",
                "00:1A:79:C0:8A:D8",
                "00:1A:79:C3:2D:D5",
                "00:1A:79:C7:0A:E1",
                "00:1A:79:CB:14:14",
                "00:1A:79:CB:A0:2E"
            ]
        },
        {
            "server_name": "mag.ukhd.tv:80",
            "server_url": "http://mag.ukhd.tv:80/c/",
            "macs": [
                "00:1A:79:6D:7D:A6"
            ]
        },
        {
            "server_name": "watch.x-iptv.live:80",
            "server_url": "http://watch.x-iptv.live:80/c/",
            "macs": [
                "00:1A:79:00:C2:9D",
                "00:1A:79:34:19:0C",
                "00:1A:79:57:D8:58",
                "00:1A:79:6B:23:17",
                "00:1A:79:72:4F:52",
                "00:1A:79:8B:22:69",
                "00:1A:79:AF:0E:58",
                "00:1A:79:BB:1E:22",
                "00:1A:79:C2:99:1F",
                "00:1A:79:C8:2C:E1",
                "00:1A:79:DB:2A:63",
                "00:1A:79:E7:9B:C3"
            ]
        },
        {
            "server_name": "torcidaiptv.gentv.to:8080",
            "server_url": "http://torcidaiptv.gentv.to:8080/c/",
            "macs": [
                "00:1A:79:05:7E:50"
            ]
        },
        {
            "server_name": "danatv.tv.streamtv.to:8080",
            "server_url": "http://danatv.tv.streamtv.to:8080/c/",
            "macs": [
                "00:1A:79:32:28:BB"
            ]
        },
        {
            "server_name": "nicolaj.123tv.to:8080",
            "server_url": "http://nicolaj.123tv.to:8080/c/",
            "macs": [
                "00:1A:79:B9:84:4D",
                "00:1A:79:CF:9A:C3"
            ]
        },
        {
            "server_name": "fast.newdns.world",
            "server_url": "http://fast.newdns.world/c/",
            "macs": [
                "00:1A:79:45:77:7E",
                "00:1A:79:B9:D9:E3"
            ]
        },
        {
            "server_name": "genlive.online:8080",
            "server_url": "http://genlive.online:8080/c/",
            "macs": [
                "00:1A:79:0A:74:20",
                "00:1A:79:74:B7:A7",
                "00:1A:79:AF:65:69",
                "00:1A:79:C1:FB:A3"
            ]
        },
        {
            "server_name": "portal.entertainmentxl.com:8080",
            "server_url": "http://portal.entertainmentxl.com:8080/c/",
            "macs": [
                "00:1A:79:45:77:7E",
                "00:1A:79:5E:CD:A7"
            ]
        },
        {
            "server_name": "palavip.org",
            "server_url": "http://palavip.org/c/",
            "macs": [
                "00:1A:79:07:C0:2E",
                "00:1A:79:08:EB:A3",
                "00:1A:79:B6:41:52",
                "00:1A:79:BB:F5:C6",
                "00:1A:79:C6:1B:DB",
                "00:1A:79:C6:CC:3D"
            ]
        },
        {
            "server_name": "90309-fri.ott-cdn.me",
            "server_url": "http://90309-fri.ott-cdn.me/c/",
            "macs": [
                "00:1A:79:14:AA:87",
                "00:1A:79:27:32:7E",
                "00:1A:79:2A:2F:26",
                "00:1A:79:2B:5D:D8",
                "00:1A:79:39:26:95",
                "00:1A:79:3E:8F:66",
                "00:1A:79:4C:A3:25",
                "00:1A:79:7B:4C:81",
                "00:1A:79:94:DE:9B",
                "00:1A:79:A1:97:C9",
                "00:1A:79:AB:EB:28",
                "00:1A:79:B4:AD:BB"
            ]
        },
        {
            "server_name": "mutant.arrox.top",
            "server_url": "http://mutant.arrox.top/c/",
            "macs": [
                "00:1A:79:03:02:80",
                "00:1A:79:28:5F:FD",
                "00:1A:79:59:15:AB",
                "00:1A:79:76:19:9A",
                "00:1A:79:BB:F0:46"
            ]
        },
        {
            "server_name": "line.maxir.biz:8080",
            "server_url": "http://line.maxir.biz:8080/c/",
            "macs": [
                "00:1A:79:A9:39:FC"
            ]
        },
        {
            "server_name": "web2021.biz:8080",
            "server_url": "http://web2021.biz:8080/c/",
            "macs": [
                "00:1A:79:BA:5E:4D"
            ]
        },
        {
            "server_name": "wyveep.com:8080",
            "server_url": "http://wyveep.com:8080/c/",
            "macs": [
                "00:1A:79:C4:57:6A"
            ]
        }
    ]
}