{
    "items": [
        {
            "server_name": "4connect.link",
            "server_url": "http://4connect.link/c/",
            "macs": [
                "00:1A:79:5F:C9:09",
                "00:1A:79:64:8D:E9",
                "00:1A:79:AC:95:58",
                "00:1A:79:AC:D6:DC",
                "00:1A:79:AE:5D:33",
                "00:1A:79:B8:7B:AE",
                "00:1A:79:BA:00:29"
            ]
        },
        {
            "server_name": "ultra-box.club",
            "server_url": "http://ultra-box.club/c/",
            "macs": [
                "00:1A:79:75:24:58"
            ]
        },
        {
            "server_name": "mag.ugoiptv.com",
            "server_url": "http://mag.ugoiptv.com/c/",
            "macs": [
                "00:1A:79:5C:A3:86",
                "00:1A:79:6B:3F:AE"
            ]
        },
        {
            "server_name": "vipzeus4k.xyz:8080",
            "server_url": "http://vipzeus4k.xyz:8080/c/",
            "macs": [
                "00:1A:79:0F:4A:04",
                "00:1A:79:4D:00:1C",
                "00:1A:79:4D:01:28"
            ]
        },
        {
            "server_name": "line.iptvwings.com",
            "server_url": "http://line.iptvwings.com/c/",
            "macs": [
                "00:1A:79:50:DB:16",
                "00:1A:79:79:56:14",
                "00:1A:79:7A:E5:43",
                "00:1A:79:BB:82:69"
            ]
        },
        {
            "server_name": "restream.globaltv1.net:8080",
            "server_url": "http://restream.globaltv1.net:8080/c/",
            "macs": [
                "00:1A:79:4D:00:E8",
                "00:1A:79:83:8F:D5",
                "00:1A:79:A1:FC:19"
            ]
        },
        {
            "server_name": "alexiptv.ddns.me:8080",
            "server_url": "http://alexiptv.ddns.me:8080/c/",
            "macs": [
                "00:1A:79:04:E5:8C",
                "00:1A:79:19:3A:14",
                "00:1A:79:32:76:2D",
                "00:1A:79:3B:EE:47",
                "00:1A:79:42:D4:72",
                "00:1A:79:45:20:82",
                "00:1A:79:48:9D:42",
                "00:1A:79:4E:1B:17",
                "00:1A:79:5D:04:ED",
                "00:1A:79:6A:EB:BC",
                "00:1A:79:AD:7D:45",
                "00:1A:79:AE:4B:1A",
                "00:1A:79:AF:5C:BE",
                "00:1A:79:AF:60:F6",
                "00:1A:79:BB:C7:5D",
                "00:1A:79:CA:E7:8E",
                "00:1A:79:CD:14:A4",
                "00:1A:79:D1:AD:72",
                "00:1A:79:D8:76:CB"
            ]
        },
        {
            "server_name": "connect.proxytx.cloud:80",
            "server_url": "http://connect.proxytx.cloud:80/c/",
            "macs": [
                "00:1A:79:00:00:00",
                "00:1A:79:00:00:11",
                "00:1A:79:00:56:22",
                "00:1A:79:00:B6:88",
                "00:1A:79:09:DD:FD",
                "00:1A:79:0B:B3:6E",
                "00:1A:79:43:81:7D",
                "00:1A:79:4C:5F:F0",
                "00:1A:79:5F:60:54",
                "00:1A:79:74:7E:C6",
                "00:1A:79:A2:6D:BA",
                "00:1A:79:A2:6E:88",
                "00:1A:79:A2:BC:F5",
                "00:1A:79:AF:03:12",
                "00:1A:79:BA:1E:CD"
            ]
        },
        {
            "server_name": "line.ult-ott.com:80",
            "server_url": "http://line.ult-ott.com:80/c/",
            "macs": [
                "00:1A:79:06:4D:AC",
                "00:1A:79:20:6F:E9",
                "00:1A:79:24:18:DE",
                "00:1A:79:4E:C9:46",
                "00:1A:79:55:6C:E6",
                "00:1A:79:57:21:FF",
                "00:1A:79:5E:16:6A",
                "00:1A:79:6A:B0:AF",
                "00:1A:79:6F:96:FD",
                "00:1A:79:7D:6F:C3",
                "00:1A:79:7F:54:08",
                "00:1A:79:89:44:27",
                "00:1A:79:8C:0A:77",
                "00:1A:79:8D:51:E9",
                "00:1A:79:9C:50:71",
                "00:1A:79:B4:A0:C5",
                "00:1A:79:B5:10:C6",
                "00:1A:79:B7:ED:80",
                "00:1A:79:C1:BF:73",
                "00:1A:79:C3:B5:F0",
                "00:1A:79:C5:8D:BB",
                "00:1A:79:CD:33:13",
                "00:1A:79:E6:76:E7"
            ]
        },
        {
            "server_name": "zamlb.co.uk",
            "server_url": "http://zamlb.co.uk/c/",
            "macs": [
                "00:1A:79:10:23:35",
                "00:1A:79:11:76:3F",
                "00:1A:79:2F:69:BA",
                "00:1A:79:43:24:17",
                "00:1A:79:43:24:20",
                "00:1A:79:43:24:76",
                "00:1A:79:43:24:88",
                "00:1A:79:4A:6E:10",
                "00:1A:79:56:BF:68",
                "00:1A:79:62:EA:BD",
                "00:1A:79:65:66:63",
                "00:1A:79:6B:2A:6B",
                "00:1A:79:7C:00:D2",
                "00:1A:79:A1:D8:86",
                "00:1A:79:B7:C5:4D",
                "00:1A:79:B9:26:C5",
                "00:1A:79:CE:6F:99",
                "00:1A:79:DD:DF:DD",
                "00:1A:79:E9:49:6A",
                "00:1A:79:F8:D8:52"
            ]
        },
        {
            "server_name": "wyveep.com:8080",
            "server_url": "http://wyveep.com:8080/stalker_portal/c/",
            "macs": [
                "00:1A:79:02:BA:EE",
                "00:1A:79:18:04:70",
                "00:1A:79:22:13:FB",
                "00:1A:79:66:F7:19",
                "00:1A:79:A2:F3:C6",
                "00:1A:79:A4:4C:AB",
                "00:1A:79:AE:83:94",
                "00:1A:79:B1:78:CB",
                "00:1A:79:B5:90:E9",
                "00:1A:79:B6:EE:58",
                "00:1A:79:BA:DD:8E",
                "00:1A:79:BD:64:3A",
                "00:1A:79:BD:98:92",
                "00:1A:79:C2:80:21",
                "00:1A:79:C7:B2:EE",
                "00:1A:79:CB:64:B4",
                "00:1A:79:CB:78:83",
                "00:1A:79:CE:17:DD",
                "00:1A:79:D0:DB:71",
                "00:1A:79:F5:40:7C",
                "00:1A:79:FB:07:40"
            ]
        },
        {
            "server_name": "7.iptvon.tv.123tv.to",
            "server_url": "http://7.iptvon.tv.123tv.to/c/",
            "macs": [
                "00:1A:79:32:AB:42",
                "00:1A:79:51:3A:A1",
                "00:1A:79:56:55:EC",
                "00:1A:79:6D:A7:D0",
                "00:1A:79:A1:C7:C3",
                "00:1A:79:A4:96:69",
                "00:1A:79:A4:CE:90",
                "00:1A:79:A7:C4:8F",
                "00:1A:79:A9:DA:9D",
                "00:1A:79:A9:DB:2B",
                "00:1A:79:AB:4E:52",
                "00:1A:79:AB:54:22",
                "00:1A:79:AD:0A:60",
                "00:1A:79:B1:1C:DE",
                "00:1A:79:B2:16:5C",
                "00:1A:79:BC:ED:15",
                "00:1A:79:BD:5D:3A",
                "00:1A:79:C4:10:6C"
            ]
        },
        {
            "server_name": "93.113.203.103:80",
            "server_url": "http://93.113.203.103:80/c/",
            "macs": [
                "00:1A:79:35:4B:75",
                "00:1A:79:5D:98:F5",
                "00:1A:79:74:77:0F",
                "00:1A:79:7D:6B:AF",
                "00:1A:79:80:D1:29",
                "00:1A:79:B6:C8:17"
            ]
        },
        {
            "server_name": "trxx.in:80",
            "server_url": "http://trxx.in:80/c/",
            "macs": [
                "00:1A:79:0C:5F:8D",
                "00:1A:79:25:7F:42",
                "00:1A:79:32:C5:3A",
                "00:1A:79:58:7C:90",
                "00:1A:79:63:D0:42",
                "00:1A:79:64:1D:9A",
                "00:1A:79:72:5C:95",
                "00:1A:79:76:D6:BC",
                "00:1A:79:7A:5D:7E",
                "00:1A:79:81:74:45",
                "00:1A:79:8F:8D:3A",
                "00:1A:79:99:FD:FF",
                "00:1A:79:B5:AE:10",
                "00:1A:79:B7:5D:3E",
                "00:1A:79:B7:6D:A6",
                "00:1A:79:C4:B4:CC",
                "00:1A:79:DC:A2:37",
                "00:1A:79:E7:A3:5F"
            ]
        },
        {
            "server_name": "coolforcats.cool:80",
            "server_url": "http://coolforcats.cool:80/c/",
            "macs": [
                "00:1A:79:07:66:F1",
                "00:1A:79:37:A0:B1",
                "00:1A:79:5A:87:78",
                "00:1A:79:5D:84:90",
                "00:1A:79:63:4E:CF",
                "00:1A:79:63:5E:BC",
                "00:1A:79:64:0E:99",
                "00:1A:79:6C:33:4A",
                "00:1A:79:A1:AD:7D",
                "00:1A:79:B9:92:74",
                "00:1A:79:B9:E7:7A",
                "00:1A:79:BD:2C:36",
                "00:1A:79:BD:7E:22",
                "00:1A:79:BD:D7:F3",
                "00:1A:79:C2:36:76",
                "00:1A:79:C2:40:E3",
                "00:1A:79:C4:75:AF",
                "00:1A:79:C4:D7:ED",
                "00:1A:79:C6:E0:B6",
                "00:1A:79:C6:E5:1A",
                "00:1A:79:C8:37:C9",
                "00:1A:79:C9:C1:54",
                "00:1A:79:CC:72:33"
            ]
        },
        {
            "server_name": "1234up.com:8080",
            "server_url": "http://1234up.com:8080/c/",
            "macs": [
                "00:1A:79:22:1B:85",
                "00:1A:79:38:A7:5A",
                "00:1A:79:54:D0:97",
                "00:1A:79:5C:1F:CB",
                "00:1A:79:5D:8B:68",
                "00:1A:79:5F:2B:1A",
                "00:1A:79:5F:7E:47",
                "00:1A:79:68:7F:E6",
                "00:1A:79:7F:1E:84",
                "00:1A:79:83:4B:A1",
                "00:1A:79:AD:E2:69",
                "00:1A:79:B1:03:77",
                "00:1A:79:B2:A0:B8",
                "00:1A:79:B2:A1:99",
                "00:1A:79:B3:68:8C",
                "00:1A:79:B6:EE:58",
                "00:1A:79:B8:88:AA",
                "00:1A:79:C4:29:FE",
                "00:1A:79:C5:62:15",
                "00:1A:79:C7:BE:DF",
                "00:1A:79:C7:FE:16",
                "00:1A:79:CA:DC:53",
                "00:1A:79:CE:22:6C"
            ]
        }
    ]
}