{
    "items": [
        {
            "server_name": "s1.station1.xyz:8080",
            "server_url": "http://s1.station1.xyz:8080/c/",
            "macs": [
                "00:1A:79:33:B8:67"
            ]
        },
        {
            "server_name": "mag.trexlive.me:8000",
            "server_url": "http://mag.trexlive.me:8000/c/",
            "macs": [
                "00:1A:79:F1:68:1D",
                "00:1A:79:FB:32:2B"
            ]
        },
        {
            "server_name": "mag.premiumplus.tv",
            "server_url": "http://mag.premiumplus.tv/c/",
            "macs": [
                "00:1A:79:7D:D7:6A"
            ]
        },
        {
            "server_name": "izle.atak.live:8080",
            "server_url": "http://izle.atak.live:8080/c/",
            "macs": [
                "00:1A:79:17:2D:99",
                "00:1A:79:4D:03:42"
            ]
        },
        {
            "server_name": "mag.greatott.me",
            "server_url": "http://mag.greatott.me/c/",
            "macs": [
                "00:1A:79:0D:75:8C",
                "00:1A:79:37:D5:34",
                "00:1A:79:3F:89:9E"
            ]
        },
        {
            "server_name": "tv.psmarters.xyz:8080",
            "server_url": "http://tv.psmarters.xyz:8080/c/",
            "macs": [
                "00:1A:79:10:E0:FD"
            ]
        },
        {
            "server_name": "mag.myox.me:80",
            "server_url": "http://mag.myox.me:80/c/",
            "macs": [
                "00:1A:79:70:68:EA"
            ]
        },
        {
            "server_name": "power4kiptv.info:8080",
            "server_url": "http://power4kiptv.info:8080/c/",
            "macs": [
                "00:1A:79:10:D5:C1",
                "00:1A:79:A4:00:07"
            ]
        },
        {
            "server_name": "mag.ukhd.tv:80",
            "server_url": "http://mag.ukhd.tv:80/c/",
            "macs": [
                "00:1A:79:21:0A:52",
                "00:1A:79:2C:1F:38",
                "00:1A:79:64:C6:D0"
            ]
        },
        {
            "server_name": "cooltv4u.xyz",
            "server_url": "http://cooltv4u.xyz/stalker_portal/c/",
            "macs": [
                "00:1A:79:4A:25:96",
                "00:1A:79:6C:CC:E7",
                "00:1A:79:77:8D:DB",
                "00:1A:79:7B:1D:F7",
                "00:1A:79:80:D8:DD",
                "00:1A:79:AE:40:6C"
            ]
        },
        {
            "server_name": "p1.iptvrocket.tv",
            "server_url": "http://p1.iptvrocket.tv/c/",
            "macs": [
                "00:1A:79:7E:5F:AF",
                "00:1A:79:CF:00:BA",
                "00:1A:79:E5:7D:4D"
            ]
        },
        {
            "server_name": "212.129.8.69",
            "server_url": "http://212.129.8.69/stalker_portal/c/",
            "macs": [
                "00:1A:79:61:66:31"
            ]
        },
        {
            "server_name": "icon-ott.xyz",
            "server_url": "http://icon-ott.xyz/c/",
            "macs": [
                "00:1A:79:28:20:66",
                "00:1A:79:65:0D:5B",
                "00:1A:79:6F:E0:8F",
                "00:1A:79:73:B5:8B",
                "00:1A:79:85:2F:5F",
                "00:1A:79:8F:47:E6",
                "00:1A:79:C4:86:F9",
                "00:1A:79:C5:0E:B6",
                "00:1A:79:C5:68:09"
            ]
        },
        {
            "server_name": "exm3u.123tv.to:8080",
            "server_url": "http://exm3u.123tv.to:8080/c/",
            "macs": [
                "00:1A:79:50:33:0D",
                "00:1A:79:9C:28:16",
                "00:1A:79:AE:8D:68"
            ]
        },
        {
            "server_name": "brokentv.rip:8080",
            "server_url": "http://brokentv.rip:8080/c/",
            "macs": [
                "00:1A:79:68:E7:4F",
                "00:1A:79:6A:9F:2C",
                "00:1A:79:BB:CD:93"
            ]
        },
        {
            "server_name": "stalker.ugoiptv.com:80",
            "server_url": "http://stalker.ugoiptv.com:80/c/",
            "macs": [
                "00:1A:79:22:16:CA"
            ]
        },
        {
            "server_name": "nicolaj.123tv.to:8080",
            "server_url": "http://nicolaj.123tv.to:8080/c/",
            "macs": [
                "00:1A:79:25:74:0D",
                "00:1A:79:37:B8:CA",
                "00:1A:79:4F:1A:BE",
                "00:1A:79:64:40:3D",
                "00:1A:79:A9:F1:2F",
                "00:1A:79:BE:89:AE",
                "00:1A:79:D7:85:72"
            ]
        },
        {
            "server_name": "portal.entertainmentxl.com:8080",
            "server_url": "http://portal.entertainmentxl.com:8080/c/",
            "macs": [
                "00:1A:79:B4:48:32",
                "00:1A:79:DC:3C:2C"
            ]
        },
        {
            "server_name": "line.boom-ott.ru",
            "server_url": "http://line.boom-ott.ru/c/",
            "macs": [
                "00:1A:79:A1:E5:E5",
                "00:1A:79:C1:3B:DD"
            ]
        },
        {
            "server_name": "stb.omnivo.tv:80",
            "server_url": "http://stb.omnivo.tv:80/c/",
            "macs": [
                "00:1A:79:01:62:54",
                "00:1A:79:01:63:65"
            ]
        },
        {
            "server_name": "hd-max.org:8080",
            "server_url": "http://hd-max.org:8080/c/",
            "macs": [
                "00:1A:79:08:8F:2D",
                "00:1A:79:0C:C8:E1",
                "00:1A:79:0D:13:C6",
                "00:1A:79:0D:4C:DF",
                "00:1A:79:80:F4:1E"
            ]
        },
        {
            "server_name": "nks24.com:8080",
            "server_url": "http://nks24.com:8080/c/",
            "macs": [
                "00:1A:79:19:6F:3C",
                "00:1A:79:31:EC:C2",
                "00:1A:79:4D:05:8A",
                "00:1A:79:54:D7:96",
                "00:1A:79:B5:0D:D8"
            ]
        },
        {
            "server_name": "hans_monika.streamtv.to:8080",
            "server_url": "http://hans_monika.streamtv.to:8080/c/",
            "macs": [
                "00:1A:79:39:EF:81",
                "00:1A:79:6A:5C:83",
                "00:1A:79:75:3C:30",
                "00:1A:79:8F:80:2F",
                "00:1A:79:AE:D3:83",
                "00:1A:79:BC:2B:C5"
            ]
        },
        {
            "server_name": "mag.ugoiptv.com",
            "server_url": "http://mag.ugoiptv.com/c/",
            "macs": [
                "00:1A:79:BE:0E:1C"
            ]
        },
        {
            "server_name": "ph-info.xyz",
            "server_url": "http://ph-info.xyz/c/",
            "macs": [
                "00:1A:79:98:B5:21",
                "00:1A:79:A5:51:EB"
            ]
        },
        {
            "server_name": "web2021.biz:8080",
            "server_url": "http://web2021.biz:8080/c/",
            "macs": [
                "00:1A:79:37:1C:8A",
                "00:1A:79:56:14:06",
                "00:1A:79:63:8A:06"
            ]
        },
        {
            "server_name": "z.zcatt.cc",
            "server_url": "http://z.zcatt.cc/stalker_portal/c/",
            "macs": [
                "00:1A:79:29:F7:06",
                "00:1A:79:4A:F2:F3"
            ]
        },
        {
            "server_name": "185.182.193.87",
            "server_url": "http://185.182.193.87/stalker_portal/c/",
            "macs": [
                "00:1A:79:78:71:F7",
                "00:1A:79:78:BD:05",
                "00:1A:79:79:7E:B8",
                "00:1A:79:81:21:8C"
            ]
        }
    ]
}