{
    "items": [
        {
            "server_name": "tv.cloudcdn.me",
            "server_url": "http://tv.cloudcdn.me/c/",
            "macs": [
                "00:1A:79:50:3A:D4",
                "00:1A:79:FC:69:43",
                "00:1A:79:2F:B1:12",
                "00:1A:79:A4:26:02",
                "00:1A:79:F4:4D:99",
                "00:1A:79:07:1D:D8",
                "00:1A:79:A8:9C:32",
                "00:1A:79:0A:92:99",
                "00:1A:79:AB:DF:AB",
                "00:1A:79:07:45:32",
                "00:1A:79:0E:F7:2B",
                "00:1A:79:D5:40:80",
                "00:1A:79:06:EF:86",
                "00:1A:79:50:3A:D4",
                "00:1A:79:40:26:17"
            ]
        },
        {
            "server_name": "6d.tanres.us",
            "server_url": "http://6d.tanres.us/c/",
            "macs": [
                "00:1A:79:B4:A0:87",
                "00:1A:79:F6:1E:C6",
                "00:1A:79:B4:A0:E9",
                "00:1A:79:B4:A0:EC",
                "00:1A:79:B4:A0:C4",
                "00:1A:79:B4:A0:D7",
                "00:1A:79:B4:A0:F0",
                "00:1A:79:B4:A0:DD",
                "00:1A:79:B4:A0:88",
                "00:1A:79:B4:A0:D1",
                "00:1A:79:B4:A0:D9",
                "00:1A:79:B4:A0:D5",
                "00:1A:79:B4:A0:C8",
                "00:1A:79:B4:A0:82",
                "00:1A:79:B4:A0:CF",
                "00:1A:79:B4:A0:90",
                "00:1A:79:B4:A0:92",
                "00:1A:79:B4:A0:8B",
                "00:1A:79:B4:A0:9C",
                "00:1A:79:B4:A0:97",
                "00:1A:79:B4:A0:9E",
                "00:1A:79:B4:A0:A2",
                "00:1A:79:B4:A0:BC"
            ]
        },
        {
            "server_name": "danatv.tv.streamtv.to:8080",
            "server_url": "http://danatv.tv.streamtv.to:8080/c/",
            "macs": [
                "00:1A:79:b2:16:5c",
                "00:1A:79:a4:ce:90",
                "00:1a:79:a4:96:69",
                "00:1A:79:b1:1c:de",
                "00:1a:79:a9:da:9d",
                "00:1a:79:a7:c4:8f",
                "00:1A:79:bd:5d:3a",
                "00:1A:79:bc:ed:15",
                "00:1A:79:51:3a:a1",
                "00:1a:79:ad:0a:60",
                "00:1a:79:a9:db:2b",
                "00:1A:79:56:55:EC",
                "00:1A:79:32:ab:42",
                "00:1A:79:A1:C7:C3",
                "00:1a:79:ae:ba:ab",
                "00:1A:79:BA:67:A0",
                "00:1A:79:AE:B6:E8",
                "00:1A:79:5F:27:96",
                "00:1A:79:6D:A7:D0"
            ]
        },
        {
            "server_name": "apk.androidtrex.com:80",
            "server_url": "http://apk.androidtrex.com:80/c/",
            "macs": [
                "00:1A:79:6f:30:df",
                "00:1A:79:c0:14:4b",
                "00:1A:79:dc:0e:2a",
                "00:1A:79:79:d3:9c",
                "00:1A:79:b9:f1:52",
                "00:1A:79:b5:b4:f9",
                "00:1A:79:17:97:94",
                "00:1A:79:05:c7:0b",
                "00:1A:79:50:97:a5",
                "00:1A:79:b4:a3:ed",
                "00:1A:79:2f:ad:3a",
                "00:1A:79:94:4f:96",
                "00:1A:79:b1:4e:2e"
            ]
        },
        {
            "server_name": "mag.king-4k.cc",
            "server_url": "http://mag.king-4k.cc/c/",
            "macs": [
                "00:1A:79:00:00:12",
                "00:1A:79:00:00:0A"
            ]
        },
        {
            "server_name": "pbestfr.com",
            "server_url": "http://pbestfr.com/c/",
            "macs": [
                "00:1A:79:D1:F8:34",
                "00:1A:79:D3:6D:12",
                "00:1A:79:FF:14:48",
                "00:1A:79:B7:79:89",
                "00:1A:79:C7:D3:C0",
                "00:1A:79:D1:F5:0A",
                "00:1A:79:53:F1:75",
                "00:1A:79:CC:31:38",
                "00:1A:79:85:0A:A0",
                "00:1A:79:BE:7B:48",
                "00:1A:79:AA:B4:49"
            ]
        },
        {
            "server_name": "tv.premiumplus.tv",
            "server_url": "http://tv.premiumplus.tv/c/",
            "macs": [
                "00:1A:79:C4:48:49",
                "00:1A:79:C2:83:97",
                "00:1A:79:6F:3F:04",
                "00:1A:79:6F:3F:02",
                "00:1A:79:4B:A3:44",
                "00:1A:79:C2:83:F2",
                "00:1A:79:6F:3F:67",
                "00:1A:79:5E:DC:CE",
                "00:1A:79:6F:3F:44",
                "00:1A:79:5E:DC:36",
                "00:1A:79:5F:09:4F",
                "00:1A:79:6F:3F:97",
                "00:1A:79:6F:3F:88",
                "00:1A:79:C2:83:ED",
                "00:1A:79:5F:09:D0",
                "00:1A:79:C2:83:F1",
                "00:1A:79:C2:83:F3",
                "00:1A:79:C4:48:F0"
            ]
        },
        {
            "server_name": "qqwawa.xyz:80",
            "server_url": "http://qqwawa.xyz:80/c/",
            "macs": [
                "00:1A:79:d3:60:af",
                "00:1A:79:d1:8d:f0",
                "00:1A:79:c8:19:67",
                "00:1A:79:bd:64:66",
                "00:1A:79:a5:2a:bb",
                "00:1A:79:d1:95:85",
                "00:1A:79:3f:66:7e",
                "00:1A:79:c0:ad:53",
                "00:1A:79:b2:71:c6",
                "00:1A:79:ba:f4:9c",
                "00:1A:79:ab:33:65",
                "00:1A:79:d1:8e:ab",
                "00:1A:79:b7:8b:34",
                "00:1A:79:c1:fb:1c",
                "00:1A:79:bc:f0:c5",
                "00:1A:79:c1:7c:a5",
                "00:1A:79:c4:79:c6",
                "00:1A:79:ce:26:0d",
                "00:1A:79:e3:6f:51"
            ]
        },
        {
            "server_name": "iptv.darkbox.nu:80",
            "server_url": "http://iptv.darkbox.nu:80/c/",
            "macs": [
                "00:1A:79:05:f6:dd",
                "00:1A:79:24:3f:a6",
                "00:1A:79:6D:1C:57",
                "00:1A:79:01:bc:00",
                "00:1A:79:05:F6:DD",
                "00:1A:79:75:a8:c6",
                "00:1A:79:24:3F:A6",
                "00:1A:79:B4:3F:B0",
                "00:1A:79:01:BC:00",
                "00:1A:79:75:A8:C6",
                "00:1A:79:8f:74:53",
                "00:1A:79:C3:32:62",
                "00:1A:79:8F:74:53",
                "00:1A:79:b4:3f:b0",
                "00:1A:79:CE:7B:B3",
                "00:1A:79:75:ac:e0",
                "00:1A:79:c3:32:62",
                "00:1A:79:75:AC:E0",
                "00:1A:79:CD:2F:6B",
                "00:1A:79:3E:45:B1"
            ]
        },
        {
            "server_name": "portott.com:80",
            "server_url": "http://portott.com:80/c/",
            "macs": [
                "00:1A:79:b2:44:4d",
                "00:1A:79:2d:c3:cd",
                "00:1A:79:c3:32:a7",
                "00:1A:79:8d:15:7c",
                "00:1A:79:69:fa:c5",
                "00:1A:79:b5:f8:9d",
                "00:1A:79:05:1a:f9",
                "00:1A:79:c6:0a:4d",
                "00:1A:79:37:4b:6d",
                "00:1A:79:85:9f:5b",
                "00:1A:79:23:7f:03",
                "00:1A:79:b5:46:1a",
                "00:1A:79:18:1d:67",
                "00:1A:79:32:4d:da",
                "00:1A:79:45:09:2f",
                "00:1A:79:b0:87:04"
            ]
        },
        {
            "server_name": "mag.ukhd.tv:80",
            "server_url": "http://mag.ukhd.tv:80/c/",
            "macs": [
                "00:1A:79:C4:3F:A5"
            ]
        },
        {
            "server_name": "apkv4.xyz:2095",
            "server_url": "http://apkv4.xyz:2095/stalker_portal/c/",
            "macs": [
                "00:1A:79:64:54:A8",
                "00:1A:79:B7:6A:AC",
                "00:1A:79:5E:61:B6",
                "00:1A:79:53:7C:44"
            ]
        },
        {
            "server_name": "apk.androidtrex.com:80",
            "server_url": "http://apk.androidtrex.com:80/c/",
            "macs": [
                "00:1A:79:6f:30:df",
                "00:1A:79:b9:f1:52",
                "00:1A:79:50:97:a5"
            ]
        },
        {
            "server_name": "qqwawa.xyz:80",
            "server_url": "http://qqwawa.xyz:80/c/",
            "macs": [
                "00:1A:79:d3:60:af",
                "00:1A:79:bc:f0:c5"
            ]
        },
        {
            "server_name": "portott.com:80",
            "server_url": "http://portott.com:80/c/",
            "macs": [
                "00:1A:79:69:fa:c5",
                "00:1A:79:8d:15:7c",
                "00:1A:79:2d:c3:cd",
                "00:1A:79:b5:f8:9d"
            ]
        },
        {
            "server_name": "fuego-iptv.net:8080",
            "server_url": "http://fuego-iptv.net:8080/c/",
            "macs": [
                "00:1A:79:54:3f:55"
            ]
        },
        {
            "server_name": "res.dmtn.tv:8080",
            "server_url": "http://res.dmtn.tv:8080/c/",
            "macs": [
                "00:1a:79:08:64:b5",
                "00:1a:79:76:38:7e"
            ]
        },
        {
            "server_name": "6d.tanres.us",
            "server_url": "http://6d.tanres.us/c/",
            "macs": [
                "00:1A:79:B4:A0:A2",
                "00:1A:79:B4:A0:BC",
                "00:1A:79:B4:A0:97",
                "00:1A:79:B4:A0:9C"
            ]
        },
        {
            "server_name": "danatv.tv.streamtv.to:8080",
            "server_url": "http://danatv.tv.streamtv.to:8080/c/",
            "macs": [
                "00:1A:79:AE:B6:E8",
                "00:1A:79:b2:16:5c",
                "00:1a:79:a9:da:9d",
                "00:1a:79:a7:c4:8f",
                "00:1A:79:bd:5d:3a",
                "00:1A:79:32:ab:42"
            ]
        },
        {
            "server_name": "tv.premiumplus.tv",
            "server_url": "http://tv.premiumplus.tv/c/",
            "macs": [
                "00:1A:79:5F:60:54"
            ]
        },
        {
            "server_name": "185.243.7.51",
            "server_url": "http://185.243.7.51/c/",
            "macs": [
                "00:1A:79:B7:24:83",
                "00:1A:79:74:D2:82"
            ]
        }
    ]
}