{
    "items": [
        {
            "server_name": "tv.indigotv.me",
            "server_url": "http://tv.indigotv.me/stalker_portal/c/",
            "macs": [
                "00:1A:79:40:26:28",
                "00:1A:79:A7:35:75"
            ]
        },
        {
            "server_name": "tv.cloudcdn.me",
            "server_url": "http://tv.cloudcdn.me/stalker_portal/c/",
            "macs": [
                "00:1A:79:05:27:15",
                "00:1A:79:40:26:38",
                "00:1A:79:ED:B7:12"
            ]
        },
        {
            "server_name": "stb.omnivo.tv:80",
            "server_url": "http://stb.omnivo.tv:80/c/",
            "macs": [
                "00:1A:79:01:62:54",
                "00:1A:79:01:63:65"
            ]
        },
        {
            "server_name": "m.devtv.biz",
            "server_url": "http://m.devtv.biz/c/",
            "macs": [
                "00:1A:79:02:B5:16"
            ]
        },
        {
            "server_name": "mag.yo-ott.com:80",
            "server_url": "http://mag.yo-ott.com:80/c/",
            "macs": [
                "00:1A:79:B5:95:DA",
                "00:1A:79:DE:C5:CD"
            ]
        },
        {
            "server_name": "global4k.info:8080",
            "server_url": "http://global4k.info:8080/c/",
            "macs": [
                "00:1A:79:00:00:00"
            ]
        },
        {
            "server_name": "tvonpt.net",
            "server_url": "http://tvonpt.net/c/",
            "macs": [
                "00:1A:79:41:11:39"
            ]
        },
        {
            "server_name": "6d.tanres.us",
            "server_url": "http://6d.tanres.us/c/",
            "macs": [
                "00:1A:79:00:12:34",
                "00:1A:79:00:12:74",
                "00:1A:79:00:12:75",
                "00:1A:79:00:12:88",
                "00:1A:79:00:12:AD",
                "00:1A:79:00:12:B6",
                "00:1A:79:00:12:DC",
                "00:1A:79:00:12:F1",
                "00:1A:79:00:C9:F5",
                "00:1A:79:24:99:F2",
                "00:1A:79:40:47:4C",
                "00:1A:79:44:08:08",
                "00:1A:79:52:3D:EF",
                "00:1A:79:CC:1E:EC",
                "00:1A:79:CC:1E:EF"
            ]
        },
        {
            "server_name": "2gb1.tvcdn.online",
            "server_url": "http://2gb1.tvcdn.online/c/",
            "macs": [
                "00:1A:79:00:02:F7"
            ]
        },
        {
            "server_name": "ggddnss2.com:8080",
            "server_url": "http://ggddnss2.com:8080/c/",
            "macs": [
                "00:1A:79:08:4A:FB",
                "00:1A:79:08:4A:FF",
                "00:1A:79:08:4B:CB",
                "00:1A:79:10:3F:73",
                "00:1A:79:33:D4:74",
                "00:1A:79:4D:05:CD",
                "00:1A:79:51:32:BD",
                "00:1A:79:6E:46:A8",
                "00:1A:79:87:A4:23",
                "00:1A:79:AF:3B:2F",
                "00:1A:79:AF:F8:A8",
                "00:1A:79:B6:23:01",
                "00:1A:79:B6:D9:8C",
                "00:1A:79:F2:81:D2"
            ]
        },
        {
            "server_name": "coresys.dvrdns.org:25461",
            "server_url": "http://coresys.dvrdns.org:25461/c/",
            "macs": [
                "00:1A:79:8F:4F:AA"
            ]
        },
        {
            "server_name": "don-balon.ddns.net:8080",
            "server_url": "http://don-balon.ddns.net:8080/c/",
            "macs": [
                "00:1A:79:7B:F6:FB"
            ]
        },
        {
            "server_name": "skipcf.cwdn.cx",
            "server_url": "http://skipcf.cwdn.cx/c/",
            "macs": [
                "00:1A:79:00:04:10"
            ]
        },
        {
            "server_name": "tr.redatvgold.com:80",
            "server_url": "http://tr.redatvgold.com:80/c/",
            "macs": [
                "00:1A:79:00:10:94"
            ]
        },
        {
            "server_name": "tv.indigotv.me",
            "server_url": "http://tv.indigotv.me/c/",
            "macs": [
                "00:1A:79:05:5D:44",
                "00:1A:79:05:5F:18",
                "00:1A:79:05:92:CC",
                "00:1A:79:05:D9:C5"
            ]
        },
        {
            "server_name": "mag.ugoiptv.com:80",
            "server_url": "http://mag.ugoiptv.com:80/c/",
            "macs": [
                "00:1A:79:01:A0:3B",
                "00:1A:79:01:A4:F7",
                "00:1A:79:01:E2:EF",
                "00:1A:79:01:E7:BB"
            ]
        },
        {
            "server_name": "160.19.94.22:8080",
            "server_url": "http://160.19.94.22:8080/c/",
            "macs": [
                "00:1A:79:05:82:3E",
                "00:1A:79:E7:AD:F3",
                "00:1A:79:E7:B1:54"
            ]
        },
        {
            "server_name": "hd-max.org:8080",
            "server_url": "http://hd-max.org:8080/c/",
            "macs": [
                "00:1A:79:0C:C8:E1",
                "00:1A:79:0D:13:C6",
                "00:1A:79:0D:3F:F6",
                "00:1A:79:0D:4C:DF",
                "00:1A:79:0D:6E:3D",
                "00:1A:79:7B:E8:B1"
            ]
        },
        {
            "server_name": "spacextv.live:8080",
            "server_url": "http://spacextv.live:8080/c/",
            "macs": [
                "00:1A:79:BB:1C:00"
            ]
        },
        {
            "server_name": "io.t-v.io:80",
            "server_url": "http://io.t-v.io:80/c/",
            "macs": [
                "00:1A:79:41:11:39"
            ]
        },
        {
            "server_name": "vip2102.112421.net:2050",
            "server_url": "http://vip2102.112421.net:2050/c/",
            "macs": [
                "00:1A:79:70:2F:6B",
                "00:1A:79:78:2F:6C"
            ]
        },
        {
            "server_name": "edge.19741977.network",
            "server_url": "http://edge.19741977.network/c/",
            "macs": [
                "00:1A:79:3F:0F:97",
                "00:1A:79:3F:0F:C9",
                "00:1A:79:57:FB:64",
                "00:1A:79:B3:B4:1A",
                "00:1A:79:B3:B4:1C",
                "00:1A:79:B3:B4:21",
                "00:1A:79:B3:B4:B0",
                "00:1A:79:B4:5F:55",
                "00:1A:79:BB:F7:3B",
                "00:1A:79:BB:FD:9F",
                "00:1A:79:BF:EB:63",
                "00:1A:79:BF:EB:84",
                "00:1A:79:DF:71:5C"
            ]
        },
        {
            "server_name": "line.klasstv.eu",
            "server_url": "http://line.klasstv.eu/c/",
            "macs": [
                "00:1A:79:1E:BC:07",
                "00:1A:79:28:FB:31",
                "00:1A:79:41:F8:C6",
                "00:1A:79:5E:3E:FD",
                "00:1A:79:5F:D0:79",
                "00:1A:79:5F:D0:AC",
                "00:1A:79:A6:EE:69",
                "00:1A:79:DF:A1:48"
            ]
        },
        {
            "server_name": "starshare.live:8080",
            "server_url": "http://starshare.live:8080/c/",
            "macs": [
                "00:1A:79:69:F5:E8"
            ]
        },
        {
            "server_name": "mag.gofast-tv.me:80",
            "server_url": "http://mag.gofast-tv.me:80/c/",
            "macs": [
                "00:1A:79:04:91:E3",
                "00:1A:79:05:6D:82",
                "00:1A:79:0D:A1:1B",
                "00:1A:79:5B:57:91",
                "00:1A:79:72:36:2D",
                "00:1A:79:8C:04:EF",
                "00:1A:79:94:4E:DC",
                "00:1A:79:A5:C1:AD",
                "00:1A:79:B2:71:C9",
                "00:1A:79:C3:8F:1A",
                "00:1A:79:D3:BB:A9",
                "00:1A:79:FB:2D:D5",
                "00:1A:79:FB:3A:29"
            ]
        },
        {
            "server_name": "nordicone.tv:2095",
            "server_url": "http://nordicone.tv:2095/c/",
            "macs": [
                "00:1A:79:00:0C:CF",
                "00:1A:79:55:49:43",
                "00:1A:79:A6:61:74",
                "00:1A:79:AB:97:D8",
                "00:1A:79:B7:0B:BA",
                "00:1A:79:B7:8E:A0",
                "00:1A:79:BC:21:EA",
                "00:1A:79:C0:0A:AB",
                "00:1A:79:C0:9A:6D",
                "00:1A:79:FC:62:5C",
                "02:00:00:00:00:00"
            ]
        },
        {
            "server_name": "line.boom-ott.ru",
            "server_url": "http://line.boom-ott.ru/c/",
            "macs": [
                "00:1A:79:A1:E5:E5",
                "00:1A:79:C1:3B:DD"
            ]
        },
        {
            "server_name": "nicolaj.123tv.to:8080",
            "server_url": "http://nicolaj.123tv.to:8080/c/",
            "macs": [
                "00:1A:79:BE:89:AE"
            ]
        },
        {
            "server_name": "stalker.ugoiptv.com:80",
            "server_url": "http://stalker.ugoiptv.com:80/c/",
            "macs": [
                "00:1A:79:22:16:CA"
            ]
        },
        {
            "server_name": "138.199.129.101:80",
            "server_url": "http://138.199.129.101:80/stalker_portal/c/",
            "macs": [
                "00:1A:79:22:5A:19",
                "00:1A:79:26:65:79"
            ]
        },
        {
            "server_name": "portal.entertainmentxl.com:8080",
            "server_url": "http://portal.entertainmentxl.com:8080/c/",
            "macs": [
                "00:1A:79:5E:44:A1",
                "00:1A:79:A2:FB:E0",
                "00:1A:79:BF:F5:4E"
            ]
        },
        {
            "server_name": "fastopen.live:8080",
            "server_url": "http://fastopen.live:8080/c/",
            "macs": [
                "00:1A:79:58:0A:0B",
                "00:1A:79:5A:0A:F9"
            ]
        },
        {
            "server_name": "ainfo.icu:8000",
            "server_url": "http://ainfo.icu:8000/c/",
            "macs": [
                "00:1A:79:20:DD:8B",
                "00:1A:79:3E:7F:21",
                "00:1A:79:BA:E6:92",
                "00:1A:79:CB:39:4F",
                "00:1A:79:E6:4D:7F",
                "00:1A:79:FA:01:37"
            ]
        },
        {
            "server_name": "skunkytv.live",
            "server_url": "http://skunkytv.live/c/",
            "macs": [
                "00:1A:79:41:71:99",
                "00:1A:79:66:1D:8A",
                "00:1A:79:7B:AE:12",
                "00:1A:79:B9:DD:A2",
                "00:1A:79:C1:75:C7",
                "00:1A:79:C2:B9:F4",
                "00:1A:79:E9:C4:C4"
            ]
        },
        {
            "server_name": "p1.uiop.tv",
            "server_url": "http://p1.uiop.tv/stalker_portal/c/",
            "macs": [
                "00:1A:79:2B:2B:B8",
                "00:1A:79:2E:03:6A",
                "00:1A:79:36:78:92",
                "00:1A:79:4E:C6:08",
                "00:1A:79:5B:12:DE",
                "00:1A:79:60:2B:73",
                "00:1A:79:68:0D:B8"
            ]
        }
    ]
}