{
    "items": [
        {
            "server_name": "chaotic-streams.cc",
            "server_url": "http://chaotic-streams.cc/c/",
            "macs": [
                "00:1A:79:45:66:C0",
                "00:1A:79:4F:6C:D7",
                "00:1A:79:5D:7F:DF",
                "00:1A:79:61:66:38",
                "00:1A:79:6D:AE:EB",
                "00:1A:79:82:2F:3E",
                "00:1A:79:82:2F:6E",
                "00:1A:79:B5:C9:BD",
                "00:1A:79:B5:C9:EF",
                "00:1A:79:BE:46:3F",
                "00:1A:79:BE:46:F7",
                "00:1A:79:E6:47:01",
                "00:1A:79:E6:9D:3D",
                "00:1A:79:FB:1E:06",
                "00:1A:79:FB:1E:0A",
                "00:1A:79:FB:1E:65",
                "00:1A:79:FB:1E:6F",
                "00:1A:79:FB:1E:BB"
            ]
        },
        {
            "server_name": "testdi.proxytx.cloud",
            "server_url": "http://testdi.proxytx.cloud/c/",
            "macs": [
                "00:1A:79:37:2A:01",
                "00:1A:79:37:2A:2E",
                "00:1A:79:70:87:C8",
                "00:1A:79:70:87:D7",
                "00:1A:79:70:87:F8",
                "00:1A:79:91:7A:5F",
                "00:1A:79:F5:00:17",
                "00:1A:79:F5:00:41",
                "00:1A:79:F5:00:4A",
                "00:1A:79:F5:00:54",
                "00:1A:79:F5:00:56",
                "00:1A:79:F5:00:57",
                "00:1A:79:F5:00:6A",
                "00:1A:79:F5:00:C8",
                "00:1A:79:F5:00:DA",
                "00:1A:79:F5:00:DF"
            ]
        },
        {
            "server_name": "genlive.online",
            "server_url": "http://genlive.online/c/",
            "macs": [
                "00:1A:79:20:3F:C2",
                "00:1A:79:2C:60:44",
                "00:1A:79:44:BF:96",
                "00:1A:79:51:05:B9",
                "00:1A:79:7E:7A:82",
                "00:1A:79:8A:38:5C",
                "00:1A:79:AD:AB:70",
                "00:1A:79:B2:4C:50",
                "00:1A:79:BD:53:10",
                "00:1A:79:BD:53:12",
                "00:1A:79:BD:53:18",
                "00:1A:79:BF:A8:48",
                "00:1A:79:C4:1D:34",
                "00:1A:79:C4:1D:9F",
                "00:1A:79:CD:2A:54",
                "00:1A:79:EB:9D:59"
            ]
        },
        {
            "server_name": "34mix.com:8080",
            "server_url": "http://34mix.com:8080/c/",
            "macs": [
                "00:1A:79:C7:F7:A7"
            ]
        },
        {
            "server_name": "m.devtv.biz:80",
            "server_url": "http://m.devtv.biz:80/c/",
            "macs": [
                "00:1A:79:4B:9F:EB"
            ]
        },
        {
            "server_name": "ix.kingtv.pw:80",
            "server_url": "http://ix.kingtv.pw:80/c/",
            "macs": [
                "00:1A:79:AB:10:EC"
            ]
        },
        {
            "server_name": "50754-pour.cloud-ott.me:80",
            "server_url": "http://50754-pour.cloud-ott.me:80/c/",
            "macs": [
                "00:1A:79:04:0D:CE",
                "00:1A:79:08:E8:3F",
                "00:1A:79:33:37:34",
                "00:1A:79:3A:93:F1",
                "00:1A:79:3D:1A:38",
                "00:1A:79:4D:81:95",
                "00:1A:79:6A:21:51",
                "00:1A:79:A9:A1:4D",
                "00:1A:79:B0:DA:A6",
                "00:1A:79:C1:55:73",
                "00:1A:79:D2:A1:98"
            ]
        },
        {
            "server_name": "king-box.club",
            "server_url": "http://king-box.club/c/",
            "macs": [
                "00:1A:79:00:00:00",
                "00:1A:79:06:51:DA",
                "00:1A:79:0F:76:FE",
                "00:1A:79:25:E5:89",
                "00:1A:79:55:99:45",
                "00:1A:79:66:8C:B4",
                "00:1A:79:72:F4:0A",
                "00:1A:79:7A:DB:17",
                "00:1A:79:7E:00:EC",
                "00:1A:79:A3:B2:06",
                "00:1A:79:A3:F0:64",
                "00:1A:79:B0:65:48",
                "00:1A:79:B5:06:65",
                "00:1A:79:EA:8E:52"
            ]
        },
        {
            "server_name": "tv.stream4k.cc",
            "server_url": "http://tv.stream4k.cc/stalker_portal/c/",
            "macs": [
                "00:1A:79:00:11:4B",
                "00:1A:79:00:11:F1",
                "00:1A:79:00:13:9C",
                "00:1A:79:00:21:6B",
                "00:1A:79:00:27:94",
                "00:1A:79:00:2F:19",
                "00:1A:79:13:C9:6E",
                "00:1A:79:15:74:1B",
                "00:1A:79:2D:2D:2B",
                "00:1A:79:4B:19:B3",
                "00:1A:79:C1:80:40",
                "00:1A:79:CE:7E:81",
                "00:1A:79:D2:9E:3C"
            ]
        },
        {
            "server_name": "200.26.188.66:80",
            "server_url": "http://200.26.188.66:80/c/",
            "macs": [
                "00:1A:79:08:47:64",
                "00:1A:79:0E:10:5A",
                "00:1A:79:14:68:19",
                "00:1A:79:17:19:79",
                "00:1A:79:1D:02:9F",
                "00:1A:79:6F:7F:61",
                "00:1A:79:8A:83:02",
                "00:1A:79:91:E2:0B",
                "00:1A:79:97:12:01",
                "00:1A:79:A4:7D:C9",
                "00:1A:79:A9:E2:0A",
                "00:1A:79:B2:53:19",
                "00:1A:79:BF:B9:C2",
                "00:1A:79:E0:86:32",
                "00:1A:79:F4:37:48"
            ]
        },
        {
            "server_name": "line.trx-ott.com",
            "server_url": "http://line.trx-ott.com/c/",
            "macs": [
                "00:1A:79:4A:99:9E",
                "00:1A:79:50:DC:13",
                "00:1A:79:72:86:4E",
                "00:1A:79:81:F5:2B",
                "00:1A:79:81:F5:32",
                "00:1A:79:B5:B6:92",
                "00:1A:79:BE:D9:5C",
                "00:1A:79:BE:D9:5D",
                "00:1A:79:C5:10:6D",
                "00:1A:79:D5:10:07",
                "00:1A:79:D5:10:16",
                "00:1A:79:D5:10:AE",
                "00:1A:79:E7:A8:1B"
            ]
        },
        {
            "server_name": "starshare.live",
            "server_url": "http://starshare.live/c/",
            "macs": [
                "00:1A:79:09:C9:9B",
                "00:1A:79:0B:6C:33",
                "00:1A:79:0F:DA:F1",
                "00:1A:79:42:67:9B",
                "00:1A:79:9A:7C:7D",
                "00:1A:79:A4:C8:CE"
            ]
        },
        {
            "server_name": "mag.ukhd.tv:80",
            "server_url": "http://mag.ukhd.tv:80/c/",
            "macs": [
                "00:1A:79:0E:7F:03",
                "00:1A:79:5C:ED:B6",
                "00:1A:79:61:BC:4F",
                "00:1A:79:6F:2F:3A",
                "00:1A:79:85:A9:59",
                "00:1A:79:C2:8F:92"
            ]
        },
        {
            "server_name": "tkosportz.live:25461",
            "server_url": "http://tkosportz.live:25461/c/",
            "macs": [
                "00:1A:79:E5:88:C5",
                "00:1A:79:E5:88:CC",
                "00:1A:79:E5:DF:44",
                "00:1A:79:E5:FE:DE",
                "00:1A:79:E6:06:C6",
                "00:1A:79:E6:47:B4",
                "00:1A:79:E6:4B:71",
                "00:1A:79:E6:4E:EC",
                "00:1A:79:E6:52:01",
                "00:1A:79:E6:C6:8B",
                "00:1A:79:E6:CC:8F",
                "00:1A:79:E6:D0:2F",
                "00:1A:79:E6:D2:B9"
            ]
        },
        {
            "server_name": "edge.19741977.network",
            "server_url": "http://edge.19741977.network/c/",
            "macs": [
                "00:1A:79:04:3F:BE",
                "00:1A:79:32:A0:58",
                "00:1A:79:8B:26:BC",
                "00:1A:79:A6:44:A0",
                "00:1A:79:A9:CB:ED",
                "00:1A:79:AA:8E:89",
                "00:1A:79:B0:DD:D0",
                "00:1A:79:B2:7D:88",
                "00:1A:79:CB:8A:50",
                "00:1A:79:D1:A1:8C",
                "00:1A:79:DD:2F:BA"
            ]
        },
        {
            "server_name": "45.137.206.80:26085",
            "server_url": "http://45.137.206.80:26085/stalker_portal/c/",
            "macs": [
                "00:1A:79:00:32:A2"
            ]
        },
        {
            "server_name": "edge.bz:8080",
            "server_url": "http://edge.bz:8080/c/",
            "macs": [
                "00:1A:79:33:8B:CA"
            ]
        },
        {
            "server_name": "Infinityiptvstreams.one:8080",
            "server_url": "http://Infinityiptvstreams.one:8080/c/",
            "macs": [
                "00:1A:79:09:81:63",
                "00:1A:79:0B:B8:DF",
                "00:1A:79:0B:F0:A8",
                "00:1A:79:15:3F:44",
                "00:1A:79:35:66:31",
                "00:1A:79:3A:39:A1",
                "00:1A:79:3E:C6:4B",
                "00:1A:79:45:1C:AB",
                "00:1A:79:47:EA:33",
                "00:1A:79:5F:79:1E"
            ]
        },
        {
            "server_name": "iptv.darktv.in",
            "server_url": "http://iptv.darktv.in/c/",
            "macs": [
                "00:1A:79:7C:5F:29",
                "00:1A:79:A4:4E:53"
            ]
        },
        {
            "server_name": "185.129.1.249:88",
            "server_url": "http://185.129.1.249:88/stalker_portal/c/",
            "macs": [
                "00:1A:79:14:C9:A9",
                "00:1A:79:1B:24:84",
                "00:1A:79:1B:26:A3",
                "00:1A:79:1B:26:E0",
                "00:1A:79:1B:29:A4",
                "00:1A:79:1B:29:C2",
                "00:1A:79:1E:AC:C3",
                "00:1A:79:1E:AC:E2",
                "00:1A:79:1E:AC:FF",
                "00:1A:79:1E:AD:13",
                "00:1A:79:1E:AE:02",
                "00:1A:79:1E:AF:65",
                "00:1A:79:1E:B0:68",
                "00:1A:79:1E:B0:E2",
                "00:1A:79:1E:B0:FA"
            ]
        },
        {
            "server_name": "tv.premiumplus.tv",
            "server_url": "http://tv.premiumplus.tv/c/",
            "macs": [
                "00:1A:79:40:8F:D9",
                "00:1A:79:76:B4:AB"
            ]
        },
        {
            "server_name": "line.greatstar.me",
            "server_url": "http://line.greatstar.me/c/",
            "macs": [
                "00:1A:79:17:08:10",
                "00:1A:79:2C:A1:FE",
                "00:1A:79:56:CC:98",
                "00:1A:79:68:DC:D3",
                "00:1A:79:BF:A3:0F",
                "00:1A:79:C7:33:0B",
                "00:1A:79:E4:37:28",
                "00:1A:79:E5:31:5D",
                "00:1A:79:FA:E2:8D"
            ]
        },
        {
            "server_name": "77.74.193.158:88",
            "server_url": "http://77.74.193.158:88/stalker_portal/c/",
            "macs": [
                "00:1A:79:39:2A:C3",
                "00:1A:79:4B:83:46",
                "00:1A:79:55:0A:B1",
                "00:1A:79:57:D6:72",
                "00:1A:79:6A:E9:C9",
                "00:1A:79:7C:CC:39",
                "00:1A:79:C2:7C:68"
            ]
        },
        {
            "server_name": "uhd3.one",
            "server_url": "http://uhd3.one/c/",
            "macs": [
                "00:1A:79:48:C2:5F",
                "00:1A:79:55:32:99",
                "00:1A:79:B5:BC:45",
                "00:1A:79:E5:2A:B2"
            ]
        },
        {
            "server_name": "185.243.7.51",
            "server_url": "http://185.243.7.51/c/",
            "macs": [
                "00:1A:79:94:04:54",
                "00:1A:79:A7:31:EE",
                "00:1A:79:B5:9F:59"
            ]
        }
    ]
}