{
    "items": [
        {
            "server_name": "extremaiptv.com:8080",
            "server_url": "http://extremaiptv.com:8080/c/",
            "macs": [
                "00:1A:79:C7:08:10",
                "00:1A:79:BD:29:9F",
                "00:1A:79:D4:EA:DC",
                "00:1A:79:A3:11:B5",
                "00:1A:79:C5:14:9D",
                "00:1A:79:FB:62:07",
                "00:1A:79:B5:A6:B4",
                "00:1A:79:3A:AA:CE",
                "00:1A:79:A6:08:3D",
                "00:1A:79:B0:D1:29",
                "00:1A:79:A6:7D:AD"
            ]
        },
        {
            "server_name": "dpny2.1234.uno:6061",
            "server_url": "http://dpny2.1234.uno:6061/stalker_portal/c/",
            "macs": [
                "00:1A:79:66:E4:5E"
            ]
        },
        {
            "server_name": "itekfzco.com",
            "server_url": "http://itekfzco.com/c/",
            "macs": [
                "00:1A:79:24:98:C2"
            ]
        },
        {
            "server_name": "m1-max.dns-speedy.com",
            "server_url": "http://m1-max.dns-speedy.com/c/",
            "macs": [
                "00:1A:79:B7:38:BD",
                "00:1A:79:6B:3F:BF",
                "00:1A:79:03:03:34",
                "00:1A:79:C6:8B:50",
                "00:1A:79:9C:24:9B",
                "00:1A:79:C0:40:63",
                "00:1A:79:A6:05:6B",
                "00:1A:79:30:4F:4E"
            ]
        },
        {
            "server_name": "schanel.org:8080",
            "server_url": "http://schanel.org:8080/c/",
            "macs": [
                "00:1A:79:53:6d:4e"
            ]
        },
        {
            "server_name": "107.189.14.168:8080",
            "server_url": "http://107.189.14.168:8080/c/",
            "macs": [
                "00:1A:79:26:E4:07",
                "00:1A:79:43:3E:FC",
                "00:1A:79:3D:E4:B7"
            ]
        },
        {
            "server_name": "cbr.selfip.org:8080",
            "server_url": "http://cbr.selfip.org:8080/c/",
            "macs": [
                "00:1A:79:BB:C5:F1",
                "00:1A:79:B1:6C:27",
                "00:1A:79:AF:58:66",
                "00:1A:79:62:A4:FD",
                "00:1A:79:A1:88:DB"
            ]
        },
        {
            "server_name": "1234up.com:8080",
            "server_url": "http://1234up.com:8080/c/",
            "macs": [
                "00:1A:79:57:E1:79",
                "00:1A:79:6D:F3:B0"
            ]
        },
        {
            "server_name": "extremaiptv.com:8080",
            "server_url": "http://extremaiptv.com:8080/c/",
            "macs": [
                "00:1A:79:d1:92:52",
                "00:1A:79:bf:e6:85",
                "00:1A:79:6f:0e:2a",
                "00:1A:79:a5:a1:95",
                "00:1A:79:b3:a8:22",
                "00:1A:79:99:02:96",
                "00:1A:79:7a:f0:11",
                "00:1A:79:b5:58:22",
                "00:1A:79:04:06:f4",
                "00:1A:79:a7:c6:e5",
                "00:1A:79:21:02:b3",
                "00:1A:79:a7:b7:4f",
                "00:1A:79:ae:a7:99",
                "00:1A:79:c6:b7:9a",
                "00:1A:79:44:83:66",
                "00:1A:79:d6:76:bb"
            ]
        },
        {
            "server_name": "new.dittotv.co",
            "server_url": "http://new.dittotv.co/stalker_portal/c/",
            "macs": [
                "00:1A:79:00:0F:E2",
                "00:1A:79:00:10:EE"
            ]
        },
        {
            "server_name": "m.suportline.xyz",
            "server_url": "http://m.suportline.xyz/stalker_portal/c/",
            "macs": [
                "00:1A:79:FE:13:6F",
                "00:1A:79:E0:E8:25"
            ]
        },
        {
            "server_name": "rufus.zone",
            "server_url": "http://rufus.zone/stalker_portal/c/",
            "macs": [
                "00:1A:79:C5:46:C3",
                "00:1A:79:C2:D6:E1",
                "00:1A:79:E0:26:31",
                "00:1A:79:94:7A:E1"
            ]
        },
        {
            "server_name": "4r53xruv2.11121367.xyz:8080",
            "server_url": "http://4r53xruv2.11121367.xyz:8080/c/",
            "macs": [
                "00:1A:79:BD:26:3A"
            ]
        },
        {
            "server_name": "stalker.ugoiptv.com",
            "server_url": "http://stalker.ugoiptv.com/c/",
            "macs": [
                "00:1A:79:F1:FE:C5"
            ]
        },
        {
            "server_name": "mag.greatott.me",
            "server_url": "http://mag.greatott.me/c/",
            "macs": [
                "00:1A:79:60:C3:43",
                "00:1A:79:D1:09:52"
            ]
        },
        {
            "server_name": "m.suportline.xyz",
            "server_url": "http://m.suportline.xyz/stalker_portal/c/",
            "macs": [
                "00:1A:79:9C:7F:EB",
                "00:1A:79:80:4F:07",
                "00:1A:79:80:83:99",
                "00:1A:79:B9:51:99",
                "00:1A:79:9E:28:22",
                "00:1A:79:80:4F:07",
                "00:1A:79:55:0F:1E",
                "00:1A:79:23:AC:92",
                "00:1A:79:6A:AD:C4"
            ]
        },
        {
            "server_name": "4r53xruv2.11121367.xyz:8080",
            "server_url": "http://4r53xruv2.11121367.xyz:8080/c/",
            "macs": [
                "00:1A:79:EF:1C:8F"
            ]
        },
        {
            "server_name": "hdtvs.pro:8080",
            "server_url": "http://hdtvs.pro:8080/c/",
            "macs": [
                "00:1A:79:BD:26:3A",
                "00:1A:79:EF:1C:8F"
            ]
        },
        {
            "server_name": "sonymax.org:8080",
            "server_url": "http://sonymax.org:8080/c/",
            "macs": [
                "00:1A:79:BD:26:3A"
            ]
        },
        {
            "server_name": "ip.sltv.xyz:8080",
            "server_url": "http://ip.sltv.xyz:8080/c/",
            "macs": [
                "00:1A:79:BD:26:3A",
                "00:1A:79:EF:1C:8F"
            ]
        },
        {
            "server_name": "download.best-ott.me:80",
            "server_url": "http://download.best-ott.me:80/c/",
            "macs": [
                "00:1A:79:72:19:EC",
                "00:1A:79:2E:52:4D",
                "00:1A:79:45:A7:9A",
                "00:1A:79:48:E3:09",
                "00:1A:79:BA:40:17"
            ]
        }
    ]
}