{
    "items": [
        {
            "server_name": "4connect.link",
            "server_url": "http://4connect.link/c/",
            "macs": [
                "00:1A:79:5E:60:8F",
                "00:1A:79:AA:E4:4D",
                "00:1A:79:AE:74:EB",
                "00:1A:79:AE:80:35",
                "00:1A:79:AF:89:68",
                "00:1A:79:AF:FA:5F",
                "00:1A:79:B0:59:9B",
                "00:1A:79:B0:60:92",
                "00:1A:79:B6:D8:3C",
                "00:1A:79:B7:74:C0",
                "00:1A:79:BA:3C:0B",
                "00:1A:79:BA:A0:F4"
            ]
        },
        {
            "server_name": "trex.8kott.xyz",
            "server_url": "http://trex.8kott.xyz/c/",
            "macs": [
                "00:1A:79:4E:90:B9",
                "00:1A:79:61:35:36",
                "00:1A:79:6D:10:34",
                "00:1A:79:6E:4B:28",
                "00:1A:79:B5:6E:45",
                "00:1A:79:E7:A9:0B"
            ]
        },
        {
            "server_name": "nossacasa55.ddns.net:8080",
            "server_url": "http://nossacasa55.ddns.net:8080/c/",
            "macs": [
                "00:1A:79:05:DE:B0",
                "00:1A:79:3B:17:50",
                "00:1A:79:52:29:A4",
                "00:1A:79:53:7D:C1",
                "00:1A:79:55:97:DC",
                "00:1A:79:58:EC:A5",
                "00:1A:79:63:91:A3",
                "00:1A:79:7E:27:17",
                "00:1A:79:8C:0A:B2",
                "00:1A:79:AB:31:CD",
                "00:1A:79:AE:B2:EB",
                "00:1A:79:B3:A1:DA",
                "00:1A:79:C1:9F:5B",
                "00:1A:79:C4:B7:FE",
                "00:1A:79:C8:1B:10",
                "00:1A:79:ED:2A:1C",
                "00:1A:79:FE:1F:92"
            ]
        },
        {
            "server_name": "107.189.14.168:8080",
            "server_url": "http://107.189.14.168:8080/c/",
            "macs": [
                "00:1A:79:2E:D6:05",
                "00:1A:79:66:8A:E0",
                "00:1A:79:93:4C:AD"
            ]
        },
        {
            "server_name": "spacextv.live:8080",
            "server_url": "http://spacextv.live:8080/c/",
            "macs": [
                "00:1A:79:4D:01:BB"
            ]
        },
        {
            "server_name": "mag.greatott.me",
            "server_url": "http://mag.greatott.me/c/",
            "macs": [
                "00:1A:79:18:1F:9F"
            ]
        },
        {
            "server_name": "pointpython.streamtv.to:8080",
            "server_url": "http://pointpython.streamtv.to:8080/c/",
            "macs": [
                "00:1A:79:55:5E:9A"
            ]
        },
        {
            "server_name": "mutant.arrox.top:80",
            "server_url": "http://mutant.arrox.top:80/c/",
            "macs": [
                "00:1A:79:37:68:10",
                "00:1A:79:77:3C:7B",
                "00:1A:79:7B:DD:ED",
                "00:1A:79:D7:A2:FA"
            ]
        },
        {
            "server_name": "mag.premiumplus.tv",
            "server_url": "http://mag.premiumplus.tv/c/",
            "macs": [
                "00:1A:79:A1:FB:78",
                "00:1A:79:B6:3B:6B"
            ]
        },
        {
            "server_name": "stalker.ugoiptv.com",
            "server_url": "http://stalker.ugoiptv.com/c/",
            "macs": [
                "00:1A:79:00:0D:C9",
                "00:1A:79:5D:23:51"
            ]
        },
        {
            "server_name": "tv.psmarters.xyz:8080",
            "server_url": "http://tv.psmarters.xyz:8080/c/",
            "macs": [
                "00:1A:79:13:51:E3",
                "00:1A:79:13:51:E9",
                "00:1A:79:13:54:EF",
                "00:1A:79:13:55:59",
                "00:1A:79:13:55:65",
                "00:1A:79:13:57:45"
            ]
        },
        {
            "server_name": "iptvswiss.com.123tv.to:8080",
            "server_url": "http://iptvswiss.com.123tv.to:8080/c/",
            "macs": [
                "00:1A:79:49:B7:CC",
                "00:1A:79:67:BB:48"
            ]
        },
        {
            "server_name": "brokentv.rip:8080",
            "server_url": "http://brokentv.rip:8080/c/",
            "macs": [
                "00:1A:79:49:9C:A7",
                "00:1A:79:63:48:E1",
                "00:1A:79:82:A2:80",
                "00:1A:79:CD:04:22",
                "00:1A:79:EA:6A:E5"
            ]
        },
        {
            "server_name": "45.139.122.199:8080",
            "server_url": "http://45.139.122.199:8080/c/",
            "macs": [
                "00:1A:79:4D:13:73",
                "00:1A:79:50:30:6C",
                "00:1A:79:A6:54:34",
                "00:1A:79:AD:84:81",
                "00:1A:79:AE:CC:32",
                "00:1A:79:B4:4F:81",
                "00:1A:79:B7:2B:B7",
                "00:1A:79:C3:0D:FD",
                "00:1A:79:C4:22:DD",
                "00:1A:79:C5:48:7B",
                "00:1A:79:F4:8C:3A"
            ]
        },
        {
            "server_name": "fastrunner.live:8080",
            "server_url": "http://fastrunner.live:8080/c/",
            "macs": [
                "00:1A:79:4E:E6:E3",
                "00:1A:79:52:D6:B3",
                "00:1A:79:87:38:0F",
                "00:1A:79:A1:FB:35",
                "00:1A:79:AB:65:62",
                "00:1A:79:B6:39:31",
                "00:1A:79:C7:CA:98",
                "00:1A:79:C8:10:EF",
                "00:1A:79:D8:D5:E5"
            ]
        },
        {
            "server_name": "iptvch2.com",
            "server_url": "http://iptvch2.com/c/",
            "macs": [
                "00:1A:79:29:ED:73"
            ]
        },
        {
            "server_name": "magico.livrexs.xyz",
            "server_url": "http://magico.livrexs.xyz/c/",
            "macs": [
                "00:1A:79:19:02:47",
                "00:1A:79:A3:1A:93",
                "00:1A:79:AC:C3:25",
                "00:1A:79:AE:00:45",
                "00:1A:79:B9:99:FC",
                "00:1A:79:BD:4F:C0",
                "00:1A:79:BF:D7:0E",
                "00:1A:79:C2:0E:6F",
                "00:1A:79:C6:AC:2E",
                "00:1A:79:CE:01:34"
            ]
        },
        {
            "server_name": "p1.uiop.tv:8037",
            "server_url": "http://p1.uiop.tv:8037/stalker_portal/c/",
            "macs": [
                "00:1A:79:40:C7:38",
                "00:1A:79:48:6C:33",
                "00:1A:79:53:8C:29"
            ]
        },
        {
            "server_name": "exm3u.123tv.to:8080",
            "server_url": "http://exm3u.123tv.to:8080/c/",
            "macs": [
                "00:1A:79:33:EC:89",
                "00:1A:79:D7:40:A4"
            ]
        },
        {
            "server_name": "d.tvplusfr.com:80",
            "server_url": "http://d.tvplusfr.com:80/c/",
            "macs": [
                "00:1A:79:00:00:97",
                "00:1A:79:00:01:4E",
                "00:1A:79:00:07:BB",
                "00:1A:79:00:09:D4",
                "00:1A:79:00:0B:44",
                "00:1A:79:00:0B:85"
            ]
        },
        {
            "server_name": "fuego-iptv.net:2082",
            "server_url": "http://fuego-iptv.net:2082/c/",
            "macs": [
                "00:1A:79:00:00:01",
                "00:1A:79:00:00:10",
                "00:1A:79:00:00:11"
            ]
        },
        {
            "server_name": "185.182.193.203:25461",
            "server_url": "http://185.182.193.203:25461/c/",
            "macs": [
                "00:1A:79:5D:8E:4A",
                "00:1A:79:63:96:22",
                "00:1A:79:B0:63:E4",
                "00:1A:79:C7:B0:64",
                "00:1A:79:C9:84:D7"
            ]
        },
        {
            "server_name": "23232.top",
            "server_url": "http://23232.top/c/",
            "macs": [
                "00:1A:79:29:13:90",
                "00:1A:79:2C:65:0A",
                "00:1A:79:4A:1B:50",
                "00:1A:79:55:86:74",
                "00:1A:79:7C:71:18",
                "00:1A:79:7E:0A:4A",
                "00:1A:79:B6:92:A7",
                "00:1A:79:B8:23:8E",
                "00:1A:79:B8:3B:A7",
                "00:1A:79:C1:75:F6",
                "00:1A:79:C6:F5:5B",
                "00:1A:79:EE:85:08"
            ]
        },
        {
            "server_name": "stb.iphd.tv",
            "server_url": "http://stb.iphd.tv/c/",
            "macs": [
                "00:1A:79:41:E6:8C",
                "00:1A:79:6A:1A:8D",
                "00:1A:79:B3:77:B5",
                "00:1A:79:B7:2E:E8"
            ]
        },
        {
            "server_name": "wiki-ott.org:8789",
            "server_url": "http://wiki-ott.org:8789/c/",
            "macs": [
                "00:1A:79:05:A3:28",
                "00:1A:79:23:7A:F4",
                "00:1A:79:3D:5C:6F",
                "00:1A:79:5B:E4:DE",
                "00:1A:79:5E:F3:6F",
                "00:1A:79:6A:AC:A5",
                "00:1A:79:70:68:3F",
                "00:1A:79:7A:42:12",
                "00:1A:79:94:21:A0",
                "00:1A:79:98:97:56",
                "00:1A:79:A4:58:03",
                "00:1A:79:A5:40:70"
            ]
        },
        {
            "server_name": "uhd3.one",
            "server_url": "http://uhd3.one/c/",
            "macs": [
                "00:1A:79:49:31:19",
                "00:1A:79:BD:38:8F",
                "00:1A:79:C3:F6:24",
                "00:1A:79:D0:30:8E",
                "00:1A:79:E8:00:41",
                "00:1A:79:F1:B8:16"
            ]
        }
    ]
}