{
    "items": [
        {
            "server_name": "nossacasa55.ddns.net:8080",
            "server_url": "http://nossacasa55.ddns.net:8080/c/",
            "macs": [
                "00:1A:79:FE:1F:92",
                "00:1A:79:7E:27:17",
                "00:1A:79:AE:B2:EB"
            ]
        },
        {
            "server_name": "mag.ukhd.tv",
            "server_url": "http://mag.ukhd.tv/c/",
            "macs": [
                "00:1A:79:A6:3F:91",
                "00:1A:79:AA:3F:8E",
                "00:1A:79:6C:25:A4",
                "00:1A:79:24:5F:FE"
            ]
        },
        {
            "server_name": "roxs.xyz",
            "server_url": "http://roxs.xyz/c/",
            "macs": [
                "00:1A:79:90:0B:B4",
                "00:1A:79:E0:4F:11",
                "00:1A:79:90:0E:6B"
            ]
        },
        {
            "server_name": "fzahtv.com",
            "server_url": "http://fzahtv.com/c/",
            "macs": [
                "00:1A:79:B3:97:F9"
            ]
        },
        {
            "server_name": "owliptv.gentv.to:8080",
            "server_url": "http://owliptv.gentv.to:8080/c/",
            "macs": [
                "00:1A:79:85:BA:26"
            ]
        }
    ]
}