{
    "items": [
        {
            "server_name": "spacextv.live:8080",
            "server_url": "http://spacextv.live:8080/c/",
            "macs": [
                "00:1A:79:6E:2E:DE",
                "00:1A:79:AF:36:D9",
                "00:1A:79:08:EA:47",
                "00:1A:79:BA:D5:E1"
            ]
        },
        {
            "server_name": "hdmiclub.online:8080",
            "server_url": "http://hdmiclub.online:8080/c/",
            "macs": [
                "00:1A:79:D2:A6:46",
                "00:1A:79:CC:F6:26"
            ]
        },
        {
            "server_name": "mol-2.com:8080",
            "server_url": "http://mol-2.com:8080/c/",
            "macs": [
                "00:1A:79:BA:82:9D",
                "00:1A:79:AC:C8:02",
                "00:1A:79:B2:41:33",
                "00:1A:79:CC:8F:4D",
                "00:1A:79:B5:C4:7E",
                "00:1A:79:B7:AC:82",
                "00:1A:79:57:24:BA",
                "00:1A:79:B2:7A:8F",
                "00:1A:79:B4:38:3A",
                "00:1A:79:B6:42:B6",
                "00:1A:79:AD:EF:3E",
                "00:1A:79:B5:17:7F",
                "00:1A:79:BC:CF:06",
                "00:1A:79:AA:D1:14",
                "00:1A:79:AE:DC:37",
                "00:1A:79:B9:95:85",
                "00:1A:79:4F:4C:A9",
                "00:1A:79:BF:98:2C",
                "00:1A:79:B2:CB:FA",
                "00:1A:79:B1:74:0C"
            ]
        },
        {
            "server_name": "one.dream4ktv.biz:2082",
            "server_url": "http://one.dream4ktv.biz:2082/c/",
            "macs": [
                "00:1A:79:DB:7A:A3",
                "00:1A:79:9B:30:1D",
                "00:1A:79:07:DB:E9",
                "00:1A:79:73:18:52",
                "00:1A:79:46:C0:C3"
            ]
        },
        {
            "server_name": "starshare.live:8080",
            "server_url": "http://starshare.live:8080/c/",
            "macs": [
                "00:1A:79:AF:A4:CA",
                "00:1A:79:8D:BF:A7",
                "00:1A:79:B5:18:26",
                "00:1A:79:70:78:F3",
                "00:1A:79:C8:53:2A",
                "00:1A:79:58:77:2F",
                "00:1A:79:7E:D6:C8"
            ]
        },
        {
            "server_name": "otx.arabitv5.com:8000",
            "server_url": "http://otx.arabitv5.com:8000/c/",
            "macs": [
                "00:1A:79:2A:39:AF",
                "00:1A:79:42:D2:F0",
                "00:1A:79:72:9C:96",
                "00:1A:79:3D:22:6A",
                "00:1A:79:2A:37:27",
                "00:1A:79:2A:39:1C",
                "00:1A:79:42:E4:3B",
                "00:1A:79:36:E8:CF",
                "00:1A:79:CA:2F:3B",
                "00:1A:79:43:11:45",
                "00:1A:79:72:9C:76"
            ]
        },
        {
            "server_name": "45.139.122.199:2095",
            "server_url": "http://45.139.122.199:2095/c/",
            "macs": [
                "00:1A:79:03:04:CC",
                "00:1A:79:BB:ED:8B",
                "00:1A:79:AE:E0:93",
                "00:1A:79:AB:56:C3",
                "00:1A:79:CE:11:78",
                "00:1A:79:B3:6A:47",
                "00:1A:79:B0:91:D9",
                "00:1A:79:AE:D0:C5",
                "00:1A:79:A8:69:F5",
                "00:1A:79:C4:26:9E",
                "00:1A:79:B7:2C:1B",
                "00:1A:79:C0:80:72",
                "00:1A:79:21:17:50",
                "00:1A:79:4B:47:B6"
            ]
        },
        {
            "server_name": "iup-tv.com:8080",
            "server_url": "http://iup-tv.com:8080/c/",
            "macs": [
                "00:1A:79:BB:C9:6E",
                "00:1A:79:BC:D9:36",
                "00:1A:79:C1:EA:33",
                "00:1A:79:BB:3E:A4",
                "00:1A:79:60:05:89",
                "00:1A:79:AB:68:6B",
                "00:1A:79:AB:41:3E",
                "00:1A:79:B5:55:CE",
                "00:1A:79:B5:5A:8B",
                "00:1A:79:42:2E:2B"
            ]
        },
        {
            "server_name": "stb.iphd.tv",
            "server_url": "http://stb.iphd.tv/c/",
            "macs": [
                "00:1A:79:C8:28:C4",
                "00:1A:79:37:1B:99",
                "00:1A:79:A9:D3:C9",
                "00:1A:79:25:74:DF",
                "00:1A:79:4C:C4:CF",
                "00:1A:79:6A:13:91",
                "00:1A:79:C4:98:7C",
                "00:1A:79:C3:1F:32",
                "00:1A:79:87:9F:AC",
                "00:1A:79:B5:27:06"
            ]
        },
        {
            "server_name": "line.protv.cc:80",
            "server_url": "http://line.protv.cc:80/c/",
            "macs": [
                "00:1A:79:00:5A:FA",
                "00:1A:79:00:59:0D",
                "00:1A:79:00:59:4D",
                "00:1A:79:00:56:16"
            ]
        },
        {
            "server_name": "apk.androidtrex.com:80",
            "server_url": "http://apk.androidtrex.com:80/c/",
            "macs": [
                "00:1A:79:01:70:89",
                "00:1A:79:5A:F6:CC"
            ]
        },
        {
            "server_name": "backup.xp1.tv",
            "server_url": "http://backup.xp1.tv/c/",
            "macs": [
                "00:1A:79:25:7F:F2",
                "00:1a:79:a2:BE:1C",
                "00:1A:79:A1:84:A3"
            ]
        },
        {
            "server_name": "line.protv.cc:80",
            "server_url": "http://line.protv.cc:80/c/",
            "macs": [
                "00:1A:79:00:B2:0C",
                "00:1A:79:00:0C:FC",
                "00:1A:79:00:94:57",
                "00:1A:79:00:14:F9"
            ]
        },
        {
            "server_name": "stb.iphd.tv",
            "server_url": "http://stb.iphd.tv/c/",
            "macs": [
                "00:1A:79:C8:28:C4",
                "00:1A:79:37:1B:99",
                "00:1A:79:A9:D3:C9",
                "00:1A:79:25:74:DF",
                "00:1A:79:4C:C4:CF",
                "00:1A:79:6A:13:91",
                "00:1A:79:C4:98:7C",
                "00:1A:79:C3:1F:32"
            ]
        },
        {
            "server_name": "coresys.dvrdns.org:25461",
            "server_url": "http://coresys.dvrdns.org:25461/c/",
            "macs": [
                "00:1A:79:87:9F:AC",
                "00:1A:79:B5:27:06"
            ]
        },
        {
            "server_name": "117tv.icu:8080",
            "server_url": "http://117tv.icu:8080/c/",
            "macs": [
                "00:1A:79:E5:62:9B",
                "00:1A:79:BB:74:BA"
            ]
        },
        {
            "server_name": "195.62.32.60:8080",
            "server_url": "http://195.62.32.60:8080/c/",
            "macs": [
                "00:1A:79:7a:f4:c0"
            ]
        },
        {
            "server_name": "zepequeno.xyz:8080",
            "server_url": "http://zepequeno.xyz:8080/c/",
            "macs": [
                "00:1A:79:c8:32:04",
                "00:1A:79:ae:1e:b7",
                "00:1A:79:b0:c8:58"
            ]
        },
        {
            "server_name": "jedihosting.net:80",
            "server_url": "http://jedihosting.net:80/c/",
            "macs": [
                "00:1A:79:8a:2b:38"
            ]
        },
        {
            "server_name": "ipx.center:80",
            "server_url": "http://ipx.center:80/c/",
            "macs": [
                "00:1A:79:20:7f:a2",
                "00:1A:79:ab:2e:83"
            ]
        },
        {
            "server_name": "stilustv.com:80",
            "server_url": "http://stilustv.com:80/c/",
            "macs": [
                "00:1A:79:bd:5f:1e"
            ]
        },
        {
            "server_name": "6.iptv11.is:80",
            "server_url": "http://6.iptv11.is:80/c/",
            "macs": [
                "00:1A:79:65:18:48",
                "00:1A:79:cd:47:db",
                "00:1A:79:b6:d4:80",
                "00:1A:79:5a:c1:f8",
                "00:1A:79:61:9f:5e",
                "00:1A:79:ae:ed:53",
                "00:1A:79:ae:f6:df",
                "00:1A:79:c3:13:58",
                "00:1A:79:2c:d6:72",
                "00:1A:79:4b:f3:fa",
                "00:1A:79:2f:e0:1d",
                "00:1A:79:05:05:24",
                "00:1A:79:b3:59:b7",
                "00:1A:79:e5:40:cb",
                "00:1A:79:b9:24:dc"
            ]
        },
        {
            "server_name": "germanytv.live:8080",
            "server_url": "http://germanytv.live:8080/c/",
            "macs": [
                "00:1A:79:6E:2F:5F",
                "00:1A:79:BD:19:4A",
                "00:1A:79:07:BA:73"
            ]
        },
        {
            "server_name": "line.field-4k.cc:80",
            "server_url": "http://line.field-4k.cc:80/c/",
            "macs": [
                "00:1a:79:d6:e6:62",
                "00:1a:79:47:af:40",
                "00:1a:79:18:04:9e",
                "00:1a:79:66:87:ea",
                "00:1a:79:a7:4f:7d",
                "00:1a:79:6a:ce:f7",
                "00:1a:79:ba:39:f1",
                "00:1a:79:13:bc:fb",
                "00:1a:79:ca:70:63",
                "00:1a:79:1f:bb:b8",
                "00:1a:79:78:ad:cf",
                "00:1a:79:bb:ed:a6",
                "00:1a:79:c0:17:05"
            ]
        },
        {
            "server_name": "ggddnss2.com:8080",
            "server_url": "http://ggddnss2.com:8080/c/",
            "macs": [
                "00:1A:79:40:9a:57"
            ]
        },
        {
            "server_name": "cjq2tlq3b.11121367.xyz:8080",
            "server_url": "http://cjq2tlq3b.11121367.xyz:8080/c/",
            "macs": [
                "00:1A:79:6b:35:bb",
                "00:1A:79:7b:91:1e"
            ]
        },
        {
            "server_name": "llllllllliiiiiiiiiiiiii.funtogether.xyz:8080",
            "server_url": "http://llllllllliiiiiiiiiiiiii.funtogether.xyz:8080/c/",
            "macs": [
                "00:1A:79:c3:38:e3",
                "00:1A:79:2d:88:38",
                "00:1A:79:43:de:fb",
                "00:1A:79:71:81:a2",
                "00:1A:79:ae:20:88"
            ]
        },
        {
            "server_name": "spacextv.live:8080",
            "server_url": "http://spacextv.live:8080/c/",
            "macs": [
                "00:1A:79:B6:23:00",
                "00:1A:79:0F:4A:3C",
                "00:1A:79:08:EB:24",
                "00:1A:79:BD:B5:6F",
                "00:1A:79:4D:09:C8"
            ]
        }
    ]
}