{
    "items": [
        {
            "server_name": "eurotuga.xyz:8080",
            "server_url": "http://eurotuga.xyz:8080/c/",
            "macs": [
                "00:1A:79:0E:13:B5"
            ]
        },
        {
            "server_name": "neomixs.com:8080",
            "server_url": "http://neomixs.com:8080/c/",
            "macs": [
                "00:1a:79:20:7f:9c",
                "00:1a:79:19:6f:86",
                "00:1a:79:a4:7d:c3",
                "00:1a:79:a7:ca:56",
                "00:1a:79:b8:7c:ed",
                "00:1a:79:aa:6c:30",
                "00:1a:79:af:8d:53",
                "00:1a:79:95:67:83",
                "00:1a:79:77:38:9f",
                "00:1a:79:2f:3b:02"
            ]
        }
    ]
}