{
    "items": [
        {
            "server_name": "predator007.com:8080",
            "server_url": "http://predator007.com:8080/c/",
            "macs": [
                "00:1A:79:42:71:B9",
                "00:1A:79:55:A7:23"
            ]
        },
        {
            "server_name": "sv.tex01.xyz:8080",
            "server_url": "http://sv.tex01.xyz:8080/c/",
            "macs": [
                "00:1A:79:66:DD:48",
                "00:1A:79:74:98:E8",
                "00:1A:79:AC:87:4F",
                "00:1A:79:B2:E0:CE"
            ]
        },
        {
            "server_name": "89.187.189.89:9010",
            "server_url": "http://89.187.189.89:9010/stalker_portal/c/",
            "macs": [
                "00:1A:79:4E:0D:6E",
                "00:1A:79:51:9E:5B",
                "00:1A:79:54:74:83",
                "00:1A:79:A9:0B:72"
            ]
        },
        {
            "server_name": "45.139.122.199:8080",
            "server_url": "http://45.139.122.199:8080/c/",
            "macs": [
                "00:1A:79:46:E7:EA",
                "00:1A:79:61:38:65",
                "00:1A:79:65:5D:59",
                "00:1A:79:6D:51:4E",
                "00:1A:79:72:B4:6B",
                "00:1A:79:7A:B6:43",
                "00:1A:79:9C:DA:BC",
                "00:1A:79:A5:2F:2E",
                "00:1A:79:A9:21:38",
                "00:1A:79:AA:E2:C3",
                "00:1A:79:AB:F6:94",
                "00:1A:79:B6:45:17",
                "00:1A:79:B6:D9:89",
                "00:1A:79:B9:E4:A7",
                "00:1A:79:C0:0B:78",
                "00:1A:79:C3:19:E2",
                "00:1A:79:C3:2D:39",
                "00:1A:79:CB:71:B6",
                "00:1A:79:CC:35:A1",
                "00:1A:79:D0:15:71"
            ]
        },
        {
            "server_name": "tv.banjotv.tv",
            "server_url": "http://tv.banjotv.tv/stalker_portal/c/",
            "macs": [
                "00:1A:79:05:08:99",
                "00:1A:79:15:4F:65",
                "00:1A:79:37:86:55"
            ]
        },
        {
            "server_name": "restream.cdn-4k.cloud",
            "server_url": "http://restream.cdn-4k.cloud/c/",
            "macs": [
                "00:1A:79:28:FE:47",
                "00:1A:79:73:03:EA",
                "00:1A:79:80:C2:27",
                "00:1A:79:C3:2D:2F"
            ]
        },
        {
            "server_name": "145.239.253.183",
            "server_url": "http://145.239.253.183/stalker_portal/c/",
            "macs": [
                "00:1A:79:77:2D:F6"
            ]
        }
    ]
}