{
    "items": [
        {
            "server_name": "185.243.7.154",
            "server_url": "http://185.243.7.154/c/",
            "macs": [
                "00:1a:79:a5:a5:10",
                "00:1A:79:C2:A5:53"
            ]
        },
        {
            "server_name": "restream.globaltv1.net:8080",
            "server_url": "http://restream.globaltv1.net:8080/c/",
            "macs": [
                "00:1A:79:4d:00:4b",
                "00:1A:79:AB:5E:76",
                "00:1A:79:4D:05:F4",
                "00:1A:79:B1:4C:7D",
                "00:1A:79:4D:03:87",
                "00:1A:79:13:4F:22",
                "00:1A:79:4D:05:14",
                "00:1A:79:10:E0:73",
                "00:1A:79:13:53:5C",
                "00:1A:79:1C:14:0A",
                "00:1A:79:71:88:67"
            ]
        },
        {
            "server_name": "ultra-box.club",
            "server_url": "http://ultra-box.club/c/",
            "macs": [
                "00:1A:79:75:24:58",
                "00:1A:79:b7:74:05"
            ]
        },
        {
            "server_name": "images48-dp.ddns.me:8080",
            "server_url": "http://images48-dp.ddns.me:8080/c/",
            "macs": [
                "00:1A:79:4b:f9:29",
                "00:1A:79:6c:5a:bb"
            ]
        },
        {
            "server_name": "power4kiptv.info:8080",
            "server_url": "http://power4kiptv.info:8080/c/",
            "macs": [
                "00:1A:79:10:d5:c1",
                "00:1A:79:a4:00:07",
                "00:1A:79:0e:39:65"
            ]
        },
        {
            "server_name": "4k.f01tv.live:8080",
            "server_url": "http://4k.f01tv.live:8080/c/",
            "macs": [
                "00:1A:79:0e:39:5c"
            ]
        },
        {
            "server_name": "mag.myox.me:80",
            "server_url": "http://mag.myox.me:80/c/",
            "macs": [
                "00:1A:79:30:6F:58",
                "00:1A:79:E9:A1:56",
                "00:1A:79:70:68:EA"
            ]
        },
        {
            "server_name": "hd-max.org:8080",
            "server_url": "http://hd-max.org:8080/c/",
            "macs": [
                "00:1A:79:08:3F:64",
                "00:1A:79:08:8F:2D"
            ]
        },
        {
            "server_name": "mag.ukhd.tv",
            "server_url": "http://mag.ukhd.tv/c/",
            "macs": [
                "00:1A:79:1D:7F:22"
            ]
        },
        {
            "server_name": "restream.globaltv1.net:8080",
            "server_url": "http://restream.globaltv1.net:8080/c/",
            "macs": [
                "00:1A:79:4d:00:4b",
                "00:1A:79:AB:5E:76",
                "00:1A:79:B1:4C:7D",
                "00:1A:79:4D:03:87",
                "00:1A:79:10:E0:73",
                "00:1A:79:1C:14:0A",
                "00:1A:79:71:88:67"
            ]
        },
        {
            "server_name": "zorrohunter.com:80",
            "server_url": "http://zorrohunter.com:80/c/",
            "macs": [
                "00:1A:79:31:F2:52"
            ]
        },
        {
            "server_name": "tv.psmarters.xyz:8080",
            "server_url": "http://tv.psmarters.xyz:8080/c/",
            "macs": [
                "00:1A:79:4d:00:4b"
            ]
        },
        {
            "server_name": "vocotv.live:80",
            "server_url": "http://vocotv.live:80/c/",
            "macs": [
                "00:1A:79:7F:BB:24"
            ]
        },
        {
            "server_name": "xcmaster.live:8080",
            "server_url": "http://xcmaster.live:8080/c/",
            "macs": [
                "00:1A:79:4D:00:D0",
                "00:1A:79:00:12:A3",
                "00:1A:79:57:20:B1",
                "00:1a:79:ab:aa:f7"
            ]
        },
        {
            "server_name": "backup.xp1.tv",
            "server_url": "http://backup.xp1.tv/c/",
            "macs": [
                "00:1a:79:a2:BE:1C"
            ]
        },
        {
            "server_name": "ocean2218.xyz:8080",
            "server_url": "http://ocean2218.xyz:8080/c/",
            "macs": [
                "00:1A:79:14:E1:64"
            ]
        }
    ]
}