{
    "items": [
        {
            "server_name": "media.ottpurstream.com",
            "server_url": "http://media.ottpurstream.com/c/",
            "macs": [
                "00:1A:79:64:DE:1D",
                "00:1A:79:6B:6B:68",
                "00:1A:79:9E:B5:20",
                "00:1A:79:C1:E1:BD"
            ]
        },
        {
            "server_name": "m.devtv.biz",
            "server_url": "http://m.devtv.biz/c/",
            "macs": [
                "00:1A:79:1C:14:89",
                "00:1A:79:3D:C6:6A",
                "00:1A:79:53:D7:32",
                "00:1A:79:6F:5F:1C",
                "00:1A:79:9B:67:BC",
                "00:1A:79:AB:B6:53"
            ]
        },
        {
            "server_name": "iptvgarden.streamtv.to:8080",
            "server_url": "http://iptvgarden.streamtv.to:8080/c/",
            "macs": [
                "00:1A:79:B7:84:96",
                "00:1A:79:C0:94:62"
            ]
        },
        {
            "server_name": "iptv.darktv.eu:80",
            "server_url": "http://iptv.darktv.eu:80/c/",
            "macs": [
                "00:1A:79:0E:1F:E1",
                "00:1A:79:14:66:09",
                "00:1A:79:14:66:16"
            ]
        },
        {
            "server_name": "tkosportz.live:25461",
            "server_url": "http://tkosportz.live:25461/c/",
            "macs": [
                "00:1A:79:2D:6A:7A",
                "00:1A:79:E5:A8:48",
                "00:1A:79:E5:C4:AF",
                "00:1A:79:E5:E5:6E",
                "00:1A:79:E6:D0:2F"
            ]
        },
        {
            "server_name": "reefinfinity.site:8080",
            "server_url": "http://reefinfinity.site:8080/c/",
            "macs": [
                "00:1A:79:45:E7:72"
            ]
        },
        {
            "server_name": "magonlyx.abcott.me",
            "server_url": "http://magonlyx.abcott.me/c/",
            "macs": [
                "00:1A:79:3A:F8:E9",
                "00:1A:79:83:9F:07",
                "00:1A:79:A2:6E:B8",
                "00:1A:79:D8:1D:3B",
                "00:1A:79:F5:18:37"
            ]
        },
        {
            "server_name": "dragoniptv.de:80",
            "server_url": "http://dragoniptv.de:80/c/",
            "macs": [
                "00:1A:79:05:DD:D4",
                "00:1A:79:0C:34:C0",
                "00:1A:79:22:90:F3",
                "00:1A:79:38:1F:30",
                "00:1A:79:57:CE:C0",
                "00:1A:79:6A:F6:0D",
                "00:1A:79:8B:A6:E3",
                "00:1A:79:A1:5D:9E",
                "00:1A:79:A1:F2:CA",
                "00:1A:79:AC:90:98",
                "00:1A:79:BA:BF:45",
                "00:1A:79:BA:C0:B7",
                "00:1A:79:BB:F7:6D",
                "00:1A:79:C8:7C:4F"
            ]
        },
        {
            "server_name": "89.187.189.89:9010",
            "server_url": "http://89.187.189.89:9010/stalker_portal/c/",
            "macs": [
                "00:1A:79:02:8F:BF",
                "00:1A:79:03:0F:B5",
                "00:1A:79:04:93:A6",
                "00:1A:79:06:19:F0",
                "00:1A:79:07:15:F1",
                "00:1A:79:07:9B:55",
                "00:1A:79:08:1C:7E",
                "00:1A:79:0C:25:0D",
                "00:1A:79:10:27:D5",
                "00:1A:79:10:A6:C2",
                "00:1A:79:13:B0:13",
                "00:1A:79:49:45:F4",
                "00:1A:79:54:46:27",
                "00:1A:79:55:05:63",
                "00:1A:79:63:63:35"
            ]
        },
        {
            "server_name": "ix.kingtv.pw",
            "server_url": "http://ix.kingtv.pw/c/",
            "macs": [
                "00:1A:79:0F:45:66",
                "00:1A:79:13:50:4C",
                "00:1A:79:13:51:0C",
                "00:1A:79:9E:85:F5",
                "00:1A:79:A4:0C:EE",
                "00:1A:79:A5:C0:21"
            ]
        },
        {
            "server_name": "xc-clubtv.xyz:8080",
            "server_url": "http://xc-clubtv.xyz:8080/c/",
            "macs": [
                "00:1A:79:31:3F:84"
            ]
        },
        {
            "server_name": "lllllliiiiiiidsa9.funtogether.xyz:8080",
            "server_url": "http://lllllliiiiiiidsa9.funtogether.xyz:8080/c/",
            "macs": [
                "00:1A:79:07:A9:69",
                "00:1A:79:50:D2:75",
                "00:1A:79:64:42:E6",
                "00:1A:79:75:66:5D",
                "00:1A:79:A6:F6:58",
                "00:1A:79:B0:98:6F",
                "00:1A:79:B3:24:45",
                "00:1A:79:B4:E9:79",
                "00:1A:79:B9:87:DE",
                "00:1A:79:C0:75:59",
                "00:1A:79:C0:98:47",
                "00:1A:79:C3:F2:90",
                "00:1A:79:C8:07:D8",
                "00:1A:79:C9:78:5F",
                "00:1A:79:CD:12:D2",
                "00:1A:79:D1:8C:7D",
                "00:1A:79:DE:79:79"
            ]
        },
        {
            "server_name": "nonamevos.com",
            "server_url": "http://nonamevos.com/c/",
            "macs": [
                "00:1A:79:23:B7:39"
            ]
        },
        {
            "server_name": "103.161.34.27:8080",
            "server_url": "http://103.161.34.27:8080/c/",
            "macs": [
                "00:1A:79:00:02:E6",
                "00:1A:79:00:04:D9"
            ]
        },
        {
            "server_name": "ledir.thund.re:80",
            "server_url": "http://ledir.thund.re:80/c/",
            "macs": [
                "00:1A:79:02:59:77",
                "00:1A:79:02:78:47",
                "00:1A:79:1A:04:B7",
                "00:1A:79:74:4E:C7",
                "00:1A:79:C5:94:26"
            ]
        },
        {
            "server_name": "ragnartvpars.xyz:8080",
            "server_url": "http://ragnartvpars.xyz:8080/c/",
            "macs": [
                "00:1A:79:14:6B:95",
                "00:1A:79:14:6D:03",
                "00:1A:79:4D:04:7B"
            ]
        },
        {
            "server_name": "cbrlig.com:8080",
            "server_url": "http://cbrlig.com:8080/c/",
            "macs": [
                "00:1A:79:A3:F6:7D",
                "00:1A:79:A6:F6:5C",
                "00:1A:79:BD:46:65",
                "00:1A:79:C1:A5:2E",
                "00:1A:79:CE:24:BA"
            ]
        },
        {
            "server_name": "1234up.com:8080",
            "server_url": "http://1234up.com:8080/c/",
            "macs": [
                "00:1A:79:C8:13:EB",
                "00:1A:79:FA:07:32"
            ]
        },
        {
            "server_name": "egaletv.cc:80",
            "server_url": "http://egaletv.cc:80/c/",
            "macs": [
                "00:1A:79:D9:5A:A8"
            ]
        },
        {
            "server_name": "95.214.232.47",
            "server_url": "http://95.214.232.47/c/",
            "macs": [
                "00:1A:79:28:40:91",
                "00:1A:79:31:2F:61",
                "00:1A:79:41:9A:C1",
                "00:1A:79:B7:87:0E",
                "00:1A:79:E1:45:EA"
            ]
        },
        {
            "server_name": "medotv.nl:8000",
            "server_url": "http://medotv.nl:8000/c/",
            "macs": [
                "00:1A:79:35:3B:D9",
                "00:1A:79:4E:2D:25"
            ]
        },
        {
            "server_name": "138.199.51.184:25461",
            "server_url": "http://138.199.51.184:25461/c/",
            "macs": [
                "00:1A:79:A4:6F:7D",
                "00:1A:79:A4:6F:D5",
                "00:1A:79:A4:70:13",
                "00:1A:79:A4:A9:5A"
            ]
        },
        {
            "server_name": "206.212.244.28:8080",
            "server_url": "http://206.212.244.28:8080/c/",
            "macs": [
                "00:1A:79:10:9E:50",
                "00:1A:79:28:8B:3C",
                "00:1A:79:41:0A:A2",
                "00:1A:79:42:ED:A7",
                "00:1A:79:49:68:97",
                "00:1A:79:4D:0A:75",
                "00:1A:79:55:98:BD",
                "00:1A:79:67:9E:3F",
                "00:1A:79:95:90:4F",
                "00:1A:79:A4:8D:9A",
                "00:1A:79:FD:BD:48"
            ]
        },
        {
            "server_name": "zorrohunter.com",
            "server_url": "http://zorrohunter.com/c/",
            "macs": [
                "00:1A:79:41:0A:A2"
            ]
        },
        {
            "server_name": "sv.freepro.biz:8080",
            "server_url": "http://sv.freepro.biz:8080/c/",
            "macs": [
                "00:1A:79:4C:62:BE",
                "00:1A:79:5D:F4:D8",
                "00:1A:79:62:E0:6A"
            ]
        },
        {
            "server_name": "192.99.19.27:8000",
            "server_url": "http://192.99.19.27:8000/c/",
            "macs": [
                "00:1A:79:0E:22:10",
                "00:1A:79:16:58:48",
                "00:1A:79:38:C9:A5"
            ]
        },
        {
            "server_name": "xegd.ultapulta.com",
            "server_url": "http://xegd.ultapulta.com/stalker_portal/c/",
            "macs": [
                "00:1A:79:53:14:31",
                "00:1A:79:53:20:C1",
                "00:1A:79:54:4D:8E",
                "00:1A:79:55:C7:BF",
                "00:1A:79:5B:09:90",
                "00:1A:79:E5:0F:06"
            ]
        },
        {
            "server_name": "tv.dino-code.site",
            "server_url": "http://tv.dino-code.site/c/",
            "macs": [
                "00:1A:79:11:EF:E7",
                "00:1A:79:27:6C:6C",
                "00:1A:79:2B:C1:CD",
                "00:1A:79:70:9E:BB"
            ]
        },
        {
            "server_name": "king.viviotv.xyz",
            "server_url": "http://king.viviotv.xyz/c/",
            "macs": [
                "00:1A:79:52:93:DA"
            ]
        },
        {
            "server_name": "server.hdiptv.world:8000",
            "server_url": "http://server.hdiptv.world:8000/c/",
            "macs": [
                "00:1A:79:0E:2F:9F",
                "00:1A:79:5A:CB:5B",
                "00:1A:79:6B:21:D7"
            ]
        },
        {
            "server_name": "proxy.plus55.xyz",
            "server_url": "http://proxy.plus55.xyz/c/",
            "macs": [
                "00:1A:79:4F:30:55",
                "00:1A:79:77:39:26",
                "00:1A:79:99:B5:5E"
            ]
        },
        {
            "server_name": "violetta.cfd:8080",
            "server_url": "http://violetta.cfd:8080/c/",
            "macs": [
                "00:1A:79:44:84:72",
                "00:1A:79:76:09:B7",
                "00:1A:79:A9:D6:84",
                "00:1A:79:C3:B1:10",
                "00:1A:79:C4:1A:AF"
            ]
        },
        {
            "server_name": "pera-on.cyou:8080",
            "server_url": "http://pera-on.cyou:8080/c/",
            "macs": [
                "00:1A:79:A5:98:FC",
                "00:1A:79:AB:6C:F8",
                "00:1A:79:BD:65:32"
            ]
        },
        {
            "server_name": "pointpython.streamtv.to:8080",
            "server_url": "http://pointpython.streamtv.to:8080/c/",
            "macs": [
                "00:1A:79:CD:07:64"
            ]
        },
        {
            "server_name": "45.139.122.199:8080",
            "server_url": "http://45.139.122.199:8080/c/",
            "macs": [
                "00:1A:79:3E:03:8E",
                "00:1A:79:4C:30:5D",
                "00:1A:79:4E:78:80",
                "00:1A:79:55:71:4D",
                "00:1A:79:AA:86:6D",
                "00:1A:79:B5:24:42",
                "00:1A:79:B7:24:0B",
                "00:1A:79:BB:FC:B7",
                "00:1A:79:BF:F5:0E"
            ]
        }
    ]
}