{
    "items": [
        {
            "server_name": "xc.xvip58.xyz:8080",
            "server_url": "http://xc.xvip58.xyz:8080/c/",
            "macs": [
                "00:1A:79:10:DF:FC",
                "00:1A:79:13:4F:9B",
                "00:1A:79:13:50:E6",
                "00:1A:79:14:6D:0C",
                "00:1A:79:14:DE:FA",
                "00:1A:79:40:7D:7C",
                "00:1A:79:AB:1B:19",
                "00:1A:79:AF:F9:08"
            ]
        },
        {
            "server_name": "restream.cdn-4k.cloud:80",
            "server_url": "http://restream.cdn-4k.cloud:80/c/",
            "macs": [
                "00:1A:79:00:00:67",
                "00:1A:79:00:00:90",
                "00:1A:79:00:00:D2",
                "00:1A:79:00:01:81",
                "00:1A:79:00:02:CF",
                "00:1A:79:00:07:52",
                "00:1A:79:00:14:04",
                "00:1A:79:0B:DD:53",
                "00:1A:79:56:C3:34",
                "00:1A:79:B5:B3:1A",
                "00:1A:79:B5:FA:F7"
            ]
        },
        {
            "server_name": "1.germany4k.xyz",
            "server_url": "http://1.germany4k.xyz/c/",
            "macs": [
                "00:1A:79:62:95:73",
                "00:1A:79:77:38:DA",
                "00:1A:79:A6:2F:47",
                "00:1A:79:BE:5C:90",
                "00:1A:79:E1:71:E6"
            ]
        },
        {
            "server_name": "pars01.com:8080",
            "server_url": "http://pars01.com:8080/c/",
            "macs": [
                "00:1A:79:4D:00:4B",
                "00:1A:79:6E:2A:9B"
            ]
        },
        {
            "server_name": "exm3u.123tv.to:8080",
            "server_url": "http://exm3u.123tv.to:8080/c/",
            "macs": [
                "00:1A:79:47:F6:DE",
                "00:1A:79:B5:B5:7B",
                "00:1A:79:BB:E2:8D"
            ]
        },
        {
            "server_name": "restream.cdn-4k.cloud",
            "server_url": "http://restream.cdn-4k.cloud/c/",
            "macs": [
                "00:1A:79:4D:BF:F9",
                "00:1A:79:80:51:8B"
            ]
        },
        {
            "server_name": "64cxz.com:8080",
            "server_url": "http://64cxz.com:8080/c/",
            "macs": [
                "00:1A:79:C4:AF:53"
            ]
        },
        {
            "server_name": "schanel.org:8080",
            "server_url": "http://schanel.org:8080/c/",
            "macs": [
                "00:1A:79:A1:E7:84"
            ]
        },
        {
            "server_name": "107.189.14.168:8080",
            "server_url": "http://107.189.14.168:8080/c/",
            "macs": [
                "00:1A:79:3A:06:86",
                "00:1A:79:6C:52:26",
                "00:1A:79:6C:CE:B7",
                "00:1A:79:6C:F4:FC",
                "00:1A:79:BF:6B:F0",
                "00:1A:79:BF:BC:11"
            ]
        },
        {
            "server_name": "cbr.selfip.org:8080",
            "server_url": "http://cbr.selfip.org:8080/c/",
            "macs": [
                "00:1A:79:A1:88:DB",
                "00:1A:79:A7:CA:79",
                "00:1A:79:AE:3C:2F",
                "00:1A:79:BB:C5:E2",
                "00:1A:79:C1:F3:58",
                "00:1A:79:CC:3C:04",
                "00:1A:79:D5:76:46"
            ]
        },
        {
            "server_name": "135.125.45.117:80",
            "server_url": "http://135.125.45.117:80/c/",
            "macs": [
                "00:1A:79:21:0D:FE"
            ]
        },
        {
            "server_name": "194.76.0.140",
            "server_url": "http://194.76.0.140/c/",
            "macs": [
                "00:1A:79:D6:9F:8F"
            ]
        },
        {
            "server_name": "1234up.com:8080",
            "server_url": "http://1234up.com:8080/c/",
            "macs": [
                "00:1A:79:A2:1C:66",
                "00:1A:79:BB:36:1C",
                "00:1A:79:FF:17:6A"
            ]
        },
        {
            "server_name": "testdi.proxytx.cloud",
            "server_url": "http://testdi.proxytx.cloud/c/",
            "macs": [
                "00:1A:79:19:97:4C",
                "00:1A:79:35:58:4E",
                "00:1A:79:40:40:2C",
                "00:1A:79:42:9A:3E",
                "00:1A:79:48:25:C8",
                "00:1A:79:54:99:54",
                "00:1A:79:5B:4C:3B",
                "00:1A:79:6E:53:09",
                "00:1A:79:72:48:5E",
                "00:1A:79:74:E5:01",
                "00:1A:79:79:81:12",
                "00:1A:79:8C:24:D5",
                "00:1A:79:90:35:E5",
                "00:1A:79:9A:FF:C9",
                "00:1A:79:A1:BB:AC",
                "00:1A:79:B0:3F:A5",
                "00:1A:79:B5:F7:D9",
                "00:1A:79:B6:EE:1A",
                "00:1A:79:B7:7E:86",
                "00:1A:79:D3:CF:5B"
            ]
        },
        {
            "server_name": "tv.stream4k.cc",
            "server_url": "http://tv.stream4k.cc/stalker_portal/c/",
            "macs": [
                "00:1A:79:00:10:00"
            ]
        },
        {
            "server_name": "247m.live",
            "server_url": "http://247m.live/c/",
            "macs": [
                "00:1A:79:12:7F:DB",
                "00:1A:79:3F:4F:29",
                "00:1A:79:46:35:9D",
                "00:1A:79:C1:40:C5",
                "00:1A:79:C5:8F:07",
                "00:1A:79:CF:67:94",
                "00:1A:79:E7:42:69"
            ]
        },
        {
            "server_name": "mutant.arrox.top:80",
            "server_url": "http://mutant.arrox.top:80/c/",
            "macs": [
                "00:1A:79:00:9B:38",
                "00:1A:79:01:0C:0B"
            ]
        },
        {
            "server_name": "honeywatch.net",
            "server_url": "http://honeywatch.net/c/",
            "macs": [
                "00:1A:79:61:92:E9"
            ]
        },
        {
            "server_name": "line.greatstar.me",
            "server_url": "http://line.greatstar.me/c/",
            "macs": [
                "00:1A:79:3F:1A:9A"
            ]
        },
        {
            "server_name": "tr.redatvgold.com",
            "server_url": "http://tr.redatvgold.com/c/",
            "macs": [
                "00:1A:79:76:78:8D",
                "00:1A:79:B2:6F:7D",
                "00:1A:79:E5:55:86"
            ]
        },
        {
            "server_name": "brekna.club",
            "server_url": "http://brekna.club/c/",
            "macs": [
                "00:1A:79:0B:BB:2E",
                "00:1A:79:10:D8:FC",
                "00:1A:79:17:11:C8",
                "00:1A:79:39:36:38",
                "00:1A:79:92:CF:E9",
                "00:1A:79:B4:B6:14",
                "00:1A:79:B4:B6:20",
                "00:1A:79:B4:B6:6C",
                "00:1A:79:B4:FB:10",
                "00:1A:79:B5:12:CC",
                "00:1A:79:B6:25:63",
                "00:1A:79:B6:25:A8",
                "00:1A:79:B6:25:AB"
            ]
        },
        {
            "server_name": "diarynotesclub.com",
            "server_url": "http://diarynotesclub.com/c/",
            "macs": [
                "00:1A:79:B5:F8:0E",
                "00:1A:79:B5:F8:1B",
                "00:1A:79:B5:F8:2E",
                "00:1A:79:B5:F8:36",
                "00:1A:79:B5:F8:58",
                "00:1A:79:B5:F8:64",
                "00:1A:79:B5:F8:65",
                "00:1A:79:B5:F8:68",
                "00:1A:79:B5:F8:73",
                "00:1A:79:B5:F8:77",
                "00:1A:79:B5:F8:79",
                "00:1A:79:B5:F8:88",
                "00:1A:79:B5:F8:9A"
            ]
        },
        {
            "server_name": "enndy75.com:2086",
            "server_url": "http://enndy75.com:2086/c/",
            "macs": [
                "00:1A:79:46:07:E7"
            ]
        },
        {
            "server_name": "stream.ks88.eu:8080",
            "server_url": "http://stream.ks88.eu:8080/c/",
            "macs": [
                "00:1A:79:5F:63:84"
            ]
        },
        {
            "server_name": "145.239.253.183",
            "server_url": "http://145.239.253.183/stalker_portal/c/",
            "macs": [
                "00:1A:79:5F:5F:63",
                "00:1A:79:72:B1:8D",
                "00:1A:79:74:C0:B5",
                "00:1A:79:7D:D8:30"
            ]
        },
        {
            "server_name": "extremaiptv.com:8080",
            "server_url": "http://extremaiptv.com:8080/c/",
            "macs": [
                "00:1A:79:A3:11:B5",
                "00:1A:79:A6:D5:9D"
            ]
        },
        {
            "server_name": "drk.yasar.tv",
            "server_url": "http://drk.yasar.tv/c/",
            "macs": [
                "00:1A:79:37:8E:91",
                "00:1A:79:83:7F:72"
            ]
        }
    ]
}