{
    "items": [
        {
            "server_name": "avare.kingtv.pw",
            "server_url": "http://avare.kingtv.pw/c/",
            "macs": [
                "00:1A:79:2B:27:53",
                "00:1A:79:3A:D6:B4",
                "00:1A:79:4A:FB:EB"
            ]
        },
        {
            "server_name": "ak-47scan.dyndns.tv:25461",
            "server_url": "http://ak-47scan.dyndns.tv:25461/c/",
            "macs": [
                "00:1A:79:8E:7F:DC",
                "00:1A:79:B5:24:2E"
            ]
        },
        {
            "server_name": "stb.iphd.tv",
            "server_url": "http://stb.iphd.tv/c/",
            "macs": [
                "00:1A:79:05:0A:50",
                "00:1A:79:27:9F:F8",
                "00:1A:79:A7:EB:17",
                "00:1A:79:C7:B8:D9",
                "00:1A:79:D6:48:AF"
            ]
        },
        {
            "server_name": "drk.yasar.tv:80",
            "server_url": "http://drk.yasar.tv:80/c/",
            "macs": [
                "00:1A:79:3C:2F:CE",
                "00:1A:79:4A:20:95",
                "00:1A:79:50:DF:F8",
                "00:1A:79:57:59:9A",
                "00:1A:79:74:FC:93",
                "00:1A:79:82:66:B3",
                "00:1A:79:BE:96:29",
                "00:1A:79:BF:E6:F2",
                "00:1A:79:D6:09:CF",
                "00:1A:79:ED:5F:E8",
                "00:1A:79:F5:11:5A"
            ]
        },
        {
            "server_name": "mag.ukhd.tv",
            "server_url": "http://mag.ukhd.tv/c/",
            "macs": [
                "00:1A:79:07:BC:98",
                "00:1A:79:2E:08:17",
                "00:1A:79:41:74:C8",
                "00:1A:79:69:8D:25",
                "00:1A:79:90:0D:0D",
                "00:1A:79:BF:F7:B9"
            ]
        },
        {
            "server_name": "1234up.com:8080",
            "server_url": "http://1234up.com:8080/c/",
            "macs": [
                "00:1A:79:A3:D6:E9",
                "00:1A:79:AF:88:FA",
                "00:1A:79:BC:D0:D2",
                "00:1A:79:C8:26:BB",
                "00:1A:79:D0:FA:3B"
            ]
        },
        {
            "server_name": "167.99.186.2",
            "server_url": "http://167.99.186.2/stalker_portal/c/",
            "macs": [
                "00:1A:79:E0:07:57"
            ]
        },
        {
            "server_name": "212.129.8.69",
            "server_url": "http://212.129.8.69/stalker_portal/c/",
            "macs": [
                "00:1A:79:33:79:36",
                "00:1A:79:65:39:63",
                "00:1A:79:84:3D:05",
                "00:1A:79:E7:39:E7",
                "00:1A:79:ED:90:04",
                "00:1A:79:EF:81:2E",
                "00:1A:79:F0:A2:54"
            ]
        },
        {
            "server_name": "77.74.193.158:88",
            "server_url": "http://77.74.193.158:88/stalker_portal/c/",
            "macs": [
                "00:1A:79:58:0E:65",
                "00:1A:79:59:C9:27",
                "00:1A:79:69:B7:C7"
            ]
        },
        {
            "server_name": "tv.greatstar.me",
            "server_url": "http://tv.greatstar.me/c/",
            "macs": [
                "00:1A:79:19:44:8F",
                "00:1A:79:2D:97:4B",
                "00:1A:79:2E:C7:BA",
                "00:1A:79:30:0A:39",
                "00:1A:79:32:1F:1D",
                "00:1A:79:53:0E:2F",
                "00:1A:79:6E:BC:20",
                "00:1A:79:70:F1:D9",
                "00:1A:79:76:3F:CC",
                "00:1A:79:97:BB:05",
                "00:1A:79:AA:58:F1",
                "00:1A:79:B6:16:47",
                "00:1A:79:C4:C4:0E",
                "00:1A:79:C4:F9:52",
                "00:1A:79:C5:06:DB",
                "00:1A:79:E5:59:15",
                "00:1A:79:E7:F6:3D",
                "00:1A:79:F1:AE:CA",
                "00:1A:79:F4:3A:BB"
            ]
        },
        {
            "server_name": "tv.premiumplus.tv",
            "server_url": "http://tv.premiumplus.tv/c/",
            "macs": [
                "00:1A:79:10:A7:1D",
                "00:1A:79:15:53:DF",
                "00:1A:79:1B:31:68",
                "00:1A:79:1C:0C:28",
                "00:1A:79:24:37:B8",
                "00:1A:79:25:F7:E6",
                "00:1A:79:38:6B:0F",
                "00:1A:79:45:9B:7C",
                "00:1A:79:46:DA:EB",
                "00:1A:79:56:95:DA",
                "00:1A:79:58:78:12",
                "00:1A:79:76:F3:4C",
                "00:1A:79:78:42:EF",
                "00:1A:79:7A:40:69",
                "00:1A:79:81:74:62",
                "00:1A:79:85:96:DC",
                "00:1A:79:C0:99:24",
                "00:1A:79:C1:3B:83",
                "00:1A:79:C3:DD:64",
                "00:1A:79:E2:34:34",
                "00:1A:79:F0:06:F8",
                "00:1A:79:FA:06:B8",
                "00:1A:79:FB:61:48"
            ]
        },
        {
            "server_name": "live.streamtv.to:8080",
            "server_url": "http://live.streamtv.to:8080/c/",
            "macs": [
                "00:1A:79:08:E5:3F",
                "00:1A:79:3C:78:EC"
            ]
        }
    ]
}