{
    "items": [
        {
            "server_name": "tv.premiumplus.tv:80",
            "server_url": "http://tv.premiumplus.tv:80/c/",
            "macs": [
                "00:1A:79:13:14:53",
                "00:1A:79:35:99:10",
                "00:1A:79:35:F3:4F",
                "00:1A:79:65:63:49",
                "00:1A:79:65:63:62",
                "00:1A:79:70:0E:EC",
                "00:1A:79:74:00:E6",
                "00:1A:79:75:BE:86",
                "00:1A:79:87:BC:F9",
                "00:1A:79:B1:A5:01",
                "00:1A:79:B5:D2:7E",
                "00:1A:79:E5:95:CE"
            ]
        },
        {
            "server_name": "trxx.in",
            "server_url": "http://trxx.in/c/",
            "macs": [
                "00:1A:79:32:C8:81",
                "00:1A:79:33:C2:12",
                "00:1A:79:35:9F:B6",
                "00:1A:79:40:C8:55",
                "00:1A:79:4E:D5:01",
                "00:1A:79:4F:F3:46",
                "00:1A:79:54:6B:CF",
                "00:1A:79:55:D3:39",
                "00:1A:79:58:F7:AB",
                "00:1A:79:59:F8:C7",
                "00:1A:79:5A:16:AB",
                "00:1A:79:5E:27:87"
            ]
        },
        {
            "server_name": "oceanstream.me:80",
            "server_url": "http://oceanstream.me:80/c/",
            "macs": [
                "00:1A:79:0C:F4:CA"
            ]
        },
        {
            "server_name": "cbrlig.com:8080",
            "server_url": "http://cbrlig.com:8080/c/",
            "macs": [
                "00:1A:79:1D:03:54",
                "00:1A:79:3B:1A:97",
                "00:1A:79:52:EC:33",
                "00:1A:79:53:2B:28",
                "00:1A:79:AF:86:CE"
            ]
        },
        {
            "server_name": "1234up.com:8080",
            "server_url": "http://1234up.com:8080/c/",
            "macs": [
                "00:1A:79:1C:0A:E8",
                "00:1A:79:66:FA:46",
                "00:1A:79:AB:2D:E5",
                "00:1A:79:C4:1D:9E",
                "00:1A:79:C5:B5:D4"
            ]
        },
        {
            "server_name": "107.189.14.168:8080",
            "server_url": "http://107.189.14.168:8080/c/",
            "macs": [
                "00:1A:79:3F:43:70",
                "00:1A:79:44:1D:DF",
                "00:1A:79:50:C0:5D",
                "00:1A:79:5F:EF:A2"
            ]
        },
        {
            "server_name": "avare.kingtv.pw",
            "server_url": "http://avare.kingtv.pw/c/",
            "macs": [
                "00:1A:79:10:D4:C5",
                "00:1\u0410:79:14:\u04153:69"
            ]
        },
        {
            "server_name": "schanel.org:8080",
            "server_url": "http://schanel.org:8080/c/",
            "macs": [
                "00:1A:79:A1:E3:69"
            ]
        },
        {
            "server_name": "www.login.a1days.com",
            "server_url": "http://www.login.a1days.com/c/",
            "macs": [
                "00:1A:79:03:10:54",
                "00:1A:79:03:10:63",
                "00:1A:79:08:44:89",
                "00:1A:79:3E:8F:7E",
                "00:1A:79:3E:8F:99",
                "00:1A:79:3E:8F:D1",
                "00:1A:79:3E:8F:F4",
                "00:1A:79:97:DF:82",
                "00:1A:79:A4:64:8B",
                "00:1A:79:C3:8F:2F",
                "00:1A:79:C3:8F:3A",
                "00:1A:79:C3:8F:5B",
                "00:1A:79:FC:1F:9C"
            ]
        },
        {
            "server_name": "s.octotv.live",
            "server_url": "http://s.octotv.live/c/",
            "macs": [
                "00:1A:79:1C:0D:4D",
                "00:1A:79:32:C5:69",
                "00:1A:79:32:C5:B2",
                "00:1A:79:32:C5:DD",
                "00:1A:79:32:C5:ED",
                "00:1A:79:B5:44:7B",
                "00:1A:79:B5:97:56",
                "00:1A:79:B6:19:A4",
                "00:1A:79:BB:E6:40",
                "00:1A:79:BB:E6:58",
                "00:1A:79:BF:E4:0B",
                "00:1A:79:BF:FD:71",
                "00:1A:79:BF:FD:B0",
                "00:1A:79:F6:7F:5D"
            ]
        },
        {
            "server_name": "z6.watchme.ie",
            "server_url": "http://z6.watchme.ie/stalker_portal/c/",
            "macs": [
                "00:1A:79:0D:40:81",
                "00:1A:79:50:4C:C2",
                "00:1A:79:55:44:01"
            ]
        },
        {
            "server_name": "92.246.87.53:80",
            "server_url": "http://92.246.87.53:80/c/",
            "macs": [
                "00:1A:79:00:74:34",
                "00:1A:79:17:12:5C",
                "00:1A:79:1C:10:9B",
                "00:1A:79:30:64:37",
                "00:1A:79:32:38:65",
                "00:1A:79:7B:F7:13",
                "00:1A:79:7D:7B:21",
                "00:1A:79:91:75:88",
                "00:1A:79:A4:62:24",
                "00:1A:79:AB:BB:25",
                "00:1A:79:B0:56:AE",
                "00:1A:79:B0:60:9A",
                "00:1A:79:B1:B8:C7",
                "00:1A:79:B5:5D:FE",
                "00:1A:79:BA:37:DC",
                "00:1A:79:BA:A5:A4"
            ]
        },
        {
            "server_name": "line.mytvzone.xyz:80",
            "server_url": "http://line.mytvzone.xyz:80/c/",
            "macs": [
                "00:1A:79:24:76:5A",
                "00:1A:79:34:F6:DD",
                "00:1A:79:8B:34:14",
                "00:1A:79:A3:62:32",
                "00:1A:79:D6:2F:83"
            ]
        },
        {
            "server_name": "restream.cdn-4k.cloud",
            "server_url": "http://restream.cdn-4k.cloud/c/",
            "macs": [
                "00:1A:79:45:2F:33"
            ]
        },
        {
            "server_name": "proxy.plus55.xyz",
            "server_url": "http://proxy.plus55.xyz/c/",
            "macs": [
                "00:1A:79:46:11:32"
            ]
        },
        {
            "server_name": "adenmedia.net",
            "server_url": "http://adenmedia.net/c/",
            "macs": [
                "00:1A:79:3C:27:14"
            ]
        },
        {
            "server_name": "58315-mobile.oot-mx.me",
            "server_url": "http://58315-mobile.oot-mx.me/c/",
            "macs": [
                "00:1A:79:8B:78:DE"
            ]
        },
        {
            "server_name": "proxy.watchtv.best",
            "server_url": "http://proxy.watchtv.best/c/",
            "macs": [
                "00:1A:79:59:B0:58"
            ]
        },
        {
            "server_name": "line.greatstar.me",
            "server_url": "http://line.greatstar.me/c/",
            "macs": [
                "00:1A:79:0B:4D:A6",
                "00:1A:79:1A:BD:D2"
            ]
        },
        {
            "server_name": "mag.yo-ott.com",
            "server_url": "http://mag.yo-ott.com/c/",
            "macs": [
                "00:1A:79:2E:D4:AD"
            ]
        },
        {
            "server_name": "282j0xbrq.11121367.xyz:8080",
            "server_url": "http://282j0xbrq.11121367.xyz:8080/c/",
            "macs": [
                "00:1A:79:B1:03:E7"
            ]
        },
        {
            "server_name": "drk.yasar.tv",
            "server_url": "http://drk.yasar.tv/c/",
            "macs": [
                "00:1A:79:19:42:0A",
                "00:1A:79:65:88:5A",
                "00:1A:79:88:D5:1E",
                "00:1A:79:92:74:B2"
            ]
        },
        {
            "server_name": "145.239.253.183",
            "server_url": "http://145.239.253.183/stalker_portal/c/",
            "macs": [
                "00:1A:79:36:E8:EE",
                "00:1A:79:3A:07:10",
                "00:1A:79:3F:4F:70",
                "00:1A:79:52:14:55",
                "00:1A:79:54:CD:E8",
                "00:1A:79:56:EA:7B",
                "00:1A:79:59:9E:1C",
                "00:1A:79:5E:35:28"
            ]
        },
        {
            "server_name": "clientsportals.tv:2095",
            "server_url": "http://clientsportals.tv:2095/c/",
            "macs": [
                "00:1A:79:37:FE:FE",
                "00:1A:79:3A:20:9C",
                "00:1A:79:3C:A7:74",
                "00:1A:79:3D:C2:A0",
                "00:1A:79:40:CF:A8",
                "00:1A:79:4D:DD:33",
                "00:1A:79:4D:EF:D0",
                "00:1A:79:52:36:AE",
                "00:1A:79:57:66:9E",
                "00:1A:79:5C:3C:46",
                "00:1A:79:5E:06:AA"
            ]
        },
        {
            "server_name": "new.dittotvv.cc",
            "server_url": "http://new.dittotvv.cc/stalker_portal/c/",
            "macs": [
                "00:1A:79:36:35:38",
                "00:1A:79:37:10:72",
                "00:1A:79:91:FD:B1",
                "00:1A:79:ED:4C:39",
                "00:1A:79:EE:5D:1E",
                "00:1A:79:FE:E6:AC"
            ]
        },
        {
            "server_name": "p1.iptvrocket.tv",
            "server_url": "http://p1.iptvrocket.tv/c/",
            "macs": [
                "00:1A:79:73:76:C6"
            ]
        }
    ]
}