{
    "items": [
        {
            "server_name": "tr.simotvgold.com",
            "server_url": "http://tr.simotvgold.com/c/",
            "macs": [
                "00:1A:79:01:66:33",
                "00:1A:79:0E:6F:50",
                "00:1A:79:1C:14:2F",
                "00:1A:79:33:F2:95",
                "00:1A:79:41:23:81",
                "00:1A:79:6F:05:F1",
                "00:1A:79:76:5F:96",
                "00:1A:79:7D:1A:1C",
                "00:1A:79:82:DB:3D",
                "00:1A:79:AF:02:A9",
                "00:1A:79:CE:D6:92",
                "00:1A:79:F0:97:05"
            ]
        },
        {
            "server_name": "exprestv.win:80",
            "server_url": "http://exprestv.win:80/c/",
            "macs": [
                "00:1A:79:10:65:52",
                "00:1A:79:1C:95:54",
                "00:1A:79:1D:5F:08",
                "00:1A:79:5D:2A:53",
                "00:1A:79:76:69:0E",
                "00:1A:79:A1:0E:84",
                "00:1A:79:B5:AD:DD",
                "00:1A:79:B6:48:CD",
                "00:1A:79:B6:CB:0D",
                "00:1A:79:C0:A3:9D",
                "00:1A:79:C5:8A:17"
            ]
        },
        {
            "server_name": "lllllliiiiiiidsa9.funtogether.xyz:8080",
            "server_url": "http://lllllliiiiiiidsa9.funtogether.xyz:8080/c/",
            "macs": [
                "00:1A:79:09:CE:B4",
                "00:1A:79:3D:18:26",
                "00:1A:79:55:4A:08",
                "00:1A:79:74:B5:F8",
                "00:1A:79:AA:BB:78",
                "00:1A:79:AD:81:25",
                "00:1A:79:BA:67:A0",
                "00:1A:79:C7:10:9F",
                "00:1A:79:C7:7C:BA",
                "00:1A:79:D0:1D:B9",
                "00:1A:79:D1:EB:95",
                "00:1A:79:D3:54:1D"
            ]
        },
        {
            "server_name": "king-box.club",
            "server_url": "http://king-box.club/c/",
            "macs": [
                "00:1A:79:36:61:36",
                "00:1A:79:38:CA:EE",
                "00:1A:79:43:4F:58",
                "00:1A:79:B0:56:3D",
                "00:1A:79:B5:60:00",
                "00:1A:79:C6:08:70"
            ]
        },
        {
            "server_name": "cbrlig.com:8080",
            "server_url": "http://cbrlig.com:8080/c/",
            "macs": [
                "00:1A:79:45:75:78",
                "00:1A:79:51:F1:C9",
                "00:1A:79:52:F3:1C",
                "00:1A:79:62:61:6D",
                "00:1A:79:A5:0A:6A",
                "00:1A:79:B1:6C:27",
                "00:1A:79:B3:6A:A3"
            ]
        },
        {
            "server_name": "cooltv4u.xyz",
            "server_url": "http://cooltv4u.xyz/stalker_portal:80/c/",
            "macs": [
                "00:1A:79:51:A1:0D",
                "00:1A:79:73:16:FA",
                "00:1A:79:7B:AC:00",
                "00:1A:79:7D:FD:92",
                "00:1A:79:80:93:55"
            ]
        },
        {
            "server_name": "107.189.14.168:8080",
            "server_url": "http://107.189.14.168:8080/c/",
            "macs": [
                "00:1A:79:45:BF:08",
                "00:1A:79:51:DB:8A",
                "00:1A:79:63:99:C3",
                "00:1A:79:6B:EB:C1",
                "00:1A:79:7D:C3:DF"
            ]
        },
        {
            "server_name": "trxx.in",
            "server_url": "http://trxx.in/c/",
            "macs": [
                "00:1A:79:5B:8E:0B"
            ]
        },
        {
            "server_name": "line.greatstar.me",
            "server_url": "http://line.greatstar.me/c/",
            "macs": [
                "00:1A:79:DB:45:D4"
            ]
        },
        {
            "server_name": "1234up.com:8080",
            "server_url": "http://1234up.com:8080/c/",
            "macs": [
                "00:1A:79:08:E5:82",
                "00:1A:79:66:B2:97",
                "00:1A:79:AD:05:78",
                "00:1A:79:AE:A0:81",
                "00:1A:79:FB:22:55"
            ]
        },
        {
            "server_name": "lion.topcms.cc:80",
            "server_url": "http://lion.topcms.cc:80/c/",
            "macs": [
                "00:1A:79:44:16:FD"
            ]
        },
        {
            "server_name": "line.greatstar.me:80",
            "server_url": "http://line.greatstar.me:80/c/",
            "macs": [
                "00:1A:79:39:35:61",
                "00:1A:79:44:87:85",
                "00:1A:79:53:87:14",
                "00:1A:79:66:9F:86",
                "00:1A:79:74:96:04",
                "00:1A:79:8F:1D:49",
                "00:1A:79:B5:9E:EA",
                "00:1A:79:B5:D7:4B",
                "00:1A:79:BC:57:3C",
                "00:1A:79:BE:B9:3C",
                "00:1A:79:C5:34:38",
                "00:1A:79:CE:38:D9"
            ]
        },
        {
            "server_name": "chaotic-streams.cc",
            "server_url": "http://chaotic-streams.cc/c/",
            "macs": [
                "00:1A:79:33:33:61"
            ]
        },
        {
            "server_name": "itran-xplus.xyz",
            "server_url": "http://itran-xplus.xyz/c/",
            "macs": [
                "00:1A:79:1E:09:09"
            ]
        },
        {
            "server_name": "line.stayconnected.pro",
            "server_url": "http://line.stayconnected.pro/c/",
            "macs": [
                "00:1A:79:00:99:A8"
            ]
        },
        {
            "server_name": "owliptv.gentv.to:8080",
            "server_url": "http://owliptv.gentv.to:8080/c/",
            "macs": [
                "00:1A:79:C1:91:FD"
            ]
        },
        {
            "server_name": "trex.8kott.xyz",
            "server_url": "http://trex.8kott.xyz/c/",
            "macs": [
                "00:1A:79:4E:90:B9",
                "00:1A:79:61:35:36",
                "00:1A:79:6D:10:34",
                "00:1A:79:6E:4B:28",
                "00:1A:79:B5:6E:45",
                "00:1A:79:E7:A9:0B"
            ]
        },
        {
            "server_name": "stream1.tvs24.net:25461",
            "server_url": "http://stream1.tvs24.net:25461/c/",
            "macs": [
                "00:1A:79:14:D9:B5",
                "00:1A:79:6A:C8:71"
            ]
        },
        {
            "server_name": "coolforcats.cool",
            "server_url": "http://coolforcats.cool/c/",
            "macs": [
                "00:1A:79:BC:1A:1D"
            ]
        },
        {
            "server_name": "celticdream.net",
            "server_url": "http://celticdream.net/c/",
            "macs": [
                "00:1A:79:64:16:67"
            ]
        },
        {
            "server_name": "sleep46401.cdn-akm.me",
            "server_url": "http://sleep46401.cdn-akm.me/c/",
            "macs": [
                "00:1A:79:00:00:90"
            ]
        },
        {
            "server_name": "prizes67594.cdngold.me",
            "server_url": "http://prizes67594.cdngold.me/c/",
            "macs": [
                "00:1A:79:00:10:C2"
            ]
        },
        {
            "server_name": "tubes38535.cdn-akm.me",
            "server_url": "http://tubes38535.cdn-akm.me/c/",
            "macs": [
                "00:1A:79:00:01:DF"
            ]
        },
        {
            "server_name": "tv.8dott.xyz",
            "server_url": "http://tv.8dott.xyz/c/",
            "macs": [
                "00:1A:79:16:25:A1"
            ]
        },
        {
            "server_name": "alpha-2ott.me",
            "server_url": "http://alpha-2ott.me/c/",
            "macs": [
                "00:1A:79:00:26:95"
            ]
        },
        {
            "server_name": "www.login.a1days.com",
            "server_url": "http://www.login.a1days.com/c/",
            "macs": [
                "00:1A:79:01:6B:5F",
                "00:1A:79:19:2F:6F",
                "00:1A:79:2C:95:2A",
                "00:1A:79:30:99:8F",
                "00:1A:79:4D:3A:BC",
                "00:1A:79:66:1A:4D",
                "00:1A:79:67:3B:83",
                "00:1A:79:70:52:2B",
                "00:1A:79:7C:7F:8D",
                "00:1A:79:84:15:DD",
                "00:1A:79:A1:35:1D"
            ]
        },
        {
            "server_name": "watchtv.best",
            "server_url": "http://watchtv.best/c/",
            "macs": [
                "00:1A:79:32:C5:12",
                "00:1A:79:32:C5:16",
                "00:1A:79:32:C5:2B",
                "00:1A:79:32:C5:69",
                "00:1A:79:32:C5:C9",
                "00:1A:79:32:C5:D2",
                "00:1A:79:32:C5:DD",
                "00:1A:79:32:C5:ED",
                "00:1A:79:32:C5:F0",
                "00:1A:79:32:C5:FB",
                "00:1A:79:32:C5:FE",
                "00:1A:79:B6:23:67"
            ]
        },
        {
            "server_name": "dm7776tv.xyz:8080",
            "server_url": "http://dm7776tv.xyz:8080/c/",
            "macs": [
                "00:1A:79:07:BF:91",
                "00:1A:79:1C:10:9E"
            ]
        },
        {
            "server_name": "iptvs4.ultapulta.com",
            "server_url": "http://iptvs4.ultapulta.com/stalker_portal/c/",
            "macs": [
                "00:1A:79:53:37:8D",
                "00:1A:79:54:B5:47",
                "00:1A:79:5B:0C:9C",
                "00:1A:79:5B:1A:8C"
            ]
        },
        {
            "server_name": "hdmiclub.online:8080",
            "server_url": "http://hdmiclub.online:8080/c/",
            "macs": [
                "00:1A:79:C6:B0:F1"
            ]
        },
        {
            "server_name": "212.129.8.69",
            "server_url": "http://212.129.8.69/stalker_portal/c/",
            "macs": [
                "00:1A:79:3F:02:22",
                "00:1A:79:61:87:44",
                "00:1A:79:66:30:09"
            ]
        },
        {
            "server_name": "king.viviotv.xyz",
            "server_url": "http://king.viviotv.xyz/c/",
            "macs": [
                "00:1A:79:29:80:88",
                "00:1A:79:F1:AF:87"
            ]
        },
        {
            "server_name": "mag.dream-4k.cc",
            "server_url": "http://mag.dream-4k.cc/c/",
            "macs": [
                "00:1A:79:12:45:11"
            ]
        },
        {
            "server_name": "45.139.122.199:8080",
            "server_url": "http://45.139.122.199:8080/c/",
            "macs": [
                "00:1A:79:0C:12:5E",
                "00:1A:79:AB:8E:EB",
                "00:1A:79:B5:D0:CB",
                "00:1A:79:BF:BD:C8",
                "00:1A:79:C3:B6:16"
            ]
        },
        {
            "server_name": "ainfo.icu",
            "server_url": "http://ainfo.icu/c/",
            "macs": [
                "00:1A:79:15:9A:67",
                "00:1A:79:3B:AC:58",
                "00:1A:79:50:D6:FB",
                "00:1A:79:A1:EF:A9",
                "00:1A:79:B5:F8:94",
                "00:1A:79:B9:AC:B8",
                "00:1A:79:BE:E2:E0"
            ]
        },
        {
            "server_name": "tv.banjotv.tv",
            "server_url": "http://tv.banjotv.tv/stalker_portal/c/",
            "macs": [
                "00:1A:79:98:6F:6E",
                "00:1A:79:B3:9C:79"
            ]
        }
    ]
}