{
    "items": [
        {
            "server_name": "line.maxir.biz:8080",
            "server_url": "http://line.maxir.biz:8080/c/",
            "macs": [
                "00:1A:79:50:23:2A",
                "00:1A:79:A8:5C:CD"
            ]
        },
        {
            "server_name": "hans_monika.streamtv.to:8080",
            "server_url": "http://hans_monika.streamtv.to:8080/c/",
            "macs": [
                "00:1A:79:4C:F2:1B",
                "00:1A:79:5F:C5:D8",
                "00:1A:79:63:9F:11",
                "00:1A:79:A9:DB:D2"
            ]
        },
        {
            "server_name": "app.mm88.com.bd",
            "server_url": "http://app.mm88.com.bd/stalker_portal/c/",
            "macs": [
                "00:1A:79:28:ED:2B",
                "00:1A:79:46:0E:9A",
                "00:1A:79:54:1C:F4",
                "00:1A:79:7A:2D:92",
                "00:1A:79:7B:76:BC",
                "00:1A:79:7B:E0:64",
                "00:1A:79:7C:8A:E6",
                "00:1A:79:7D:30:1C",
                "00:1A:79:7D:49:05",
                "00:1A:79:7D:4B:6D",
                "00:1A:79:7D:8F:B4",
                "00:1A:79:7E:C9:5A",
                "00:1A:79:80:C9:6B",
                "00:1A:79:80:D5:80"
            ]
        },
        {
            "server_name": "fakaur.com",
            "server_url": "http://fakaur.com/c/",
            "macs": [
                "00:1A:79:76:2B:4C"
            ]
        },
        {
            "server_name": "lookontv.net:2095",
            "server_url": "http://lookontv.net:2095/c/",
            "macs": [
                "00:1A:79:69:E4:54",
                "00:1A:79:8C:82:50",
                "00:1A:79:BC:86:ED",
                "00:1A:79:BF:9D:79",
                "00:1A:79:BF:CE:9A",
                "00:1A:79:CD:7A:A7",
                "00:1A:79:E3:F4:59"
            ]
        },
        {
            "server_name": "line.kahr4a.com",
            "server_url": "http://line.kahr4a.com/c/",
            "macs": [
                "00:1A:79:3F:B7:67",
                "00:1A:79:C6:F4:F5"
            ]
        },
        {
            "server_name": "restream.cdn-4k.cloud",
            "server_url": "http://restream.cdn-4k.cloud/c/",
            "macs": [
                "00:1A:79:59:CD:68",
                "00:1A:79:65:EE:64",
                "00:1A:79:7C:7F:5C"
            ]
        },
        {
            "server_name": "145.239.253.183",
            "server_url": "http://145.239.253.183/stalker_portal/c/",
            "macs": [
                "00:1A:79:74:C2:86",
                "00:1A:79:77:3D:B1",
                "00:1A:79:EF:8C:DF"
            ]
        }
    ]
}