{
    "items": [
        {
            "server_name": "iptvswiss.com.123tv.to:8080",
            "server_url": "http://iptvswiss.com.123tv.to:8080/c/",
            "macs": [
                "00:1A:79:FC:9F:75"
            ]
        },
        {
            "server_name": "dm7776tv.xyz:8080",
            "server_url": "http://dm7776tv.xyz:8080/c/",
            "macs": [
                "00:1A:79:07:C0:08"
            ]
        },
        {
            "server_name": "107.189.14.168:8080",
            "server_url": "http://107.189.14.168:8080/c/",
            "macs": [
                "00:1A:79:43:7F:AA",
                "00:1A:79:C9:79:1B"
            ]
        },
        {
            "server_name": "madula.ath.cx:8080",
            "server_url": "http://madula.ath.cx:8080/c/",
            "macs": [
                "00:1A:79:05:E1:A1"
            ]
        },
        {
            "server_name": "ip.xtremetv.eu:8000",
            "server_url": "http://ip.xtremetv.eu:8000/c/",
            "macs": [
                "00:1A:79:3C:50:8D"
            ]
        },
        {
            "server_name": "line.greatstar.me",
            "server_url": "http://line.greatstar.me/c/",
            "macs": [
                "00:1A:79:6E:BE:06",
                "00:1A:79:A5:C6:97",
                "00:1A:79:B1:F6:B4"
            ]
        },
        {
            "server_name": "hdmiclub.online:8080",
            "server_url": "http://hdmiclub.online:8080/c/",
            "macs": [
                "00:1A:79:AD:8A:D6",
                "00:1A:79:AD:AB:AE",
                "00:1A:79:B9:9B:09",
                "00:1A:79:B9:B4:2A",
                "00:1A:79:BC:38:2A",
                "00:1A:79:BE:20:47",
                "00:1A:79:CC:56:48"
            ]
        },
        {
            "server_name": "exm3u.123tv.to:8080",
            "server_url": "http://exm3u.123tv.to:8080/c/",
            "macs": [
                "00:1A:79:50:33:0D",
                "00:1A:79:9C:28:16",
                "00:1A:79:AE:8D:68"
            ]
        },
        {
            "server_name": "brokentv.rip:8080",
            "server_url": "http://brokentv.rip:8080/c/",
            "macs": [
                "00:1A:79:68:E7:4F",
                "00:1A:79:6A:9F:2C",
                "00:1A:79:BB:CD:93"
            ]
        },
        {
            "server_name": "ph-info.xyz",
            "server_url": "http://ph-info.xyz/c/",
            "macs": [
                "00:1A:79:98:B5:21",
                "00:1A:79:A5:51:EB"
            ]
        },
        {
            "server_name": "tit.ipsh.tv",
            "server_url": "http://tit.ipsh.tv/c/",
            "macs": [
                "00:1A:79:00:1E:A4",
                "00:1A:79:0A:16:DF",
                "00:1A:79:38:15:48",
                "00:1A:79:4F:91:F6",
                "00:1A:79:58:27:AA",
                "00:1A:79:76:D4:D4",
                "00:1A:79:7C:59:EC",
                "00:1A:79:9B:EA:C1",
                "00:1A:79:E9:58:51"
            ]
        }
    ]
}