{
    "items": [
        {
            "server_name": "zepequeno.xyz:8080",
            "server_url": "http://zepequeno.xyz:8080/c/",
            "macs": [
                "00:1A:79:AD:A4:38",
                "00:1A:79:C1:BF:BB",
                "00:1A:79:B7:1E:1F",
                "00:1A:79:C8:13:15",
                "00:1A:79:AD:A4:38"
            ]
        },
        {
            "server_name": "58315-mobile.oot-mx.me:80",
            "server_url": "http://58315-mobile.oot-mx.me:80/c/",
            "macs": [
                "00:1A:79:00:15:AB",
                "00:1A:79:00:14:E1",
                "00:1A:79:00:13:C6",
                "00:1A:79:00:15:D5",
                "00:1A:79:00:14:F6",
                "00:1A:79:00:13:26",
                "00:1A:79:00:14:F9",
                "00:1A:79:00:14:D1",
                "00:1A:79:00:14:20",
                "00:1A:79:00:13:2C",
                "00:1A:79:00:15:02",
                "00:1A:79:00:16:2F",
                "00:1A:79:00:13:20"
            ]
        },
        {
            "server_name": "bosst.net:80",
            "server_url": "http://bosst.net:80/c/",
            "macs": [
                "00:1A:79:41:0F:1C",
                "00:1A:79:41:8C:7C",
                "00:1A:79:42:8E:C1"
            ]
        },
        {
            "server_name": "4kgoott.com:2052",
            "server_url": "http://4kgoott.com:2052/c/",
            "macs": [
                "00:1A:79:AE:3E:88",
                "00:1A:79:3F:A6:F7",
                "00:1A:79:7F:1E:84",
                "00:1A:79:65:B0:92"
            ]
        },
        {
            "server_name": "mutant.arrox.top",
            "server_url": "http://mutant.arrox.top/c/",
            "macs": [
                "00:1A:79:33:43:70",
                "00:1A:79:1E:04:0D",
                "00:1A:79:33:43:70",
                "00:1A:79:7B:94:33",
                "00:1A:79:C3:1E:9A",
                "00:1A:79:05:C7:69",
                "00:1A:79:04:2E:E9",
                "00:1A:79:05:C5:C8",
                "00:1A:79:03:03:0D"
            ]
        },
        {
            "server_name": "mag.premiumplus.tv",
            "server_url": "http://mag.premiumplus.tv/c/",
            "macs": [
                "00:1A:79:EA:F2:F4",
                "00:1A:79:57:98:33",
                "00:1A:79:83:BB:60",
                "00:1A:79:FD:11:73",
                "00:1A:79:6C:03:B2",
                "00:1A:79:17:11:7B",
                "00:1A:79:7A:49:77"
            ]
        },
        {
            "server_name": "sonymax.org:8080",
            "server_url": "http://sonymax.org:8080/c/",
            "macs": [
                "00:1A:79:85:DE:94",
                "00:1A:79:3A:68:37",
                "00:1A:79:A1:36:62",
                "00:1A:79:2A:A0:2C"
            ]
        },
        {
            "server_name": "mutant.arrox.top:80",
            "server_url": "http://mutant.arrox.top:80/c/",
            "macs": [
                "00:1A:79:05:20:4B",
                "00:1A:79:60:62:71",
                "00:1A:79:E0:7F:F2",
                "00:1A:79:CB:9A:33",
                "00:1A:79:F7:0F:9B",
                "00:1A:79:33:00:66"
            ]
        },
        {
            "server_name": "line.protv.cc:80",
            "server_url": "http://line.protv.cc:80/c/",
            "macs": [
                "00:1A:79:84:24:DD",
                "00:1A:79:0B:BA:FD",
                "00:1A:79:A1:8D:36",
                "00:1A:79:93:88:52",
                "00:1A:79:3A:E5:28",
                "00:1A:79:00:01:E6",
                "00:1A:79:2A:28:10"
            ]
        },
        {
            "server_name": "89.45.13.220:8080",
            "server_url": "http://89.45.13.220:8080/c/",
            "macs": [
                "00:1A:79:01:6E:99",
                "00:1A:79:13:54:EE",
                "00:1A:79:4F:3E:9B",
                "00:1A:79:01:6A:85",
                "00:1A:79:6B:BB:27"
            ]
        },
        {
            "server_name": "skydidyma.xyz:8080",
            "server_url": "http://skydidyma.xyz:8080/c/",
            "macs": [
                "00:1A:79:E7:81:3F",
                "00:1A:79:90:37:C7",
                "00:1A:79:98:1C:8F",
                "00:1A:79:B7:88:F6",
                "00:1A:79:6A:6A:34"
            ]
        },
        {
            "server_name": "185.243.7.154:80",
            "server_url": "http://185.243.7.154:80/c/",
            "macs": [
                "00:1A:79:7A:2A:BC",
                "00:1A:79:BD:75:59",
                "00:1A:79:5D:AE:81",
                "00:1A:79:A7:63:99",
                "00:1A:79:7C:01:ED",
                "00:1A:79:B4:D9:C9",
                "00:1A:79:B6:9A:C3",
                "00:1A:79:D7:0D:86",
                "00:1A:79:C3:85:61"
            ]
        },
        {
            "server_name": "optimus-tv.org:8080",
            "server_url": "http://optimus-tv.org:8080/c/",
            "macs": [
                "00:1A:79:AF:FA:08",
                "00:1A:79:AA:58:7A",
                "00:1A:79:08:4E:48",
                "00:1A:79:6E:2A:F6",
                "00:1A:79:08:45:88",
                "00:1A:79:AA:59:18",
                "00:1A:79:6E:2B:34",
                "00:1A:79:6E:2B:87"
            ]
        },
        {
            "server_name": "stb.iphd.tv",
            "server_url": "http://stb.iphd.tv/c/",
            "macs": [
                "00:1A:79:41:E6:8C",
                "00:1A:79:B3:77:B5",
                "00:1A:79:6A:1A:8D",
                "00:1A:79:B7:2E:E8"
            ]
        },
        {
            "server_name": "jt-info.xyz",
            "server_url": "http://jt-info.xyz/c/",
            "macs": [
                "00:1A:79:37:AE:37",
                "00:1A:79:4F:A7:DC",
                "00:1A:79:B4:E7:DB"
            ]
        },
        {
            "server_name": "apksmart.dino.ws",
            "server_url": "http://apksmart.dino.ws/c/",
            "macs": [
                "00:1A:79:B5:69:3A"
            ]
        },
        {
            "server_name": "nossacasa55.ddns.net:8080",
            "server_url": "http://nossacasa55.ddns.net:8080/c/",
            "macs": [
                "00:1A:79:B3:A1:DA",
                "00:1A:79:55:97:DC",
                "00:1A:79:C4:B7:FE",
                "00:1A:79:FE:1F:92",
                "00:1A:79:3B:17:50",
                "00:1A:79:AB:31:CD",
                "00:1A:79:C8:1B:10",
                "00:1A:79:C1:9F:5B"
            ]
        },
        {
            "server_name": "nossacasa55.ddns.net:8080",
            "server_url": "http://nossacasa55.ddns.net:8080/c/",
            "macs": [
                "00:1A:79:B3:A1:DA",
                "00:1A:79:55:97:DC",
                "00:1A:79:C4:B7:FE",
                "00:1A:79:FE:1F:92",
                "00:1A:79:3B:17:50",
                "00:1A:79:AB:31:CD",
                "00:1A:79:C8:1B:10",
                "00:1A:79:C1:9F:5B",
                "00:1A:79:52:29:A4",
                "00:1A:79:53:7D:C1",
                "00:1A:79:8C:0A:B2",
                "00:1A:79:7E:27:17",
                "00:1A:79:ED:2A:1C",
                "00:1A:79:58:EC:A5",
                "00:1A:79:05:DE:B0",
                "00:1A:79:AE:B2:EB",
                "00:1A:79:4D:F6:F4",
                "00:1A:79:C0:B7:EC",
                "00:1A:79:78:AF:D1",
                "00:1A:79:0D:CC:C7",
                "00:1A:79:57:D9:10",
                "00:1A:79:C1:A4:DC",
                "00:1A:79:D7:40:A4",
                "00:1A:79:D2:2A:4B",
                "00:1A:79:01:93:11",
                "00:1A:79:AB:90:40",
                "00:1A:79:CB:DF:BB",
                "00:1A:79:C1:FC:5E",
                "00:1A:79:73:66:99",
                "00:1A:79:A3:64:75",
                "00:1A:79:37:0A:4A"
            ]
        },
        {
            "server_name": "ogzpunk.live:8080",
            "server_url": "http://ogzpunk.live:8080/c/",
            "macs": [
                "00:1A:79:01:71:E5"
            ]
        },
        {
            "server_name": "wiki-ott.org:8789",
            "server_url": "http://wiki-ott.org:8789/c/",
            "macs": [
                "00:1A:79:A5:40:70",
                "00:1A:79:23:7A:F4",
                "00:1A:79:70:68:3F",
                "00:1A:79:94:21:A0",
                "00:1A:79:A4:58:03",
                "00:1A:79:5E:F3:6F",
                "00:1A:79:98:97:56",
                "00:1A:79:7A:42:12",
                "00:1A:79:05:A3:28",
                "00:1A:79:6A:AC:A5",
                "00:1A:79:5B:E4:DE",
                "00:1A:79:3D:5C:6F"
            ]
        },
        {
            "server_name": "uhd3.one",
            "server_url": "http://uhd3.one/c/",
            "macs": [
                "00:1A:79:C3:F6:24",
                "00:1A:79:E8:00:41",
                "00:1A:79:49:31:19",
                "00:1A:79:F1:B8:16",
                "00:1A:79:BD:38:8F",
                "00:1A:79:D0:30:8E"
            ]
        },
        {
            "server_name": "trex.8kott.xyz",
            "server_url": "http://trex.8kott.xyz/c/",
            "macs": [
                "00:1A:79:6E:4B:28",
                "00:1A:79:6D:10:34",
                "00:1A:79:61:35:36",
                "00:1A:79:4E:90:B9",
                "00:1A:79:E7:A9:0B",
                "00:1A:79:B5:6E:45"
            ]
        },
        {
            "server_name": "iptvswiss.com.123tv.to:8080",
            "server_url": "http://iptvswiss.com.123tv.to:8080/c/",
            "macs": [
                "00:1A:79:6E:38:4A",
                "00:1A:79:49:D7:47",
                "00:1A:79:BD:50:70",
                "00:1A:79:EE:DC:D4",
                "00:1A:79:B8:8D:1F",
                "00:1A:79:AE:A5:DE"
            ]
        },
        {
            "server_name": "45.139.122.199:8080",
            "server_url": "http://45.139.122.199:8080/c/",
            "macs": [
                "00:1A:79:A6:54:34",
                "00:1A:79:4D:13:73",
                "00:1A:79:B4:4F:81",
                "00:1A:79:AD:84:81",
                "00:1A:79:C3:0D:FD",
                "00:1A:79:C4:22:DD",
                "00:1A:79:AE:CC:32",
                "00:1A:79:C5:48:7B",
                "00:1A:79:F4:8C:3A"
            ]
        },
        {
            "server_name": "fastrunner.live:8080",
            "server_url": "http://fastrunner.live:8080/c/",
            "macs": [
                "00:1A:79:C7:CA:98",
                "00:1A:79:C8:10:EF",
                "00:1A:79:D8:D5:E5",
                "00:1A:79:4E:E6:E3",
                "00:1A:79:B6:39:31",
                "00:1A:79:A1:FB:35"
            ]
        },
        {
            "server_name": "magico.livrexs.xyz",
            "server_url": "http://magico.livrexs.xyz/c/",
            "macs": [
                "00:1A:79:BB:52:2A",
                "00:1A:79:A2:C4:EB",
                "00:1A:79:B7:44:8B",
                "00:1A:79:CC:4F:B1",
                "00:1A:79:2E:55:C3"
            ]
        },
        {
            "server_name": "mutant.arrox.top",
            "server_url": "http://mutant.arrox.top/c/",
            "macs": [
                "00:1A:79:42:0E:74",
                "00:1A:79:14:1F:23",
                "00:1A:79:32:C5:57",
                "00:1A:79:3A:84:89",
                "00:1A:79:BF:DF:A6",
                "00:1A:79:D6:4F:18",
                "00:1A:79:5D:82:E9",
                "00:1A:79:B3:B3:63",
                "00:1A:79:C5:BF:E0"
            ]
        },
        {
            "server_name": "line.iptvwings.com",
            "server_url": "http://line.iptvwings.com/c/",
            "macs": [
                "00:1A:79:EF:AA:F5",
                "00:1A:79:B6:6F:17",
                "00:1A:79:7F:16:EB",
                "00:1A:79:62:1B:C3",
                "00:1A:79:EC:CC:DA",
                "00:1A:79:58:BE:9B"
            ]
        },
        {
            "server_name": "193.176.244.25:8080",
            "server_url": "http://193.176.244.25:8080/c/",
            "macs": [
                "00:1A:79:CB:15:8A",
                "00:1A:79:F0:0B:73"
            ]
        }
    ]
}