{
    "items": [
        {
            "server_name": "xc.xvip58.xyz:8080",
            "server_url": "http://xc.xvip58.xyz:8080/c/",
            "macs": [
                "00:1A:79:13:4F:9B",
                "00:1A:79:40:7D:7C",
                "00:1A:79:AF:F9:08"
            ]
        },
        {
            "server_name": "1234up.com:8080",
            "server_url": "http://1234up.com:8080/c/",
            "macs": [
                "00:1A:79:A2:1C:66",
                "00:1A:79:BB:36:1C",
                "00:1A:79:FF:17:6A"
            ]
        },
        {
            "server_name": "194.76.0.140",
            "server_url": "http://194.76.0.140/c/",
            "macs": [
                "00:1A:79:D6:9F:8F"
            ]
        },
        {
            "server_name": "135.125.45.117:80",
            "server_url": "http://135.125.45.117:80/c/",
            "macs": [
                "00:1A:79:21:0D:FE"
            ]
        },
        {
            "server_name": "cbr.selfip.org:8080",
            "server_url": "http://cbr.selfip.org:8080/c/",
            "macs": [
                "00:1A:79:5E:CC:A7",
                "00:1A:79:A1:88:DB",
                "00:1A:79:A1:9F:7E",
                "00:1A:79:A7:CA:79",
                "00:1A:79:AE:D4:00",
                "00:1A:79:B0:BC:8E"
            ]
        },
        {
            "server_name": "don-balon.ddns.net:8080",
            "server_url": "http://don-balon.ddns.net:8080/c/",
            "macs": [
                "00:1A:79:55:05:B5"
            ]
        },
        {
            "server_name": "media.ottpurstream.com",
            "server_url": "http://media.ottpurstream.com/c/",
            "macs": [
                "00:1A:79:64:DE:1D"
            ]
        },
        {
            "server_name": "drk.yasar.tv",
            "server_url": "http://drk.yasar.tv/c/",
            "macs": [
                "00:1A:79:50:3E:BF",
                "00:1A:79:95:BF:70",
                "00:1A:79:B5:2B:0D"
            ]
        },
        {
            "server_name": "testdi.proxytx.cloud",
            "server_url": "http://testdi.proxytx.cloud/c/",
            "macs": [
                "00:1A:79:C3:B8:ED"
            ]
        },
        {
            "server_name": "www.funmitra.com:8080",
            "server_url": "http://www.funmitra.com:8080/c/",
            "macs": [
                "00:1A:79:1E:7F:1B"
            ]
        },
        {
            "server_name": "mag.premiumplus.tv",
            "server_url": "http://mag.premiumplus.tv/c/",
            "macs": [
                "00:1A:79:1B:0F:A3",
                "00:1A:79:1C:D2:4E",
                "00:1A:79:28:6F:5F",
                "00:1A:79:2F:78:00",
                "00:1A:79:42:C9:0C",
                "00:1A:79:64:4F:4F",
                "00:1A:79:69:BA:40",
                "00:1A:79:71:3D:80",
                "00:1A:79:8C:08:9C",
                "00:1A:79:8E:98:AD",
                "00:1A:79:A8:2D:51",
                "00:1A:79:AD:B1:99",
                "00:1A:79:AE:DE:FD",
                "00:1A:79:B3:A5:0E",
                "00:1A:79:B8:AE:5A",
                "00:1A:79:BB:F9:5F",
                "00:1A:79:BE:34:90",
                "00:1A:79:BF:94:22",
                "00:1A:79:C3:D5:60",
                "00:1A:79:D5:9F:F0",
                "00:1A:79:E8:0B:44"
            ]
        },
        {
            "server_name": "hottest.vip",
            "server_url": "http://hottest.vip/c/",
            "macs": [
                "00:1A:79:D0:FF:B0"
            ]
        },
        {
            "server_name": "line.greatstar.me",
            "server_url": "http://line.greatstar.me/c/",
            "macs": [
                "00:1A:79:DB:00:34"
            ]
        },
        {
            "server_name": "3tv.pro",
            "server_url": "http://3tv.pro/c/",
            "macs": [
                "00:1A:79:DC:06:27"
            ]
        },
        {
            "server_name": "mag.4k365.xyz",
            "server_url": "http://mag.4k365.xyz/c/",
            "macs": [
                "00:1A:79:6E:D6:0F"
            ]
        },
        {
            "server_name": "16919-near.cloud-ott.me",
            "server_url": "http://16919-near.cloud-ott.me/c/",
            "macs": [
                "00:1A:79:5C:70:9F"
            ]
        },
        {
            "server_name": "94.23.146.142",
            "server_url": "http://94.23.146.142/stalker_portal/c/",
            "macs": [
                "00:1A:79:00:00:04"
            ]
        },
        {
            "server_name": "117tv.icu:8080",
            "server_url": "http://117tv.icu:8080/c/",
            "macs": [
                "00:1A:79:46:74:9D",
                "00:1A:79:AD:CD:25"
            ]
        },
        {
            "server_name": "iptv.darktv.eu:80",
            "server_url": "http://iptv.darktv.eu:80/c/",
            "macs": [
                "00:1A:79:5C:A7:4A"
            ]
        },
        {
            "server_name": "mugiwara.live:8080",
            "server_url": "http://mugiwara.live:8080/c/",
            "macs": [
                "00:1A:79:6B:BE:7E"
            ]
        },
        {
            "server_name": "ip.sltv.be:8080",
            "server_url": "http://ip.sltv.be:8080/c/",
            "macs": [
                "00:1A:79:BD:B4:6C"
            ]
        },
        {
            "server_name": "trxx.in:80",
            "server_url": "http://trxx.in:80/c/",
            "macs": [
                "00:1A:79:02:4F:A7",
                "00:1A:79:12:26:CB",
                "00:1A:79:25:8D:57",
                "00:1A:79:4C:5F:F0",
                "00:1A:79:60:8F:4C",
                "00:1A:79:6E:73:81",
                "00:1A:79:7F:C0:BF",
                "00:1A:79:98:5F:FF",
                "00:1A:79:9C:9F:12",
                "00:1A:79:AD:26:DF",
                "00:1A:79:B7:70:E4",
                "00:1A:79:BF:D9:08",
                "00:1A:79:C6:F5:31",
                "00:1A:79:CB:7A:F7",
                "00:1A:79:E7:6E:58",
                "00:1A:79:FF:07:BD"
            ]
        },
        {
            "server_name": "srvgold.iptvcheap.com:80",
            "server_url": "http://srvgold.iptvcheap.com:80/c/",
            "macs": [
                "00:1A:79:00:00:AC",
                "00:1A:79:02:FE:01",
                "00:1A:79:13:A3:5E",
                "00:1A:79:35:34:61",
                "00:1A:79:36:62:63",
                "00:1A:79:61:32:34",
                "00:1A:79:7C:E2:11",
                "00:1A:79:A6:7F:7C",
                "00:1A:79:BE:6F:BF",
                "00:1A:79:C0:8A:D8",
                "00:1A:79:CF:6C:23",
                "00:1A:79:DF:41:E4"
            ]
        },
        {
            "server_name": "wowtv.cc",
            "server_url": "http://wowtv.cc/c/",
            "macs": [
                "00:1A:79:B5:F7:34",
                "00:1A:79:B5:F7:35",
                "00:1A:79:B5:F7:39",
                "00:1A:79:B5:F7:54",
                "00:1A:79:B5:F7:57",
                "00:1A:79:B5:F7:58",
                "00:1A:79:B5:F7:5E",
                "00:1A:79:B5:F7:5F",
                "00:1A:79:B5:F7:9D",
                "00:1A:79:B5:F7:BF",
                "00:1A:79:B5:F7:DF",
                "00:1A:79:B5:F7:E0"
            ]
        },
        {
            "server_name": "trex.8kott.xyz",
            "server_url": "http://trex.8kott.xyz/c/",
            "macs": [
                "00:1A:79:6D:10:34"
            ]
        },
        {
            "server_name": "elit4kiptv.info:8080",
            "server_url": "http://elit4kiptv.info:8080/c/",
            "macs": [
                "00:1A:79:08:EB:84"
            ]
        },
        {
            "server_name": "cmc.best-ott.me",
            "server_url": "http://cmc.best-ott.me/c/",
            "macs": [
                "00:1A:79:4D:B1:72"
            ]
        },
        {
            "server_name": "tr.redatvgold.com",
            "server_url": "http://tr.redatvgold.com/c/",
            "macs": [
                "00:1A:79:B5:0E:0A"
            ]
        },
        {
            "server_name": "alexiptv.ddns.me:8080",
            "server_url": "http://alexiptv.ddns.me:8080/c/",
            "macs": [
                "00:1A:79:7A:17:02"
            ]
        },
        {
            "server_name": "extremaiptv.com:8080",
            "server_url": "http://extremaiptv.com:8080/c/",
            "macs": [
                "00:1A:79:A3:11:B5"
            ]
        },
        {
            "server_name": "mutant.arrox.top",
            "server_url": "http://mutant.arrox.top/c/",
            "macs": [
                "00:1A:79:00:05:D0",
                "00:1A:79:49:1E:16",
                "00:1A:79:58:5F:B3",
                "00:1A:79:5E:57:99",
                "00:1A:79:5F:22:65",
                "00:1A:79:B7:09:3E"
            ]
        },
        {
            "server_name": "cbrlig.com:8080",
            "server_url": "http://cbrlig.com:8080/c/",
            "macs": [
                "00:1A:79:54:CB:13"
            ]
        },
        {
            "server_name": "iptvworld.ml:2095",
            "server_url": "http://iptvworld.ml:2095/c/",
            "macs": [
                "00:1A:79:2C:16:A9",
                "00:1A:79:87:A0:92",
                "00:1A:79:97:63:5A",
                "00:1A:79:BC:2B:F5",
                "00:1A:79:BC:E0:A1",
                "00:1A:79:C0:B3:C2"
            ]
        },
        {
            "server_name": "wyveep.com:8080",
            "server_url": "http://wyveep.com:8080/c/",
            "macs": [
                "00:1A:79:50:49:AA",
                "00:1A:79:CC:32:B9",
                "00:1A:79:D4:0E:95"
            ]
        },
        {
            "server_name": "web2021.biz:8080",
            "server_url": "http://web2021.biz:8080/c/",
            "macs": [
                "00:1A:79:49:12:99",
                "00:1A:79:52:EE:27",
                "00:1A:79:53:D7:28",
                "00:1A:79:5F:77:A9",
                "00:1A:79:63:E9:F7"
            ]
        },
        {
            "server_name": "90309-fri.ott-cdn.me",
            "server_url": "http://90309-fri.ott-cdn.me/c/",
            "macs": [
                "00:1A:79:31:61:63",
                "00:1A:79:BE:91:CB"
            ]
        }
    ]
}