{
    "items": [
        {
            "server_name": "pera-on.cyou:8080",
            "server_url": "http://pera-on.cyou:8080/c/",
            "macs": [
                "00:1A:79:BB:34:DF"
            ]
        },
        {
            "server_name": "fastrunner.live:8080",
            "server_url": "http://fastrunner.live:8080/c/",
            "macs": [
                "00:1A:79:7D:E0:DE"
            ]
        },
        {
            "server_name": "restream.cdn-4k.cloud",
            "server_url": "http://restream.cdn-4k.cloud/c/",
            "macs": [
                "00:1A:79:59:33:72",
                "00:1A:79:76:B8:AF"
            ]
        },
        {
            "server_name": "95.214.232.47",
            "server_url": "http://95.214.232.47/c/",
            "macs": [
                "00:1A:79:28:40:91",
                "00:1A:79:31:2F:61",
                "00:1A:79:41:9A:C1",
                "00:1A:79:B7:87:0E",
                "00:1A:79:E1:45:EA"
            ]
        },
        {
            "server_name": "1234up.com:8080",
            "server_url": "http://1234up.com:8080/c/",
            "macs": [
                "00:1A:79:C8:13:EB"
            ]
        },
        {
            "server_name": "egaletv.cc:80",
            "server_url": "http://egaletv.cc:80/c/",
            "macs": [
                "00:1A:79:D9:5A:A8"
            ]
        },
        {
            "server_name": "ragnartvpars.xyz:8080",
            "server_url": "http://ragnartvpars.xyz:8080/c/",
            "macs": [
                "00:1A:79:14:6D:03"
            ]
        },
        {
            "server_name": "stream1.tvs24.net:25461",
            "server_url": "http://stream1.tvs24.net:25461/c/",
            "macs": [
                "00:1A:79:67:FC:6F",
                "00:1A:79:CA:D9:97"
            ]
        },
        {
            "server_name": "new.ttbd.cc",
            "server_url": "http://new.ttbd.cc/stalker_portal/c/",
            "macs": [
                "00:1A:79:0F:1D:93"
            ]
        },
        {
            "server_name": "josko.magovi.uk:8000",
            "server_url": "http://josko.magovi.uk:8000/c/",
            "macs": [
                "00:1A:79:0B:79:9D"
            ]
        },
        {
            "server_name": "zepequeno.xyz:8080",
            "server_url": "http://zepequeno.xyz:8080/c/",
            "macs": [
                "00:1A:79:AB:4F:DD"
            ]
        },
        {
            "server_name": "hans_monika.streamtv.to:8080",
            "server_url": "http://hans_monika.streamtv.to:8080/c/",
            "macs": [
                "00:1A:79:62:65:64",
                "00:1A:79:AD:86:2E"
            ]
        },
        {
            "server_name": "d8.myottes.me",
            "server_url": "http://d8.myottes.me/c/",
            "macs": [
                "00:1A:79:0A:BC:92",
                "00:1A:79:15:F0:AB",
                "00:1A:79:17:31:82",
                "00:1A:79:6B:C0:83",
                "00:1A:79:78:F0:6E",
                "00:1A:79:7D:C3:61",
                "00:1A:79:9E:73:66",
                "00:1A:79:BB:15:16"
            ]
        },
        {
            "server_name": "iptv.jinbox.nl",
            "server_url": "http://iptv.jinbox.nl/c/",
            "macs": [
                "00:1A:79:3D:20:6D",
                "00:1A:79:3D:28:4B",
                "00:1A:79:43:7B:21",
                "00:1A:79:63:A8:B8",
                "00:1A:79:A4:84:F5"
            ]
        },
        {
            "server_name": "tr.redatvgold.com",
            "server_url": "http://tr.redatvgold.com/c/",
            "macs": [
                "00:1A:79:24:D5:FB",
                "00:1A:79:BC:AB:19"
            ]
        },
        {
            "server_name": "drk.yasar.tv",
            "server_url": "http://drk.yasar.tv/c/",
            "macs": [
                "00:1A:79:44:2C:45"
            ]
        }
    ]
}