{
    "items": [
        {
            "server_name": "androstv.xyz:8080",
            "server_url": "http://androstv.xyz:8080/c/",
            "macs": [
                "00:1A:79:C0:9B:87"
            ]
        },
        {
            "server_name": "ultra-box.club",
            "server_url": "http://ultra-box.club/c/",
            "macs": [
                "00:1A:79:64:03:E2",
                "00:1A:79:64:94:30",
                "00:1A:79:75:24:58",
                "00:1A:79:A4:C6:F3",
                "00:1A:79:A6:2B:FE",
                "00:1A:79:A9:EC:5E",
                "00:1A:79:AD:70:C7",
                "00:1A:79:B0:59:9B",
                "00:1A:79:B5:10:48",
                "00:1A:79:B5:C0:9F",
                "00:1A:79:B7:6F:02",
                "00:1A:79:B7:70:A7",
                "00:1A:79:B7:74:05",
                "00:1A:79:BE:88:3D"
            ]
        },
        {
            "server_name": "webhop.xyz",
            "server_url": "http://webhop.xyz/c/",
            "macs": [
                "00:1A:79:10:C3:64",
                "00:1A:79:7A:07:00",
                "00:1A:79:AD:79:AA",
                "00:1A:79:F2:C9:2A"
            ]
        },
        {
            "server_name": "genlive.online:8080",
            "server_url": "http://genlive.online:8080/c/",
            "macs": [
                "00:1A:79:37:11:B7",
                "00:1A:79:40:82:80",
                "00:1A:79:B5:95:6B",
                "00:1A:79:BC:35:FA",
                "00:1A:79:E4:1A:11",
                "00:1A:79:FE:0D:94"
            ]
        },
        {
            "server_name": "vsc-747.com:8080",
            "server_url": "http://vsc-747.com:8080/c/",
            "macs": [
                "00:1A:79:32:65:C7"
            ]
        },
        {
            "server_name": "sv.starir.biz:8080",
            "server_url": "http://sv.starir.biz:8080/c/",
            "macs": [
                "00:1A:79:4B:D5:C7"
            ]
        },
        {
            "server_name": "drk.yasarpro.com:80",
            "server_url": "http://drk.yasarpro.com:80/c/",
            "macs": [
                "00:1A:79:00:B8:42",
                "00:1A:79:10:92:22",
                "00:1A:79:19:4F:65",
                "00:1A:79:28:0F:C7",
                "00:1A:79:30:5F:1B",
                "00:1A:79:31:3F:81",
                "00:1A:79:36:BD:66",
                "00:1A:79:3F:40:35",
                "00:1A:79:4E:31:92",
                "00:1A:79:54:7C:9B",
                "00:1A:79:5A:F5:B7",
                "00:1A:79:60:4C:F8",
                "00:1A:79:66:0B:80",
                "00:1A:79:67:02:7A",
                "00:1A:79:6F:4F:41",
                "00:1A:79:7F:9C:F4",
                "00:1A:79:83:39:66",
                "00:1A:79:A2:6D:E0",
                "00:1A:79:A6:7F:86",
                "00:1A:79:BB:EE:C9",
                "00:1A:79:D6:0F:DC",
                "00:1A:79:D6:CB:34",
                "00:1A:79:D8:9F:C5",
                "00:1A:79:E5:16:F2"
            ]
        },
        {
            "server_name": "lionshd.me",
            "server_url": "http://lionshd.me/c/",
            "macs": [
                "00:1A:79:00:23:74",
                "00:1A:79:11:12:2E",
                "00:1A:79:1D:97:25",
                "00:1A:79:2D:01:47",
                "00:1A:79:31:2D:79",
                "00:1A:79:38:4F:03",
                "00:1A:79:44:AA:C4",
                "00:1A:79:4A:57:51",
                "00:1A:79:50:DF:DF",
                "00:1A:79:5C:3A:5E"
            ]
        },
        {
            "server_name": "mag.realiptv.org:1339",
            "server_url": "http://mag.realiptv.org:1339/c/",
            "macs": [
                "00:1A:79:4F:44:1A",
                "00:1A:79:4F:C4:75",
                "00:1A:79:5D:E6:F0",
                "00:1A:79:6B:3A:2C"
            ]
        },
        {
            "server_name": "ix.kingtv.pw",
            "server_url": "http://ix.kingtv.pw/c/",
            "macs": [
                "00:1A:79:20:07:94",
                "00:1A:79:23:2F:13",
                "00:1A:79:23:3F:58",
                "00:1A:79:24:2B:05",
                "00:1A:79:35:1C:5E",
                "00:1A:79:4B:27:1F",
                "00:1A:79:55:A4:05",
                "00:1A:79:55:D0:C2",
                "00:1A:79:56:29:FA",
                "00:1A:79:5D:8B:D1"
            ]
        },
        {
            "server_name": "1234up.com:8080",
            "server_url": "http://1234up.com:8080/c/",
            "macs": [
                "00:1A:79:CC:38:16",
                "00:1A:79:CF:2A:59"
            ]
        },
        {
            "server_name": "107.189.14.168:8080",
            "server_url": "http://107.189.14.168:8080/c/",
            "macs": [
                "00:1A:79:51:07:FD",
                "00:1A:79:57:4C:E6",
                "00:1A:79:69:22:95",
                "00:1A:79:6B:EB:C1",
                "00:1A:79:78:75:3B"
            ]
        },
        {
            "server_name": "magentalive.eu:8080",
            "server_url": "http://magentalive.eu:8080/c/",
            "macs": [
                "00:1A:79:A6:9C:99"
            ]
        },
        {
            "server_name": "45.137.206.58:29848",
            "server_url": "http://45.137.206.58:29848/stalker_portal/c/",
            "macs": [
                "00:1A:79:BC:47:16"
            ]
        },
        {
            "server_name": "server.hdiptv.world:8080",
            "server_url": "http://server.hdiptv.world:8080/c/",
            "macs": [
                "00:1A:79:3F:2E:46",
                "00:1A:79:B0:F9:65"
            ]
        },
        {
            "server_name": "mutant.arrox.top:80",
            "server_url": "http://mutant.arrox.top:80/c/",
            "macs": [
                "00:1A:79:02:44:38",
                "00:1A:79:02:6A:96"
            ]
        },
        {
            "server_name": "ip.sltv.be:8080",
            "server_url": "http://ip.sltv.be:8080/c/",
            "macs": [
                "00:1A:79:31:75:44"
            ]
        },
        {
            "server_name": "trxx.in:80",
            "server_url": "http://trxx.in:80/c/",
            "macs": [
                "00:1A:79:00:00:88",
                "00:1A:79:00:01:11",
                "00:1A:79:00:01:71",
                "00:1A:79:00:01:E6",
                "00:1A:79:00:01:E7",
                "00:1A:79:00:04:65",
                "00:1A:79:0B:BB:AC",
                "00:1A:79:57:F9:A3",
                "00:1A:79:9B:E9:F8",
                "00:1A:79:BF:42:7D",
                "00:1A:79:CB:97:56",
                "00:1A:79:E2:2E:1B",
                "00:1A:79:ED:C1:40",
                "00:1A:79:FB:49:76"
            ]
        },
        {
            "server_name": "tskmv.top:8080",
            "server_url": "http://tskmv.top:8080/c/",
            "macs": [
                "00:1A:79:30:09:19",
                "00:1A:79:32:65:C7",
                "00:1A:79:50:CB:CC",
                "00:1A:79:54:5A:4B",
                "00:1A:79:5F:03:11"
            ]
        },
        {
            "server_name": "lllllliiiiiiidsa9.funtogether.xyz:8080",
            "server_url": "http://lllllliiiiiiidsa9.funtogether.xyz:8080/c/",
            "macs": [
                "00:1A:79:37:11:B7",
                "00:1A:79:40:82:80",
                "00:1A:79:5A:0A:F9",
                "00:1A:79:5D:DB:C0",
                "00:1A:79:76:4F:8E",
                "00:1A:79:B3:92:C2",
                "00:1A:79:B5:95:6B",
                "00:1A:79:BA:B0:59",
                "00:1A:79:BC:35:FA",
                "00:1A:79:C0:C9:3C",
                "00:1A:79:C6:2C:D7",
                "00:1A:79:C6:F2:BF",
                "00:1A:79:CC:F5:F0",
                "00:1A:79:E4:1A:11",
                "00:1A:79:FE:0D:94"
            ]
        },
        {
            "server_name": "iptvstable.xyz:80",
            "server_url": "http://iptvstable.xyz:80/c/",
            "macs": [
                "00:1A:79:0E:13:8B",
                "00:1A:79:0F:76:6C",
                "00:1A:79:40:6E:62",
                "00:1A:79:49:55:04",
                "00:1A:79:4C:E8:CC",
                "00:1A:79:4F:26:0B",
                "00:1A:79:62:50:B3",
                "00:1A:79:77:88:17",
                "00:1A:79:79:8F:2C",
                "00:1A:79:7B:1A:21",
                "00:1A:79:A6:21:DD",
                "00:1A:79:AC:1D:10",
                "00:1A:79:AF:51:49",
                "00:1A:79:BE:E2:E0",
                "00:1A:79:C1:A4:EA",
                "00:1A:79:D0:88:DB"
            ]
        },
        {
            "server_name": "mag.elite4ktv.live:80",
            "server_url": "http://mag.elite4ktv.live:80/c/",
            "macs": [
                "00:1A:79:0C:7E:55",
                "00:1A:79:23:B5:E1",
                "00:1A:79:27:AE:91",
                "00:1A:79:47:62:02",
                "00:1A:79:57:08:85",
                "00:1A:79:61:66:36",
                "00:1A:79:70:67:FD",
                "00:1A:79:74:44:71",
                "00:1A:79:7E:45:B8",
                "00:1A:79:AA:77:55",
                "00:1A:79:AD:71:1E",
                "00:1A:79:C8:29:6B",
                "00:1A:79:DE:2F:15"
            ]
        },
        {
            "server_name": "kingtv.net:7070",
            "server_url": "http://kingtv.net:7070/c/",
            "macs": [
                "00:1A:79:00:00:06"
            ]
        },
        {
            "server_name": "dhoom4u.me:80",
            "server_url": "http://dhoom4u.me:80/c/",
            "macs": [
                "00:1A:79:78:EB:AF"
            ]
        },
        {
            "server_name": "un3.anonymoustv.club:80",
            "server_url": "http://un3.anonymoustv.club:80/c/",
            "macs": [
                "00:1A:79:00:01:02"
            ]
        },
        {
            "server_name": "gfr5.mi20.cc",
            "server_url": "http://gfr5.mi20.cc/stalker_portal/c/",
            "macs": [
                "00:1A:79:66:F2:6A",
                "00:1A:79:79:2C:82",
                "00:1A:79:F0:67:70"
            ]
        },
        {
            "server_name": "dp-elite.net:2095",
            "server_url": "http://dp-elite.net:2095/c/",
            "macs": [
                "00:1A:79:68:E2:85"
            ]
        },
        {
            "server_name": "hs.nxpr.cc:8080",
            "server_url": "http://hs.nxpr.cc:8080/c/",
            "macs": [
                "00:1A:79:60:7E:67",
                "00:1A:79:B2:A7:02",
                "00:1A:79:B3:82:87"
            ]
        },
        {
            "server_name": "violetta.cfd:8080",
            "server_url": "http://violetta.cfd:8080/c/",
            "macs": [
                "00:1A:79:5E:D8:34"
            ]
        },
        {
            "server_name": "16243-sides.cdn-o2.me",
            "server_url": "http://16243-sides.cdn-o2.me/c/",
            "macs": [
                "00:1A:79:26:80:90",
                "00:1A:79:BC:A5:40"
            ]
        },
        {
            "server_name": "168.119.44.162:2080",
            "server_url": "http://168.119.44.162:2080/stalker_portal/c/",
            "macs": [
                "00:1A:79:73:8C:78",
                "00:1A:79:80:F3:5D"
            ]
        },
        {
            "server_name": "rufus.zone",
            "server_url": "http://rufus.zone/stalker_portal/c/",
            "macs": [
                "00:1A:79:00:AC:C9",
                "00:1A:79:C5:05:70",
                "00:1A:79:E5:21:40"
            ]
        },
        {
            "server_name": "p1.iptvrocket.tv",
            "server_url": "http://p1.iptvrocket.tv/c/",
            "macs": [
                "00:1A:79:30:B7:0C",
                "00:1A:79:41:8A:8D",
                "00:1A:79:FB:59:61"
            ]
        },
        {
            "server_name": "iptv.jinbox.eu:1339",
            "server_url": "http://iptv.jinbox.eu:1339/c/",
            "macs": [
                "00:1A:79:A1:85:E6",
                "00:1A:79:A3:D7:75",
                "00:1A:79:CB:84:D6"
            ]
        },
        {
            "server_name": "ainfo.icu:8000",
            "server_url": "http://ainfo.icu:8000/c/",
            "macs": [
                "00:1A:79:0B:2F:AD",
                "00:1A:79:10:AE:32",
                "00:1A:79:18:03:75",
                "00:1A:79:47:4F:16",
                "00:1A:79:54:A8:13",
                "00:1A:79:D5:CF:57",
                "00:1A:79:E6:52:4A",
                "00:1A:79:E8:6D:1B"
            ]
        },
        {
            "server_name": "wtc05.mi20.cc",
            "server_url": "http://wtc05.mi20.cc/stalker_portal/c/",
            "macs": [
                "00:1A:79:6F:60:A5",
                "00:1A:79:73:2A:E8",
                "00:1A:79:74:E7:C0",
                "00:1A:79:79:32:97",
                "00:1A:79:7A:70:3B",
                "00:1A:79:7C:2C:D7",
                "00:1A:79:E5:3D:78",
                "00:1A:79:F0:61:10",
                "00:1A:79:F1:E3:04"
            ]
        },
        {
            "server_name": "pal.alphatx.me",
            "server_url": "http://pal.alphatx.me/c/",
            "macs": [
                "00:1A:79:61:25:D5",
                "00:1A:79:61:4E:96",
                "00:1A:79:7E:E4:0B",
                "00:1A:79:7F:1C:FA",
                "00:1A:79:B5:9B:A6",
                "00:1A:79:B6:0A:4E",
                "00:1A:79:B7:B4:EC"
            ]
        },
        {
            "server_name": "app.mm88.com.bd",
            "server_url": "http://app.mm88.com.bd/stalker_portal/c/",
            "macs": [
                "00:1A:79:46:40:45"
            ]
        }
    ]
}