{
    "items": [
        {
            "server_name": "ggddnss2.com:8080",
            "server_url": "http://ggddnss2.com:8080/c/",
            "macs": [
                "00:1A:79:F2:81:D2",
                "00:1A:79:B6:D9:8C"
            ]
        },
        {
            "server_name": "promaxhd.com:8080",
            "server_url": "http://promaxhd.com:8080/c/",
            "macs": [
                "00:1a:79:75:3f:36",
                "00:1a:79:20:35:bc",
                "00:1a:79:74:58:f9",
                "00:1a:79:6f:a4:1b",
                "00:1a:79:2b:2c:a7",
                "00:1a:79:4a:04:0e",
                "00:1A:79:F5:0B:8F",
                "00:1A:79:AC:C3:0A"
            ]
        },
        {
            "server_name": "main.light-ott.net:80",
            "server_url": "http://main.light-ott.net:80/c/",
            "macs": [
                "00:1a:79:6A:88:07",
                "00:1A:79:54:2E:21"
            ]
        },
        {
            "server_name": "yedek.realiptv.org",
            "server_url": "http://yedek.realiptv.org/c/",
            "macs": [
                "00:1A:79:05:E0:C1"
            ]
        },
        {
            "server_name": "izle.atak.live:8080",
            "server_url": "http://izle.atak.live:8080/c/",
            "macs": [
                "00:1A:79:4d:03:42",
                "00:1A:79:17:2d:99"
            ]
        },
        {
            "server_name": "ultra-box.club",
            "server_url": "http://ultra-box.club/c/",
            "macs": [
                "00:1a:79:ad:7f:3a",
                "00:1a:79:a1:bb:04",
                "00:1a:79:bb:c7:5f",
                "00:1a:79:a3:6b:50",
                "00:1a:79:a3:b7:88",
                "00:1a:79:ac:1e:93"
            ]
        },
        {
            "server_name": "mag.rs6ott.com",
            "server_url": "http://mag.rs6ott.com/c/",
            "macs": [
                "00:1A:79:A3:B7:83"
            ]
        }
    ]
}