{
    "items": [
        {
            "server_name": "coolforcats.cool:80",
            "server_url": "http://coolforcats.cool:80/c/",
            "macs": [
                "00:1A:79:57:CA:B4",
                "00:1A:79:57:CC:00",
                "00:1A:79:C0:E6:26",
                "00:1A:79:C2:31:B7",
                "00:1A:79:C2:31:D3",
                "00:1A:79:D1:B6:8E",
                "00:1A:79:D1:B6:8F"
            ]
        },
        {
            "server_name": "best.iptv1080p.live:8080",
            "server_url": "http://best.iptv1080p.live:8080/c/",
            "macs": [
                "00:1A:79:D8:3D:3F",
                "00:1A:79:DA:58:DF"
            ]
        },
        {
            "server_name": "mag.4k365.xyz:80",
            "server_url": "http://mag.4k365.xyz:80/c/",
            "macs": [
                "00:1A:79:0F:45:5B",
                "00:1A:79:10:DF:AA",
                "00:1A:79:10:E2:E3",
                "00:1A:79:13:51:70",
                "00:1A:79:15:DF:4B",
                "00:1A:79:21:21:30",
                "00:1A:79:32:34:34",
                "00:1A:79:33:43:58",
                "00:1A:79:33:61:65",
                "00:1A:79:6A:3B:51",
                "00:1A:79:6B:BC:0E",
                "00:1A:79:9E:88:36",
                "00:1A:79:9E:88:8C",
                "00:1A:79:A0:E3:B6",
                "00:1A:79:A0:FE:5C",
                "00:1A:79:A5:C0:4C",
                "00:1A:79:AF:38:32",
                "00:1A:79:C0:27:B9",
                "00:1A:79:C6:F4:C0",
                "00:1A:79:E2:7D:E7"
            ]
        },
        {
            "server_name": "ix.kingtv.pw:80",
            "server_url": "http://ix.kingtv.pw:80/c/",
            "macs": [
                "00:1A:79:00:AB:00",
                "00:1A:79:00:BF:D9",
                "00:1A:79:9E:88:39"
            ]
        },
        {
            "server_name": "scorpioniptv.com:8880",
            "server_url": "http://scorpioniptv.com:8880/c/",
            "macs": [
                "00:1A:79:00:00:01",
                "00:1A:79:05:65:AB",
                "00:1A:79:0C:A9:5B",
                "00:1A:79:31:BB:8C",
                "00:1A:79:35:89:7F",
                "00:1A:79:41:49:0D",
                "00:1A:79:51:EE:72",
                "00:1A:79:52:C6:C9",
                "00:1A:79:5E:43:2E",
                "00:1A:79:7F:1E:84",
                "00:1A:79:B4:69:3D",
                "00:1A:79:CE:0F:C8"
            ]
        },
        {
            "server_name": "tr.redatvgold.com",
            "server_url": "http://tr.redatvgold.com/c/",
            "macs": [
                "00:1A:79:B5:12:1B",
                "00:1A:79:B5:12:5D",
                "00:1A:79:B5:12:71",
                "00:1A:79:B5:12:87",
                "00:1A:79:B5:12:94",
                "00:1A:79:B5:12:B2",
                "00:1A:79:B5:12:D0",
                "00:1A:79:C2:7A:16",
                "00:1A:79:C2:7A:30",
                "00:1A:79:C5:45:08",
                "00:1A:79:C5:45:78",
                "00:1A:79:C5:45:C1",
                "00:1A:79:C5:45:DE",
                "00:1A:79:CF:73:2E",
                "00:1A:79:CF:73:DA"
            ]
        },
        {
            "server_name": "fzahtv.com",
            "server_url": "http://fzahtv.com/c/",
            "macs": [
                "00:1A:79:00:12:74",
                "00:1A:79:00:12:75",
                "00:1A:79:00:12:88",
                "00:1A:79:24:1A:F7",
                "00:1A:79:34:65:2B",
                "00:1A:79:61:39:63",
                "00:1A:79:74:07:7C",
                "00:1A:79:74:B6:85",
                "00:1A:79:78:51:EE",
                "00:1A:79:A6:B8:43",
                "00:1A:79:B5:F7:9D",
                "00:1A:79:C2:0D:47",
                "00:1A:79:D5:06:A3",
                "00:1A:79:F5:03:84",
                "00:1A:79:F5:03:B3",
                "00:1A:79:F5:03:D6"
            ]
        },
        {
            "server_name": "eu.majes-line.co",
            "server_url": "http://eu.majes-line.co/c/",
            "macs": [
                "00:1A:79:00:1D:26",
                "00:1A:79:00:1D:27",
                "00:1A:79:00:1D:2A",
                "00:1A:79:00:1D:2C",
                "00:1A:79:00:1D:6D",
                "00:1A:79:00:1D:76",
                "00:1A:79:00:1D:AB",
                "00:1A:79:00:1D:AD",
                "00:1A:79:00:1D:B3",
                "00:1A:79:00:1D:B4",
                "00:1A:79:0E:0D:6D",
                "00:1A:79:38:62:63",
                "00:1A:79:7E:6C:49"
            ]
        },
        {
            "server_name": "bes2.alphatx.me",
            "server_url": "http://bes2.alphatx.me/c/",
            "macs": [
                "00:1A:79:8C:0F:18",
                "00:1A:79:B4:B4:0B",
                "00:1A:79:B4:B4:13",
                "00:1A:79:B4:B4:1D",
                "00:1A:79:B4:B4:43",
                "00:1A:79:B4:B4:6D",
                "00:1A:79:B4:B4:97",
                "00:1A:79:B4:B4:A4",
                "00:1A:79:B4:B4:BE",
                "00:1A:79:B5:D0:09"
            ]
        },
        {
            "server_name": "chaotic-streams.cc:80",
            "server_url": "http://chaotic-streams.cc:80/c/",
            "macs": [
                "00:1A:79:B5:60:B0"
            ]
        },
        {
            "server_name": "102.129.200.19:8080",
            "server_url": "http://102.129.200.19:8080/c/",
            "macs": [
                "00:1A:79:00:09:7D",
                "00:1A:79:00:1A:79",
                "00:1A:79:06:96:C8",
                "00:1A:79:3E:78:0D",
                "00:1A:79:58:62:63",
                "00:1A:79:58:C7:62",
                "00:1A:79:69:26:A7",
                "00:1A:79:79:19:FE",
                "00:1A:79:DA:D8:4D",
                "00:1A:79:F1:B8:05"
            ]
        },
        {
            "server_name": "vipzeus4k.xyz:8080",
            "server_url": "http://vipzeus4k.xyz:8080/c/",
            "macs": [
                "00:1A:79:10:3D:50",
                "00:1A:79:10:E3:6C",
                "00:1A:79:19:21:2D",
                "00:1A:79:4F:D5:80",
                "00:1A:79:6B:BB:CC",
                "00:1A:79:BA:D4:64",
                "00:1A:79:BB:35:D6",
                "00:1A:79:C1:B2:04",
                "00:1A:79:C2:7E:88"
            ]
        },
        {
            "server_name": "tit.ipsh.tv",
            "server_url": "http://tit.ipsh.tv/c/",
            "macs": [
                "00:1A:79:02:59:E6",
                "00:1A:79:0F:04:6D",
                "00:1A:79:29:54:88",
                "00:1A:79:69:8F:4C",
                "00:1A:79:7D:AD:59",
                "00:1A:79:80:A4:02",
                "00:1A:79:A9:F1:50",
                "00:1A:79:AF:21:BA",
                "00:1A:79:F7:39:D6"
            ]
        },
        {
            "server_name": "192.99.19.27:8000",
            "server_url": "http://192.99.19.27:8000/c/",
            "macs": [
                "00:1A:79:15:25:C4"
            ]
        },
        {
            "server_name": "livepremium.xyz:8080",
            "server_url": "http://livepremium.xyz:8080/c/",
            "macs": [
                "00:1A:79:BF:DA:E5",
                "00:1A:79:C4:73:82"
            ]
        },
        {
            "server_name": "line.ult-ott.com",
            "server_url": "http://line.ult-ott.com/c/",
            "macs": [
                "00:1A:79:42:C7:9E",
                "00:1A:79:78:90:E4",
                "00:1A:79:96:1F:1A",
                "00:1A:79:AA:8E:97",
                "00:1A:79:B3:38:00",
                "00:1A:79:BA:D9:33",
                "00:1A:79:C2:B4:B2",
                "00:1A:79:C3:1D:78",
                "00:1A:79:C4:CF:3C",
                "00:1A:79:D9:9D:53"
            ]
        },
        {
            "server_name": "z.zcatt.cc",
            "server_url": "http://z.zcatt.cc/stalker_portal/c/",
            "macs": [
                "00:1A:79:13:76:7A",
                "00:1A:79:3D:FD:61",
                "00:1A:79:CD:91:A7",
                "00:1A:79:D3:0A:01"
            ]
        }
    ]
}