{
    "items": [
        {
            "server_name": "1.germany4k.xyz:8080",
            "server_url": "http://1.germany4k.xyz:8080/c/",
            "macs": [
                "00:1A:79:02:F6:F0",
                "00:1A:79:29:64:54",
                "00:1A:79:49:AC:4A",
                "00:1A:79:8C:A7:4D",
                "00:1A:79:8E:F7:7C",
                "00:1A:79:BE:9C:79"
            ]
        },
        {
            "server_name": "promaxhd.com:8080",
            "server_url": "http://promaxhd.com:8080/c/",
            "macs": [
                "00:1A:79:45:F9:59",
                "00:1A:79:55:F7:BA",
                "00:1A:79:6B:14:6A",
                "00:1A:79:90:31:7B",
                "00:1A:79:C2:DE:83",
                "00:1A:79:C4:E0:7D"
            ]
        },
        {
            "server_name": "otx.arabitv5.com:8000",
            "server_url": "http://otx.arabitv5.com:8000/c/",
            "macs": [
                "00:1A:79:2A:37:27",
                "00:1A:79:2A:39:AF",
                "00:1A:79:3D:22:6A",
                "00:1A:79:42:D2:F0",
                "00:1A:79:72:9C:96"
            ]
        },
        {
            "server_name": "line.iptvwings.com:80",
            "server_url": "http://line.iptvwings.com:80/c/",
            "macs": [
                "00:1A:79:6B:10:15",
                "00:1A:79:7E:95:84",
                "00:1A:79:A6:27:ED"
            ]
        },
        {
            "server_name": "138.199.51.184:25461",
            "server_url": "http://138.199.51.184:25461/c/",
            "macs": [
                "00:1A:79:A5:DB:7E"
            ]
        },
        {
            "server_name": "coresys.dvrdns.org:25461",
            "server_url": "http://coresys.dvrdns.org:25461/c/",
            "macs": [
                "00:1A:79:26:7F:C8",
                "00:1A:79:6A:C3:B3"
            ]
        },
        {
            "server_name": "iptv.darktv.in",
            "server_url": "http://iptv.darktv.in/c/",
            "macs": [
                "00:1A:79:55:E3:F7",
                "00:1A:79:BF:B7:D3"
            ]
        },
        {
            "server_name": "line.iptvgoat.com:80",
            "server_url": "http://line.iptvgoat.com:80/c/",
            "macs": [
                "00:1A:79:BF:62:4A"
            ]
        },
        {
            "server_name": "trex.8kott.xyz:80",
            "server_url": "http://trex.8kott.xyz:80/c/",
            "macs": [
                "00:1A:79:07:10:4F"
            ]
        },
        {
            "server_name": "rufus.zone",
            "server_url": "http://rufus.zone/c/",
            "macs": [
                "00:1A:79:E6:1F:1C"
            ]
        },
        {
            "server_name": "cbrlig.com:8080",
            "server_url": "http://cbrlig.com:8080/c/",
            "macs": [
                "00:1A:79:1D:11:99",
                "00:1A:79:AB:48:02",
                "00:1A:79:AD:02:84",
                "00:1A:79:B1:59:8B",
                "00:1A:79:C1:A5:2E"
            ]
        },
        {
            "server_name": "1234up.com:8080",
            "server_url": "http://1234up.com:8080/c/",
            "macs": [
                "00:1A:79:1C:0A:E8",
                "00:1A:79:AB:2D:E5",
                "00:1A:79:B3:13:74",
                "00:1A:79:C4:1D:9E",
                "00:1A:79:C5:B5:D4"
            ]
        },
        {
            "server_name": "107.189.14.168:8080",
            "server_url": "http://107.189.14.168:8080/c/",
            "macs": [
                "00:1A:79:01:5A:1D",
                "00:1A:79:0C:41:7B",
                "00:1A:79:0D:A7:25",
                "00:1A:79:5A:96:2B",
                "00:1A:79:7D:C3:DF"
            ]
        },
        {
            "server_name": "4connect.link",
            "server_url": "http://4connect.link/c/",
            "macs": [
                "00:1A:79:48:60:05",
                "00:1A:79:66:86:0C",
                "00:1A:79:66:8C:B4",
                "00:1A:79:6E:C1:1F",
                "00:1A:79:6F:BB:CD",
                "00:1A:79:77:53:99",
                "00:1A:79:7C:56:38",
                "00:1A:79:95:02:6C",
                "00:1A:79:B2:66:10",
                "00:1A:79:C0:22:2E",
                "00:1A:79:F2:EF:6D"
            ]
        },
        {
            "server_name": "wiki-ott.org:8789",
            "server_url": "http://wiki-ott.org:8789/c/",
            "macs": [
                "00:1A:79:5C:D3:95",
                "00:1A:79:5E:CC:B6",
                "00:1A:79:6B:7C:64",
                "00:1A:79:6B:D0:A1",
                "00:1A:79:70:68:3F",
                "00:1A:79:94:21:1E",
                "00:1A:79:A3:53:83",
                "00:1A:79:A9:29:03",
                "00:1A:79:AB:9E:12",
                "00:1A:79:C0:FD:03",
                "00:1A:79:C2:17:15",
                "00:1A:79:DC:F1:32"
            ]
        },
        {
            "server_name": "eagletv.digital",
            "server_url": "http://eagletv.digital/stalker_portal/c/",
            "macs": [
                "00:1A:79:66:61:64",
                "00:1A:79:8D:FA:4B",
                "00:1A:79:AB:FF:FE"
            ]
        },
        {
            "server_name": "vpncloud.uk:80",
            "server_url": "http://vpncloud.uk:80/stalker_portal/c/",
            "macs": [
                "00:1A:79:02:9A:50",
                "00:1A:79:7B:8E:88"
            ]
        },
        {
            "server_name": "mutant.arrox.top:80",
            "server_url": "http://mutant.arrox.top:80/c/",
            "macs": [
                "00:1A:79:A9:CB:2E"
            ]
        },
        {
            "server_name": "starshare.live:8080",
            "server_url": "http://starshare.live:8080/c/",
            "macs": [
                "00:1A:79:04:86:62"
            ]
        },
        {
            "server_name": "hand41302.cdnsilver.me",
            "server_url": "http://hand41302.cdnsilver.me/c/",
            "macs": [
                "00:1A:79:00:11:44"
            ]
        },
        {
            "server_name": "skunkytv.live:80",
            "server_url": "http://skunkytv.live:80/c/",
            "macs": [
                "00:1A:79:14:76:DD",
                "00:1A:79:59:4D:3D",
                "00:1A:79:76:93:47",
                "00:1A:79:7E:CB:85",
                "00:1A:79:80:91:69",
                "00:1A:79:85:9F:16",
                "00:1A:79:85:9F:D9",
                "00:1A:79:AE:0C:C4",
                "00:1A:79:B5:7C:11",
                "00:1A:79:B5:7C:1A",
                "00:1A:79:B5:7C:1B",
                "00:1A:79:B5:7C:5D",
                "00:1A:79:B5:7C:6B",
                "00:1A:79:B5:7C:AD",
                "00:1A:79:B5:7C:D2",
                "00:1A:79:B5:7C:E0",
                "00:1A:79:B5:7C:E3",
                "00:1A:79:B5:7C:F2",
                "00:1A:79:B8:FB:11",
                "00:1A:79:BB:F2:5A",
                "00:1A:79:BB:F2:CA",
                "00:1A:79:C0:03:7E",
                "00:1A:79:D1:8B:0B",
                "00:1A:79:D8:49:B4"
            ]
        },
        {
            "server_name": "new.jiotv.be",
            "server_url": "http://new.jiotv.be/stalker_portal/c/",
            "macs": [
                "00:1A:79:1C:25:BB",
                "00:1A:79:65:FB:4D"
            ]
        },
        {
            "server_name": "m.suportline.xyz",
            "server_url": "http://m.suportline.xyz/stalker_portal/c/",
            "macs": [
                "00:1A:79:61:66:27",
                "00:1A:79:E2:7A:8C"
            ]
        },
        {
            "server_name": "rufus.zone",
            "server_url": "http://rufus.zone/stalker_portal/c/",
            "macs": [
                "00:1A:79:94:79:F8",
                "00:1A:79:94:7A:D9",
                "00:1A:79:94:7A:E1",
                "00:1A:79:9D:29:59",
                "00:1A:79:9E:08:FF",
                "00:1A:79:C0:64:99",
                "00:1A:79:C1:02:58",
                "00:1A:79:E5:28:A4",
                "00:1A:79:E5:45:65"
            ]
        },
        {
            "server_name": "1.iptv22.is",
            "server_url": "http://1.iptv22.is/c/",
            "macs": [
                "00:1A:79:2A:66:5F",
                "00:1A:79:2C:ED:41",
                "00:1A:79:B5:82:64",
                "00:1A:79:B6:22:80",
                "00:1A:79:BE:17:A9",
                "00:1A:79:C3:35:19"
            ]
        },
        {
            "server_name": "mag.4k365.xyz:80",
            "server_url": "http://mag.4k365.xyz:80/c/",
            "macs": [
                "00:1A:79:02:62:94",
                "00:1A:79:36:32:23",
                "00:1A:79:47:45:97"
            ]
        },
        {
            "server_name": "drk.yasar.tv",
            "server_url": "http://drk.yasar.tv/c/",
            "macs": [
                "00:1A:79:57:9A:7B",
                "00:1A:79:95:4C:7E",
                "00:1A:79:A5:D8:94",
                "00:1A:79:BA:8E:80",
                "00:1A:79:BC:7F:1F",
                "00:1A:79:C0:5F:1D",
                "00:1A:79:C3:B5:B7",
                "00:1A:79:FB:0C:11"
            ]
        },
        {
            "server_name": "line.dino.ws",
            "server_url": "http://line.dino.ws/c/",
            "macs": [
                "00:1A:79:46:FD:4F",
                "00:1A:79:81:73:34"
            ]
        },
        {
            "server_name": "portal.entertainmentxl.com:8080",
            "server_url": "http://portal.entertainmentxl.com:8080/c/",
            "macs": [
                "00:1A:79:4B:43:6C",
                "00:1A:79:5E:7C:CA",
                "00:1A:79:99:F0:A7",
                "00:1A:79:D0:07:79"
            ]
        },
        {
            "server_name": "wtc05.mi20.cc",
            "server_url": "http://wtc05.mi20.cc/stalker_portal/c/",
            "macs": [
                "00:1A:79:73:EA:71",
                "00:1A:79:77:DB:59",
                "00:1A:79:79:AD:06",
                "00:1A:79:E7:3B:D1"
            ]
        },
        {
            "server_name": "gfr5.mi20.cc",
            "server_url": "http://gfr5.mi20.cc/stalker_portal/c/",
            "macs": [
                "00:1A:79:79:9D:0E"
            ]
        }
    ]
}