{
    "items": [
        {
            "server_name": "mk-liveportal.com:5909",
            "server_url": "http://mk-liveportal.com:5909/c/",
            "macs": [
                "00:1A:79:1C:88:1A",
                "00:1A:79:28:FC:F5",
                "00:1A:79:2D:F0:CD"
            ]
        },
        {
            "server_name": "77.74.193.158:88",
            "server_url": "http://77.74.193.158:88/stalker_portal/c/",
            "macs": [
                "00:1A:79:31:48:51"
            ]
        },
        {
            "server_name": "iptvs4.ultapulta.com",
            "server_url": "http://iptvs4.ultapulta.com/stalker_portal/c/",
            "macs": [
                "00:1A:79:53:14:C3",
                "00:1A:79:54:B4:A2",
                "00:1A:79:56:46:81"
            ]
        },
        {
            "server_name": "king.viviotv.xyz",
            "server_url": "http://king.viviotv.xyz/c/",
            "macs": [
                "00:1A:79:0C:9A:E9",
                "00:1A:79:1D:D5:3F",
                "00:1A:79:2D:24:6E",
                "00:1A:79:45:B4:16",
                "00:1A:79:46:2C:16",
                "00:1A:79:73:2D:81",
                "00:1A:79:76:54:45"
            ]
        },
        {
            "server_name": "predator007.com:8080",
            "server_url": "http://predator007.com:8080/c/",
            "macs": [
                "00:1A:79:32:F3:65"
            ]
        },
        {
            "server_name": "proxy.plus55.xyz",
            "server_url": "http://proxy.plus55.xyz/c/",
            "macs": [
                "00:1A:79:30:27:B1",
                "00:1A:79:81:83:5F"
            ]
        },
        {
            "server_name": "recreativa.tecnologiashd.com:8080",
            "server_url": "http://recreativa.tecnologiashd.com:8080/c/",
            "macs": [
                "00:1A:79:C4:10:93"
            ]
        },
        {
            "server_name": "pera-on.cyou:8080",
            "server_url": "http://pera-on.cyou:8080/c/",
            "macs": [
                "00:1A:79:A7:C0:82"
            ]
        },
        {
            "server_name": "violetta.cfd:8080",
            "server_url": "http://violetta.cfd:8080/c/",
            "macs": [
                "00:1A:79:4C:7D:AB",
                "00:1A:79:5C:1D:F1",
                "00:1A:79:83:7F:C4",
                "00:1A:79:C2:DA:1A",
                "00:1A:79:C9:21:F2"
            ]
        },
        {
            "server_name": "185.243.7.51",
            "server_url": "http://185.243.7.51/c/",
            "macs": [
                "00:1A:79:56:5F:98",
                "00:1A:79:6B:1F:BC",
                "00:1A:79:6B:34:18",
                "00:1A:79:77:6E:2E",
                "00:1A:79:C0:89:F6",
                "00:1A:79:F0:01:84",
                "00:1A:79:F1:B5:2E",
                "00:1A:79:F5:68:C0"
            ]
        }
    ]
}