{
    "items": [
        {
            "server_name": "magentalive.eu:8080",
            "server_url": "http://magentalive.eu:8080/c/",
            "macs": [
                "00:1A:79:A6:9C:99"
            ]
        },
        {
            "server_name": "lionshd.me",
            "server_url": "http://lionshd.me/c/",
            "macs": [
                "00:1A:79:4B:6A:28",
                "00:1A:79:65:D6:2C",
                "00:1A:79:77:9B:C5",
                "00:1A:79:78:5A:95",
                "00:1A:79:A7:E9:CA"
            ]
        },
        {
            "server_name": "1234up.com:8080",
            "server_url": "http://1234up.com:8080/c/",
            "macs": [
                "00:1A:79:23:58:5A",
                "00:1A:79:AE:48:D1",
                "00:1A:79:B2:A1:5B",
                "00:1A:79:BC:03:05",
                "00:1A:79:CB:7F:5B"
            ]
        },
        {
            "server_name": "107.189.14.168:8080",
            "server_url": "http://107.189.14.168:8080/c/",
            "macs": [
                "00:1A:79:51:D7:FD",
                "00:1A:79:57:4C:E6",
                "00:1A:79:69:22:95",
                "00:1A:79:6B:EB:C1",
                "00:1A:79:78:75:3B"
            ]
        },
        {
            "server_name": "trxx.in:80",
            "server_url": "http://trxx.in:80/c/",
            "macs": [
                "00:1A:79:00:00:88",
                "00:1A:79:00:01:11",
                "00:1A:79:00:01:71",
                "00:1A:79:00:01:E6",
                "00:1A:79:00:01:E7",
                "00:1A:79:00:04:65",
                "00:1A:79:0B:BB:AC",
                "00:1A:79:57:F9:A3",
                "00:1A:79:74:DF:D5",
                "00:1A:79:9B:E9:F8",
                "00:1A:79:BF:42:7D",
                "00:1A:79:CB:97:56",
                "00:1A:79:E2:2E:1B",
                "00:1A:79:ED:C1:40",
                "00:1A:79:FB:49:76"
            ]
        },
        {
            "server_name": "restream.cdn-4k.cloud:80",
            "server_url": "http://restream.cdn-4k.cloud:80/c/",
            "macs": [
                "00:1A:79:00:32:32",
                "00:1A:79:10:1F:39",
                "00:1A:79:1E:98:79",
                "00:1A:79:35:31:30",
                "00:1A:79:46:4C:FB",
                "00:1A:79:6A:E2:59",
                "00:1A:79:72:6D:5D",
                "00:1A:79:77:8D:CF",
                "00:1A:79:B6:46:CD",
                "00:1A:79:BB:2A:18",
                "00:1A:79:CA:9E:FF"
            ]
        },
        {
            "server_name": "16243-sides.cdn-o2.me",
            "server_url": "http://16243-sides.cdn-o2.me/c/",
            "macs": [
                "00:1A:79:24:82:6B",
                "00:1A:79:35:9A:1F",
                "00:1A:79:43:E5:51"
            ]
        },
        {
            "server_name": "unknown.protv.cc:80",
            "server_url": "http://unknown.protv.cc:80/c/",
            "macs": [
                "00:1A:79:06:AF:76",
                "00:1A:79:17:1E:77",
                "00:1A:79:19:49:D9",
                "00:1A:79:28:8A:18",
                "00:1A:79:2C:DA:BC",
                "00:1A:79:32:C2:F2",
                "00:1A:79:47:49:2F",
                "00:1A:79:4B:36:41",
                "00:1A:79:59:1F:34",
                "00:1A:79:78:5A:16",
                "00:1A:79:78:86:CD",
                "00:1A:79:92:CA:C7",
                "00:1A:79:98:5F:8A",
                "00:1A:79:9C:CF:78",
                "00:1A:79:AF:99:2D",
                "00:1A:79:C1:EF:18",
                "00:1A:79:C2:04:F9",
                "00:1A:79:D2:2F:CE",
                "00:1A:79:E6:A2:91"
            ]
        },
        {
            "server_name": "maxhdott.com:80",
            "server_url": "http://maxhdott.com:80/c/",
            "macs": [
                "00:1A:79:01:EE:52",
                "00:1A:79:18:0B:E5",
                "00:1A:79:2A:42:84",
                "00:1A:79:48:98:5A",
                "00:1A:79:55:32:9A",
                "00:1A:79:5C:75:46",
                "00:1A:79:61:81:F2",
                "00:1A:79:6F:0C:E2",
                "00:1A:79:74:61:68",
                "00:1A:79:75:8B:29",
                "00:1A:79:7C:7F:63",
                "00:1A:79:8F:4A:19",
                "00:1A:79:97:BB:A1",
                "00:1A:79:A4:4A:38",
                "00:1A:79:AF:00:33",
                "00:1A:79:B5:0F:DC",
                "00:1A:79:B8:2F:6A",
                "00:1A:79:C3:95:B1",
                "00:1A:79:C3:DF:23",
                "00:1A:79:C9:C5:7A",
                "00:1A:79:E7:25:B2"
            ]
        },
        {
            "server_name": "rufus.zone",
            "server_url": "http://rufus.zone/stalker_portal/c/",
            "macs": [
                "00:1A:79:37:2F:61",
                "00:1A:79:62:63:64",
                "00:1A:79:65:77:31"
            ]
        },
        {
            "server_name": "m.suportline.xyz",
            "server_url": "http://m.suportline.xyz/stalker_portal/c/",
            "macs": [
                "00:1A:79:52:FF:A5"
            ]
        },
        {
            "server_name": "nitrotv.biz:80",
            "server_url": "http://nitrotv.biz:80/c/",
            "macs": [
                "00:1A:79:A4:71:3F",
                "00:1A:79:AB:8F:67",
                "00:1A:79:AB:A8:3A",
                "00:1A:79:AE:AC:7F"
            ]
        },
        {
            "server_name": "mutant.arrox.top:80",
            "server_url": "http://mutant.arrox.top:80/c/",
            "macs": [
                "00:1A:79:02:F6:E5",
                "00:1A:79:0E:38:25",
                "00:1A:79:25:3F:2D",
                "00:1A:79:28:1F:0E",
                "00:1A:79:84:B0:1D",
                "00:1A:79:99:92:5F",
                "00:1A:79:A7:E0:B3",
                "00:1A:79:AB:C1:88",
                "00:1A:79:B7:2B:32",
                "00:1A:79:EA:95:C6"
            ]
        },
        {
            "server_name": "lllllliiiiiiidsa9.funtogether.xyz:8080",
            "server_url": "http://lllllliiiiiiidsa9.funtogether.xyz:8080/c/",
            "macs": [
                "00:1A:79:26:E9:6B",
                "00:1A:79:3F:C1:64",
                "00:1A:79:50:E0:F0",
                "00:1A:79:A1:FB:B1",
                "00:1A:79:BD:2A:A7",
                "00:1A:79:C8:78:7B"
            ]
        },
        {
            "server_name": "pal.alphatx.me",
            "server_url": "http://pal.alphatx.me/c/",
            "macs": [
                "00:1A:79:06:39:D5",
                "00:1A:79:59:7D:1A",
                "00:1A:79:D2:07:71",
                "00:1A:79:E7:5F:2A"
            ]
        },
        {
            "server_name": "sv.starir.biz:8080",
            "server_url": "http://sv.starir.biz:8080/c/",
            "macs": [
                "00:1A:79:4B:D5:C7"
            ]
        },
        {
            "server_name": "line.powerdino.com",
            "server_url": "http://line.powerdino.com/c/",
            "macs": [
                "00:1A:79:0E:A5:5F"
            ]
        },
        {
            "server_name": "p1.iptvrocket.tv",
            "server_url": "http://p1.iptvrocket.tv/c/",
            "macs": [
                "00:1A:79:A4:7C:85",
                "00:1A:79:B5:7E:72"
            ]
        },
        {
            "server_name": "ainfo.icu:8000",
            "server_url": "http://ainfo.icu:8000/c/",
            "macs": [
                "00:1A:79:00:1D:02",
                "00:1A:79:54:E8:7D"
            ]
        },
        {
            "server_name": "portal.entertainmentxl.com:8080",
            "server_url": "http://portal.entertainmentxl.com:8080/c/",
            "macs": [
                "00:1A:79:33:7F:84",
                "00:1A:79:47:94:34"
            ]
        },
        {
            "server_name": "tv.ace4k.me",
            "server_url": "http://tv.ace4k.me/stalker_portal/c/",
            "macs": [
                "00:1A:79:6E:B5:BE"
            ]
        },
        {
            "server_name": "fastopen.live:8080",
            "server_url": "http://fastopen.live:8080/c/",
            "macs": [
                "00:1A:79:39:2D:A8",
                "00:1A:79:43:28:D4",
                "00:1A:79:57:93:15",
                "00:1A:79:AB:64:E1"
            ]
        },
        {
            "server_name": "145.239.253.183",
            "server_url": "http://145.239.253.183/stalker_portal/c/",
            "macs": [
                "00:1A:79:4B:DC:8D",
                "00:1A:79:6D:27:32"
            ]
        },
        {
            "server_name": "wtc05.mi20.cc",
            "server_url": "http://wtc05.mi20.cc/stalker_portal/c/",
            "macs": [
                "00:1A:79:68:CE:3E",
                "00:1A:79:75:E0:29",
                "00:1A:79:76:65:BC",
                "00:1A:79:76:D0:2C",
                "00:1A:79:76:EF:6C",
                "00:1A:79:79:4B:37",
                "00:1A:79:79:57:A1",
                "00:1A:79:79:C5:27",
                "00:1A:79:7A:6C:CA"
            ]
        },
        {
            "server_name": "line.rs6ott.com",
            "server_url": "http://line.rs6ott.com/c/",
            "macs": [
                "00:1A:79:22:5F:8C"
            ]
        },
        {
            "server_name": "violetta.cfd:8080",
            "server_url": "http://violetta.cfd:8080/c/",
            "macs": [
                "00:1A:79:20:85:32",
                "00:1A:79:45:D9:44",
                "00:1A:79:C3:0E:EA"
            ]
        },
        {
            "server_name": "168.119.44.162:2080",
            "server_url": "http://168.119.44.162:2080/stalker_portal/c/",
            "macs": [
                "00:1A:79:45:F1:DB",
                "00:1A:79:55:F5:27"
            ]
        }
    ]
}