{
    "items": [
        {
            "server_name": "media.ottpurstream.com",
            "server_url": "http://media.ottpurstream.com/c/",
            "macs": [
                "00:1A:79:A4:69:C3"
            ]
        },
        {
            "server_name": "lllllliiiiiiidsa9.funtogether.xyz:8080",
            "server_url": "http://lllllliiiiiiidsa9.funtogether.xyz:8080/c/",
            "macs": [
                "00:1A:79:36:06:BB",
                "00:1A:79:3A:20:58",
                "00:1A:79:4D:B9:66",
                "00:1A:79:59:4C:27",
                "00:1A:79:64:EE:D1",
                "00:1A:79:76:2D:97",
                "00:1A:79:7E:1D:7A",
                "00:1A:79:AD:8E:B2",
                "00:1A:79:AE:3C:B3",
                "00:1A:79:AF:67:61",
                "00:1A:79:B7:0D:CB",
                "00:1A:79:BD:46:3D",
                "00:1A:79:BD:67:17",
                "00:1A:79:C1:FA:E7",
                "00:1A:79:C5:5F:E5",
                "00:1A:79:E6:80:67",
                "00:1A:79:FA:06:30"
            ]
        },
        {
            "server_name": "16243-sides.cdn-o2.me",
            "server_url": "http://16243-sides.cdn-o2.me/c/",
            "macs": [
                "00:1A:79:47:ED:40",
                "00:1A:79:4F:AE:64"
            ]
        },
        {
            "server_name": "1234up.com:8080",
            "server_url": "http://1234up.com:8080/c/",
            "macs": [
                "00:1A:79:A9:D0:94",
                "00:1A:79:F5:1D:9E",
                "00:1A:79:FB:22:52",
                "00:1A:79:FB:44:4F"
            ]
        },
        {
            "server_name": "avare.kingtv.pw",
            "server_url": "http://avare.kingtv.pw/c/",
            "macs": [
                "00:1A:79:0E:39:2C",
                "00:1A:79:13:4E:DA",
                "00:1A:79:13:50:5E",
                "00:1A:79:A9:E4:7B",
                "00:1A:79:C1:8F:5F"
            ]
        },
        {
            "server_name": "107.189.14.168:8080",
            "server_url": "http://107.189.14.168:8080/c/",
            "macs": [
                "00:1A:79:64:E0:D3",
                "00:1A:79:69:E1:C6",
                "00:1A:79:6B:EA:ED",
                "00:1A:79:72:49:77",
                "00:1A:79:B3:2A:BF"
            ]
        },
        {
            "server_name": "64cxz.com:8080",
            "server_url": "http://64cxz.com:8080/c/",
            "macs": [
                "00:1A:79:C4:AF:53"
            ]
        },
        {
            "server_name": "io.t-v.io:80",
            "server_url": "http://io.t-v.io:80/c/",
            "macs": [
                "00:1A:79:A5:26:AA"
            ]
        },
        {
            "server_name": "qqwawa.xyz",
            "server_url": "http://qqwawa.xyz/c/",
            "macs": [
                "00:1A:79:AB:AB:DF"
            ]
        },
        {
            "server_name": "exm3u.123tv.to:8080",
            "server_url": "http://exm3u.123tv.to:8080/c/",
            "macs": [
                "00:1A:79:A4:80:28",
                "00:1A:79:B5:B5:7B",
                "00:1A:79:BB:E2:8D",
                "00:1A:79:C5:38:B5"
            ]
        },
        {
            "server_name": "cbr.selfip.org:8080",
            "server_url": "http://cbr.selfip.org:8080/c/",
            "macs": [
                "00:1A:79:41:0B:14",
                "00:1A:79:A6:5C:9B"
            ]
        },
        {
            "server_name": "skunkytv.live:80",
            "server_url": "http://skunkytv.live:80/c/",
            "macs": [
                "00:1A:79:76:93:47"
            ]
        },
        {
            "server_name": "103.176.90.140",
            "server_url": "http://103.176.90.140/c/",
            "macs": [
                "00:1A:79:44:E5:8F",
                "00:1A:79:5B:13:C6"
            ]
        },
        {
            "server_name": "89.45.13.220:8080",
            "server_url": "http://89.45.13.220:8080/c/",
            "macs": [
                "00:1A:79:07:C6:14",
                "00:1A:79:08:45:CD",
                "00:1A:79:10:3D:4C",
                "00:1A:79:6B:BA:A2",
                "00:1A:79:AA:59:A8"
            ]
        },
        {
            "server_name": "149.18.18.90:80",
            "server_url": "http://149.18.18.90:80/c/",
            "macs": [
                "00:1A:79:5D:8B:24",
                "00:1A:79:6F:8C:BF",
                "00:1A:79:A1:E5:BC",
                "00:1A:79:A3:98:3A",
                "00:1A:79:AB:DE:81",
                "00:1A:79:B3:8B:2B",
                "00:1A:79:B3:AF:61",
                "00:1A:79:B9:D0:94",
                "00:1A:79:BA:5D:41",
                "00:1A:79:BC:8B:DB",
                "00:1A:79:BE:90:44",
                "00:1A:79:C3:14:40",
                "00:1A:79:C6:C8:BE",
                "00:1A:79:DE:07:4C"
            ]
        },
        {
            "server_name": "imoxof.xyz:80",
            "server_url": "http://imoxof.xyz:80/c/",
            "macs": [
                "00:1A:79:15:E2:87",
                "00:1A:79:54:AD:35",
                "00:1A:79:5F:98:DF",
                "00:1A:79:76:1F:67",
                "00:1A:79:76:20:D7",
                "00:1A:79:76:78:EA",
                "00:1A:79:76:8F:81",
                "00:1A:79:78:54:DA",
                "00:1A:79:78:7F:73",
                "00:1A:79:78:D1:1F",
                "00:1A:79:7A:94:B1",
                "00:1A:79:7A:EA:C4",
                "00:1A:79:7B:0B:E3",
                "00:1A:79:7B:A3:B2",
                "00:1A:79:7E:0B:D5",
                "00:1A:79:7E:1C:3A",
                "00:1A:79:7E:DC:EE",
                "00:1A:79:80:1F:0B",
                "00:1A:79:80:CE:ED",
                "00:1A:79:8D:36:55",
                "00:1A:79:A2:90:53",
                "00:1A:79:B4:C8:E4",
                "00:1A:79:B8:38:64",
                "00:1A:79:C6:B9:CA",
                "00:1A:79:C7:47:FF",
                "00:1A:79:F9:9E:AF"
            ]
        },
        {
            "server_name": "mag.good-4k.cc",
            "server_url": "http://mag.good-4k.cc/c/",
            "macs": [
                "00:1A:79:D8:8F:F8"
            ]
        },
        {
            "server_name": "violetta.cfd:8080",
            "server_url": "http://violetta.cfd:8080/c/",
            "macs": [
                "00:1A:79:47:F6:DE",
                "00:1A:79:56:55:EC"
            ]
        },
        {
            "server_name": "tv.tvdark.eu",
            "server_url": "http://tv.tvdark.eu/c/",
            "macs": [
                "00:1A:79:51:2F:A4",
                "00:1A:79:C1:FE:C2"
            ]
        },
        {
            "server_name": "xc.tvset.top",
            "server_url": "http://xc.tvset.top/c/",
            "macs": [
                "00:1A:79:80:66:C1"
            ]
        },
        {
            "server_name": "192.99.19.27:8000",
            "server_url": "http://192.99.19.27:8000/c/",
            "macs": [
                "00:1A:79:46:1B:41",
                "00:1A:79:58:A4:DD"
            ]
        },
        {
            "server_name": "iptvch2.com",
            "server_url": "http://iptvch2.com/c/",
            "macs": [
                "00:1A:79:13:CA:F0"
            ]
        }
    ]
}