{
    "items": [
        {
            "server_name": "ix.kingtv.pw",
            "server_url": "http://ix.kingtv.pw/c/",
            "macs": [
                "00:1A:79:32:1F:4C",
                "00:1A:79:3B:6D:91",
                "00:1A:79:4A:FB:EB"
            ]
        },
        {
            "server_name": "200.26.188.66",
            "server_url": "http://200.26.188.66/c/",
            "macs": [
                "00:1A:79:56:2F:E9",
                "00:1A:79:5E:D5:81"
            ]
        },
        {
            "server_name": "16243-sides.cdn-o2.me",
            "server_url": "http://16243-sides.cdn-o2.me/c/",
            "macs": [
                "00:1A:79:24:82:6C",
                "00:1A:79:27:60:48",
                "00:1A:79:2E:2D:72",
                "00:1A:79:38:3F:DB",
                "00:1A:79:50:8F:2F"
            ]
        },
        {
            "server_name": "vsc-747.com:8080",
            "server_url": "http://vsc-747.com:8080/c/",
            "macs": [
                "00:1A:79:B0:B7:C7",
                "00:1A:79:B3:74:DF",
                "00:1A:79:B9:AA:C8",
                "00:1A:79:B9:CB:D5",
                "00:1A:79:BF:E2:C2"
            ]
        },
        {
            "server_name": "1.germany4k.xyz:8080",
            "server_url": "http://1.germany4k.xyz:8080/c/",
            "macs": [
                "00:1A:79:48:83:5B",
                "00:1A:79:95:87:C0",
                "00:1A:79:A1:57:5C"
            ]
        },
        {
            "server_name": "160.19.94.22:8080",
            "server_url": "http://160.19.94.22:8080/c/",
            "macs": [
                "00:1A:79:04:19:F8",
                "00:1A:79:04:1A:56",
                "00:1A:79:04:2D:D0",
                "00:1A:79:04:2E:04",
                "00:1A:79:04:3C:93",
                "00:1A:79:04:43:BC",
                "00:1A:79:04:4A:D7",
                "00:1A:79:04:76:F8",
                "00:1A:79:04:78:63",
                "00:1A:79:04:7F:8F",
                "00:1A:79:04:BD:9C",
                "00:1A:79:04:C4:71"
            ]
        },
        {
            "server_name": "3c8ffn.com",
            "server_url": "http://3c8ffn.com/c/",
            "macs": [
                "00:1A:79:05:A4:EA",
                "00:1A:79:05:E6:CD",
                "00:1A:79:11:8F:78",
                "00:1A:79:25:31:64",
                "00:1A:79:36:D7:0A",
                "00:1A:79:37:22:5E",
                "00:1A:79:4C:9C:DB",
                "00:1A:79:60:5B:C8",
                "00:1A:79:6D:BA:C5",
                "00:1A:79:A1:FC:29",
                "00:1A:79:C2:78:F2",
                "00:1A:79:C3:C9:D1",
                "00:1A:79:D0:FF:73"
            ]
        },
        {
            "server_name": "4r53xruv2.11121367.xyz:8080",
            "server_url": "http://4r53xruv2.11121367.xyz:8080/c/",
            "macs": [
                "00:1A:79:5E:BD:0C",
                "00:1A:79:64:01:EA",
                "00:1A:79:C5:B5:AB"
            ]
        },
        {
            "server_name": "1.iptv22.is",
            "server_url": "http://1.iptv22.is/c/",
            "macs": [
                "00:1A:79:7E:5F:F8"
            ]
        },
        {
            "server_name": "107.189.14.168:8080",
            "server_url": "http://107.189.14.168:8080/c/",
            "macs": [
                "00:1A:79:6E:B4:A7"
            ]
        },
        {
            "server_name": "168.119.44.246:2080",
            "server_url": "http://168.119.44.246:2080/stalker_portal/c/",
            "macs": [
                "00:1A:79:2C:A7:D4",
                "00:1A:79:4A:AC:F3",
                "00:1A:79:65:6E:06",
                "00:1A:79:67:72:DD",
                "00:1A:79:68:19:36",
                "00:1A:79:6E:5F:F1",
                "00:1A:79:6E:AB:22",
                "00:1A:79:6E:AB:38",
                "00:1A:79:6E:AC:4B",
                "00:1A:79:6E:AD:3C",
                "00:1A:79:70:50:35",
                "00:1A:79:70:7D:F8",
                "00:1A:79:70:BA:2F"
            ]
        },
        {
            "server_name": "77.74.193.158:88",
            "server_url": "http://77.74.193.158:88/stalker_portal/c/",
            "macs": [
                "00:1A:79:5E:B8:E7"
            ]
        },
        {
            "server_name": "garaveli.123tv.to:8080",
            "server_url": "http://garaveli.123tv.to:8080/c/",
            "macs": [
                "00:1A:79:BA:B0:59"
            ]
        },
        {
            "server_name": "tv.supertv.life",
            "server_url": "http://tv.supertv.life/c/",
            "macs": [
                "00:1A:79:8D:0F:BC"
            ]
        },
        {
            "server_name": "rufus.zone",
            "server_url": "http://rufus.zone/stalker_portal/c/",
            "macs": [
                "00:1A:79:62:63:64",
                "00:1A:79:94:7A:E1",
                "00:1A:79:C2:D6:E1",
                "00:1A:79:C5:46:C3",
                "00:1A:79:E0:26:31"
            ]
        },
        {
            "server_name": "tv.max4k.us",
            "server_url": "http://tv.max4k.us/stalker_portal/c/",
            "macs": [
                "00:1A:79:00:09:8D",
                "00:1A:79:00:0C:BC",
                "00:1A:79:00:10:AB",
                "00:1A:79:00:1D:C9",
                "00:1A:79:00:21:A2",
                "00:1A:79:00:3C:37",
                "00:1A:79:00:44:C6",
                "00:1A:79:00:4A:33",
                "00:1A:79:00:4B:B6",
                "00:1A:79:00:4E:60",
                "00:1A:79:00:6F:23",
                "00:1A:79:51:38:B3",
                "00:1A:79:9E:AA:4F",
                "00:1A:79:E5:30:5F",
                "00:1A:79:E5:F3:02"
            ]
        },
        {
            "server_name": "utrecht030ovc.xyz",
            "server_url": "http://utrecht030ovc.xyz/c/",
            "macs": [
                "00:1A:79:24:18:9C",
                "00:1A:79:65:37:37",
                "00:1A:79:6B:8F:C2",
                "00:1A:79:73:19:9F",
                "00:1A:79:90:DB:A4",
                "00:1A:79:A5:9F:7D",
                "00:1A:79:AB:B9:F5",
                "00:1A:79:B6:2C:04",
                "00:1A:79:B6:2C:9D",
                "00:1A:79:B6:2C:C2",
                "00:1A:79:B6:2C:D0",
                "00:1A:79:B6:2C:F2",
                "00:1A:79:BC:90:5A",
                "00:1A:79:E5:6A:27"
            ]
        },
        {
            "server_name": "tr.simotvgold.com",
            "server_url": "http://tr.simotvgold.com/c/",
            "macs": [
                "00:1A:79:7C:64:0B",
                "00:1A:79:98:C5:4A",
                "00:1A:79:AF:36:57",
                "00:1A:79:B4:B4:26",
                "00:1A:79:B4:B4:63",
                "00:1A:79:B4:B4:6D",
                "00:1A:79:B4:B4:97",
                "00:1A:79:B4:B4:A5",
                "00:1A:79:B4:B4:D1",
                "00:1A:79:B6:27:2A",
                "00:1A:79:B6:27:2C",
                "00:1A:79:B6:27:A9",
                "00:1A:79:B6:BE:84",
                "00:1A:79:CB:57:04"
            ]
        },
        {
            "server_name": "titanpaket.com:8080",
            "server_url": "http://titanpaket.com:8080/c/",
            "macs": [
                "00:1A:79:00:00:00",
                "00:1A:79:07:C1:31",
                "00:1A:79:19:2E:F0",
                "00:1A:79:2D:7C:57",
                "00:1A:79:4A:18:B8",
                "00:1A:79:4B:AD:28",
                "00:1A:79:A2:55:B2",
                "00:1A:79:AD:86:41",
                "00:1A:79:B5:9D:28",
                "00:1A:79:B8:7A:31",
                "00:1A:79:BA:9D:8D",
                "00:1A:79:BA:B6:EB",
                "00:1A:79:BF:5E:17",
                "00:1A:79:BF:92:DE",
                "00:1A:79:BF:A1:48",
                "00:1A:79:C0:94:8B",
                "00:2A:01:90:EB:26"
            ]
        },
        {
            "server_name": "drk.yasar.tv:80",
            "server_url": "http://drk.yasar.tv:80/c/",
            "macs": [
                "00:1A:79:06:39:DE",
                "00:1A:79:1A:45:3C",
                "00:1A:79:1D:9F:7D",
                "00:1A:79:24:F9:3E",
                "00:1A:79:34:86:94",
                "00:1A:79:3D:0A:E9",
                "00:1A:79:40:6B:05",
                "00:1A:79:4C:12:DA",
                "00:1A:79:5A:2F:1D",
                "00:1A:79:68:2F:D9",
                "00:1A:79:A2:8B:5A",
                "00:1A:79:B8:4A:32",
                "00:1A:79:CB:19:3E",
                "00:1A:79:D5:1F:B9",
                "00:1A:79:D9:16:F1",
                "00:1A:79:E9:83:07",
                "00:1A:79:FB:5F:C5"
            ]
        },
        {
            "server_name": "line.gofast-tv.me",
            "server_url": "http://line.gofast-tv.me/c/",
            "macs": [
                "00:1A:79:B8:9D:E1",
                "00:1A:79:CD:EB:63"
            ]
        },
        {
            "server_name": "unknown.protv.cc:80",
            "server_url": "http://unknown.protv.cc:80/c/",
            "macs": [
                "00:1A:79:32:C2:F2",
                "00:1A:79:59:1F:34",
                "00:1A:79:78:86:CD",
                "00:1A:79:C2:04:F9"
            ]
        },
        {
            "server_name": "maxhdott.com:80",
            "server_url": "http://maxhdott.com:80/c/",
            "macs": [
                "00:1A:79:2A:42:84",
                "00:1A:79:48:98:5A",
                "00:1A:79:5C:75:46",
                "00:1A:79:61:81:F2",
                "00:1A:79:74:61:68",
                "00:1A:79:75:8B:29",
                "00:1A:79:8F:4A:19",
                "00:1A:79:A4:4A:38",
                "00:1A:79:C3:DF:23",
                "00:1A:79:C9:C5:7A"
            ]
        },
        {
            "server_name": "drk.yasar.tv",
            "server_url": "http://drk.yasar.tv/c/",
            "macs": [
                "00:1A:79:30:6F:4D",
                "00:1A:79:3F:1A:16",
                "00:1A:79:40:AC:67",
                "00:1A:79:4D:6E:51",
                "00:1A:79:4F:6B:A7",
                "00:1A:79:50:D1:6C",
                "00:1A:79:55:58:68",
                "00:1A:79:57:6F:65"
            ]
        },
        {
            "server_name": "new.dittotvv.cc",
            "server_url": "http://new.dittotvv.cc/stalker_portal/c/",
            "macs": [
                "00:1A:79:33:66:09",
                "00:1A:79:3B:65:D6",
                "00:1A:79:47:B0:BD",
                "00:1A:79:4C:0F:94",
                "00:1A:79:5D:D8:77",
                "00:1A:79:62:18:26",
                "00:1A:79:65:79:75",
                "00:1A:79:6B:3A:77"
            ]
        },
        {
            "server_name": "clientsportals.tv:2095",
            "server_url": "http://clientsportals.tv:2095/c/",
            "macs": [
                "00:1A:79:16:B1:5D",
                "00:1A:79:72:79:3D",
                "00:1A:79:B6:DF:D1",
                "00:1A:79:B9:E6:73",
                "00:1A:79:BA:21:E0",
                "00:1A:79:BF:EC:2D",
                "00:1A:79:C0:88:E4",
                "00:1A:79:C4:9F:50",
                "00:1A:79:C9:41:17"
            ]
        },
        {
            "server_name": "trxx.in",
            "server_url": "http://trxx.in/c/",
            "macs": [
                "00:1A:79:B5:78:D0",
                "00:1A:79:BF:04:2E",
                "00:1A:79:F5:21:CF"
            ]
        },
        {
            "server_name": "145.239.253.183",
            "server_url": "http://145.239.253.183/stalker_portal/c/",
            "macs": [
                "00:1A:79:32:1E:BA",
                "00:1A:79:39:28:40",
                "00:1A:79:4D:0C:89",
                "00:1A:79:5B:F6:3B",
                "00:1A:79:6D:48:57"
            ]
        }
    ]
}