{
    "items": [
        {
            "server_name": "buyspamtool.com:8080",
            "server_url": "http://buyspamtool.com:8080/c/",
            "macs": [
                "00:1A:79:2B:8F:D8",
                "00:1A:79:44:89:A9",
                "00:1A:79:C6:B2:7D",
                "00:1A:79:D1:A2:CA"
            ]
        },
        {
            "server_name": "one.dream4ktv.biz:2082",
            "server_url": "http://one.dream4ktv.biz:2082/c/",
            "macs": [
                "00:1A:79:07:DB:E9",
                "00:1A:79:46:C0:C3",
                "00:1A:79:73:18:52",
                "00:1A:79:9B:30:1D",
                "00:1A:79:DB:7A:A3"
            ]
        },
        {
            "server_name": "spacextv.live:8080",
            "server_url": "http://spacextv.live:8080/c/",
            "macs": [
                "00:1A:79:08:EA:47",
                "00:1A:79:6E:2E:DE",
                "00:1A:79:AF:36:D9",
                "00:1A:79:BA:D5:E1"
            ]
        },
        {
            "server_name": "germanytv.live:8080",
            "server_url": "http://germanytv.live:8080/c/",
            "macs": [
                "00:1A:79:4D:04:1C",
                "00:1A:79:A6:4B:E3"
            ]
        },
        {
            "server_name": "vocotv.live",
            "server_url": "http://vocotv.live/c/",
            "macs": [
                "00:1A:79:B6:13:79",
                "00:1A:79:BE:2F:63"
            ]
        },
        {
            "server_name": "mag.marsweb.co",
            "server_url": "http://mag.marsweb.co/c/",
            "macs": [
                "00:1A:79:32:8E:63",
                "00:1A:79:67:F9:35",
                "00:1A:79:A2:0A:AD",
                "00:1A:79:DF:1F:B7",
                "00:1A:79:F1:E1:20"
            ]
        },
        {
            "server_name": "mag.4k365.xyz",
            "server_url": "http://mag.4k365.xyz/c/",
            "macs": [
                "00:1A:79:04:7F:06",
                "00:1A:79:19:46:CF",
                "00:1A:79:24:7F:16",
                "00:1A:79:32:8E:63",
                "00:1A:79:36:B2:90",
                "00:1A:79:3F:66:C5",
                "00:1A:79:53:78:30",
                "00:1A:79:55:31:48",
                "00:1A:79:7F:58:D7",
                "00:1A:79:AF:7E:91",
                "00:1A:79:B8:A5:7F",
                "00:1A:79:BD:24:55",
                "00:1A:79:CA:8A:34"
            ]
        },
        {
            "server_name": "line.protv.cc:80",
            "server_url": "http://line.protv.cc:80/c/",
            "macs": [
                "00:1A:79:00:56:16",
                "00:1A:79:00:59:0D",
                "00:1A:79:00:59:4D",
                "00:1A:79:00:5A:FA",
                "00:1A:79:6B:5E:9F"
            ]
        },
        {
            "server_name": "mutant.arrox.top:80",
            "server_url": "http://mutant.arrox.top:80/c/",
            "macs": [
                "00:1A:79:09:56:BD",
                "00:1A:79:0F:92:4D",
                "00:1A:79:37:2E:CA",
                "00:1A:79:88:0B:EF",
                "00:1A:79:BA:30:5D",
                "00:1A:79:CE:38:6B",
                "00:1A:79:D2:E0:75"
            ]
        },
        {
            "server_name": "1234up.com:8080",
            "server_url": "http://1234up.com:8080/c/",
            "macs": [
                "00:1A:79:0E:37:F0",
                "00:1A:79:14:2E:3F",
                "00:1A:79:19:9A:07",
                "00:1A:79:25:17:26",
                "00:1A:79:4C:4F:FB",
                "00:1A:79:A9:26:7B",
                "00:1A:79:C5:4C:C1",
                "00:1A:79:C7:9B:4A",
                "00:1A:79:C8:06:8D",
                "00:1A:79:CC:FC:2A",
                "00:1A:79:FB:21:DC"
            ]
        },
        {
            "server_name": "h9ox501bd.11121367.xyz:8080",
            "server_url": "http://h9ox501bd.11121367.xyz:8080/c/",
            "macs": [
                "00:1A:79:0D:18:58",
                "00:1A:79:0D:1B:14",
                "00:1A:79:0D:20:9B",
                "00:1A:79:0D:3A:94",
                "00:1A:79:0D:4A:19",
                "00:1A:79:0D:4D:C0",
                "00:1A:79:0D:68:2D",
                "00:1A:79:0D:6E:3D",
                "00:1A:79:0D:6F:96",
                "00:1A:79:0D:6F:D2"
            ]
        },
        {
            "server_name": "mag.ugoiptv.com:80",
            "server_url": "http://mag.ugoiptv.com:80/c/",
            "macs": [
                "00:1A:79:01:01:F1",
                "00:1A:79:01:03:01",
                "00:1A:79:01:14:A7",
                "00:1A:79:01:35:A1",
                "00:1A:79:01:3D:8C",
                "00:1A:79:01:55:FB",
                "00:1A:79:01:61:AE",
                "00:1A:79:01:66:A6",
                "00:1A:79:01:6F:BF",
                "00:1A:79:01:76:0B",
                "00:1A:79:01:7A:DE",
                "00:1A:79:01:7F:4B"
            ]
        },
        {
            "server_name": "15.235.13.183:88",
            "server_url": "http://15.235.13.183:88/stalker_portal/c/",
            "macs": [
                "00:1A:79:11:4D:B8"
            ]
        },
        {
            "server_name": "danita.xyz",
            "server_url": "http://danita.xyz/c/",
            "macs": [
                "00:1A:79:94:6B:66"
            ]
        },
        {
            "server_name": "gfr5.mi20.cc",
            "server_url": "http://gfr5.mi20.cc/stalker_portal/c/",
            "macs": [
                "00:1A:79:73:ED:35"
            ]
        },
        {
            "server_name": "h05t.tecnolab.top:8080",
            "server_url": "http://h05t.tecnolab.top:8080/c/",
            "macs": [
                "00:1A:79:5C:7E:57"
            ]
        },
        {
            "server_name": "alexiptv.ddns.me:8080",
            "server_url": "http://alexiptv.ddns.me:8080/c/",
            "macs": [
                "00:1A:79:AF:88:5A",
                "00:1A:79:B0:C8:E9",
                "00:1A:79:BB:24:12",
                "00:1A:79:E3:ED:0C"
            ]
        },
        {
            "server_name": "technologycloud.eu:80",
            "server_url": "http://technologycloud.eu:80/c/",
            "macs": [
                "00:1A:79:05:DD:24",
                "00:1A:79:52:DB:59",
                "00:1A:79:5F:83:38",
                "00:1A:79:BB:9A:5F",
                "00:1A:79:C1:00:5C"
            ]
        },
        {
            "server_name": "yhlion.proxytx.cloud",
            "server_url": "http://yhlion.proxytx.cloud/c/",
            "macs": [
                "00:1A:79:47:40:54"
            ]
        },
        {
            "server_name": "magictvliege.com:8080",
            "server_url": "http://magictvliege.com:8080/c/",
            "macs": [
                "00:1A:79:4A:05:96",
                "00:1A:79:74:FB:1C",
                "00:1A:79:B5:AB:3C",
                "00:1A:79:BE:5B:F5",
                "00:1A:79:F5:53:C6"
            ]
        },
        {
            "server_name": "marvelhd.eu:8080",
            "server_url": "http://marvelhd.eu:8080/c/",
            "macs": [
                "00:1A:79:00:4D:C4",
                "00:1A:79:25:03:87",
                "00:1A:79:34:1A:A5",
                "00:1A:79:50:09:42",
                "00:1A:79:67:AF:0A",
                "00:1A:79:A4:80:BB",
                "00:1A:79:FC:A4:84"
            ]
        },
        {
            "server_name": "pars01.com:8080",
            "server_url": "http://pars01.com:8080/c/",
            "macs": [
                "00:1A:79:10:DF:13"
            ]
        },
        {
            "server_name": "eurotuga.xyz:8080",
            "server_url": "http://eurotuga.xyz:8080/c/",
            "macs": [
                "00:1A:79:0E:13:B5"
            ]
        },
        {
            "server_name": "sotu.ws:26928",
            "server_url": "http://sotu.ws:26928/c/",
            "macs": [
                "00:1A:79:46:26:7C",
                "00:1A:79:4F:29:21",
                "00:1A:79:5B:9F:6F",
                "00:1A:79:62:7F:A8"
            ]
        },
        {
            "server_name": "fastrunner.live:8080",
            "server_url": "http://fastrunner.live:8080/c/",
            "macs": [
                "00:1A:79:65:39:4B",
                "00:1A:79:B9:08:F4",
                "00:1A:79:B9:F1:26",
                "00:1A:79:BA:66:5B"
            ]
        },
        {
            "server_name": "primary4.magbox.tv",
            "server_url": "http://primary4.magbox.tv/stalker_portal/c/",
            "macs": [
                "00:1A:79:45:8B:A7"
            ]
        },
        {
            "server_name": "hdmiclub.online:8080",
            "server_url": "http://hdmiclub.online:8080/c/",
            "macs": [
                "00:1A:79:CC:F6:26",
                "00:1A:79:D2:05:41",
                "00:1A:79:D2:A6:46"
            ]
        },
        {
            "server_name": "line.greatstar.me",
            "server_url": "http://line.greatstar.me/c/",
            "macs": [
                "00:1A:79:75:6F:5A"
            ]
        },
        {
            "server_name": "45.139.122.199:8080",
            "server_url": "http://45.139.122.199:8080/c/",
            "macs": [
                "00:1A:79:10:F7:A4"
            ]
        },
        {
            "server_name": "212.129.8.69",
            "server_url": "http://212.129.8.69/stalker_portal/c/",
            "macs": [
                "00:1A:79:F0:29:04",
                "00:1A:79:F5:D0:2A"
            ]
        },
        {
            "server_name": "mol-2.com:8080",
            "server_url": "http://mol-2.com:8080/c/",
            "macs": [
                "00:1A:79:4F:4C:A9",
                "00:1A:79:57:24:BA",
                "00:1A:79:AA:D1:14",
                "00:1A:79:AC:C8:02",
                "00:1A:79:AD:EF:3E",
                "00:1A:79:AE:DC:37",
                "00:1A:79:B1:74:0C",
                "00:1A:79:B2:41:33",
                "00:1A:79:B2:7A:8F",
                "00:1A:79:B2:CB:FA",
                "00:1A:79:B4:38:3A",
                "00:1A:79:B5:17:7F",
                "00:1A:79:B5:C4:7E",
                "00:1A:79:B6:42:B6",
                "00:1A:79:B7:AC:82",
                "00:1A:79:B9:95:85",
                "00:1A:79:BA:82:9D",
                "00:1A:79:BC:CF:06",
                "00:1A:79:BF:98:2C",
                "00:1A:79:CC:8F:4D"
            ]
        },
        {
            "server_name": "starshare.live:8080",
            "server_url": "http://starshare.live:8080/c/",
            "macs": [
                "00:1A:79:58:77:2F",
                "00:1A:79:70:78:F3",
                "00:1A:79:7E:D6:C8",
                "00:1A:79:8D:BF:A7",
                "00:1A:79:AF:A4:CA",
                "00:1A:79:B5:18:26",
                "00:1A:79:C8:53:2A"
            ]
        },
        {
            "server_name": "otx.arabitv5.com:8000",
            "server_url": "http://otx.arabitv5.com:8000/c/",
            "macs": [
                "00:1A:79:2A:37:27",
                "00:1A:79:2A:39:1C",
                "00:1A:79:2A:39:AF",
                "00:1A:79:36:E8:CF",
                "00:1A:79:3D:22:6A",
                "00:1A:79:42:D2:F0",
                "00:1A:79:42:E4:3B",
                "00:1A:79:43:11:45",
                "00:1A:79:72:9C:76",
                "00:1A:79:72:9C:96",
                "00:1A:79:CA:2F:3B"
            ]
        },
        {
            "server_name": "45.139.122.199:2095",
            "server_url": "http://45.139.122.199:2095/c/",
            "macs": [
                "00:1A:79:03:04:CC",
                "00:1A:79:21:17:50",
                "00:1A:79:4B:47:B6",
                "00:1A:79:A8:69:F5",
                "00:1A:79:AB:56:C3",
                "00:1A:79:AE:D0:C5",
                "00:1A:79:AE:E0:93",
                "00:1A:79:B0:91:D9",
                "00:1A:79:B3:6A:47",
                "00:1A:79:B7:2C:1B",
                "00:1A:79:BB:ED:8B",
                "00:1A:79:C0:80:72",
                "00:1A:79:C4:26:9E",
                "00:1A:79:CE:11:78"
            ]
        },
        {
            "server_name": "iup-tv.com:8080",
            "server_url": "http://iup-tv.com:8080/c/",
            "macs": [
                "00:1A:79:42:2E:2B",
                "00:1A:79:60:05:89",
                "00:1A:79:AB:41:3E",
                "00:1A:79:AB:68:6B",
                "00:1A:79:B5:55:CE",
                "00:1A:79:B5:5A:8B",
                "00:1A:79:BB:3E:A4",
                "00:1A:79:BB:C9:6E",
                "00:1A:79:BC:D9:36",
                "00:1A:79:C1:EA:33"
            ]
        },
        {
            "server_name": "stb.iphd.tv",
            "server_url": "http://stb.iphd.tv/c/",
            "macs": [
                "00:1A:79:25:74:DF",
                "00:1A:79:37:1B:99",
                "00:1A:79:4C:C4:CF",
                "00:1A:79:6A:13:91",
                "00:1A:79:87:9F:AC",
                "00:1A:79:A9:D3:C9",
                "00:1A:79:B5:27:06",
                "00:1A:79:C3:1F:32",
                "00:1A:79:C4:98:7C",
                "00:1A:79:C8:28:C4"
            ]
        }
    ]
}