{
    "items": [
        {
            "server_name": "ix.kingtv.pw",
            "server_url": "http://ix.kingtv.pw/c/",
            "macs": [
                "00:1A:79:07:C4:72",
                "00:1A:79:9E:85:F5",
                "00:1A:79:A5:C0:21"
            ]
        },
        {
            "server_name": "rs3premium.com",
            "server_url": "http://rs3premium.com/c/",
            "macs": [
                "00:1A:79:44:8E:4B"
            ]
        },
        {
            "server_name": "tkosportz.live:25461",
            "server_url": "http://tkosportz.live:25461/c/",
            "macs": [
                "00:1A:79:2D:6A:7A",
                "00:1A:79:E5:E5:6E",
                "00:1A:79:E6:D0:2F"
            ]
        },
        {
            "server_name": "iptv.jinbox.eu:1339",
            "server_url": "http://iptv.jinbox.eu:1339/c/",
            "macs": [
                "00:1A:79:AE:B9:14",
                "00:1A:79:BB:46:DE",
                "00:1A:79:F6:0F:EB"
            ]
        },
        {
            "server_name": "m.devtv.biz",
            "server_url": "http://m.devtv.biz/c/",
            "macs": [
                "00:1A:79:9B:67:BC",
                "00:1A:79:AB:B6:53"
            ]
        },
        {
            "server_name": "flixtralion.xyz:80",
            "server_url": "http://flixtralion.xyz:80/c/",
            "macs": [
                "00:1A:79:64:63:6B",
                "00:1A:79:B2:70:3C",
                "00:1A:79:C7:83:E6",
                "00:1A:79:E8:CA:9D"
            ]
        },
        {
            "server_name": "xc-clubtv.xyz:8080",
            "server_url": "http://xc-clubtv.xyz:8080/c/",
            "macs": [
                "00:1A:79:14:E5:B7",
                "00:1A:79:33:D2:F7"
            ]
        },
        {
            "server_name": "egaletv.cc",
            "server_url": "http://egaletv.cc/c/",
            "macs": [
                "00:1A:79:38:36:32",
                "00:1A:79:40:CB:97",
                "00:1A:79:56:14:EE",
                "00:1A:79:57:5B:53"
            ]
        },
        {
            "server_name": "s1.hdiptv.in:8080",
            "server_url": "http://s1.hdiptv.in:8080/c/",
            "macs": [
                "00:1A:79:5B:5A:AF"
            ]
        },
        {
            "server_name": "neomixs.com:8080",
            "server_url": "http://neomixs.com:8080/c/",
            "macs": [
                "00:1A:79:02:A6:7A",
                "00:1A:79:1E:02:33",
                "00:1A:79:35:4B:BF",
                "00:1A:79:3A:D1:B8",
                "00:1A:79:7A:0A:BF",
                "00:1A:79:91:E5:B1",
                "00:1A:79:C7:AA:B2",
                "00:1A:79:D5:0F:91",
                "00:1A:79:F1:05:4C"
            ]
        },
        {
            "server_name": "medotv.nl:8000",
            "server_url": "http://medotv.nl:8000/c/",
            "macs": [
                "00:1A:79:35:3B:D9",
                "00:1A:79:4E:2D:25"
            ]
        },
        {
            "server_name": "server.hdiptv.info:8080",
            "server_url": "http://server.hdiptv.info:8080/c/",
            "macs": [
                "00:1A:79:5B:5A:AF"
            ]
        },
        {
            "server_name": "proxy.plus55.xyz",
            "server_url": "http://proxy.plus55.xyz/c/",
            "macs": [
                "00:1A:79:18:F0:4D",
                "00:1A:79:2E:B6:DD",
                "00:1A:79:35:A0:9C",
                "00:1A:79:40:24:C5",
                "00:1A:79:41:47:BE",
                "00:1A:79:41:9A:C1",
                "00:1A:79:46:59:D5",
                "00:1A:79:55:E9:2B",
                "00:1A:79:5E:3C:76",
                "00:1A:79:AD:92:85"
            ]
        },
        {
            "server_name": "lionshd.me",
            "server_url": "http://lionshd.me/c/",
            "macs": [
                "00:1A:79:8A:2A:D1"
            ]
        },
        {
            "server_name": "skunkytv.live",
            "server_url": "http://skunkytv.live/c/",
            "macs": [
                "00:1A:79:BD:AF:D3"
            ]
        },
        {
            "server_name": "ledir.thund.re:80",
            "server_url": "http://ledir.thund.re:80/c/",
            "macs": [
                "00:1A:79:00:09:7E",
                "00:1A:79:00:64:11",
                "00:1A:79:02:13:52",
                "00:1A:79:22:5A:77",
                "00:1A:79:4F:63:43",
                "00:1A:79:73:16:62",
                "00:1A:79:B9:81:75",
                "00:1A:79:BA:9F:1A",
                "00:1A:79:C6:E5:E9",
                "00:1A:79:DF:D1:A3"
            ]
        },
        {
            "server_name": "1234up.com:8080",
            "server_url": "http://1234up.com:8080/c/",
            "macs": [
                "00:1A:79:6F:C2:67",
                "00:1A:79:AC:D4:23",
                "00:1A:79:B7:10:4A",
                "00:1A:79:B7:34:41",
                "00:1A:79:BA:46:5B",
                "00:1A:79:C8:60:85",
                "00:1A:79:D0:F9:DF",
                "00:1A:79:F0:6D:D4",
                "00:1A:79:F0:C8:FD"
            ]
        },
        {
            "server_name": "line.gofast-tv.me",
            "server_url": "http://line.gofast-tv.me/c/",
            "macs": [
                "00:1A:79:50:45:38",
                "00:1A:79:54:26:14",
                "00:1A:79:61:34:32",
                "00:1A:79:AD:38:B9",
                "00:1A:79:BC:E4:64",
                "00:1A:79:C3:8D:E1",
                "00:1A:79:D5:1A:DF",
                "00:1A:79:FB:5F:65"
            ]
        },
        {
            "server_name": "mag.ottcst.com:80",
            "server_url": "http://mag.ottcst.com:80/c/",
            "macs": [
                "00:1A:79:52:D6:43",
                "00:1A:79:78:C9:5C"
            ]
        },
        {
            "server_name": "magtx.coretvco.vip:80",
            "server_url": "http://magtx.coretvco.vip:80/c/",
            "macs": [
                "00:1A:79:35:6D:BA",
                "00:1A:79:70:F6:C1",
                "00:1A:79:97:6C:72",
                "00:1A:79:A2:68:7E",
                "00:1A:79:AD:08:9C",
                "00:1A:79:B0:60:DA",
                "00:1A:79:B2:CA:D2",
                "00:1A:79:B7:BB:A4",
                "00:1A:79:BC:3B:7D",
                "00:1A:79:BD:5F:D4",
                "00:1A:79:C5:2A:11",
                "00:1A:79:C6:24:7C"
            ]
        },
        {
            "server_name": "dino.proxytx.cloud:80",
            "server_url": "http://dino.proxytx.cloud:80/c/",
            "macs": [
                "00:1A:79:00:1B:FB",
                "00:1A:79:38:38:31",
                "00:1A:79:56:E1:9B",
                "00:1A:79:75:4D:A2",
                "00:1A:79:77:EF:14",
                "00:1A:79:79:2A:76",
                "00:1A:79:80:91:92",
                "00:1A:79:9E:B9:C0",
                "00:1A:79:A7:EB:E4",
                "00:1A:79:AD:9B:23",
                "00:1A:79:B6:EA:88",
                "00:1A:79:C1:ED:50"
            ]
        },
        {
            "server_name": "mag.asztv.com:80",
            "server_url": "http://mag.asztv.com:80/c/",
            "macs": [
                "00:1A:79:00:14:7A",
                "00:1A:79:04:08:97",
                "00:1A:79:1F:BA:C7",
                "00:1A:79:29:14:F2",
                "00:1A:79:49:41:30",
                "00:1A:79:71:27:E9",
                "00:1A:79:75:23:05",
                "00:1A:79:7B:92:40",
                "00:1A:79:90:13:63",
                "00:1A:79:A6:81:C1",
                "00:1A:79:BF:EB:0D",
                "00:1A:79:E7:8A:57"
            ]
        },
        {
            "server_name": "restream.cdn-4k.cloud",
            "server_url": "http://restream.cdn-4k.cloud/c/",
            "macs": [
                "00:1A:79:59:33:72",
                "00:1A:79:66:54:48",
                "00:1A:79:76:B8:AF",
                "00:1A:79:B6:46:CB",
                "00:1A:79:D8:44:73"
            ]
        },
        {
            "server_name": "xc.tvset.top",
            "server_url": "http://xc.tvset.top/c/",
            "macs": [
                "00:1A:79:34:D6:C7",
                "00:1A:79:38:3B:B8"
            ]
        },
        {
            "server_name": "mag.powerdino.com",
            "server_url": "http://mag.powerdino.com/c/",
            "macs": [
                "00:1A:79:44:AE:53",
                "00:1A:79:A3:66:DD"
            ]
        },
        {
            "server_name": "192.99.19.27:8000",
            "server_url": "http://192.99.19.27:8000/c/",
            "macs": [
                "00:1A:79:68:BF:24",
                "00:1A:79:70:C2:69",
                "00:1A:79:94:69:51"
            ]
        },
        {
            "server_name": "exchange.jinbox.nl:1339",
            "server_url": "http://exchange.jinbox.nl:1339/c/",
            "macs": [
                "00:1A:79:05:E0:C6",
                "00:1A:79:39:F8:EE",
                "00:1A:79:43:7F:7A",
                "00:1A:79:43:97:44",
                "00:1A:79:52:28:7A",
                "00:1A:79:6B:05:29",
                "00:1A:79:79:07:B9",
                "00:1A:79:90:4F:CE",
                "00:1A:79:AB:5A:F9",
                "00:1A:79:C8:6B:45",
                "00:1A:79:D3:3D:BF"
            ]
        },
        {
            "server_name": "wowtv.cc",
            "server_url": "http://wowtv.cc/c/",
            "macs": [
                "00:1A:79:A8:02:6D"
            ]
        },
        {
            "server_name": "iptvch2.com",
            "server_url": "http://iptvch2.com/c/",
            "macs": [
                "00:1A:79:A5:2B:7D"
            ]
        },
        {
            "server_name": "exm3u.123tv.to:8080",
            "server_url": "http://exm3u.123tv.to:8080/c/",
            "macs": [
                "00:1A:79:0C:21:E4",
                "00:1A:79:BD:96:B0",
                "00:1A:79:F5:30:AE"
            ]
        },
        {
            "server_name": "tv.tvdark.eu",
            "server_url": "http://tv.tvdark.eu/c/",
            "macs": [
                "00:1A:79:48:DE:EF",
                "00:1A:79:4C:3B:EE",
                "00:1A:79:6F:7F:2F",
                "00:1A:79:7E:45:5E",
                "00:1A:79:7E:6C:7F",
                "00:1A:79:86:7B:DC",
                "00:1A:79:AB:5F:29",
                "00:1A:79:BA:2C:01"
            ]
        },
        {
            "server_name": "pankajgorasiya.net",
            "server_url": "http://pankajgorasiya.net/c/",
            "macs": [
                "00:1A:79:10:E0:A8",
                "00:1A:79:42:9A:D8"
            ]
        },
        {
            "server_name": "206.212.244.28:8080",
            "server_url": "http://206.212.244.28:8080/c/",
            "macs": [
                "00:1A:79:10:9E:50",
                "00:1A:79:28:8B:3C",
                "00:1A:79:41:0A:A2",
                "00:1A:79:42:ED:A7",
                "00:1A:79:49:68:97",
                "00:1A:79:4D:0A:75",
                "00:1A:79:55:98:BD",
                "00:1A:79:67:9E:3F",
                "00:1A:79:95:90:4F",
                "00:1A:79:A4:8D:9A",
                "00:1A:79:FD:BD:48"
            ]
        },
        {
            "server_name": "drk.yasarpro.com:80",
            "server_url": "http://drk.yasarpro.com:80/c/",
            "macs": [
                "00:1A:79:00:B8:42",
                "00:1A:79:10:92:22",
                "00:1A:79:19:4F:65",
                "00:1A:79:28:0F:C7",
                "00:1A:79:30:5F:1B",
                "00:1A:79:31:3F:81",
                "00:1A:79:36:BD:66",
                "00:1A:79:3F:40:35",
                "00:1A:79:4E:31:92",
                "00:1A:79:54:7C:9B",
                "00:1A:79:5A:F5:B7",
                "00:1A:79:60:4C:F8",
                "00:1A:79:66:0B:80",
                "00:1A:79:67:02:7A",
                "00:1A:79:6F:4F:41",
                "00:1A:79:7F:9C:F4",
                "00:1A:79:83:39:66",
                "00:1A:79:A2:6D:E0",
                "00:1A:79:A6:7F:86",
                "00:1A:79:BB:EE:C9",
                "00:1A:79:D6:0F:DC",
                "00:1A:79:D6:CB:34",
                "00:1A:79:D8:9F:C5",
                "00:1A:79:E5:16:F2"
            ]
        }
    ]
}