{
    "items": [
        {
            "server_name": "168.119.44.178:2080",
            "server_url": "http://168.119.44.178:2080/stalker_portal/c/",
            "macs": [
                "00:1A:79:0F:6B:A1"
            ]
        },
        {
            "server_name": "starshare.live:8080",
            "server_url": "http://starshare.live:8080/c/",
            "macs": [
                "00:1A:79:0B:E0:18",
                "00:1A:79:1D:F5:82"
            ]
        },
        {
            "server_name": "mag.4k365.xyz:80",
            "server_url": "http://mag.4k365.xyz:80/c/",
            "macs": [
                "00:1A:79:3A:62:7B",
                "00:1A:79:45:2D:B4",
                "00:1A:79:6F:C3:02"
            ]
        },
        {
            "server_name": "abysstv.xyz:8080",
            "server_url": "http://abysstv.xyz:8080/c/",
            "macs": [
                "00:1A:79:35:34:09",
                "00:1A:79:3D:14:E6",
                "00:1A:79:49:A4:66",
                "00:1A:79:A4:D5:D4"
            ]
        },
        {
            "server_name": "mag.marsweb.co:80",
            "server_url": "http://mag.marsweb.co:80/c/",
            "macs": [
                "00:1A:79:00:63:BA",
                "00:1A:79:00:9F:1E",
                "00:1A:79:00:9F:8B",
                "00:1A:79:00:A2:20",
                "00:1A:79:00:B0:50",
                "00:1A:79:00:B2:AE",
                "00:1A:79:00:B5:9D",
                "00:1A:79:00:D1:DE",
                "00:1A:79:00:DD:2F",
                "00:1A:79:00:E2:21",
                "00:1A:79:00:E5:3B",
                "00:1A:79:00:E7:6C",
                "00:1A:79:00:F3:2E",
                "00:1A:79:01:0B:FF",
                "00:1A:79:01:20:B3"
            ]
        },
        {
            "server_name": "dinka-iptv.live",
            "server_url": "http://dinka-iptv.live/c/",
            "macs": [
                "00:1A:79:A3:B2:06",
                "00:1A:79:A3:D7:7D",
                "00:1A:79:AA:BD:12",
                "00:1A:79:AE:B3:4D",
                "00:1A:79:AF:1E:8A",
                "00:1A:79:B0:56:C3",
                "00:1A:79:B0:71:EF",
                "00:1A:79:BA:1B:A3"
            ]
        },
        {
            "server_name": "promaxhd.com:8080",
            "server_url": "http://promaxhd.com:8080/c/",
            "macs": [
                "00:1A:79:3B:6C:67",
                "00:1A:79:4D:32:C6",
                "00:1A:79:4F:5D:A9",
                "00:1A:79:52:DF:EE",
                "00:1A:79:6C:F3:73",
                "00:1A:79:7B:E8:B1",
                "00:1A:79:8B:2D:4E",
                "00:1A:79:AB:A1:5B",
                "00:1A:79:B4:ED:D8",
                "00:1A:79:C8:24:6F"
            ]
        },
        {
            "server_name": "line.greatstar.me",
            "server_url": "http://line.greatstar.me/c/",
            "macs": [
                "00:1A:79:5A:47:15",
                "00:1A:79:75:AA:1A",
                "00:1A:79:99:94:92"
            ]
        },
        {
            "server_name": "ocean2218.xyz:8080",
            "server_url": "http://ocean2218.xyz:8080/c/",
            "macs": [
                "00:1A:79:AB:60:BC"
            ]
        },
        {
            "server_name": "fast.newdns.world",
            "server_url": "http://fast.newdns.world/c/",
            "macs": [
                "00:1A:79:C4:28:04"
            ]
        },
        {
            "server_name": "vod.4kplus.org",
            "server_url": "http://vod.4kplus.org/c/",
            "macs": [
                "00:1A:79:B2:0D:6A"
            ]
        },
        {
            "server_name": "wyveep.com:8080",
            "server_url": "http://wyveep.com:8080/c/",
            "macs": [
                "00:1A:79:AE:94:F8",
                "00:1A:79:B7:9E:54"
            ]
        },
        {
            "server_name": "fastopen.live:8080",
            "server_url": "http://fastopen.live:8080/c/",
            "macs": [
                "00:1A:79:C7:D6:D6"
            ]
        },
        {
            "server_name": "proxym3u.watchtv.best",
            "server_url": "http://proxym3u.watchtv.best/c/",
            "macs": [
                "00:1A:79:7C:3F:22"
            ]
        },
        {
            "server_name": "line.linehunt.org",
            "server_url": "http://line.linehunt.org/c/",
            "macs": [
                "00:1A:79:00:9C:52",
                "00:1A:79:42:0A:44",
                "00:1A:79:F1:AB:84"
            ]
        },
        {
            "server_name": "xc.xvip58.xyz:8080",
            "server_url": "http://xc.xvip58.xyz:8080/c/",
            "macs": [
                "00:1A:79:10:DF:13",
                "00:1A:79:14:6B:9E",
                "00:1A:79:A1:C5:2B"
            ]
        },
        {
            "server_name": "select1.xyz:8080",
            "server_url": "http://select1.xyz:8080/c/",
            "macs": [
                "00:1A:79:00:00:00"
            ]
        },
        {
            "server_name": "sharktv.alphatx.me",
            "server_url": "http://sharktv.alphatx.me/c/",
            "macs": [
                "00:1A:79:06:45:53",
                "00:1A:79:19:10:07",
                "00:1A:79:36:B2:90",
                "00:1A:79:3C:CA:F5"
            ]
        },
        {
            "server_name": "rufus.zone",
            "server_url": "http://rufus.zone/stalker_portal/c/",
            "macs": [
                "00:1A:79:0E:B2:20",
                "00:1A:79:3E:5B:1A",
                "00:1A:79:96:54:73",
                "00:1A:79:C5:1A:09",
                "00:1A:79:D5:79:12",
                "00:1A:79:E5:30:55",
                "00:1A:79:E5:89:5E",
                "00:1A:79:E6:57:E7",
                "00:1A:79:E7:C1:E0"
            ]
        },
        {
            "server_name": "sotu.ws:26928",
            "server_url": "http://sotu.ws:26928/c/",
            "macs": [
                "00:1A:79:41:11:39"
            ]
        },
        {
            "server_name": "eurotuga.xyz:8080",
            "server_url": "http://eurotuga.xyz:8080/c/",
            "macs": [
                "00:1A:79:4D:0F:44",
                "00:1A:79:AC:53:9F"
            ]
        },
        {
            "server_name": "3btvplus.com:8080",
            "server_url": "http://3btvplus.com:8080/c/",
            "macs": [
                "00:1A:79:2C:C6:74"
            ]
        },
        {
            "server_name": "drk.yasar.tv",
            "server_url": "http://drk.yasar.tv/c/",
            "macs": [
                "00:1A:79:0D:9F:5D"
            ]
        },
        {
            "server_name": "tv.psmarters.xyz:8080",
            "server_url": "http://tv.psmarters.xyz:8080/c/",
            "macs": [
                "00:1A:79:10:DF:FD",
                "00:1A:79:10:E2:23"
            ]
        },
        {
            "server_name": "apksmart.dino.ws:80",
            "server_url": "http://apksmart.dino.ws:80/c/",
            "macs": [
                "00:1A:79:04:EC:6C",
                "00:1A:79:2B:F5:39",
                "00:1A:79:42:29:F5",
                "00:1A:79:AC:82:BD",
                "00:1A:79:AE:71:10",
                "00:1A:79:BB:15:FB",
                "00:1A:79:C9:CC:F8",
                "00:1A:79:DB:13:70",
                "00:1A:79:F8:76:B6"
            ]
        },
        {
            "server_name": "mag.ugoiptv.com:80",
            "server_url": "http://mag.ugoiptv.com:80/c/",
            "macs": [
                "00:1A:79:0D:8F:01",
                "00:1A:79:45:7E:5C",
                "00:1A:79:6F:02:07",
                "00:1A:79:74:04:7F",
                "00:1A:79:C1:61:91",
                "00:1A:79:C5:3C:6C"
            ]
        },
        {
            "server_name": "tv.supertv.life:80",
            "server_url": "http://tv.supertv.life:80/c/",
            "macs": [
                "00:1A:79:7A:9F:21",
                "00:1A:79:81:7F:89"
            ]
        },
        {
            "server_name": "45.139.122.199:2095",
            "server_url": "http://45.139.122.199:2095/c/",
            "macs": [
                "00:1A:79:B3:A3:2F"
            ]
        },
        {
            "server_name": "spacextv.live:8080",
            "server_url": "http://spacextv.live:8080/c/",
            "macs": [
                "00:1A:79:36:6F:00",
                "00:1A:79:C0:76:11"
            ]
        },
        {
            "server_name": "ogzpunk.live:8080",
            "server_url": "http://ogzpunk.live:8080/c/",
            "macs": [
                "00:1A:79:9B:10:31"
            ]
        },
        {
            "server_name": "23232.top:80",
            "server_url": "http://23232.top:80/c/",
            "macs": [
                "00:1A:79:0E:10:4D",
                "00:1A:79:65:B9:D4",
                "00:1A:79:FA:69:05"
            ]
        },
        {
            "server_name": "line.iptvwings.com:80",
            "server_url": "http://line.iptvwings.com:80/c/",
            "macs": [
                "00:1A:79:5D:4B:78"
            ]
        },
        {
            "server_name": "mutant.arrox.top:80",
            "server_url": "http://mutant.arrox.top:80/c/",
            "macs": [
                "00:1A:79:05:20:4B",
                "00:1A:79:33:00:66",
                "00:1A:79:60:62:71",
                "00:1A:79:A6:DB:83",
                "00:1A:79:C0:1C:46",
                "00:1A:79:CB:9A:33",
                "00:1A:79:E0:7F:F2",
                "00:1A:79:F7:0F:9B"
            ]
        },
        {
            "server_name": "gfr5.mi20.cc",
            "server_url": "http://gfr5.mi20.cc/stalker_portal/c/",
            "macs": [
                "00:1A:79:73:EF:7F"
            ]
        },
        {
            "server_name": "s16.fjoker.xyz:8080",
            "server_url": "http://s16.fjoker.xyz:8080/c/",
            "macs": [
                "00:1A:79:00:00:00"
            ]
        },
        {
            "server_name": "tv.tvzon.tv",
            "server_url": "http://tv.tvzon.tv/stalker_portal/c/",
            "macs": [
                "00:1A:79:31:37:62"
            ]
        },
        {
            "server_name": "194.76.0.140",
            "server_url": "http://194.76.0.140/c/",
            "macs": [
                "00:1A:79:00:00:00"
            ]
        },
        {
            "server_name": "xp1.tv",
            "server_url": "http://xp1.tv/c/",
            "macs": [
                "00:1A:79:A1:31:CB"
            ]
        },
        {
            "server_name": "gogolion.xyz",
            "server_url": "http://gogolion.xyz/c/",
            "macs": [
                "00:1A:79:41:22:20"
            ]
        },
        {
            "server_name": "restream.globaltv1.net:8080",
            "server_url": "http://restream.globaltv1.net:8080/c/",
            "macs": [
                "00:1A:79:10:DF:13",
                "00:1A:79:14:6B:9E",
                "00:1A:79:A1:C5:2B"
            ]
        },
        {
            "server_name": "minetess0134.chupa-mos.live:80",
            "server_url": "http://minetess0134.chupa-mos.live:80/c/",
            "macs": [
                "00:1A:79:A2:C5:AC"
            ]
        },
        {
            "server_name": "bosst.net:80",
            "server_url": "http://bosst.net:80/c/",
            "macs": [
                "00:1A:79:41:0F:1C",
                "00:1A:79:41:8C:7C",
                "00:1A:79:42:8E:C1"
            ]
        },
        {
            "server_name": "4kgoott.com:2052",
            "server_url": "http://4kgoott.com:2052/c/",
            "macs": [
                "00:1A:79:3F:A6:F7",
                "00:1A:79:65:B0:92",
                "00:1A:79:7F:1E:84",
                "00:1A:79:AE:3E:88"
            ]
        },
        {
            "server_name": "mutant.arrox.top",
            "server_url": "http://mutant.arrox.top/c/",
            "macs": [
                "00:1A:79:1E:04:0D",
                "00:1A:79:33:43:70",
                "00:1A:79:7B:94:33",
                "00:1A:79:C3:1E:9A"
            ]
        },
        {
            "server_name": "smart.dukoow.net",
            "server_url": "https://smart.dukoow.net/c/",
            "macs": [
                "00:1A:79:03:03:0D",
                "00:1A:79:04:2E:E9",
                "00:1A:79:05:C5:C8",
                "00:1A:79:05:C7:69"
            ]
        },
        {
            "server_name": "mag.premiumplus.tv",
            "server_url": "http://mag.premiumplus.tv/c/",
            "macs": [
                "00:1A:79:17:11:7B",
                "00:1A:79:57:98:33",
                "00:1A:79:6C:03:B2",
                "00:1A:79:7A:49:77",
                "00:1A:79:83:BB:60",
                "00:1A:79:EA:F2:F4",
                "00:1A:79:FD:11:73"
            ]
        },
        {
            "server_name": "sonymax.org:8080",
            "server_url": "http://sonymax.org:8080/c/",
            "macs": [
                "00:1A:79:2A:A0:2C",
                "00:1A:79:3A:68:37",
                "00:1A:79:85:DE:94",
                "00:1A:79:A1:36:62"
            ]
        },
        {
            "server_name": "line.protv.cc:80",
            "server_url": "http://line.protv.cc:80/c/",
            "macs": [
                "00:1A:79:00:01:E6",
                "00:1A:79:0B:BA:FD",
                "00:1A:79:2A:28:10",
                "00:1A:79:3A:E5:28",
                "00:1A:79:84:24:DD",
                "00:1A:79:93:88:52",
                "00:1A:79:A1:8D:36"
            ]
        },
        {
            "server_name": "89.45.13.220:8080",
            "server_url": "http://89.45.13.220:8080/c/",
            "macs": [
                "00:1A:79:01:6A:85",
                "00:1A:79:01:6E:99",
                "00:1A:79:13:54:EE",
                "00:1A:79:4F:3E:9B",
                "00:1A:79:6B:BB:27"
            ]
        },
        {
            "server_name": "skydidyma.xyz:8080",
            "server_url": "http://skydidyma.xyz:8080/c/",
            "macs": [
                "00:1A:79:6A:6A:34",
                "00:1A:79:90:37:C7",
                "00:1A:79:98:1C:8F",
                "00:1A:79:B7:88:F6",
                "00:1A:79:E7:81:3F"
            ]
        },
        {
            "server_name": "185.243.7.154:80",
            "server_url": "http://185.243.7.154:80/c/",
            "macs": [
                "00:1A:79:5D:AE:81",
                "00:1A:79:7A:2A:BC",
                "00:1A:79:7C:01:ED",
                "00:1A:79:A7:63:99",
                "00:1A:79:B4:D9:C9",
                "00:1A:79:B6:9A:C3",
                "00:1A:79:BD:75:59",
                "00:1A:79:C3:85:61",
                "00:1A:79:D7:0D:86"
            ]
        },
        {
            "server_name": "catirtv.ddns.me:8080",
            "server_url": "http://catirtv.ddns.me:8080/c/",
            "macs": [
                "00:1A:79:57:69:23",
                "00:1A:79:AB:3F:70",
                "00:1A:79:BD:5C:6D"
            ]
        },
        {
            "server_name": "wiki-ott.org:8789",
            "server_url": "http://wiki-ott.org:8789/c/",
            "macs": [
                "00:1A:79:73:66:4E"
            ]
        },
        {
            "server_name": "a.bittensor.nexus",
            "server_url": "http://a.bittensor.nexus/c/",
            "macs": [
                "00:1A:79:11:22:33",
                "00:1A:79:53:A2:D3",
                "00:1A:79:BA:C2:21"
            ]
        },
        {
            "server_name": "ibrafr.com:8789",
            "server_url": "http://ibrafr.com:8789/c/",
            "macs": [
                "00:1A:79:C7:81:71"
            ]
        },
        {
            "server_name": "45.139.122.199:8080",
            "server_url": "http://45.139.122.199:8080/c/",
            "macs": [
                "00:1A:79:B5:C8:56",
                "00:1A:79:BC:D6:42",
                "00:1A:79:BE:58:BA",
                "00:1A:79:BF:F4:7E"
            ]
        },
        {
            "server_name": "uhd3.one",
            "server_url": "http://uhd3.one/c/",
            "macs": [
                "00:1A:79:13:53:17",
                "00:1A:79:30:9F:67",
                "00:1A:79:48:B9:42",
                "00:1A:79:C5:76:3E",
                "00:1A:79:C7:72:68"
            ]
        }
    ]
}