{
    "items": [
        {
            "server_name": "proxy.watchtv.best",
            "server_url": "http://proxy.watchtv.best/c/",
            "macs": [
                "00:1A:79:00:01:11",
                "00:1A:79:00:01:3E",
                "00:1A:79:00:07:77",
                "00:1A:79:00:10:E4",
                "00:1A:79:00:11:34",
                "00:1A:79:00:12:BD",
                "00:1A:79:00:12:CA"
            ]
        },
        {
            "server_name": "spacextv.live:8080",
            "server_url": "http://spacextv.live:8080/c/",
            "macs": [
                "00:1A:79:6E:2E:D3",
                "00:1A:79:C6:FD:C6"
            ]
        },
        {
            "server_name": "vip2102.112421.net:2050",
            "server_url": "http://vip2102.112421.net:2050/c/",
            "macs": [
                "00:1A:79:5D:0F:1B",
                "00:1A:79:A6:B7:4F"
            ]
        },
        {
            "server_name": "xc.tvset.top",
            "server_url": "http://xc.tvset.top/c/",
            "macs": [
                "00:1A:79:3A:04:BC",
                "00:1A:79:9A:37:81",
                "00:1A:79:BE:86:4E"
            ]
        },
        {
            "server_name": "mag.ukhd.tv",
            "server_url": "http://mag.ukhd.tv/c/",
            "macs": [
                "00:1A:79:19:4F:D1",
                "00:1A:79:40:60:1C",
                "00:1A:79:45:98:CA",
                "00:1A:79:4C:B3:AA",
                "00:1A:79:4D:70:71",
                "00:1A:79:61:4F:13",
                "00:1A:79:6B:8A:CC",
                "00:1A:79:90:08:89",
                "00:1A:79:A5:6F:C0",
                "00:1A:79:B7:29:86",
                "00:1A:79:BA:9E:7C",
                "00:1A:79:CB:8A:E6",
                "00:1A:79:D7:9F:5E"
            ]
        },
        {
            "server_name": "invale.party",
            "server_url": "http://invale.party/c/",
            "macs": [
                "00:1A:79:AB:47:6A"
            ]
        },
        {
            "server_name": "miscojones.lol",
            "server_url": "http://miscojones.lol/c/",
            "macs": [
                "00:1A:79:4C:25:31",
                "00:1A:79:6B:14:CC"
            ]
        },
        {
            "server_name": "tv.cloudcdn.me",
            "server_url": "http://tv.cloudcdn.me/c/",
            "macs": [
                "00:1A:79:44:5C:DB"
            ]
        },
        {
            "server_name": "fhdtv.club:8080",
            "server_url": "http://fhdtv.club:8080/c/",
            "macs": [
                "00:1A:79:05:ED:A7",
                "00:1A:79:CB:15:8A",
                "00:1A:79:F0:0B:73"
            ]
        },
        {
            "server_name": "185.243.7.154",
            "server_url": "http://185.243.7.154/c/",
            "macs": [
                "00:1A:79:00:01:11",
                "00:1A:79:00:03:39",
                "00:1A:79:00:0D:62"
            ]
        },
        {
            "server_name": "fastopen.live:8080",
            "server_url": "http://fastopen.live:8080/c/",
            "macs": [
                "00:1A:79:60:05:C3",
                "00:1A:79:A9:F2:84",
                "00:1A:79:AB:1C:42",
                "00:1A:79:BA:8D:0F"
            ]
        },
        {
            "server_name": "145.239.253.183",
            "server_url": "http://145.239.253.183/stalker_portal/c/",
            "macs": [
                "00:1A:79:51:3D:02",
                "00:1A:79:57:CF:E4",
                "00:1A:79:72:AF:B4"
            ]
        },
        {
            "server_name": "prizes67594.cdngold.me",
            "server_url": "http://prizes67594.cdngold.me/c/",
            "macs": [
                "00:1A:79:00:00:00",
                "00:1A:79:00:00:02",
                "00:1A:79:00:00:15",
                "00:1A:79:00:00:16",
                "00:1A:79:00:00:25",
                "00:1A:79:00:00:69",
                "00:1A:79:00:00:91",
                "00:1A:79:00:01:DF",
                "00:1A:79:00:02:CF",
                "00:1A:79:00:0F:0C",
                "00:1A:79:00:0F:2C",
                "00:1A:79:00:0F:D3",
                "00:1A:79:00:0F:D5",
                "00:1A:79:00:0F:D9",
                "00:1A:79:00:0F:E1",
                "00:1A:79:00:10:01",
                "00:1A:79:00:10:13",
                "00:1A:79:00:10:1C",
                "00:1A:79:00:10:22",
                "00:1A:79:00:10:4D"
            ]
        },
        {
            "server_name": "pal.alphatx.me",
            "server_url": "http://pal.alphatx.me/c/",
            "macs": [
                "00:1A:79:48:06:FA",
                "00:1A:79:65:CA:B4",
                "00:1A:79:BA:0C:B3",
                "00:1A:79:D3:B1:CC"
            ]
        },
        {
            "server_name": "stalker.ugoiptv.com",
            "server_url": "http://stalker.ugoiptv.com/c/",
            "macs": [
                "00:1A:79:7D:7A:3A"
            ]
        },
        {
            "server_name": "30198-puppy.ott-cdn.me",
            "server_url": "http://30198-puppy.ott-cdn.me/c/",
            "macs": [
                "00:1A:79:38:3F:E4",
                "00:1A:79:B5:4F:74"
            ]
        },
        {
            "server_name": "exm3u.123tv.to:8080",
            "server_url": "http://exm3u.123tv.to:8080/c/",
            "macs": [
                "00:1A:79:51:D5:18",
                "00:1A:79:76:F9:36",
                "00:1A:79:95:B6:0A",
                "00:1A:79:AD:02:FB"
            ]
        },
        {
            "server_name": "skunkytv.live",
            "server_url": "http://skunkytv.live/c/",
            "macs": [
                "00:1A:79:3C:CF:12",
                "00:1A:79:6E:E4:80",
                "00:1A:79:B0:9D:A0",
                "00:1A:79:B4:EE:40",
                "00:1A:79:B4:F0:94"
            ]
        }
    ]
}