{
    "items": [
        {
            "server_name": "23232.top",
            "server_url": "http://23232.top/c/",
            "macs": [
                "00:1A:79:08:11:0F",
                "00:1A:79:1F:55:3D",
                "00:1A:79:27:0F:21",
                "00:1A:79:74:40:23",
                "00:1A:79:79:58:E1",
                "00:1A:79:C3:F7:70",
                "00:1A:79:C4:D2:56"
            ]
        },
        {
            "server_name": "77.74.193.158:88",
            "server_url": "http://77.74.193.158:88/stalker_portal/c/",
            "macs": [
                "00:1A:79:0E:8D:88",
                "00:1A:79:39:CB:B7",
                "00:1A:79:EA:8C:26"
            ]
        },
        {
            "server_name": "2gb1.tvcdn.online",
            "server_url": "http://2gb1.tvcdn.online/c/",
            "macs": [
                "00:1A:79:61:7F:5B",
                "00:1A:79:83:6F:39",
                "00:1A:79:A9:D4:6A",
                "00:1A:79:B2:2B:C9",
                "00:1A:79:BB:41:F7",
                "00:1A:79:C2:4F:1C"
            ]
        },
        {
            "server_name": "main2.cwdn.cx",
            "server_url": "http://main2.cwdn.cx/c/",
            "macs": [
                "00:1A:79:0B:00:97",
                "00:1A:79:64:44:FD",
                "00:1A:79:A3:7F:5A",
                "00:1A:79:B0:6B:1A",
                "00:1A:79:B1:89:3C",
                "00:1A:79:B5:AD:A0",
                "00:1A:79:BA:BD:FD",
                "00:1A:79:DD:6C:17"
            ]
        },
        {
            "server_name": "m5ip.club:80",
            "server_url": "http://m5ip.club:80/c/",
            "macs": [
                "00:1A:79:55:2F:11",
                "00:1A:79:77:50:95",
                "00:1A:79:C6:B0:B5",
                "00:1A:79:D0:22:80",
                "00:1A:79:D0:29:39",
                "00:1A:79:DD:A2:7D"
            ]
        },
        {
            "server_name": "16919-near.cloud-ott.me:80",
            "server_url": "http://16919-near.cloud-ott.me:80/c/",
            "macs": [
                "00:1A:79:00:00:00"
            ]
        },
        {
            "server_name": "185.243.7.2:80",
            "server_url": "http://185.243.7.2:80/c/",
            "macs": [
                "00:1A:79:00:00:00"
            ]
        },
        {
            "server_name": "blomc.rtmp.io:80",
            "server_url": "http://blomc.rtmp.io:80/c/",
            "macs": [
                "00:1A:79:00:00:00"
            ]
        },
        {
            "server_name": "m3u.zen-ott.me:80",
            "server_url": "http://m3u.zen-ott.me:80/c/",
            "macs": [
                "00:1A:79:00:00:00"
            ]
        },
        {
            "server_name": "portal.best-tv.me:80",
            "server_url": "http://portal.best-tv.me:80/c/",
            "macs": [
                "00:1A:79:00:00:00"
            ]
        },
        {
            "server_name": "hi-ott.me:80",
            "server_url": "http://hi-ott.me:80/c/",
            "macs": [
                "00:1A:79:00:00:00"
            ]
        },
        {
            "server_name": "n0r468fju.11121367.xyz:8080",
            "server_url": "http://n0r468fju.11121367.xyz:8080/c/",
            "macs": [
                "00:1A:79:00:00:02"
            ]
        },
        {
            "server_name": "apk.zentv4k.me:80",
            "server_url": "http://apk.zentv4k.me:80/c/",
            "macs": [
                "00:1A:79:00:00:02"
            ]
        },
        {
            "server_name": "king4k.tv:80",
            "server_url": "http://king4k.tv:80/c/",
            "macs": [
                "00:1A:79:00:00:02"
            ]
        },
        {
            "server_name": "8sit7.ipro.tv:80",
            "server_url": "http://8sit7.ipro.tv:80/c/",
            "macs": [
                "00:1A:79:00:00:00"
            ]
        }
    ]
}