{
    "items": [
        {
            "server_name": "drk.yasar.tv",
            "server_url": "http://drk.yasar.tv/c/",
            "macs": [
                "00:1A:79:87:79:BD"
            ]
        },
        {
            "server_name": "ix.kingtv.pw",
            "server_url": "http://ix.kingtv.pw/c/",
            "macs": [
                "00:1A:79:14:E0:34",
                "00:1A:79:13:4F:BC",
                "00:1A:79:10:E3:B1",
                "00:1A:79:AB:57:97",
                "00:1A:79:13:51:C8"
            ]
        },
        {
            "server_name": "gt.6738hg.com:8080",
            "server_url": "http://gt.6738hg.com:8080/c/",
            "macs": [
                "00:1A:79:ad:9f:94",
                "00:1A:79:af:89:8d"
            ]
        },
        {
            "server_name": "palavip.org:8080",
            "server_url": "http://palavip.org:8080/c/",
            "macs": [
                "00:1A:79:28:35:E8"
            ]
        },
        {
            "server_name": "schanel.org:8080",
            "server_url": "http://schanel.org:8080/c/",
            "macs": [
                "00:1A:79:a1:f7:12"
            ]
        },
        {
            "server_name": "m.devtv.biz",
            "server_url": "http://m.devtv.biz/c/",
            "macs": [
                "00:1A:79:59:7B:28"
            ]
        },
        {
            "server_name": "palavip.org",
            "server_url": "http://palavip.org/c/",
            "macs": [
                "00:1A:79:08:EB:A3"
            ]
        },
        {
            "server_name": "nicolaj.123tv.to:8080",
            "server_url": "http://nicolaj.123tv.to:8080/c/",
            "macs": [
                "00:1A:79:B9:D9:E3"
            ]
        },
        {
            "server_name": "neroiptv.xyz:8080",
            "server_url": "http://neroiptv.xyz:8080/c/",
            "macs": [
                "00:1A:79:16:12:56"
            ]
        }
    ]
}