{
    "items": [
        {
            "server_name": "ix.kingtv.pw",
            "server_url": "http://ix.kingtv.pw/c/",
            "macs": [
                "00:1A:79:50:A0:11",
                "00:1A:79:43:1E:13",
                "00:1A:79:4E:CE:87",
                "00:1A:79:44:76:00",
                "00:1A:79:57:43:AC",
                "00:1A:79:5C:A3:02",
                "00:1A:79:29:65:85",
                "00:1A:79:25:EA:B0",
                "00:1A:79:41:C8:EB"
            ]
        },
        {
            "server_name": "egaletv.cc:80",
            "server_url": "http://egaletv.cc:80/c/",
            "macs": [
                "00:1A:79:55:f3:bb",
                "00:1A:79:dd:41:02",
                "00:1A:79:ff:29:e6",
                "00:1A:79:f4:c9:46",
                "00:1A:79:c0:d5:7b",
                "00:1A:79:a9:b2:e9",
                "00:1A:79:bc:80:c5",
                "00:1A:79:a6:22:38",
                "00:1A:79:ba:6b:b6"
            ]
        },
        {
            "server_name": "exchange.jinbox.nl:1339",
            "server_url": "http://exchange.jinbox.nl:1339/c/",
            "macs": [
                "00:1A:79:29:0B:5C"
            ]
        },
        {
            "server_name": "tv.tvdark.eu",
            "server_url": "http://tv.tvdark.eu/c/",
            "macs": [
                "00:1A:79:90:0B:4C"
            ]
        },
        {
            "server_name": "4connect.link",
            "server_url": "http://4connect.link/c/",
            "macs": [
                "00:1a:79:ba:a0:f4",
                "00:1a:79:bd:5b:a0",
                "00:1a:79:b0:db:3c",
                "00:1a:79:b8:ca:27",
                "00:1a:79:b7:6e:fe",
                "00:1a:79:a6:2b:fe"
            ]
        }
    ]
}