{
    "items": [
        {
            "server_name": "owliptv.streamtv.to:8080",
            "server_url": "http://owliptv.streamtv.to:8080/c/",
            "macs": [
                "00:1A:79:69:02:44",
                "00:1A:79:95:7E:06",
                "00:1A:79:C0:71:D7",
                "00:1A:79:A2:0B:BE"
            ]
        },
        {
            "server_name": "7.iptvon.tv.123tv.to",
            "server_url": "http://7.iptvon.tv.123tv.to/c/",
            "macs": [
                "00:1A:79:1A:26:31",
                "00:1A:79:AE:21:78",
                "00:1A:79:BB:D1:46"
            ]
        },
        {
            "server_name": "2gb1.tvcdn.online",
            "server_url": "http://2gb1.tvcdn.online/c/",
            "macs": [
                "00:1A:79:91:10:17"
            ]
        },
        {
            "server_name": "uhd3.one",
            "server_url": "http://uhd3.one/c/",
            "macs": [
                "00:1A:79:BB:51:C3",
                "00:1A:79:1F:9F:64"
            ]
        },
        {
            "server_name": "tv.premiumplus.tv",
            "server_url": "http://tv.premiumplus.tv/c/",
            "macs": [
                "00:1A:79:7B:DC:1A",
                "00:1A:79:3F:61:88",
                "00:1A:79:D0:E7:6D"
            ]
        },
        {
            "server_name": "focusmag.eu01.live:8080",
            "server_url": "http://focusmag.eu01.live:8080/c/",
            "macs": [
                "00:1A:79:24:82:40",
                "00:1A:79:13:51:95"
            ]
        },
        {
            "server_name": "paristv.net:8080",
            "server_url": "http://paristv.net:8080/c/",
            "macs": [
                "00:1A:79:14:6A:C6",
                "00:1A:79:BB:F6:3A",
                "00:1A:79:4B:73:5B",
                "00:1A:79:84:E9:E9",
                "00:1A:79:B5:44:9A"
            ]
        },
        {
            "server_name": "honeywatch.net",
            "server_url": "http://honeywatch.net/c/",
            "macs": [
                "00:1A:79:D3:1E:18"
            ]
        },
        {
            "server_name": "proxym3u.watchtv.best",
            "server_url": "http://proxym3u.watchtv.best/c/",
            "macs": [
                "00:1A:79:2F:53:A9",
                "00:1A:79:CF:09:1A"
            ]
        },
        {
            "server_name": "xc-clubtv.xyz:8080",
            "server_url": "http://xc-clubtv.xyz:8080/c/",
            "macs": [
                "00:1A:79:31:66:19",
                "00:1A:79:19:23:9E"
            ]
        },
        {
            "server_name": "ix.kingtv.pw",
            "server_url": "http://ix.kingtv.pw/c/",
            "macs": [
                "00:1A:79:2B:27:53",
                "00:1A:79:02:9F:AD",
                "00:1a:79:0f:47:11",
                "00:1A:79:11:3F:A1"
            ]
        },
        {
            "server_name": "zippy.streamtv.to:8080",
            "server_url": "http://zippy.streamtv.to:8080/c/",
            "macs": [
                "00:1A:79:B9:08:F7",
                "00:1A:79:52:1A:19",
                "00:1A:79:60:0E:CF",
                "00:1A:79:50:EE:05"
            ]
        },
        {
            "server_name": "slayerteam.in.rs",
            "server_url": "http://slayerteam.in.rs/c/",
            "macs": [
                "00:1A:79:DC:0A:CF",
                "00:1A:79:7D:CD:6A"
            ]
        },
        {
            "server_name": "cineplus-hd.com:80",
            "server_url": "http://cineplus-hd.com:80/c/",
            "macs": [
                "00:1A:79:90:fc:62"
            ]
        },
        {
            "server_name": "connect-uk.proxytx.cloud:80",
            "server_url": "http://connect-uk.proxytx.cloud:80/c/",
            "macs": [
                "00:1A:79:c0:ed:ca",
                "00:1A:79:9a:a8:7e",
                "00:1A:79:be:9d:ec",
                "00:1A:79:b8:34:2b",
                "00:1A:79:c0:65:de",
                "00:1A:79:cc:88:13",
                "00:1A:79:c4:13:37",
                "00:1A:79:44:7c:b2",
                "00:1A:79:64:0c:24",
                "00:1A:79:c1:88:64",
                "00:1A:79:53:1a:2c"
            ]
        },
        {
            "server_name": "107.189.14.168:8080",
            "server_url": "http://107.189.14.168:8080/c/",
            "macs": [
                "00:1A:79:67:F4:58",
                "00:1A:79:6B:E9:B2",
                "00:1A:79:48:04:60",
                "00:1A:79:A3:8D:27",
                "00:1A:79:6A:3A:E1"
            ]
        },
        {
            "server_name": "cooltv4u.xyz",
            "server_url": "http://cooltv4u.xyz/stalker_portal/c/",
            "macs": [
                "00:1A:79:76:76:21",
                "00:1A:79:65:F1:D4",
                "00:1A:79:80:92:FF",
                "00:1A:79:AF:A4:92",
                "00:1A:79:65:D6:1E"
            ]
        },
        {
            "server_name": "cbrlig.com:8080",
            "server_url": "http://cbrlig.com:8080/c/",
            "macs": [
                "00:1A:79:D0:0A:AA",
                "00:1A:79:65:D1:81",
                "00:1A:79:BD:4F:84",
                "00:1A:79:45:F3:5C",
                "00:1A:79:B6:2A:1E"
            ]
        },
        {
            "server_name": "154.9.154.242:80",
            "server_url": "http://154.9.154.242:80/c/",
            "macs": [
                "00:1A:79:c7:27:07",
                "00:1A:79:61:10:63",
                "00:1A:79:c6:66:46",
                "00:1A:79:c7:27:07",
                "00:1A:79:b5:b8:35",
                "00:1A:79:28:21:6e",
                "00:1A:79:12:4f:be",
                "00:1A:79:d3:1e:a7",
                "00:1A:79:63:87:9b",
                "00:1A:79:63:87:9b"
            ]
        },
        {
            "server_name": "schanel.org:8080",
            "server_url": "http://schanel.org:8080/c/",
            "macs": [
                "00:1A:79:a1:f5:3b"
            ]
        },
        {
            "server_name": "global4k.info:8080",
            "server_url": "http://global4k.info:8080/c/",
            "macs": [
                "00:1A:79:4D:01:16",
                "00:1A:79:4D:07:39",
                "00:1A:79:00:00:00",
                "00:1A:79:57:20:B1",
                "00:1A:79:A5:25:14",
                "00:1A:79:13:51:96",
                "00:1A:79:CD:4F:1F",
                "00:1A:79:4D:05:2B",
                "00:1A:79:58:CD:82",
                "00:1A:79:00:12:D0",
                "00:1A:79:00:13:8A"
            ]
        },
        {
            "server_name": "celticdream.net",
            "server_url": "http://celticdream.net/c/",
            "macs": [
                "00:1A:79:CC:71:35",
                "00:1A:79:CC:71:35",
                "00:1A:79:65:23:98",
                "00:1A:79:C2:3F:C0",
                "00:1A:79:D1:B5:D9",
                "00:1A:79:CC:6B:DD",
                "00:1A:79:CC:6B:89",
                "00:1A:79:CC:6F:DE",
                "00:1A:79:CC:6F:BC",
                "00:1A:79:6A:DA:68",
                "00:1A:79:CC:6B:76",
                "00:1A:79:CC:6B:10",
                "00:1A:79:6A:DA:68",
                "00:1A:79:5B:5B:5E",
                "00:1A:79:CC:6C:F8"
            ]
        },
        {
            "server_name": "d.tvdark.eu:80",
            "server_url": "http://d.tvdark.eu:80/c/",
            "macs": [
                "00:1A:79:6F:4F:2F"
            ]
        },
        {
            "server_name": "mag.trexlive.me:80",
            "server_url": "http://mag.trexlive.me:80/c/",
            "macs": [
                "00:1A:79:dd:2d:cc",
                "00:1A:79:ce:32:6f",
                "00:1A:79:76:8e:9e",
                "00:1A:79:cb:97:da",
                "00:1A:79:bd:64:b1",
                "00:1A:79:1f:67:10",
                "00:1A:79:8e:ca:19",
                "00:1A:79:7e:33:49"
            ]
        },
        {
            "server_name": "line.yo-ott.com",
            "server_url": "http://line.yo-ott.com/c/",
            "macs": [
                "00:1A:79:7D:CD:6A"
            ]
        },
        {
            "server_name": "b1g.ooo",
            "server_url": "http://b1g.ooo/c/",
            "macs": [
                "00:1A:79:C9:E7:06",
                "00:1A:79:B4:F5:4D",
                "00:1A:79:B5:83:36"
            ]
        },
        {
            "server_name": "4cms.cc:8080",
            "server_url": "http://4cms.cc:8080/c/",
            "macs": [
                "00:1A:79:A8:73:6C",
                "00:1A:79:A7:58:E7",
                "00:1A:79:a8:4e:a8",
                "00:1a:79:58:97:80",
                "00:1a:79:48:9e:f5",
                "00:1A:79:F9:CA:B0",
                "00:1A:79:57:9F:BB",
                "00:1A:79:83:84:C8",
                "00:1A:79:A3:43:39",
                "00:1A:79:AC:0D:F3",
                "00:1A:79:A8:50:FB",
                "00:1A:79:3E:25:84",
                "00:1A:79:B2:03:88",
                "00:1A:79:FD:0D:A8"
            ]
        }
    ]
}