{
    "items": [
        {
            "server_name": "movie882.ddns.net.123tv.to:8080",
            "server_url": "http://movie882.ddns.net.123tv.to:8080/c/",
            "macs": [
                "00:1A:79:05:7E:50",
                "00:1A:79:2C:51:A3",
                "00:1A:79:D1:96:A9"
            ]
        },
        {
            "server_name": "tr.redatvgold.com",
            "server_url": "http://tr.redatvgold.com/c/",
            "macs": [
                "00:1A:79:21:A3:12",
                "00:1A:79:56:A9:D4",
                "00:1A:79:5D:FD:23",
                "00:1A:79:6D:E9:C0",
                "00:1A:79:87:64:C4",
                "00:1A:79:BF:E8:AA"
            ]
        },
        {
            "server_name": "palavip.org",
            "server_url": "http://palavip.org/c/",
            "macs": [
                "00:1A:79:07:C6:71",
                "00:1A:79:A3:00:B6"
            ]
        },
        {
            "server_name": "b1g.one",
            "server_url": "http://b1g.one/c/",
            "macs": [
                "00:1A:79:B4:FD:F3",
                "00:1A:79:D5:75:B2"
            ]
        },
        {
            "server_name": "server.hdiptv.world:8080",
            "server_url": "http://server.hdiptv.world:8080/c/",
            "macs": [
                "00:1A:79:42:5C:AC",
                "00:1A:79:71:42:47"
            ]
        },
        {
            "server_name": "145.239.253.183",
            "server_url": "http://145.239.253.183/stalker_portal/c/",
            "macs": [
                "00:1A:79:30:80:D9",
                "00:1A:79:3A:C7:70",
                "00:1A:79:43:2D:C6",
                "00:1A:79:52:15:A0",
                "00:1A:79:52:7C:F6",
                "00:1A:79:53:FD:1D",
                "00:1A:79:57:9E:1F",
                "00:1A:79:5C:0D:95",
                "00:1A:79:62:9E:29",
                "00:1A:79:63:C0:AA",
                "00:1A:79:64:9A:A5",
                "00:1A:79:66:1F:15",
                "00:1A:79:67:B7:52",
                "00:1A:79:6C:51:AE",
                "00:1A:79:6E:5E:A7"
            ]
        },
        {
            "server_name": "168.119.44.162:2080",
            "server_url": "http://168.119.44.162:2080/stalker_portal/c/",
            "macs": [
                "00:1A:79:47:77:76",
                "00:1A:79:68:D2:01",
                "00:1A:79:6A:9F:69",
                "00:1A:79:6E:84:57"
            ]
        },
        {
            "server_name": "app.mm88.com.bd",
            "server_url": "http://app.mm88.com.bd/stalker_portal/c/",
            "macs": [
                "00:1A:79:5F:B8:BE",
                "00:1A:79:77:8A:75",
                "00:1A:79:79:65:EC",
                "00:1A:79:7B:E0:B7",
                "00:1A:79:7D:52:15",
                "00:1A:79:7D:74:A3",
                "00:1A:79:7F:40:0A",
                "00:1A:79:C6:5C:7A"
            ]
        }
    ]
}