{
    "items": [
        {
            "server_name": "dragoniptv.de:80",
            "server_url": "http://dragoniptv.de:80/c/",
            "macs": [
                "00:1A:79:22:90:F3",
                "00:1A:79:6A:F6:0D",
                "00:1A:79:AC:90:98",
                "00:1A:79:BA:BF:45"
            ]
        },
        {
            "server_name": "lllllliiiiiiidsa9.funtogether.xyz:8080",
            "server_url": "http://lllllliiiiiiidsa9.funtogether.xyz:8080/c/",
            "macs": [
                "00:1A:79:01:6F:CD",
                "00:1A:79:4C:F1:68",
                "00:1A:79:4F:35:2C",
                "00:1A:79:53:F5:23",
                "00:1A:79:7B:3B:32",
                "00:1A:79:AB:D2:6C",
                "00:1A:79:AE:14:E6",
                "00:1A:79:AE:15:FC",
                "00:1A:79:BB:11:6F",
                "00:1A:79:C4:27:CD",
                "00:1A:79:C6:B6:57",
                "00:1A:79:C7:7C:83"
            ]
        },
        {
            "server_name": "scottishbest.club:80",
            "server_url": "http://scottishbest.club:80/c/",
            "macs": [
                "00:1A:79:43:83:92",
                "00:1A:79:8D:0C:9E",
                "00:1A:79:95:5B:30"
            ]
        },
        {
            "server_name": "95.214.232.47",
            "server_url": "http://95.214.232.47/c/",
            "macs": [
                "00:1A:79:2E:ED:68",
                "00:1A:79:5E:D0:F2"
            ]
        },
        {
            "server_name": "138.199.51.184:25461",
            "server_url": "http://138.199.51.184:25461/c/",
            "macs": [
                "00:1A:79:A5:3F:08"
            ]
        },
        {
            "server_name": "auth.streamtv.to:8080",
            "server_url": "http://auth.streamtv.to:8080/c/",
            "macs": [
                "00:1A:79:3C:22:AD",
                "00:1A:79:4D:39:94",
                "00:1A:79:5A:44:8E",
                "00:1A:79:A3:5B:81",
                "00:1A:79:C0:10:E2",
                "00:1A:79:D0:1D:B9"
            ]
        },
        {
            "server_name": "media.ottpurstream.com",
            "server_url": "http://media.ottpurstream.com/c/",
            "macs": [
                "00:1A:79:9E:B5:20"
            ]
        },
        {
            "server_name": "owliptv.streamtv.to:8080",
            "server_url": "http://owliptv.streamtv.to:8080/c/",
            "macs": [
                "00:1A:79:BD:0C:D9",
                "00:1A:79:C0:10:E2",
                "00:1A:79:CB:90:58",
                "00:1A:79:D2:A5:06"
            ]
        },
        {
            "server_name": "atlas213.xyz:8080",
            "server_url": "http://atlas213.xyz:8080/c/",
            "macs": [
                "00:1A:79:14:7E:5E",
                "00:1A:79:48:00:30"
            ]
        },
        {
            "server_name": "genlive.online",
            "server_url": "http://genlive.online/c/",
            "macs": [
                "00:1A:79:08:C9:31",
                "00:1A:79:57:E8:C6",
                "00:1A:79:64:32:31",
                "00:1A:79:B5:63:8D",
                "00:1A:79:B7:20:75",
                "00:1A:79:BF:01:51",
                "00:1A:79:CB:79:0C",
                "00:1A:79:CC:2E:46",
                "00:1A:79:D1:E6:9E",
                "00:1A:79:E0:06:3A",
                "00:1A:79:F6:08:B8"
            ]
        },
        {
            "server_name": "drk.yasar.tv",
            "server_url": "http://drk.yasar.tv/c/",
            "macs": [
                "00:1A:79:32:9A:E1",
                "00:1A:79:35:F3:1F",
                "00:1A:79:52:6E:A1",
                "00:1A:79:65:24:08",
                "00:1A:79:66:31:61",
                "00:1A:79:7C:5F:84"
            ]
        },
        {
            "server_name": "p1.iptvrocket.tv",
            "server_url": "http://p1.iptvrocket.tv/c/",
            "macs": [
                "00:1A:79:B8:3E:4B"
            ]
        }
    ]
}