{
    "items": [
        {
            "server_name": "drk.yasar.tv",
            "server_url": "http://drk.yasar.tv/c/",
            "macs": [
                "00:1A:79:92:74:B2"
            ]
        },
        {
            "server_name": "ix.kingtv.pw",
            "server_url": "http://ix.kingtv.pw/c/",
            "macs": [
                "00:1A:79:51:3F:B3",
                "00:1A:79:39:63:63",
                "00:1A:79:47:4C:AA"
            ]
        },
        {
            "server_name": "onfireboxtv.com",
            "server_url": "http://onfireboxtv.com/c/",
            "macs": [
                "00:1a:79:d7:06:ea",
                "00:1a:79:5a:81:7b",
                "00:1a:79:51:3f:c7",
                "00:1a:79:57:a3:20",
                "00:1A:79:43:4F:58"
            ]
        }
    ]
}