{
    "items": [
        {
            "server_name": "10cctv.fans:8080",
            "server_url": "http://10cctv.fans:8080/c/",
            "macs": [
                "00:1A:79:7e:7f:13",
                "00:1A:79:b4:31:72",
                "00:1A:79:cc:6d:21",
                "00:1A:79:68:55:97",
                "00:1A:79:5f:76:8c",
                "00:1A:79:f1:47:8c",
                "00:1A:79:0b:e9:71",
                "00:1A:79:c2:60:f4",
                "00:1A:79:74:db:4b"
            ]
        },
        {
            "server_name": "llllllllliiiiiiiiiiiiii.funtogether.xyz:8080",
            "server_url": "http://llllllllliiiiiiiiiiiiii.funtogether.xyz:8080/c/",
            "macs": [
                "00:1A:79:57:d9:10",
                "00:1A:79:ad:8e:b2",
                "00:1A:79:b9:fb:9c",
                "00:1A:79:bc:1a:02",
                "00:1A:79:bc:28:7c",
                "00:1A:79:10:d8:98",
                "00:1A:79:bf:88:98",
                "00:1A:79:ca:e7:8e",
                "00:1A:79:bd:4f:ba"
            ]
        },
        {
            "server_name": "1234up.com:8080",
            "server_url": "http://1234up.com:8080/c/",
            "macs": [
                "00:1A:79:cc:21:ea",
                "00:1A:79:c0:7f:0d",
                "00:1A:79:c7:fa:8f",
                "00:1A:79:c7:9f:d2",
                "00:1A:79:66:b6:90",
                "00:1A:79:d1:9f:bc"
            ]
        },
        {
            "server_name": "4cms.cc:8080",
            "server_url": "http://4cms.cc:8080/c/",
            "macs": [
                "00:1A:79:a7:4e:97"
            ]
        },
        {
            "server_name": "line.protv.cc:80",
            "server_url": "http://line.protv.cc:80/c/",
            "macs": [
                "00:1A:79:f5:2e:5f",
                "00:1A:79:48:48:80",
                "00:1A:79:b5:b7:b4",
                "00:1A:79:be:c1:b9",
                "00:1A:79:7c:63:ea",
                "00:1A:79:85:df:f6",
                "00:1A:79:c4:4a:e4",
                "00:1A:79:8c:0e:53",
                "00:1A:79:e5:79:b4",
                "00:1A:79:33:de:e1",
                "00:1A:79:6b:08:5a",
                "00:1A:79:4f:6e:be",
                "00:1A:79:22:9f:62",
                "00:1A:79:b4:bf:10",
                "00:1A:79:05:ee:51"
            ]
        },
        {
            "server_name": "zepequeno.xyz:8080",
            "server_url": "http://zepequeno.xyz:8080/c/",
            "macs": [
                "00:1A:79:AD:A4:38",
                "00:1A:79:C1:BF:BB",
                "00:1A:79:B7:1E:1F",
                "00:1A:79:C8:13:15"
            ]
        },
        {
            "server_name": "trial48fb.hopto.org",
            "server_url": "http://trial48fb.hopto.org/stalker_portal/c/",
            "macs": [
                "00:1A:79:2E:AA:F0"
            ]
        },
        {
            "server_name": "ogzpunk.live:8080",
            "server_url": "http://ogzpunk.live:8080/c/",
            "macs": [
                "00:1A:79:D5:6F:F4"
            ]
        },
        {
            "server_name": "nordicone.eu:2095",
            "server_url": "http://nordicone.eu:2095/c/",
            "macs": [
                "00:1A:79:71:AF:82",
                "00:1A:79:BA:24:69",
                "00:1A:79:EE:A5:1C"
            ]
        },
        {
            "server_name": "line.iptvwings.com",
            "server_url": "http://line.iptvwings.com/c/",
            "macs": [
                "00:1A:79:E6:0B:0B",
                "00:1A:79:C2:A1:06"
            ]
        },
        {
            "server_name": "mag.ugoiptv.com",
            "server_url": "http://mag.ugoiptv.com/c/",
            "macs": [
                "00:1A:79:05:19:17",
                "00:1A:79:68:14:07",
                "00:1A:79:7A:FB:43"
            ]
        },
        {
            "server_name": "hans_monika.streamtv.to:8080",
            "server_url": "http://hans_monika.streamtv.to:8080/c/",
            "macs": [
                "00:1A:79:D1:90:99",
                "00:1A:79:AD:B2:3E",
                "00:1A:79:EA:ED:35",
                "00:1A:79:D0:6E:D2",
                "00:1A:79:DC:18:DB",
                "00:1A:79:50:62:D2",
                "00:1A:79:48:92:A9",
                "00:1A:79:45:20:82",
                "00:1A:79:3A:0D:72"
            ]
        },
        {
            "server_name": "mag.greatott.me",
            "server_url": "http://mag.greatott.me/c/",
            "macs": [
                "00:1A:79:18:1F:9F",
                "00:1A:79:98:1F:ED"
            ]
        },
        {
            "server_name": "line.iptveros.com:8000",
            "server_url": "http://line.iptveros.com:8000/c/",
            "macs": [
                "00:1A:79:63:DA:A8",
                "00:1A:79:B8:CD:54",
                "00:1A:79:B6:25:35"
            ]
        },
        {
            "server_name": "xegd.ultapulta.com",
            "server_url": "http://xegd.ultapulta.com/stalker_portal/c/",
            "macs": [
                "00:1A:79:55:C5:07",
                "00:1A:79:56:3C:BE"
            ]
        },
        {
            "server_name": "ogzpunk.live:8080",
            "server_url": "http://ogzpunk.live:8080/c/",
            "macs": [
                "00:1A:79:4D:05:30"
            ]
        },
        {
            "server_name": "autonis.me:80",
            "server_url": "http://autonis.me:80/c/",
            "macs": [
                "00:1A:79:8A:C1:CD",
                "00:1A:79:8B:B9:5E",
                "00:1A:79:8B:E0:EE",
                "00:1A:79:8E:8E:E0",
                "00:1A:79:8E:93:F5",
                "00:1A:79:8E:EA:28",
                "00:1A:79:8F:92:49"
            ]
        },
        {
            "server_name": "tkosportz.live:25461",
            "server_url": "http://tkosportz.live:25461/c/",
            "macs": [
                "00:1A:79:E5:FE:DE",
                "00:1A:79:E6:49:28",
                "00:1A:79:73:75:04",
                "00:1A:79:E5:DD:AC",
                "00:1A:79:E6:CF:EC",
                "00:1A:79:E5:E9:68",
                "00:1A:79:E6:4D:38",
                "00:1A:79:E5:88:B1",
                "00:1A:79:73:77:3A",
                "00:1A:79:E6:CF:EC",
                "00:1A:79:E6:02:12",
                "00:1A:79:E6:47:40",
                "00:1A:79:E6:D2:8B",
                "00:1A:79:E6:06:EC"
            ]
        },
        {
            "server_name": "trial48fb.hopto.org",
            "server_url": "http://trial48fb.hopto.org/stalker_portal/c/",
            "macs": [
                "00:1A:79:06:C1:51",
                "00:1A:79:38:85:16"
            ]
        },
        {
            "server_name": "xegd.ultapulta.com",
            "server_url": "http://xegd.ultapulta.com/stalker_portal/c/",
            "macs": [
                "00:1A:79:4D:0E:0D"
            ]
        },
        {
            "server_name": "vip2102.112421.net:2050",
            "server_url": "http://vip2102.112421.net:2050/c/",
            "macs": [
                "00:1A:79:58:3F:8D",
                "00:1A:79:C9:D3:C8"
            ]
        },
        {
            "server_name": "mag.ukhd.tv",
            "server_url": "http://mag.ukhd.tv/c/",
            "macs": [
                "00:1A:79:3A:A1:6B"
            ]
        },
        {
            "server_name": "tv.psmarters.xyz:8080",
            "server_url": "http://tv.psmarters.xyz:8080/c/",
            "macs": [
                "00:1A:79:13:51:E3",
                "00:1A:79:13:55:59",
                "00:1A:79:13:55:65",
                "00:1A:79:13:51:E9",
                "00:1A:79:13:57:45",
                "00:1A:79:13:54:EF"
            ]
        },
        {
            "server_name": "d.tvplusfr.com",
            "server_url": "http://d.tvplusfr.com/c/",
            "macs": [
                "00:1A:79:00:09:D4",
                "00:1A:79:00:0B:44",
                "00:1A:79:00:0B:85"
            ]
        },
        {
            "server_name": "iup-tv.com:8080",
            "server_url": "http://iup-tv.com:8080/c/",
            "macs": [
                "00:1A:79:9E:30:A9",
                "00:1A:79:A6:E8:91",
                "00:1A:79:AD:58:90",
                "00:1A:79:A9:D3:0F",
                "00:1A:79:BE:90:48",
                "00:1A:79:BC:D9:36"
            ]
        },
        {
            "server_name": "rufus.zone",
            "server_url": "http://rufus.zone/stalker_portal/c/",
            "macs": [
                "00:1A:79:9D:29:77",
                "00:1A:79:9E:06:5F"
            ]
        },
        {
            "server_name": "nordicone.eu:2095",
            "server_url": "http://nordicone.eu:2095/c/",
            "macs": [
                "00:1A:79:71:AF:82",
                "00:1A:79:B7:3F:00",
                "00:1A:79:BA:24:69",
                "00:1A:79:EE:A5:1C"
            ]
        },
        {
            "server_name": "hans_monika.streamtv.to:8080",
            "server_url": "http://hans_monika.streamtv.to:8080/c/",
            "macs": [
                "00:1A:79:D1:90:99",
                "00:1A:79:BD:64:FD",
                "00:1A:79:AD:B2:3E",
                "00:1A:79:EA:ED:35",
                "00:1A:79:D0:6E:D2",
                "00:1A:79:DC:18:DB",
                "00:1A:79:50:62:D2",
                "00:1A:79:48:92:A9",
                "00:1A:79:45:20:82",
                "00:1A:79:3A:0D:72"
            ]
        }
    ]
}