{
    "items": [
        {
            "server_name": "biturbos.xyz:8080",
            "server_url": "http://biturbos.xyz:8080/c/",
            "macs": [
                "00:1A:79:D3:7B:62",
                "00:1A:79:D1:93:C8",
                "00:1A:79:33:80:20"
            ]
        },
        {
            "server_name": "www.login.a1days.com",
            "server_url": "http://www.login.a1days.com/c/",
            "macs": [
                "00:1A:79:17:12:FA",
                "00:1A:79:4F:0B:B2",
                "00:1A:79:05:E3:E5",
                "00:1A:79:50:BE:31"
            ]
        }
    ]
}