{
    "items": [
        {
            "server_name": "185.129.1.249:88",
            "server_url": "http://185.129.1.249:88/stalker_portal/c/",
            "macs": [
                "00:1A:79:1E:AC:E2",
                "00:1A:79:1B:26:A3",
                "00:1A:79:1E:AC:C3",
                "00:1A:79:1E:B0:68",
                "00:1A:79:1E:B0:FA",
                "00:1a:79:14:c9:a9",
                "00:1A:79:1B:29:C2",
                "00:1A:79:1B:24:84",
                "00:1A:79:1E:AF:65",
                "00:1A:79:1E:AD:13",
                "00:1A:79:1E:AC:FF",
                "00:1A:79:1B:29:A4",
                "00:1A:79:1E:AE:02",
                "00:1A:79:1B:26:E0",
                "00:1A:79:1E:B0:E2"
            ]
        },
        {
            "server_name": "livepremium.xyz:8080",
            "server_url": "http://livepremium.xyz:8080/c/",
            "macs": [
                "00:1A:79:0F:DD:BE"
            ]
        },
        {
            "server_name": "93.119.105.61",
            "server_url": "http://93.119.105.61/c/",
            "macs": [
                "00:1A:79:00:00:08"
            ]
        },
        {
            "server_name": "slayerteam.in.rs",
            "server_url": "http://slayerteam.in.rs/c/",
            "macs": [
                "00:1A:79:1E:09:09"
            ]
        },
        {
            "server_name": "line.godofiptv.com",
            "server_url": "http://line.godofiptv.com/c/",
            "macs": [
                "00:1A:79:17:77:DD"
            ]
        },
        {
            "server_name": "chaotic-streams.cc",
            "server_url": "http://chaotic-streams.cc/c/",
            "macs": [
                "00:1A:79:00:29:A9"
            ]
        },
        {
            "server_name": "io.t-v.io:80",
            "server_url": "http://io.t-v.io:80/c/",
            "macs": [
                "00:1A:79:38:22:2A",
                "00:1A:79:44:08:08"
            ]
        },
        {
            "server_name": "zupanet.live:8080",
            "server_url": "http://zupanet.live:8080/c/",
            "macs": [
                "00:1a:79:a6:9b:31",
                "00:1a:79:15:53:aa",
                "00:1a:79:c2:0f:7f",
                "00:1a:79:a1:8d:33",
                "00:1a:79:08:8e:c5",
                "00:1a:79:56:bf:d8",
                "00:1a:79:48:b5:cd"
            ]
        },
        {
            "server_name": "fast.newdns.world",
            "server_url": "http://fast.newdns.world/c/",
            "macs": [
                "00:1A:79:9B:98:60",
                "00:1A:79:4E:4B:07",
                "00:1A:79:89:90:46"
            ]
        },
        {
            "server_name": "1.iptv22.is",
            "server_url": "http://1.iptv22.is/c/",
            "macs": [
                "00:1A:79:4F:7E:74",
                "00:1A:79:37:7E:63"
            ]
        },
        {
            "server_name": "holipop.xyz",
            "server_url": "http://holipop.xyz/c/",
            "macs": [
                "00:1A:79:BB:E6:AC",
                "00:1A:79:D0:25:15"
            ]
        },
        {
            "server_name": "clientsportals.tv",
            "server_url": "http://clientsportals.tv/c/",
            "macs": [
                "00:1A:79:BF:C8:FD",
                "00:1A:79:BF:C8:FC"
            ]
        },
        {
            "server_name": "avare.kingtv.pw:80",
            "server_url": "http://avare.kingtv.pw:80/c/",
            "macs": [
                "00:1A:79:13:51:98",
                "00:1A:79:07:bd:a0",
                "00:1A:79:6d:5b:45",
                "00:1A:79:97:e1:69",
                "00:1A:79:6e:2e:1e",
                "00:1A:79:9e:87:94"
            ]
        },
        {
            "server_name": "tr.simotvgold.com",
            "server_url": "http://tr.simotvgold.com/c/",
            "macs": [
                "00:1A:79:BA:AD:52",
                "00:1A:79:B5:1C:16",
                "00:1A:79:B5:1C:20",
                "00:1A:79:BA:AD:DB"
            ]
        },
        {
            "server_name": "185.243.7.154",
            "server_url": "http://185.243.7.154/c/",
            "macs": [
                "00:1A:79:BA:50:2D"
            ]
        },
        {
            "server_name": "drk.yasar.tv",
            "server_url": "http://drk.yasar.tv/c/",
            "macs": [
                "00:1A:79:3E:6A:50",
                "00:1A:79:CA:B4:24",
                "00:1A:79:C5:60:BA",
                "00:1A:79:27:1F:57"
            ]
        },
        {
            "server_name": "line.iptveros.com:8000",
            "server_url": "http://line.iptveros.com:8000/c/",
            "macs": [
                "00:1A:79:CB:95:2C"
            ]
        },
        {
            "server_name": "xxva.xyz:80",
            "server_url": "http://xxva.xyz:80/c/",
            "macs": [
                "00:1A:79:af:58:4d"
            ]
        },
        {
            "server_name": "nk.cdnnet.xyz",
            "server_url": "http://nk.cdnnet.xyz/c/",
            "macs": [
                "00:1A:79:B4:E5:89"
            ]
        },
        {
            "server_name": "d.tvdark.eu",
            "server_url": "http://d.tvdark.eu/c/",
            "macs": [
                "00:1A:79:21:21:6D"
            ]
        },
        {
            "server_name": "4kforyou.pro",
            "server_url": "http://4kforyou.pro/c/",
            "macs": [
                "00:1A:79:73:4A:14"
            ]
        },
        {
            "server_name": "1.iptv22.is",
            "server_url": "http://1.iptv22.is/c/",
            "macs": [
                "00:1A:79:4F:7E:74",
                "00:1A:79:93:1F:7D",
                "00:1A:79:B7:0A:03",
                "00:1A:79:37:7E:63",
                "00:1A:79:A3:70:81",
                "00:1A:79:A4:99:D8"
            ]
        },
        {
            "server_name": "fast.newdns.world",
            "server_url": "http://fast.newdns.world/c/",
            "macs": [
                "00:1A:79:4F:4B:74",
                "00:1A:79:9B:98:60",
                "00:1A:79:4E:4B:07",
                "00:1A:79:52:7C:8A",
                "00:1A:79:20:85:32",
                "00:1A:79:4C:90:58",
                "00:1A:79:AA:83:92",
                "00:1A:79:89:90:46",
                "00:1A:79:58:0C:29",
                "00:1a:79:b9:be:ce",
                "00:1a:79:a6:9b:31",
                "00:1a:79:15:53:aa",
                "00:1a:79:cf:c9:88",
                "00:1a:79:c2:0f:7f",
                "00:1a:79:cd:8c:6e",
                "00:1a:79:3d:ae:a3",
                "00:1a:79:a1:8d:33",
                "00:1a:79:08:8e:c5",
                "00:1a:79:56:bf:d8",
                "00:1a:79:48:b5:cd",
                "00:1a:79:6b:ae:48"
            ]
        },
        {
            "server_name": "mag.greatott.me:80",
            "server_url": "http://mag.greatott.me:80/c/",
            "macs": [
                "00:1A:79:c2:50:8e",
                "00:1A:79:49:41:67"
            ]
        },
        {
            "server_name": "58315-mobile.oot-mx.me:80",
            "server_url": "http://58315-mobile.oot-mx.me:80/c/",
            "macs": [
                "00:1A:79:c6:76:fd",
                "00:1A:79:ff:19:0f"
            ]
        },
        {
            "server_name": "tr.redatvgold.com:80",
            "server_url": "http://tr.redatvgold.com:80/c/",
            "macs": [
                "00:1A:79:a3:ce:dc"
            ]
        },
        {
            "server_name": "138.199.129.101",
            "server_url": "http://138.199.129.101/stalker_portal/c/",
            "macs": [
                "00:1A:79:29:0D:F2"
            ]
        },
        {
            "server_name": "tr.simotvgold.com",
            "server_url": "http://tr.simotvgold.com/c/",
            "macs": [
                "00:1A:79:B5:1C:EF",
                "00:1A:79:B5:1C:FD",
                "00:1A:79:5E:B4:3E",
                "00:1A:79:FC:CE:DF",
                "00:1A:79:B5:1C:6A",
                "00:1A:79:BA:AD:52",
                "00:1A:79:1D:80:5B",
                "00:1A:79:BA:AD:E0",
                "00:1A:79:B5:1C:16",
                "00:1A:79:B5:1C:20",
                "00:1A:79:BA:AD:DB",
                "00:1A:79:B5:1C:21",
                "00:1A:79:B5:1C:23",
                "00:1A:79:C1:09:31"
            ]
        },
        {
            "server_name": "avare.kingtv.pw:80",
            "server_url": "http://avare.kingtv.pw:80/c/",
            "macs": [
                "00:1A:79:6d:5b:45",
                "00:1A:79:97:e1:69",
                "00:1A:79:9d:f0:7e",
                "00:1A:79:6e:2e:1e",
                "00:1A:79:9e:88:12",
                "00:1A:79:07:bd:a0",
                "00:1A:79:13:51:98",
                "00:1A:79:9e:87:94",
                "00:1A:79:9e:85:45",
                "00:1A:79:0b:4f:da",
                "00:1A:79:27:2f:10",
                "00:1A:79:23:39:54",
                "00:1A:79:14:e8:7a",
                "00:1A:79:c7:10:b2",
                "00:1A:79:ff:28:8b",
                "00:1A:79:97:11:3b",
                "00:1A:79:7a:a0:51"
            ]
        },
        {
            "server_name": "holipop.xyz",
            "server_url": "http://holipop.xyz/c/",
            "macs": [
                "00:1A:79:CD:F8:91",
                "00:1A:79:BB:E6:AC",
                "00:1A:79:C7:AB:D4",
                "00:1A:79:BB:E6:7F",
                "00:1A:79:CD:F8:60",
                "00:1A:79:AD:FD:3A",
                "00:1A:79:C7:AB:5B",
                "00:1A:79:CD:F8:F6",
                "00:1A:79:D0:25:15",
                "00:1A:79:CD:F8:6C",
                "00:1A:79:D1:8C:37",
                "00:1A:79:D1:8C:77",
                "00:1A:79:C0:F4:FA",
                "00:1A:79:BB:3A:E4",
                "00:1A:79:BE:96:DD",
                "00:1A:79:BB:E6:33",
                "00:1A:79:A3:99:6B",
                "00:1A:79:A6:7A:F4"
            ]
        },
        {
            "server_name": "clientsportals.tv",
            "server_url": "http://clientsportals.tv/c/",
            "macs": [
                "00:1A:79:B5:C5:D4",
                "00:1A:79:BF:C8:CA",
                "00:1A:79:BF:C8:FD",
                "00:1A:79:BC:86:3A",
                "00:1A:79:C5:5E:14",
                "00:1A:79:BF:C8:62",
                "00:1A:79:BF:C8:D5",
                "00:1A:79:BC:86:FF",
                "00:1A:79:BF:C8:FC",
                "00:1A:79:BF:C8:67",
                "00:1A:79:BF:C8:63",
                "00:1A:79:BC:86:A4",
                "00:1A:79:BF:C8:1F",
                "00:1A:79:BF:C8:58",
                "00:1A:79:B5:C5:9B"
            ]
        },
        {
            "server_name": "tv.stream4k.cc",
            "server_url": "http://tv.stream4k.cc/stalker_portal/c/",
            "macs": [
                "00:1A:79:00:1E:1D",
                "00:1A:79:00:11:0D",
                "00:1A:79:00:40:4C",
                "00:1A:79:00:1F:F8",
                "00:1A:79:E0:AD:CC",
                "00:1A:79:00:1F:48",
                "00:1A:79:00:41:E2",
                "00:1A:79:00:20:23",
                "00:1A:79:00:41:57",
                "00:1A:79:00:40:AE",
                "00:1A:79:6C:6D:A1",
                "00:1A:79:00:20:2B",
                "00:1A:79:00:36:A6"
            ]
        },
        {
            "server_name": "vip.vprotv.com:25443",
            "server_url": "http://vip.vprotv.com:25443/c/",
            "macs": [
                "00:1A:79:67:F8:03"
            ]
        },
        {
            "server_name": "nks24.com:8080",
            "server_url": "http://nks24.com:8080/c/",
            "macs": [
                "00:1A:79:AA:6B:9B",
                "00:1A:79:AF:F9:F5",
                "00:1A:79:4D:03:0B",
                "00:1A:79:6B:08:DE",
                "00:1A:79:07:BD:65",
                "00:1A:79:4D:03:4E",
                "00:1A:79:A3:B7:88",
                "00:1A:79:07:BD:65",
                "00:1A:79:4B:AA:0A",
                "00:1A:79:41:3A:5D",
                "00:1A:79:5E:84:00",
                "00:1A:79:10:DF:F6"
            ]
        },
        {
            "server_name": "optimus-tv.org:8080",
            "server_url": "http://optimus-tv.org:8080/c/",
            "macs": [
                "00:1A:79:07:C7:24",
                "00:1A:79:AF:F9:F2",
                "00:1A:79:AB:60:B8",
                "00:1A:79:BA:D3:DB",
                "00:1A:79:01:70:36",
                "00:1A:79:AF:F6:B1",
                "00:1A:79:5E:47:84",
                "00:1A:79:07:BE:1D",
                "00:1A:79:A1:00:22",
                "00:1A:79:07:BB:A1",
                "00:1A:79:07:BC:74",
                "00:1A:79:01:74:26"
            ]
        },
        {
            "server_name": "line.myox.me:80",
            "server_url": "http://line.myox.me:80/c/",
            "macs": [
                "00:1A:79:18:17:39",
                "00:1A:79:18:24:82",
                "00:1A:79:19:43:14",
                "00:1A:79:55:81:62",
                "00:1A:79:47:34:26",
                "00:1A:79:42:13:20",
                "00:1A:79:32:38:35",
                "00:1A:79:76:68:06",
                "00:1A:79:35:21:25",
                "00:1A:79:80:71:57",
                "00:1A:79:81:73:99"
            ]
        },
        {
            "server_name": "mutant.arrox.top:80",
            "server_url": "http://mutant.arrox.top:80/c/",
            "macs": [
                "00:1A:79:57:B2:58",
                "00:1A:79:92:4E:CF",
                "00:1A:79:4C:73:AD",
                "00:1A:79:18:E1:6C",
                "00:1A:79:4F:F6:81",
                "00:1A:79:51:4C:5B",
                "00:1A:79:6E:2E:E9",
                "00:1A:79:40:60:9B",
                "00:1A:79:8B:08:A0",
                "00:1A:79:31:75:E6",
                "00:1A:79:0E:B4:A2",
                "00:1A:79:FB:A4:E7",
                "00:1A:79:BB:E9:36",
                "00:1A:79:7B:7A:1C",
                "00:1A:79:43:2B:76",
                "00:1A:79:30:BC:6C",
                "00:1A:79:A6:4F:87",
                "00:1A:79:FE:67:EA",
                "00:1A:79:00:2C:13",
                "00:1A:79:BF:FC:13"
            ]
        },
        {
            "server_name": "fast.newdns.world",
            "server_url": "http://fast.newdns.world/c/",
            "macs": [
                "00:1A:79:4F:4B:74",
                "00:1A:79:9B:98:60",
                "00:1A:79:4E:4B:07",
                "00:1A:79:52:7C:8A",
                "00:1A:79:20:85:32",
                "00:1A:79:4C:90:58",
                "00:1A:79:AA:83:92",
                "00:1A:79:89:90:46",
                "00:1A:79:58:0C:29"
            ]
        }
    ]
}