{
    "items": [
        {
            "server_name": "1234up.com:8080",
            "server_url": "http://1234up.com:8080/c/",
            "macs": [
                "00:1A:79:AD:05:78",
                "00:1A:79:AD:6C:B2",
                "00:1A:79:B7:9E:54",
                "00:1A:79:BE:78:68",
                "00:1A:79:D4:53:46"
            ]
        },
        {
            "server_name": "cbrlig.com:8080",
            "server_url": "http://cbrlig.com:8080/c/",
            "macs": [
                "00:1A:79:63:53:78",
                "00:1A:79:63:F0:18",
                "00:1A:79:A2:6D:35",
                "00:1A:79:BD:4F:83",
                "00:1A:79:F4:0F:A2"
            ]
        },
        {
            "server_name": "107.189.14.168:8080",
            "server_url": "http://107.189.14.168:8080/c/",
            "macs": [
                "00:1A:79:3F:42:2A",
                "00:1A:79:57:40:2B",
                "00:1A:79:6F:14:F2",
                "00:1A:79:D2:3B:E8",
                "00:1A:79:E5:7B:9B"
            ]
        },
        {
            "server_name": "schanel.org:8080",
            "server_url": "http://schanel.org:8080/c/",
            "macs": [
                "00:1A:79:A1:D3:ED",
                "00:1A:79:A1:ED:48"
            ]
        },
        {
            "server_name": "93.119.105.61:80",
            "server_url": "http://93.119.105.61:80/c/",
            "macs": [
                "00:1A:79:00:2E:01",
                "00:1A:79:05:4F:53",
                "00:1A:79:1C:FC:5F",
                "00:1A:79:4A:BC:79",
                "00:1A:79:64:84:D9",
                "00:1A:79:74:8F:83",
                "00:1A:79:7D:DD:86",
                "00:1A:79:C5:A9:BE",
                "00:1A:79:D4:D4:8F",
                "00:1A:79:F4:EF:1C"
            ]
        },
        {
            "server_name": "germanytv.live:8080",
            "server_url": "http://germanytv.live:8080/c/",
            "macs": [
                "00:1A:79:4D:04:1C",
                "00:1A:79:A6:4B:E3"
            ]
        },
        {
            "server_name": "93.119.105.61",
            "server_url": "http://93.119.105.61/c/",
            "macs": [
                "00:1A:79:00:1C:3F"
            ]
        },
        {
            "server_name": "line.iptvwings.com",
            "server_url": "http://line.iptvwings.com/c/",
            "macs": [
                "00:1A:79:62:66:18"
            ]
        },
        {
            "server_name": "line.yo-ott.com",
            "server_url": "http://line.yo-ott.com/c/",
            "macs": [
                "00:1A:79:17:28:67",
                "00:1A:79:22:21:35"
            ]
        },
        {
            "server_name": "tv.greatstar.me",
            "server_url": "http://tv.greatstar.me/c/",
            "macs": [
                "00:1A:79:15:53:DF",
                "00:1A:79:45:9B:7C",
                "00:1A:79:56:95:DA",
                "00:1A:79:6E:BC:20",
                "00:1A:79:76:F3:4C",
                "00:1A:79:C0:99:24",
                "00:1A:79:C4:C4:0E",
                "00:1A:79:C4:F9:52",
                "00:1A:79:E2:34:34",
                "00:1A:79:E7:F6:3D"
            ]
        },
        {
            "server_name": "77.74.193.158:88",
            "server_url": "http://77.74.193.158:88/stalker_portal/c/",
            "macs": [
                "00:1A:79:59:C9:27",
                "00:1A:79:69:B7:C7"
            ]
        },
        {
            "server_name": "167.99.186.2",
            "server_url": "http://167.99.186.2/stalker_portal/c/",
            "macs": [
                "00:1A:79:65:39:63",
                "00:1A:79:E0:07:57"
            ]
        },
        {
            "server_name": "212.129.8.69",
            "server_url": "http://212.129.8.69/stalker_portal/c/",
            "macs": [
                "00:1A:79:33:79:36",
                "00:1A:79:84:3D:05",
                "00:1A:79:E7:39:E7",
                "00:1A:79:ED:90:04",
                "00:1A:79:EF:81:2E",
                "00:1A:79:F0:A2:54"
            ]
        },
        {
            "server_name": "weaseltv.live:80",
            "server_url": "http://weaseltv.live:80/c/",
            "macs": [
                "00:1A:79:49:65:CD"
            ]
        },
        {
            "server_name": "9v.wtf",
            "server_url": "http://9v.wtf/c/",
            "macs": [
                "00:1A:79:48:47:C4"
            ]
        },
        {
            "server_name": "exprestv.win:80",
            "server_url": "http://exprestv.win:80/c/",
            "macs": [
                "00:1A:79:00:17:94",
                "00:1A:79:00:27:04",
                "00:1A:79:00:AB:AB",
                "00:1A:79:0A:AD:5B"
            ]
        },
        {
            "server_name": "proxy.watchtv.best",
            "server_url": "http://proxy.watchtv.best/c/",
            "macs": [
                "00:1A:79:0E:1D:B7",
                "00:1A:79:0E:1D:C3",
                "00:1A:79:0E:1D:D3",
                "00:1A:79:12:30:D6",
                "00:1A:79:19:1D:22",
                "00:1A:79:19:1D:3F",
                "00:1A:79:36:7F:77",
                "00:1A:79:42:C8:72",
                "00:1A:79:7D:92:0E",
                "00:1A:79:81:D9:CC",
                "00:1A:79:A2:35:7C",
                "00:1A:79:B0:5C:90",
                "00:1A:79:B8:EE:1F"
            ]
        },
        {
            "server_name": "iptvpremuim.ca:80",
            "server_url": "http://iptvpremuim.ca:80/c/",
            "macs": [
                "00:1A:79:32:7E:5A",
                "00:1A:79:33:8F:F0",
                "00:1A:79:34:31:67",
                "00:1A:79:73:A0:F5",
                "00:1A:79:79:4E:03",
                "00:1A:79:B6:2B:FF",
                "00:1A:79:C3:57:19",
                "00:1A:79:C5:02:1A",
                "00:1A:79:C8:1F:B8",
                "00:1A:79:D2:2D:31",
                "00:1A:79:F9:BA:7B"
            ]
        },
        {
            "server_name": "02seabear.com",
            "server_url": "http://02seabear.com/c/",
            "macs": [
                "00:1A:79:00:11:01",
                "00:1A:79:17:30:23",
                "00:1A:79:30:33:30",
                "00:1A:79:4E:B8:6A",
                "00:1A:79:4E:D9:FC",
                "00:1A:79:7E:CB:85",
                "00:1A:79:8A:DA:9E",
                "00:1A:79:8D:D3:85",
                "00:1A:79:95:3B:89",
                "00:1A:79:B5:F7:31",
                "00:1A:79:B5:F7:54",
                "00:1A:79:B5:F7:5F",
                "00:1A:79:B8:91:A5"
            ]
        },
        {
            "server_name": "skytv4k.org",
            "server_url": "http://skytv4k.org/c/",
            "macs": [
                "00:1A:79:A6:00:5E",
                "00:1A:79:A6:00:D3",
                "00:1A:79:A6:00:F7"
            ]
        },
        {
            "server_name": "fakaur.com",
            "server_url": "http://fakaur.com/c/",
            "macs": [
                "00:1A:79:5A:1C:16",
                "00:1A:79:A5:30:2E",
                "00:1A:79:AB:55:01",
                "00:1A:79:AB:55:48",
                "00:1A:79:AB:55:4C",
                "00:1A:79:AD:81:25",
                "00:1A:79:B0:E2:17",
                "00:1A:79:B7:9F:33",
                "00:1A:79:B7:9F:C0",
                "00:1A:79:C4:3E:0C",
                "00:1A:79:C8:52:99"
            ]
        },
        {
            "server_name": "androstv.xyz:8080",
            "server_url": "http://androstv.xyz:8080/c/",
            "macs": [
                "00:1A:79:0E:39:5F",
                "00:1A:79:D4:54:55"
            ]
        },
        {
            "server_name": "zepequeno.xyz:8080",
            "server_url": "http://zepequeno.xyz:8080/c/",
            "macs": [
                "00:1A:79:C1:ED:40"
            ]
        },
        {
            "server_name": "hans_monika.streamtv.to:8080",
            "server_url": "http://hans_monika.streamtv.to:8080/c/",
            "macs": [
                "00:1A:79:26:C9:BA",
                "00:1A:79:4F:CD:01"
            ]
        },
        {
            "server_name": "tr.redatvgold.com",
            "server_url": "http://tr.redatvgold.com/c/",
            "macs": [
                "00:1A:79:27:42:88",
                "00:1A:79:36:F0:01",
                "00:1A:79:42:60:DD",
                "00:1A:79:64:E1:17",
                "00:1A:79:72:CB:06",
                "00:1A:79:7D:BE:59",
                "00:1A:79:B0:33:26",
                "00:1A:79:B9:F1:52",
                "00:1A:79:BC:5A:38",
                "00:1A:79:C5:2E:EB",
                "00:1A:79:C6:5B:71"
            ]
        },
        {
            "server_name": "ainfo.icu",
            "server_url": "http://ainfo.icu/c/",
            "macs": [
                "00:1A:79:BF:0B:CB",
                "00:1A:79:C1:00:46",
                "00:1A:79:CB:80:20",
                "00:1A:79:E5:CA:6C",
                "00:1A:79:EF:FD:CC",
                "00:1A:79:F1:8F:0F"
            ]
        },
        {
            "server_name": "2gb1.tvcdn.online",
            "server_url": "http://2gb1.tvcdn.online/c/",
            "macs": [
                "00:1A:79:B6:24:C3"
            ]
        }
    ]
}