{
    "items": [
        {
            "server_name": "onfireboxtv.com",
            "server_url": "http://onfireboxtv.com/c/",
            "macs": [
                "00:1A:79:AC:88:BC",
                "00:1A:79:B0:A9:F7",
                "00:1A:79:B1:E2:17",
                "00:1A:79:B5:5E:89",
                "00:1A:79:B7:87:5C",
                "00:1A:79:BD:5B:A0"
            ]
        },
        {
            "server_name": "ip.sltv.be:8080",
            "server_url": "http://ip.sltv.be:8080/c/",
            "macs": [
                "00:1A:79:22:1A:82",
                "00:1A:79:43:46:7B",
                "00:1A:79:61:12:E3",
                "00:1A:79:7B:93:F9",
                "00:1A:79:7D:75:9A",
                "00:1A:79:82:CF:12",
                "00:1A:79:DB:9A:0E"
            ]
        },
        {
            "server_name": "king-box.club",
            "server_url": "http://king-box.club/c/",
            "macs": [
                "00:1A:79:38:31:36",
                "00:1A:79:6C:14:21",
                "00:1A:79:77:5A:10",
                "00:1A:79:81:F3:FC",
                "00:1A:79:84:0C:DC"
            ]
        },
        {
            "server_name": "194.76.0.140",
            "server_url": "http://194.76.0.140/c/",
            "macs": [
                "00:1A:79:18:1F:15",
                "00:1A:79:28:4F:DF",
                "00:1A:79:3C:2F:1B",
                "00:1A:79:44:2D:A2",
                "00:1A:79:44:D1:32",
                "00:1A:79:45:52:EF",
                "00:1A:79:4D:05:39",
                "00:1A:79:51:3F:D1",
                "00:1A:79:52:58:B2",
                "00:1A:79:53:3F:9A",
                "00:1A:79:5C:06:5A",
                "00:1A:79:5C:4E:6E",
                "00:1A:79:5D:90:77",
                "00:1A:79:70:EF:25",
                "00:1A:79:78:AB:B2",
                "00:1A:79:A1:F8:C7",
                "00:1A:79:A7:EE:23",
                "00:1A:79:BF:BA:D9",
                "00:1A:79:C8:2D:81",
                "00:1A:79:CB:36:C4"
            ]
        },
        {
            "server_name": "main2.cwdn.cx",
            "server_url": "http://main2.cwdn.cx/c/",
            "macs": [
                "00:1A:79:11:1C:0D",
                "00:1A:79:B3:D7:CE"
            ]
        },
        {
            "server_name": "portal.primez.biz",
            "server_url": "http://portal.primez.biz/stalker_portal/c/",
            "macs": [
                "00:1A:79:61:62:64"
            ]
        }
    ]
}