{
    "items": [
        {
            "server_name": "ogzpunk.live:8080",
            "server_url": "http://ogzpunk.live:8080/c/",
            "macs": [
                "00:1A:79:14:6A:C5"
            ]
        },
        {
            "server_name": "hans_monika.streamtv.to:8080",
            "server_url": "http://hans_monika.streamtv.to:8080/c/",
            "macs": [
                "00:1A:79:AE:D3:83",
                "00:1A:79:39:EF:81",
                "00:1A:79:75:3C:30",
                "00:1A:79:8F:80:2F"
            ]
        },
        {
            "server_name": "194.76.0.140",
            "server_url": "http://194.76.0.140/c/",
            "macs": [
                "00:1A:79:1C:00:83",
                "00:1A:79:0E:5F:68"
            ]
        },
        {
            "server_name": "edge.19741977.network",
            "server_url": "http://edge.19741977.network/c/",
            "macs": [
                "00:1A:79:A9:E2:25"
            ]
        }
    ]
}