{
    "items": [
        {
            "server_name": "1.germany4k.xyz",
            "server_url": "http://1.germany4k.xyz/c/",
            "macs": [
                "00:1A:79:3A:C2:EA",
                "00:1A:79:54:C3:15",
                "00:1A:79:6B:68:D9"
            ]
        },
        {
            "server_name": "ix.kingtv.pw",
            "server_url": "http://ix.kingtv.pw/c/",
            "macs": [
                "00:1A:79:13:50:5B",
                "00:1A:79:34:E7:94",
                "00:1A:79:52:3D:59",
                "00:1A:79:57:91:AA",
                "00:1A:79:5D:A2:60",
                "00:1A:79:5D:AC:24",
                "00:1A:79:76:FF:73"
            ]
        },
        {
            "server_name": "media.ottpurstream.com",
            "server_url": "http://media.ottpurstream.com/c/",
            "macs": [
                "00:1A:79:CE:88:05",
                "10:27:BE:04:9E:F4",
                "10:27:BE:05:17:2F"
            ]
        },
        {
            "server_name": "95.214.232.47",
            "server_url": "http://95.214.232.47/c/",
            "macs": [
                "10:27:BE:0D:D4:CD"
            ]
        },
        {
            "server_name": "xbox.ztv4you.com:2095",
            "server_url": "http://xbox.ztv4you.com:2095/c/",
            "macs": [
                "00:1A:79:43:9D:9A"
            ]
        },
        {
            "server_name": "138.199.51.184:25461",
            "server_url": "http://138.199.51.184:25461/c/",
            "macs": [
                "00:1A:79:A5:A1:44"
            ]
        },
        {
            "server_name": "mihajlo33.pusi.kurtiju.kurac.streamtv.to:8080",
            "server_url": "http://mihajlo33.pusi.kurtiju.kurac.streamtv.to:8080/c/",
            "macs": [
                "00:1A:79:5F:DA:F3",
                "00:1A:79:BB:C7:B0"
            ]
        },
        {
            "server_name": "mutant.arrox.top",
            "server_url": "http://mutant.arrox.top/c/",
            "macs": [
                "00:1A:79:00:05:D0",
                "00:1A:79:49:1E:16",
                "00:1A:79:58:5F:B3",
                "00:1A:79:5E:57:99",
                "00:1A:79:5F:22:65",
                "00:1A:79:B7:09:3E"
            ]
        },
        {
            "server_name": "cbrlig.com:8080",
            "server_url": "http://cbrlig.com:8080/c/",
            "macs": [
                "00:1A:79:54:CB:13"
            ]
        },
        {
            "server_name": "iptvworld.ml:2095",
            "server_url": "http://iptvworld.ml:2095/c/",
            "macs": [
                "00:1A:79:2C:16:A9",
                "00:1A:79:87:A0:92",
                "00:1A:79:97:63:5A",
                "00:1A:79:BC:2B:F5",
                "00:1A:79:BC:E0:A1",
                "00:1A:79:C0:B3:C2"
            ]
        },
        {
            "server_name": "wyveep.com:8080",
            "server_url": "http://wyveep.com:8080/c/",
            "macs": [
                "00:1A:79:50:49:AA",
                "00:1A:79:CC:32:B9",
                "00:1A:79:D4:0E:95"
            ]
        },
        {
            "server_name": "web2021.biz:8080",
            "server_url": "http://web2021.biz:8080/c/",
            "macs": [
                "00:1A:79:49:12:99",
                "00:1A:79:52:EE:27",
                "00:1A:79:53:D7:28",
                "00:1A:79:54:B4:C4",
                "00:1A:79:5F:77:A9",
                "00:1A:79:63:E9:F7"
            ]
        },
        {
            "server_name": "90309-fri.ott-cdn.me",
            "server_url": "http://90309-fri.ott-cdn.me/c/",
            "macs": [
                "00:1A:79:31:61:63",
                "00:1A:79:BE:91:CB"
            ]
        },
        {
            "server_name": "drk.yasarpro.com:80",
            "server_url": "http://drk.yasarpro.com:80/c/",
            "macs": [
                "00:1A:79:00:B8:42",
                "00:1A:79:10:92:22",
                "00:1A:79:19:4F:65",
                "00:1A:79:28:0F:C7",
                "00:1A:79:30:5F:1B",
                "00:1A:79:31:3F:81",
                "00:1A:79:36:BD:66",
                "00:1A:79:3F:40:35",
                "00:1A:79:4E:31:92",
                "00:1A:79:54:7C:9B",
                "00:1A:79:5A:F5:B7",
                "00:1A:79:60:4C:F8",
                "00:1A:79:66:0B:80",
                "00:1A:79:67:02:7A",
                "00:1A:79:6F:4F:41",
                "00:1A:79:7F:9C:F4",
                "00:1A:79:83:39:66",
                "00:1A:79:A2:6D:E0",
                "00:1A:79:A6:7F:86",
                "00:1A:79:BB:EE:C9",
                "00:1A:79:D6:0F:DC",
                "00:1A:79:D6:CB:34",
                "00:1A:79:D8:9F:C5",
                "00:1A:79:E5:16:F2"
            ]
        },
        {
            "server_name": "sv.starir.biz:8080",
            "server_url": "http://sv.starir.biz:8080/c/",
            "macs": [
                "00:1A:79:4B:D5:C7"
            ]
        },
        {
            "server_name": "ainfo.icu:8000",
            "server_url": "http://ainfo.icu:8000/c/",
            "macs": [
                "00:1A:79:00:1D:02"
            ]
        },
        {
            "server_name": "portal.entertainmentxl.com:8080",
            "server_url": "http://portal.entertainmentxl.com:8080/c/",
            "macs": [
                "00:1A:79:47:94:34"
            ]
        },
        {
            "server_name": "violetta.cfd:8080",
            "server_url": "http://violetta.cfd:8080/c/",
            "macs": [
                "00:1A:79:45:D9:44"
            ]
        },
        {
            "server_name": "clientsportals.tv:2095",
            "server_url": "http://clientsportals.tv:2095/c/",
            "macs": [
                "00:1A:79:16:B1:5D",
                "00:1A:79:B6:DF:D1",
                "00:1A:79:B9:E6:73"
            ]
        },
        {
            "server_name": "109.61.81.147:1935",
            "server_url": "http://109.61.81.147:1935/stalker_portal/c/",
            "macs": [
                "00:1A:79:5B:A4:6D"
            ]
        },
        {
            "server_name": "lionshd.me",
            "server_url": "http://lionshd.me/c/",
            "macs": [
                "00:1A:79:2D:01:47",
                "00:1A:79:31:2D:79",
                "00:1A:79:4A:57:51",
                "00:1A:79:50:DF:DF",
                "00:1A:79:5C:3A:5E"
            ]
        },
        {
            "server_name": "vsc-747.com:8080",
            "server_url": "http://vsc-747.com:8080/c/",
            "macs": [
                "00:1A:79:59:48:AB",
                "00:1A:79:B9:95:FF",
                "00:1A:79:BD:33:B7",
                "00:1A:79:BD:BF:44",
                "00:1A:79:BE:95:C6"
            ]
        },
        {
            "server_name": "live.hutv.me:25461",
            "server_url": "http://live.hutv.me:25461/c/",
            "macs": [
                "00:1A:79:36:6B:53",
                "00:1A:79:BA:CB:63"
            ]
        },
        {
            "server_name": "www.rsplus.cc",
            "server_url": "http://www.rsplus.cc/c/",
            "macs": [
                "00:1A:79:00:18:A4",
                "00:1A:79:00:18:A6",
                "00:1A:79:00:18:A7",
                "00:1A:79:00:18:A8",
                "00:1A:79:00:18:A9",
                "00:1A:79:00:18:AA",
                "00:1A:79:00:18:AB",
                "00:1A:79:00:18:AC",
                "00:1A:79:00:18:AD",
                "00:1A:79:00:18:AE",
                "00:1A:79:00:18:AF",
                "00:1A:79:00:18:B0",
                "00:1A:79:00:18:B1",
                "00:1A:79:00:18:B3",
                "00:1A:79:00:18:B4",
                "00:1A:79:00:18:B5"
            ]
        },
        {
            "server_name": "1.iptv22.is",
            "server_url": "http://1.iptv22.is/c/",
            "macs": [
                "00:1A:79:6C:6B:B9",
                "00:1A:79:BC:2F:05",
                "00:1A:79:C5:87:FD",
                "00:1A:79:D1:22:77"
            ]
        },
        {
            "server_name": "palavip.org:8080",
            "server_url": "http://palavip.org:8080/c/",
            "macs": [
                "00:1A:79:07:C5:9E",
                "00:1A:79:AD:31:1E",
                "00:1A:79:BB:53:53",
                "00:1A:79:BB:E3:64"
            ]
        },
        {
            "server_name": "alexiptv.ddns.me:8080",
            "server_url": "http://alexiptv.ddns.me:8080/c/",
            "macs": [
                "00:1A:79:2E:5C:B1",
                "00:1A:79:C7:7D:77"
            ]
        },
        {
            "server_name": "hans_monika.streamtv.to:8080",
            "server_url": "http://hans_monika.streamtv.to:8080/c/",
            "macs": [
                "00:1A:79:43:67:DD",
                "00:1A:79:44:83:B0",
                "00:1A:79:44:8B:08",
                "00:1A:79:53:C0:C6",
                "00:1A:79:5D:95:3F"
            ]
        },
        {
            "server_name": "drk.yasar.tv",
            "server_url": "http://drk.yasar.tv/c/",
            "macs": [
                "00:1A:79:58:2B:05",
                "00:1A:79:C6:6F:C2"
            ]
        },
        {
            "server_name": "tr.redatvgold.com",
            "server_url": "http://tr.redatvgold.com/c/",
            "macs": [
                "00:1A:79:0E:4F:50",
                "00:1A:79:3E:6C:82",
                "00:1A:79:41:31:9B",
                "00:1A:79:41:C5:7D",
                "00:1A:79:4C:39:D6",
                "00:1A:79:53:56:DD",
                "00:1A:79:62:C9:A0",
                "00:1A:79:94:29:54",
                "00:1A:79:9E:59:30",
                "00:1A:79:AE:58:A2",
                "00:1A:79:AF:06:C1",
                "00:1A:79:B1:A7:55",
                "00:1A:79:BA:3A:D4",
                "00:1A:79:C2:11:35",
                "00:1A:79:CE:0B:87"
            ]
        },
        {
            "server_name": "145.239.253.183",
            "server_url": "http://145.239.253.183/stalker_portal/c/",
            "macs": [
                "00:1A:79:39:D6:A7",
                "00:1A:79:52:16:77",
                "00:1A:79:71:4A:D3",
                "00:1A:79:72:AE:D7",
                "00:1A:79:78:E8:0C"
            ]
        }
    ]
}