{
    "items": [
        {
            "server_name": "cbrlig.com:8080",
            "server_url": "http://cbrlig.com:8080/c/",
            "macs": [
                "00:1A:79:C1:F3:58",
                "00:1A:79:00:75:FE",
                "00:1A:79:54:DF:5F",
                "00:1A:79:00:75:FE",
                "00:1A:79:54:DF:5F"
            ]
        },
        {
            "server_name": "1234up.com:8080",
            "server_url": "http://1234up.com:8080/c/",
            "macs": [
                "00:1A:79:FB:44:4F",
                "00:1A:79:A9:D0:94",
                "00:1A:79:BC:E1:36",
                "00:1A:79:FE:12:3F"
            ]
        },
        {
            "server_name": "107.189.14.168:8080",
            "server_url": "http://107.189.14.168:8080/c/",
            "macs": [
                "00:1A:79:58:15:D7",
                "00:1A:79:7E:14:4C",
                "00:1A:79:72:49:77",
                "00:1A:79:BF:BC:11",
                "00:1A:79:6C:52:26"
            ]
        },
        {
            "server_name": "acces.purstream.net:80",
            "server_url": "http://acces.purstream.net:80/c/",
            "macs": [
                "00:1A:79:90:99:99",
                "00:1A:79:47:78:9d",
                "00:1A:79:64:f5:d5",
                "00:1A:79:fb:51:77",
                "00:1A:79:0d:20:85"
            ]
        },
        {
            "server_name": "lllllliiiiiiidsa9.funtogether.xyz:8080",
            "server_url": "http://lllllliiiiiiidsa9.funtogether.xyz:8080/c/",
            "macs": [
                "00:1A:79:DC:BD:71",
                "00:1A:79:DC:BD:71"
            ]
        },
        {
            "server_name": "xbox.ztv4you.com:2095",
            "server_url": "http://xbox.ztv4you.com:2095/c/",
            "macs": [
                "00:1A:79:18:24:8D"
            ]
        },
        {
            "server_name": "skunkytv.live",
            "server_url": "http://skunkytv.live/c/",
            "macs": [
                "00:1A:79:85:9F:D9",
                "00:1A:79:14:76:DD",
                "00:1A:79:59:4D:3D",
                "00:1A:79:B5:7C:11",
                "00:1A:79:00:00:0F",
                "00:1A:79:B5:7C:6B",
                "00:1A:79:B5:7C:E0",
                "00:1A:79:00:00:4D",
                "00:1A:79:AE:0C:C4",
                "00:1A:79:7C:C6:1A",
                "00:1A:79:00:00:7A"
            ]
        },
        {
            "server_name": "evilvir.us.streamtv.to:8080",
            "server_url": "http://evilvir.us.streamtv.to:8080/c/",
            "macs": [
                "00:1A:79:C1:FA:87"
            ]
        },
        {
            "server_name": "epg.protv.cc:80",
            "server_url": "http://epg.protv.cc:80/c/",
            "macs": [
                "00:1A:79:72:0c:66",
                "00:1A:79:e5:a8:42",
                "00:1A:79:40:d1:99",
                "00:1A:79:e0:13:23",
                "00:1A:79:47:48:20",
                "00:1A:79:f5:0e:a4",
                "00:1A:79:ad:b9:85",
                "00:1A:79:c9:af:7e",
                "00:1A:79:d7:b7:d1",
                "00:1A:79:55:6f:12"
            ]
        },
        {
            "server_name": "androstv.xyz:8080",
            "server_url": "http://androstv.xyz:8080/c/",
            "macs": [
                "00:1A:79:b1:a9:17",
                "00:1A:79:ba:d4:29",
                "00:1A:79:6d:87:4b",
                "00:1A:79:b1:a9:17",
                "00:1A:79:C4:35:1D",
                "00:1A:79:E6:19:B7",
                "00:1A:79:35:D4:BB",
                "00:1A:79:07:BD:65",
                "00:1A:79:96:fb:c7",
                "00:1A:79:53:5F:73",
                "00:1A:79:08:ED:C9",
                "00:1A:79:08:eb:84"
            ]
        },
        {
            "server_name": "ledir.thund.re:80",
            "server_url": "http://ledir.thund.re:80/c/",
            "macs": [
                "00:1A:79:02:19:37",
                "00:1A:79:33:13:5E"
            ]
        },
        {
            "server_name": "vpncloud.uk",
            "server_url": "http://vpncloud.uk/stalker_portal/c/",
            "macs": [
                "00:1A:79:79:1B:E0",
                "00:1A:79:D3:61:7F",
                "00:1A:79:C3:23:34",
                "00:1A:79:D0:15:1C",
                "00:1A:79:74:A9:3A",
                "00:1A:79:6B:BE:6C",
                "00:1A:79:64:E4:E6",
                "00:1A:79:CF:34:E0",
                "00:1A:79:C5:5F:E1",
                "00:1A:79:69:3F:11",
                "00:1A:79:72:D0:DE"
            ]
        },
        {
            "server_name": "tissl.club:8080",
            "server_url": "http://tissl.club:8080/c/",
            "macs": [
                "00:1A:79:70:09:5C",
                "00:1A:79:06:4E:A5",
                "00:1A:79:43:BA:10",
                "00:1A:79:06:4e:a5",
                "00:1A:79:30:10:F3",
                "00:1A:79:79:7F:9E",
                "00:1A:79:53:52:7D",
                "00:1A:79:5B:99:F1"
            ]
        },
        {
            "server_name": "coresys.dvrdns.org:25461",
            "server_url": "http://coresys.dvrdns.org:25461/c/",
            "macs": [
                "00:1A:79:31:10:C4"
            ]
        },
        {
            "server_name": "recreativa.tecnologiashd.com:8080",
            "server_url": "http://recreativa.tecnologiashd.com:8080/c/",
            "macs": [
                "00:1A:79:AB:3D:73",
                "00:1A:79:BD:11:70"
            ]
        },
        {
            "server_name": "proxy.plus55.xyz",
            "server_url": "http://proxy.plus55.xyz/c/",
            "macs": [
                "00:1A:79:7A:29:B9"
            ]
        },
        {
            "server_name": "ledir.thund.re:80",
            "server_url": "http://ledir.thund.re:80/c/",
            "macs": [
                "00:1A:79:01:65:01"
            ]
        },
        {
            "server_name": "1.iptv22.is",
            "server_url": "http://1.iptv22.is/c/",
            "macs": [
                "00:1A:79:3E:3F:22",
                "00:1A:79:32:38:65",
                "00:1A:79:D0:7A:47",
                "00:1A:79:56:1B:31",
                "00:1A:79:C3:43:71",
                "00:1A:79:0F:C9:17",
                "00:1A:79:94:8F:AE",
                "00:1A:79:B7:DC:B6",
                "00:1A:79:CF:57:45",
                "00:1A:79:4F:6D:85"
            ]
        },
        {
            "server_name": "138.199.129.101",
            "server_url": "http://138.199.129.101/stalker_portal/c/",
            "macs": [
                "00:1A:79:7E:0E:97"
            ]
        },
        {
            "server_name": "line.kahr4a.com",
            "server_url": "http://line.kahr4a.com/c/",
            "macs": [
                "00:1A:79:81:7A:CA",
                "00:1A:79:32:C4:11",
                "00:1A:79:17:13:6F",
                "00:1A:79:00:25:8E",
                "00:1A:79:BF:DF:33",
                "00:1A:79:C0:0D:F0",
                "00:1A:79:BF:DF:FE",
                "00:1A:79:BF:DF:B4",
                "00:1A:79:F5:67:A4",
                "00:1A:79:C6:67:D7",
                "00:1A:79:00:25:71",
                "00:1A:79:00:25:C7",
                "00:1A:79:C8:C6:96"
            ]
        },
        {
            "server_name": "violetta.cfd",
            "server_url": "http://violetta.cfd/c/",
            "macs": [
                "00:1A:79:C3:44:B1",
                "00:1A:79:C1:9F:5B",
                "00:1A:79:C0:98:47",
                "00:1A:79:63:AB:4E",
                "00:1A:79:4C:E6:6A",
                "00:1A:79:A9:26:80",
                "00:1A:79:B6:7F:17",
                "00:1A:79:53:F4:82",
                "00:1A:79:26:6C:D7",
                "00:1A:79:E6:80:67"
            ]
        },
        {
            "server_name": "line.tee-ott.com",
            "server_url": "http://line.tee-ott.com/c/",
            "macs": [
                "00:1A:79:B5:F8:58",
                "00:1A:79:B5:F8:AA",
                "00:1A:79:B6:29:55",
                "00:1A:79:B5:F8:2A",
                "00:1A:79:3A:FC:65",
                "00:1A:79:B2:46:BA",
                "00:1A:79:B5:F8:09",
                "00:1A:79:BB:77:A9",
                "00:1A:79:D9:C7:5A",
                "00:1A:79:74:81:08",
                "00:1A:79:B5:F8:74",
                "00:1A:79:94:95:60",
                "00:1A:79:3A:FC:2F",
                "00:1A:79:B5:F8:3E"
            ]
        }
    ]
}