{
    "items": [
        {
            "server_name": "line.iptvwings.com:80",
            "server_url": "http://line.iptvwings.com:80/c/",
            "macs": [
                "00:1A:79:85:D5:3D",
                "00:1A:79:B4:66:A2",
                "00:1A:79:B6:DE:95",
                "00:1A:79:BE:23:D6"
            ]
        },
        {
            "server_name": "tv.8dott.xyz",
            "server_url": "http://tv.8dott.xyz/c/",
            "macs": [
                "00:1A:79:F8:42:AE"
            ]
        },
        {
            "server_name": "titanpaket.com:8080",
            "server_url": "http://titanpaket.com:8080/c/",
            "macs": [
                "00:1A:79:B2:5D:48"
            ]
        },
        {
            "server_name": "mag.premiumplus.tv",
            "server_url": "http://mag.premiumplus.tv/c/",
            "macs": [
                "00:1A:79:0C:2F:BC",
                "00:1A:79:20:61:08",
                "00:1A:79:54:37:4A",
                "00:1A:79:AF:14:E1",
                "00:1A:79:C5:76:75",
                "00:1A:79:E2:6F:E1",
                "00:1A:79:E6:58:D0"
            ]
        },
        {
            "server_name": "194.76.0.140",
            "server_url": "http://194.76.0.140/c/",
            "macs": [
                "00:1A:79:00:00:00"
            ]
        },
        {
            "server_name": "blackrabit.in:8880",
            "server_url": "http://blackrabit.in:8880/c/",
            "macs": [
                "00:1A:79:77:75:8A"
            ]
        },
        {
            "server_name": "256.myvnc.com:8000",
            "server_url": "http://256.myvnc.com:8000/c/",
            "macs": [
                "00:1A:79:44:EE:B4"
            ]
        },
        {
            "server_name": "brekna.club:8000",
            "server_url": "http://brekna.club:8000/c/",
            "macs": [
                "00:1A:79:41:FD:FA"
            ]
        },
        {
            "server_name": "93.119.105.61",
            "server_url": "http://93.119.105.61/c/",
            "macs": [
                "00:1A:79:00:1F:6B"
            ]
        },
        {
            "server_name": "185.243.7.51",
            "server_url": "http://185.243.7.51/c/",
            "macs": [
                "00:1A:79:2E:1F:BE",
                "00:1A:79:FA:E3:A7"
            ]
        },
        {
            "server_name": "1234up.com:8080",
            "server_url": "http://1234up.com:8080/c/",
            "macs": [
                "00:1A:79:B2:A3:6E",
                "00:1A:79:C4:61:CF",
                "00:1A:79:CC:1E:3E",
                "00:1A:79:FB:24:04",
                "00:1A:79:FB:44:5C"
            ]
        },
        {
            "server_name": "cbrlig.com:8080",
            "server_url": "http://cbrlig.com:8080/c/",
            "macs": [
                "00:1A:79:42:41:1D",
                "00:1A:79:AE:51:34",
                "00:1A:79:C1:91:B6",
                "00:1A:79:C1:AA:35",
                "00:1A:79:D2:A6:E7"
            ]
        },
        {
            "server_name": "stream1.tvs24.net:25461",
            "server_url": "http://stream1.tvs24.net:25461/c/",
            "macs": [
                "00:1A:79:1E:0E:B9"
            ]
        },
        {
            "server_name": "107.189.14.168:8080",
            "server_url": "http://107.189.14.168:8080/c/",
            "macs": [
                "00:1A:79:C6:F3:BB"
            ]
        },
        {
            "server_name": "schanel.org:8080",
            "server_url": "http://schanel.org:8080/c/",
            "macs": [
                "00:1A:79:A1:CD:3B"
            ]
        },
        {
            "server_name": "chaotic-streams.cc:80",
            "server_url": "http://chaotic-streams.cc:80/c/",
            "macs": [
                "00:1A:79:06:07:22",
                "00:1A:79:08:DD:01",
                "00:1A:79:43:A1:96",
                "00:1A:79:68:2F:98",
                "00:1A:79:73:A8:C5",
                "00:1A:79:7C:DE:DE",
                "00:1A:79:B5:46:8B",
                "00:1A:79:B5:FC:A7",
                "00:1A:79:BD:D6:2F",
                "00:1A:79:C8:D8:99",
                "00:1A:79:E0:34:13"
            ]
        },
        {
            "server_name": "135.125.45.127:80",
            "server_url": "http://135.125.45.127:80/c/",
            "macs": [
                "00:1A:79:90:15:B6"
            ]
        },
        {
            "server_name": "entertainmentj4u.com",
            "server_url": "http://entertainmentj4u.com/stalker_portal/c/",
            "macs": [
                "00:1A:79:00:11:32",
                "00:1A:79:24:7F:7B",
                "00:1A:79:52:4F:C5",
                "00:1A:79:62:48:2E",
                "00:1A:79:66:BE:13",
                "00:1A:79:71:45:15",
                "00:1A:79:75:D9:7D",
                "00:1A:79:78:5A:C9",
                "00:1A:79:79:18:FE",
                "00:1A:79:79:84:0B",
                "00:1A:79:7A:E8:AD",
                "00:1A:79:7A:FC:E4",
                "00:1A:79:A5:20:58",
                "00:1A:79:C4:DB:64",
                "00:1A:79:FE:EA:55"
            ]
        },
        {
            "server_name": "89.45.13.220:8080",
            "server_url": "http://89.45.13.220:8080/c/",
            "macs": [
                "00:1A:79:01:6A:85",
                "00:1A:79:01:6E:99",
                "00:1A:79:13:54:EE",
                "00:1A:79:4F:3E:9B",
                "00:1A:79:6B:BB:27"
            ]
        },
        {
            "server_name": "alpha-2ott.me",
            "server_url": "http://alpha-2ott.me/c/",
            "macs": [
                "00:1A:79:49:65:CD"
            ]
        },
        {
            "server_name": "images48-dp.ddns.me:8080",
            "server_url": "http://images48-dp.ddns.me:8080/c/",
            "macs": [
                "00:1A:79:05:FA:A4",
                "00:1A:79:48:80:E4",
                "00:1A:79:4B:FF:A7",
                "00:1A:79:4C:0B:B2",
                "00:1A:79:5A:5C:9D",
                "00:1A:79:5D:95:C6",
                "00:1A:79:68:71:52",
                "00:1A:79:70:0A:B1",
                "00:1A:79:74:56:4B",
                "00:1A:79:79:74:82",
                "00:1A:79:AB:73:78",
                "00:1A:79:B0:99:1C",
                "00:1A:79:B9:8D:AE",
                "00:1A:79:BA:CE:53",
                "00:1A:79:BC:08:25",
                "00:1A:79:BC:1E:0D",
                "00:1A:79:C4:74:9B",
                "00:1A:79:C8:92:A8",
                "00:1A:79:E9:9D:37"
            ]
        },
        {
            "server_name": "download.best-ott.me:80",
            "server_url": "http://download.best-ott.me:80/c/",
            "macs": [
                "00:1A:79:00:1D:04",
                "00:1A:79:19:C7:46",
                "00:1A:79:3E:6C:F8",
                "00:1A:79:59:7B:B5",
                "00:1A:79:68:20:2B",
                "00:1A:79:75:2F:7A",
                "00:1A:79:78:F3:25",
                "00:1A:79:99:29:A4",
                "00:1A:79:B7:72:9C",
                "00:1A:79:BA:0F:44",
                "00:1A:79:C1:DC:48",
                "00:1A:79:D4:95:53",
                "00:1A:79:E5:5F:B9"
            ]
        },
        {
            "server_name": "line.iseepremium.com:80",
            "server_url": "http://line.iseepremium.com:80/c/",
            "macs": [
                "00:1A:79:19:36:54",
                "00:1A:79:22:20:1F",
                "00:1A:79:29:8A:7F",
                "00:1A:79:4A:0A:B3",
                "00:1A:79:4B:82:BD",
                "00:1A:79:50:7E:34",
                "00:1A:79:51:A4:72",
                "00:1A:79:60:8D:28",
                "00:1A:79:AA:2C:D8",
                "00:1A:79:B4:B5:50",
                "00:1A:79:C1:83:60",
                "00:1A:79:C2:9E:91",
                "00:1A:79:CF:6F:D4",
                "00:1A:79:D5:4B:E2",
                "00:1A:79:DC:E4:56",
                "00:1A:79:FB:14:E9",
                "00:1A:79:FF:07:3D"
            ]
        },
        {
            "server_name": "testdi.proxytx.cloud",
            "server_url": "http://testdi.proxytx.cloud/c/",
            "macs": [
                "00:1A:79:00:18:07",
                "00:1A:79:05:E3:BC",
                "00:1A:79:53:1F:58",
                "00:1A:79:68:29:E9",
                "00:1A:79:72:46:9E",
                "00:1A:79:7B:C2:48",
                "00:1A:79:8D:2F:FD",
                "00:1A:79:95:45:5F",
                "00:1A:79:A1:CD:47",
                "00:1A:79:A6:8B:56",
                "00:1A:79:AB:59:00",
                "00:1A:79:B5:0C:10",
                "00:1A:79:C0:5C:53"
            ]
        },
        {
            "server_name": "138.199.129.101",
            "server_url": "http://138.199.129.101/stalker_portal/c/",
            "macs": [
                "00:1A:79:77:51:0E",
                "00:1A:79:7C:8B:66",
                "00:1A:79:7D:43:42",
                "00:1A:79:7D:4A:DF"
            ]
        },
        {
            "server_name": "streamtube.cc",
            "server_url": "http://streamtube.cc/c/",
            "macs": [
                "00:1A:79:26:C7:70",
                "00:1A:79:47:B4:1A",
                "00:1A:79:63:5E:CF",
                "00:1A:79:64:15:B9",
                "00:1A:79:72:EC:6A",
                "00:1A:79:AF:62:0B",
                "00:1A:79:B6:84:53"
            ]
        },
        {
            "server_name": "p1.iptvrocket.tv",
            "server_url": "http://p1.iptvrocket.tv/c/",
            "macs": [
                "00:1A:79:13:6D:32",
                "00:1A:79:B0:40:E4",
                "00:1A:79:B8:41:12",
                "00:1A:79:C3:45:40"
            ]
        }
    ]
}