{
    "items": [
        {
            "server_name": "1234up.com:8080",
            "server_url": "http://1234up.com:8080/c/",
            "macs": [
                "00:1A:79:4C:0F:85",
                "00:1A:79:68:F3:2C",
                "00:1A:79:FB:17:82"
            ]
        },
        {
            "server_name": "lionshd.me",
            "server_url": "http://lionshd.me/c/",
            "macs": [
                "00:1A:79:2A:DC:DF",
                "00:1A:79:3F:EB:EC",
                "00:1A:79:55:A7:3F",
                "00:1A:79:5D:4C:86",
                "00:1A:79:5D:D9:16"
            ]
        },
        {
            "server_name": "vsc-747.com:8080",
            "server_url": "http://vsc-747.com:8080/c/",
            "macs": [
                "00:1A:79:30:09:19",
                "00:1A:79:B5:67:0D",
                "00:1A:79:B8:FA:19",
                "00:1A:79:CC:1A:C6"
            ]
        },
        {
            "server_name": "lllllliiiiiiidsa9.funtogether.xyz:8080",
            "server_url": "http://lllllliiiiiiidsa9.funtogether.xyz:8080/c/",
            "macs": [
                "00:1A:79:31:B1:68",
                "00:1A:79:48:88:17",
                "00:1A:79:54:D3:EC",
                "00:1A:79:67:FF:D9",
                "00:1A:79:6A:DA:2F",
                "00:1A:79:A7:B5:07",
                "00:1A:79:AD:2E:B0",
                "00:1A:79:B0:8F:DA",
                "00:1A:79:B3:24:4D",
                "00:1A:79:B6:70:89",
                "00:1A:79:CD:1C:DA",
                "00:1A:79:D0:DE:62",
                "00:1A:79:D3:AF:88"
            ]
        },
        {
            "server_name": "drk.yasar.tv:80",
            "server_url": "http://drk.yasar.tv:80/c/",
            "macs": [
                "00:1A:79:06:39:DE",
                "00:1A:79:1A:45:3C",
                "00:1A:79:1D:9F:7D",
                "00:1A:79:24:F9:3E",
                "00:1A:79:34:86:94",
                "00:1A:79:3D:0A:E9",
                "00:1A:79:40:6B:05",
                "00:1A:79:4C:12:DA",
                "00:1A:79:5A:2F:1D",
                "00:1A:79:68:2F:D9",
                "00:1A:79:A2:8B:5A",
                "00:1A:79:B8:4A:32",
                "00:1A:79:CB:19:3E",
                "00:1A:79:D5:1F:B9",
                "00:1A:79:D9:16:F1",
                "00:1A:79:E9:83:07",
                "00:1A:79:FB:5F:C5"
            ]
        },
        {
            "server_name": "line.gofast-tv.me",
            "server_url": "http://line.gofast-tv.me/c/",
            "macs": [
                "00:1A:79:1C:14:AA",
                "00:1A:79:7E:41:76",
                "00:1A:79:94:3F:B4",
                "00:1A:79:9C:7B:07",
                "00:1A:79:AC:1A:4E",
                "00:1A:79:B8:9D:E1",
                "00:1A:79:B9:8D:3A",
                "00:1A:79:BB:62:B3",
                "00:1A:79:BC:96:80",
                "00:1A:79:C0:59:BC",
                "00:1A:79:C2:E2:1E",
                "00:1A:79:C3:D3:5B",
                "00:1A:79:CD:EB:63",
                "00:1A:79:D3:0B:C9",
                "00:1A:79:D8:5D:C1",
                "00:1A:79:E6:E1:E4"
            ]
        },
        {
            "server_name": "168.119.44.246:2080",
            "server_url": "http://168.119.44.246:2080/stalker_portal/c/",
            "macs": [
                "00:1A:79:21:2C:A8",
                "00:1A:79:34:9C:D0",
                "00:1A:79:34:9D:9C",
                "00:1A:79:43:7C:59",
                "00:1A:79:4A:B1:08",
                "00:1A:79:4A:B4:56",
                "00:1A:79:4A:B4:6E",
                "00:1A:79:4A:C2:06",
                "00:1A:79:4C:72:83",
                "00:1A:79:5D:95:D2",
                "00:1A:79:64:A7:B0",
                "00:1A:79:65:6D:1C",
                "00:1A:79:66:BF:41",
                "00:1A:79:67:B9:F4",
                "00:1A:79:6C:23:B9",
                "00:1A:79:6C:A1:14",
                "00:1A:79:6E:A1:C3",
                "00:1A:79:6E:AD:5B",
                "00:1A:79:72:21:CA"
            ]
        },
        {
            "server_name": "media.ottpurstream.com",
            "server_url": "http://media.ottpurstream.com/c/",
            "macs": [
                "00:1A:79:64:DE:1D"
            ]
        },
        {
            "server_name": "utrecht030ovc.xyz",
            "server_url": "http://utrecht030ovc.xyz/c/",
            "macs": [
                "00:1A:79:A1:5F:1A"
            ]
        },
        {
            "server_name": "biensports.pro",
            "server_url": "http://biensports.pro/c/",
            "macs": [
                "00:1A:79:00:18:10"
            ]
        },
        {
            "server_name": "mutant.arrox.top:80",
            "server_url": "http://mutant.arrox.top:80/c/",
            "macs": [
                "00:1A:79:02:F6:E5",
                "00:1A:79:0E:38:25",
                "00:1A:79:25:3F:2D",
                "00:1A:79:28:1F:0E",
                "00:1A:79:84:B0:1D",
                "00:1A:79:99:92:5F",
                "00:1A:79:A7:E0:B3",
                "00:1A:79:AB:C1:88",
                "00:1A:79:B7:2B:32",
                "00:1A:79:EA:95:C6"
            ]
        },
        {
            "server_name": "iptvpremuim.ca",
            "server_url": "http://iptvpremuim.ca/c/",
            "macs": [
                "00:1A:79:5E:9F:E4",
                "00:1A:79:B5:7C:11"
            ]
        },
        {
            "server_name": "zatvstream.xyz:80",
            "server_url": "http://zatvstream.xyz:80/c/",
            "macs": [
                "00:1A:79:FC:CE:DF"
            ]
        },
        {
            "server_name": "64cxz.com:8080",
            "server_url": "http://64cxz.com:8080/c/",
            "macs": [
                "00:1A:79:C4:AF:53"
            ]
        },
        {
            "server_name": "185.243.7.51",
            "server_url": "http://185.243.7.51/c/",
            "macs": [
                "00:1A:79:4E:51:E6",
                "00:1A:79:82:0A:C6",
                "00:1A:79:BE:8A:0D",
                "00:1A:79:C7:B4:68"
            ]
        },
        {
            "server_name": "wowtv.cc",
            "server_url": "http://wowtv.cc/c/",
            "macs": [
                "00:1A:79:B9:C4:A3",
                "00:1A:79:D2:1F:68",
                "00:1A:79:F5:64:47"
            ]
        },
        {
            "server_name": "rufus.zone",
            "server_url": "http://rufus.zone/stalker_portal/c/",
            "macs": [
                "00:1A:79:62:63:64",
                "00:1A:79:94:7A:E1",
                "00:1A:79:C2:D6:E1",
                "00:1A:79:C5:46:C3",
                "00:1A:79:E0:26:31"
            ]
        },
        {
            "server_name": "violetta.cfd:8080",
            "server_url": "http://violetta.cfd:8080/c/",
            "macs": [
                "00:1A:79:20:85:32",
                "00:1A:79:45:D9:44",
                "00:1A:79:47:F6:DE",
                "00:1A:79:56:55:EC",
                "00:1A:79:C3:0E:EA"
            ]
        },
        {
            "server_name": "168.119.44.162:2080",
            "server_url": "http://168.119.44.162:2080/stalker_portal/c/",
            "macs": [
                "00:1A:79:45:F1:DB",
                "00:1A:79:55:F5:27"
            ]
        },
        {
            "server_name": "mutant.arrox.top",
            "server_url": "http://mutant.arrox.top/c/",
            "macs": [
                "00:1A:79:AB:2E:88",
                "00:1A:79:B3:A2:BF",
                "00:1A:79:F5:73:0F"
            ]
        },
        {
            "server_name": "restream.cdn-4k.cloud",
            "server_url": "http://restream.cdn-4k.cloud/c/",
            "macs": [
                "00:1A:79:05:D0:B7",
                "00:1A:79:4B:CD:47",
                "00:1A:79:51:90:8D",
                "00:1A:79:7E:57:43",
                "00:1A:79:B0:DA:39",
                "00:1A:79:BA:44:5E",
                "00:1A:79:C6:70:9D"
            ]
        },
        {
            "server_name": "iptv.darktv.eu",
            "server_url": "http://iptv.darktv.eu/c/",
            "macs": [
                "00:1A:79:71:55:91",
                "00:1A:79:D5:3F:B0"
            ]
        },
        {
            "server_name": "ainfo.icu",
            "server_url": "http://ainfo.icu/c/",
            "macs": [
                "00:1A:79:00:1D:02",
                "00:1A:79:54:E8:7D"
            ]
        },
        {
            "server_name": "too4youall.net:8080",
            "server_url": "http://too4youall.net:8080/c/",
            "macs": [
                "00:1A:79:A9:1F:E6",
                "00:1A:79:AD:34:76",
                "00:1A:79:AE:4B:A6",
                "00:1A:79:C1:94:C8"
            ]
        },
        {
            "server_name": "ip.sltv.xyz:8080",
            "server_url": "http://ip.sltv.xyz:8080/c/",
            "macs": [
                "00:1A:79:BD:26:3A",
                "00:1A:79:EF:1C:8F"
            ]
        },
        {
            "server_name": "tv.tvdark.eu",
            "server_url": "http://tv.tvdark.eu/c/",
            "macs": [
                "00:1A:79:C1:FE:C2"
            ]
        },
        {
            "server_name": "mag.premiumplus.tv",
            "server_url": "http://mag.premiumplus.tv/c/",
            "macs": [
                "00:1A:79:00:43:42",
                "00:1A:79:00:43:93",
                "00:1A:79:00:43:D0",
                "00:1A:79:00:44:67",
                "00:1A:79:00:44:8A",
                "00:1A:79:00:44:A7",
                "00:1A:79:00:44:C2",
                "00:1A:79:00:44:FE",
                "00:1A:79:00:45:45",
                "00:1A:79:00:45:76",
                "00:1A:79:00:45:84",
                "00:1A:79:00:45:8A",
                "00:1A:79:00:46:3C",
                "00:1A:79:00:47:1F",
                "00:1A:79:00:47:E7",
                "00:1A:79:00:48:72",
                "00:1A:79:00:4A:18",
                "00:1A:79:00:4B:35",
                "00:1A:79:00:4C:8B",
                "00:1A:79:00:4C:AA",
                "00:1A:79:00:4D:83",
                "00:1A:79:00:50:2D"
            ]
        },
        {
            "server_name": "107.189.14.168:8080",
            "server_url": "http://107.189.14.168:8080/c/",
            "macs": [
                "00:1A:79:26:E4:07",
                "00:1A:79:3D:E4:B7",
                "00:1A:79:43:3E:FC"
            ]
        },
        {
            "server_name": "portal.entertainmentxl.com:8080",
            "server_url": "http://portal.entertainmentxl.com:8080/c/",
            "macs": [
                "00:1A:79:33:7F:84",
                "00:1A:79:47:94:34"
            ]
        },
        {
            "server_name": "fastopen.live:8080",
            "server_url": "http://fastopen.live:8080/c/",
            "macs": [
                "00:1A:79:39:2D:A8",
                "00:1A:79:43:28:D4",
                "00:1A:79:57:93:15",
                "00:1A:79:A6:33:57",
                "00:1A:79:AB:64:E1"
            ]
        },
        {
            "server_name": "extremaiptv.com:8080",
            "server_url": "http://extremaiptv.com:8080/c/",
            "macs": [
                "00:1A:79:04:06:F4",
                "00:1A:79:21:02:B3",
                "00:1A:79:44:83:66",
                "00:1A:79:6F:0E:2A",
                "00:1A:79:7A:F0:11",
                "00:1A:79:99:02:96",
                "00:1A:79:A5:A1:95",
                "00:1A:79:A7:B7:4F",
                "00:1A:79:A7:C6:E5",
                "00:1A:79:AE:A7:99",
                "00:1A:79:B3:A8:22",
                "00:1A:79:B5:58:22",
                "00:1A:79:BF:E6:85",
                "00:1A:79:C6:B7:9A",
                "00:1A:79:D1:92:52",
                "00:1A:79:D6:76:BB"
            ]
        },
        {
            "server_name": "new.dittotv.co",
            "server_url": "https://new.dittotv.co/stalker_portal/c/",
            "macs": [
                "00:1A:79:00:0F:E2",
                "00:1A:79:00:10:EE"
            ]
        },
        {
            "server_name": "tv.premiumplus.tv",
            "server_url": "http://tv.premiumplus.tv/c/",
            "macs": [
                "00:1A:79:13:14:53",
                "00:1A:79:35:F3:4F",
                "00:1A:79:87:BC:F9",
                "00:1A:79:B1:A5:01",
                "00:1A:79:B5:D2:7E"
            ]
        },
        {
            "server_name": "drk.yasarpro.com:80",
            "server_url": "http://drk.yasarpro.com:80/c/",
            "macs": [
                "00:1A:79:00:00:00",
                "00:1A:79:00:B8:42",
                "00:1A:79:10:92:22",
                "00:1A:79:19:4F:65",
                "00:1A:79:24:3F:6C",
                "00:1A:79:28:0F:C7",
                "00:1A:79:30:5F:1B",
                "00:1A:79:36:BD:66",
                "00:1A:79:3F:40:35",
                "00:1A:79:4E:31:92",
                "00:1A:79:53:4B:DB",
                "00:1A:79:66:0B:80",
                "00:1A:79:67:02:7A",
                "00:1A:79:6F:4F:41",
                "00:1A:79:7F:9C:F4",
                "00:1A:79:A2:6D:E0",
                "00:1A:79:A6:7F:86",
                "00:1A:79:BB:EE:C9",
                "00:1A:79:D1:84:5C",
                "00:1A:79:D6:0F:DC",
                "00:1A:79:D8:9F:C5"
            ]
        },
        {
            "server_name": "77.74.193.158:88",
            "server_url": "http://77.74.193.158:88/stalker_portal/c/",
            "macs": [
                "00:1A:79:11:C8:96",
                "00:1A:79:46:C9:1A",
                "00:1A:79:4E:37:9C",
                "00:1A:79:5B:E3:42",
                "00:1A:79:63:EE:E6",
                "00:1A:79:7A:E5:F3",
                "00:1A:79:E4:01:BF"
            ]
        }
    ]
}