{
    "items": [
        {
            "server_name": "200.26.188.66",
            "server_url": "http://200.26.188.66/c/",
            "macs": [
                "00:1A:79:9D:83:B1",
                "00:1A:79:6F:6F:64",
                "00:1A:79:BF:DE:CC",
                "00:1A:79:22:BE:D7",
                "00:1A:79:D6:AC:86",
                "00:1A:79:72:8A:5F",
                "00:1A:79:BD:42:1F",
                "00:1A:79:B6:4F:75",
                "00:1A:79:C0:8C:FA",
                "00:1A:79:92:4F:64",
                "00:1A:79:DE:A5:EA",
                "00:1A:79:7A:18:94"
            ]
        },
        {
            "server_name": "slayerteam.in.rs",
            "server_url": "http://slayerteam.in.rs/c/",
            "macs": [
                "00:1A:79:9A:44:15",
                "00:1A:79:00:0A:31",
                "00:1A:79:A2:BD:9D",
                "00:1A:79:24:1D:B2",
                "00:1A:79:A2:0A:AD",
                "00:1A:79:A8:D6:95",
                "00:1A:79:A4:CA:47",
                "00:1A:79:3A:7F:45",
                "00:1A:79:2D:37:26"
            ]
        },
        {
            "server_name": "154.9.154.242:80",
            "server_url": "http://154.9.154.242:80/c/",
            "macs": [
                "00:1A:79:4c:c8:88",
                "00:1A:79:63:87:9b",
                "00:1A:79:61:10:63",
                "00:1A:79:c6:66:46",
                "00:1A:79:0d:58:43",
                "00:1A:79:d5:6c:54",
                "00:1A:79:c7:27:07",
                "00:1A:79:28:21:6e",
                "00:1A:79:b5:b8:35",
                "00:1A:79:d9:f0:ed",
                "00:1A:79:56:df:a9",
                "00:1A:79:f5:2f:27",
                "00:1A:79:d8:f8:fd",
                "00:1A:79:63:87:9b",
                "00:1A:79:12:4f:be",
                "00:1A:79:d3:1e:a7"
            ]
        },
        {
            "server_name": "107.189.14.168:8080",
            "server_url": "http://107.189.14.168:8080/c/",
            "macs": [
                "00:1A:79:BE:D1:9E",
                "00:1A:79:6C:EF:03",
                "00:1A:79:3F:41:68",
                "00:1A:79:AE:6F:9D",
                "00:1A:79:A6:09:C7",
                "00:1A:79:B3:2A:BF",
                "00:1A:79:0D:62:E9",
                "00:1A:79:6E:BC:03"
            ]
        },
        {
            "server_name": "tkosportz.live:25461",
            "server_url": "http://tkosportz.live:25461/c/",
            "macs": [
                "00:1A:79:E6:52:1E",
                "00:1A:79:E5:88:CC"
            ]
        },
        {
            "server_name": "coresys.dvrdns.org:25461",
            "server_url": "http://coresys.dvrdns.org:25461/c/",
            "macs": [
                "00:1A:79:8C:6F:81"
            ]
        },
        {
            "server_name": "wyveep.com",
            "server_url": "http://wyveep.com/c/",
            "macs": [
                "00:1A:79:F1:B0:32",
                "00:1A:79:24:7C:06"
            ]
        },
        {
            "server_name": "d.tvdark.eu",
            "server_url": "http://d.tvdark.eu/c/",
            "macs": [
                "00:1A:79:21:21:6D"
            ]
        },
        {
            "server_name": "1234up.com",
            "server_url": "http://1234up.com/c/",
            "macs": [
                "00:1A:79:24:7B:FF",
                "00:1A:79:C7:F4:9E"
            ]
        },
        {
            "server_name": "4kforyou.pro",
            "server_url": "http://4kforyou.pro/c/",
            "macs": [
                "00:1A:79:A1:AA:3B"
            ]
        },
        {
            "server_name": "uhd3.one",
            "server_url": "http://uhd3.one/c/",
            "macs": [
                "00:1A:79:BE:26:F9"
            ]
        },
        {
            "server_name": "fastopen.live:8080",
            "server_url": "http://fastopen.live:8080/c/",
            "macs": [
                "00:1A:79:63:C3:61"
            ]
        },
        {
            "server_name": "ggddnss2.com:8080",
            "server_url": "http://ggddnss2.com:8080/c/",
            "macs": [
                "00:1A:79:23:4F:A6"
            ]
        },
        {
            "server_name": "web2021.biz:8080",
            "server_url": "http://web2021.biz:8080/c/",
            "macs": [
                "00:1A:79:A7:2A:32",
                "00:1A:79:6A:9F:BA"
            ]
        },
        {
            "server_name": "spacextv.live:8080",
            "server_url": "http://spacextv.live:8080/c/",
            "macs": [
                "00:1A:79:08:EF:74",
                "00:1A:79:08:42:4F"
            ]
        },
        {
            "server_name": "genlive.online",
            "server_url": "http://genlive.online/c/",
            "macs": [
                "00:1a:79:58:13:cd"
            ]
        },
        {
            "server_name": "mag.rs6ott.com",
            "server_url": "http://mag.rs6ott.com/c/",
            "macs": [
                "00:1A:79:A3:B7:83"
            ]
        },
        {
            "server_name": "ggddnss2.com:8080",
            "server_url": "http://ggddnss2.com:8080/c/",
            "macs": [
                "00:1A:79:7E:14:4C",
                "00:1A:79:A9:C4:8E",
                "00:1A:79:9B:11:54"
            ]
        },
        {
            "server_name": "cineplus-hd.com",
            "server_url": "http://cineplus-hd.com/c/",
            "macs": [
                "00:1A:79:AA:DA:62",
                "00:1A:79:D4:E3:C2",
                "00:1A:79:AA:DA:B3",
                "00:1A:79:5C:4E:6B",
                "00:1A:79:AA:DA:5D",
                "00:1A:79:57:6F:E8",
                "00:1A:79:57:6F:47",
                "00:1A:79:C4:BB:7C",
                "00:1A:79:D3:B5:1C",
                "00:1A:79:C4:BB:0C",
                "00:1A:79:C0:5E:49",
                "00:1A:79:AA:DA:DA",
                "00:1A:79:B3:B8:4D"
            ]
        },
        {
            "server_name": "45.139.122.199:8080",
            "server_url": "http://45.139.122.199:8080/c/",
            "macs": [
                "00:1A:79:c4:5f:ed"
            ]
        },
        {
            "server_name": "4kforyou.pro:2052",
            "server_url": "http://4kforyou.pro:2052/c/",
            "macs": [
                "00:1A:79:80:8a:bd",
                "00:1A:79:41:e7:bc",
                "00:1A:79:5c:e7:6c",
                "00:1A:79:73:5b:59"
            ]
        },
        {
            "server_name": "livepremium.xyz:8080",
            "server_url": "http://livepremium.xyz:8080/c/",
            "macs": [
                "00:1A:79:0B:B5:FB",
                "00:1A:79:C6:AA:E5",
                "00:1A:79:B2:02:E4",
                "00:1A:79:27:24:64",
                "00:1A:79:66:84:DB",
                "00:1A:79:BF:DA:E5",
                "00:1A:79:B9:E7:D8",
                "00:1A:79:56:B9:9E",
                "00:1A:79:05:DD:5F",
                "00:1A:79:CC:47:EB",
                "00:1A:79:23:9E:05",
                "00:1A:79:AF:5D:EA",
                "00:1A:79:A5:D0:E6",
                "00:1A:79:C2:79:2C"
            ]
        },
        {
            "server_name": "new.uniquetv4k.be",
            "server_url": "http://new.uniquetv4k.be/stalker_portal/c/",
            "macs": [
                "00:1A:79:7A:4B:76",
                "00:1A:79:53:0F:AA",
                "00:1A:79:E7:CD:00",
                "00:1A:79:D3:65:52"
            ]
        },
        {
            "server_name": "p1.iptvrocket.tv",
            "server_url": "http://p1.iptvrocket.tv/c/",
            "macs": [
                "00:1A:79:08:6B:8A",
                "00:1A:79:B8:3C:03",
                "00:1A:79:66:2A:D8",
                "00:1A:79:19:9F:F3",
                "00:1A:79:66:B3:6E",
                "00:1A:79:97:BA:0B",
                "00:1A:79:C4:9C:4F",
                "00:1A:79:AF:DA:3D",
                "00:1A:79:BF:0C:86",
                "00:1A:79:B3:52:8A",
                "00:1A:79:67:9F:AB",
                "00:1A:79:B7:DC:95"
            ]
        },
        {
            "server_name": "154.9.154.242:80",
            "server_url": "http://154.9.154.242:80/c/",
            "macs": [
                "00:1A:79:4c:c8:88",
                "00:1A:79:61:10:63"
            ]
        },
        {
            "server_name": "4k.f01tv.live:8080",
            "server_url": "http://4k.f01tv.live:8080/c/",
            "macs": [
                "00:1A:79:c0:a3:54"
            ]
        },
        {
            "server_name": "ratontv.com",
            "server_url": "http://ratontv.com/c/",
            "macs": [
                "00:1A:79:31:0B:E0",
                "00:1A:79:32:05:50",
                "00:1A:79:31:63:32",
                "99:99:99:99:99:99"
            ]
        },
        {
            "server_name": "4k.f01tv.live:8080",
            "server_url": "http://4k.f01tv.live:8080/c/",
            "macs": [
                "00:1A:79:bd:1d:c7",
                "00:1A:79:c0:a3:54"
            ]
        },
        {
            "server_name": "elit4kiptv.info:8080",
            "server_url": "http://elit4kiptv.info:8080/c/",
            "macs": [
                "00:1A:79:ba:d4:29",
                "00:1A:79:b1:a9:17",
                "00:1A:79:6d:87:4b",
                "00:1A:79:08:4c:65",
                "00:1A:79:ae:21:8b",
                "00:1A:79:96:fb:c7",
                "00:1A:79:c3:b4:fc",
                "00:1A:79:2a:24:6b",
                "00:1A:79:c7:99:5d",
                "00:1A:79:08:eb:84",
                "00:1A:79:4d:02:7d",
                "00:1A:79:08:44:7f",
                "00:1A:79:11:2f:59",
                "00:1A:79:af:39:b3"
            ]
        },
        {
            "server_name": "149.56.31.235:88",
            "server_url": "http://149.56.31.235:88/stalker_portal/c/",
            "macs": [
                "00:1A:79:AF:33:84",
                "00:1A:79:80:FE:59",
                "00:1A:79:AA:0F:45",
                "00:1A:79:43:F7:1C",
                "00:1A:79:70:AC:2F",
                "00:1A:79:6C:1D:FD",
                "00:1A:79:AC:2C:3F",
                "00:1A:79:99:F3:09",
                "00:1A:79:C2:EA:EA",
                "00:1A:79:7A:27:20",
                "00:1A:79:A6:3A:12",
                "00:1A:79:72:59:6E",
                "00:1A:79:4C:1D:0F",
                "00:1A:79:A4:B5:79",
                "00:1A:79:E0:8F:B7"
            ]
        },
        {
            "server_name": "m.tvmera.com",
            "server_url": "http://m.tvmera.com/c/",
            "macs": [
                "00:1A:79:B7:49:91",
                "00:1A:79:BC:DA:4A"
            ]
        },
        {
            "server_name": "line.gofast-tv.me",
            "server_url": "http://line.gofast-tv.me/c/",
            "macs": [
                "00:1A:79:79:8F:59",
                "00:1A:79:BB:8F:D2",
                "00:1A:79:9E:2E:7A"
            ]
        },
        {
            "server_name": "breakfa5t.club",
            "server_url": "http://breakfa5t.club/c/",
            "macs": [
                "00:1A:79:00:00:00"
            ]
        },
        {
            "server_name": "m.tvmera.com",
            "server_url": "http://m.tvmera.com/c/",
            "macs": [
                "00:1A:79:4F:99:CE",
                "00:1A:79:07:C8:28",
                "00:1A:79:C6:ED:FE",
                "00:1A:79:C3:22:F9",
                "00:1A:79:BC:87:D1",
                "00:1A:79:73:C1:3B",
                "00:1A:79:D0:F5:5A",
                "00:1A:79:B2:81:0E",
                "00:1A:79:BF:8C:FA"
            ]
        },
        {
            "server_name": "212.129.8.69",
            "server_url": "http://212.129.8.69/stalker_portal/c/",
            "macs": [
                "00:1A:79:3D:FB:B1",
                "00:1A:79:B5:1C:4D",
                "00:1A:79:7E:D5:A3"
            ]
        },
        {
            "server_name": "line.gofast-tv.me",
            "server_url": "http://line.gofast-tv.me/c/",
            "macs": [
                "00:1A:79:CD:47:0B",
                "00:1A:79:10:53:4B",
                "00:1A:79:B4:DB:21",
                "00:1A:79:0B:BB:85",
                "00:1A:79:CD:D0:30",
                "00:1A:79:70:99:0C"
            ]
        },
        {
            "server_name": "login.newborntv.info",
            "server_url": "http://login.newborntv.info/c/",
            "macs": [
                "00:1A:79:00:11:11"
            ]
        }
    ]
}