{
    "items": [
        {
            "server_name": "madula.ath.cx:8080",
            "server_url": "http://madula.ath.cx:8080/c/",
            "macs": [
                "00:1A:79:5B:E8:BF"
            ]
        },
        {
            "server_name": "ggddnss2.com:8080",
            "server_url": "http://ggddnss2.com:8080/c/",
            "macs": [
                "00:1A:79:BD:2F:D2",
                "00:1A:79:A9:C4:8E",
                "00:1A:79:9B:11:54"
            ]
        },
        {
            "server_name": "ip.xtremetv.eu:8000",
            "server_url": "http://ip.xtremetv.eu:8000/c/",
            "macs": [
                "00:1A:79:BC:D7:9A",
                "00:1A:79:4E:FD:4E"
            ]
        },
        {
            "server_name": "coresys.dvrdns.org:25461",
            "server_url": "http://coresys.dvrdns.org:25461/c/",
            "macs": [
                "00:1A:79:9B:4F:F2",
                "00:1A:79:D8:2F:2F"
            ]
        },
        {
            "server_name": "107.189.14.168:8080",
            "server_url": "http://107.189.14.168:8080/c/",
            "macs": [
                "00:1A:79:90:57:58",
                "00:1A:79:23:4F:A6",
                "00:1A:79:4C:60:F8",
                "00:1A:79:18:3F:CA"
            ]
        },
        {
            "server_name": "io.t-v.io",
            "server_url": "http://io.t-v.io/c/",
            "macs": [
                "00:1A:79:C6:D9:E2"
            ]
        },
        {
            "server_name": "main.light-ott.net:80",
            "server_url": "http://main.light-ott.net:80/c/",
            "macs": [
                "00:1a:79:6A:88:07"
            ]
        },
        {
            "server_name": "fast.newdns.world",
            "server_url": "http://fast.newdns.world/c/",
            "macs": [
                "00:1A:79:BD:C5:AA",
                "00:1A:79:63:55:5B",
                "00:1A:79:D1:A4:39",
                "00:1A:79:D3:75:95",
                "00:1A:79:69:D7:88"
            ]
        }
    ]
}