{
    "items": [
        {
            "server_name": "ip.paket.live:80",
            "server_url": "http://ip.paket.live:80/c/",
            "macs": [
                "00:1A:79:55:05:01",
                "00:1A:79:55:BE:56",
                "00:1A:79:55:BE:92",
                "00:1A:79:56:B5:1D"
            ]
        },
        {
            "server_name": "restream.globaltv1.net:8080",
            "server_url": "http://restream.globaltv1.net:8080/c/",
            "macs": [
                "00:1A:79:10:E0:FD",
                "00:1A:79:13:54:EF",
                "00:1A:79:4D:02:D9"
            ]
        },
        {
            "server_name": "ogzpunk.live:8080",
            "server_url": "http://ogzpunk.live:8080/c/",
            "macs": [
                "00:1A:79:13:4F:8A",
                "00:1A:79:13:57:AE",
                "00:1A:79:54:5E:1F",
                "00:1A:79:90:24:B9",
                "00:1A:79:B4:FB:4F",
                "00:1A:79:D7:99:DB"
            ]
        },
        {
            "server_name": "medotv.nl:8000",
            "server_url": "http://medotv.nl:8000/c/",
            "macs": [
                "00:1A:79:4C:5D:40",
                "00:1A:79:4E:2D:25",
                "00:1A:79:D9:45:62"
            ]
        },
        {
            "server_name": "zorrohunter.com",
            "server_url": "http://zorrohunter.com/c/",
            "macs": [
                "00:1A:79:44:25:72",
                "00:1A:79:70:0B:52"
            ]
        },
        {
            "server_name": "jt-info.xyz",
            "server_url": "http://jt-info.xyz/c/",
            "macs": [
                "00:1A:79:37:AE:37",
                "00:1A:79:4F:A7:DC"
            ]
        },
        {
            "server_name": "mutant.arrox.top:80",
            "server_url": "http://mutant.arrox.top:80/c/",
            "macs": [
                "00:1A:79:00:59:53",
                "00:1A:79:88:0B:EF",
                "00:1A:79:BA:30:5D"
            ]
        },
        {
            "server_name": "onfireboxtv.com",
            "server_url": "http://onfireboxtv.com/c/",
            "macs": [
                "00:1A:79:75:37:2B",
                "00:1A:79:7A:DB:17",
                "00:1A:79:7B:AD:09",
                "00:1A:79:7C:BD:6E"
            ]
        },
        {
            "server_name": "mutant.arrox.top",
            "server_url": "http://mutant.arrox.top/c/",
            "macs": [
                "00:1A:79:14:6F:76",
                "00:1A:79:18:E1:6C",
                "00:1A:79:30:6F:04",
                "00:1A:79:31:75:E6",
                "00:1A:79:37:AB:5D",
                "00:1A:79:40:60:9B",
                "00:1A:79:4C:73:AD",
                "00:1A:79:4F:F6:81",
                "00:1A:79:51:4C:5B",
                "00:1A:79:57:B2:58",
                "00:1A:79:5A:35:6E",
                "00:1A:79:5F:03:09",
                "00:1A:79:6B:88:B6",
                "00:1A:79:6E:2E:E9",
                "00:1A:79:8B:08:A0",
                "00:1A:79:92:4E:CF",
                "00:1A:79:CC:FB:63"
            ]
        },
        {
            "server_name": "tv.trexiptv.com",
            "server_url": "http://tv.trexiptv.com/c/",
            "macs": [
                "00:1A:79:02:98:4B",
                "00:1A:79:57:81:4C",
                "00:1A:79:75:80:15",
                "00:1A:79:7B:08:88",
                "00:1A:79:C0:3F:B5",
                "00:1A:79:C4:9F:0F",
                "00:1A:79:CD:53:0A",
                "00:1A:79:D2:C8:54",
                "00:1A:79:FB:11:F2"
            ]
        },
        {
            "server_name": "z.zcatt.cc",
            "server_url": "http://z.zcatt.cc/stalker_portal/c/",
            "macs": [
                "00:1A:79:35:35:66",
                "00:1A:79:4A:8B:C9",
                "00:1A:79:89:7A:6B",
                "00:1A:79:B6:76:F0"
            ]
        },
        {
            "server_name": "gangdosofa.stream:8080",
            "server_url": "http://gangdosofa.stream:8080/c/",
            "macs": [
                "00:1A:79:40:90:01"
            ]
        },
        {
            "server_name": "fast.newdns.world",
            "server_url": "http://fast.newdns.world/c/",
            "macs": [
                "00:1A:79:13:F7:B5",
                "00:1A:79:C4:28:04"
            ]
        },
        {
            "server_name": "vod.4kplus.org",
            "server_url": "http://vod.4kplus.org/c/",
            "macs": [
                "00:1A:79:09:C1:F0",
                "00:1A:79:92:73:F7"
            ]
        },
        {
            "server_name": "teckpro-lus.xyz:8080",
            "server_url": "http://teckpro-lus.xyz:8080/c/",
            "macs": [
                "00:1A:79:C7:B8:EA"
            ]
        },
        {
            "server_name": "90309-fri.ott-cdn.me",
            "server_url": "http://90309-fri.ott-cdn.me/c/",
            "macs": [
                "00:1A:79:36:58:D2",
                "00:1A:79:96:E6:46",
                "00:1A:79:A1:FC:B0",
                "00:1A:79:AF:7F:8E",
                "00:1A:79:BF:7A:3E",
                "00:1A:79:C3:94:FA"
            ]
        },
        {
            "server_name": "p1.uiop.tv",
            "server_url": "http://p1.uiop.tv/stalker_portal/c/",
            "macs": [
                "00:1A:79:45:32:90",
                "00:1A:79:4F:69:93",
                "00:1A:79:A6:A0:0D"
            ]
        }
    ]
}