{
    "items": [
        {
            "server_name": "panel.ooguy.com:82",
            "server_url": "http://panel.ooguy.com:82/stalker_portal/c/",
            "macs": [
                "00:1A:79:01:82:30",
                "00:1A:79:01:83:5D",
                "00:1A:79:01:83:5E",
                "00:1A:79:01:83:BC",
                "00:1A:79:01:88:32",
                "00:1A:79:01:88:83",
                "00:1A:79:A1:FC:E8",
                "00:1A:79:AE:2D:BD",
                "00:1A:79:C2:79:C9",
                "00:1A:79:C3:BF:2C",
                "00:1A:79:C6:19:AD",
                "00:1A:79:D3:B2:3C",
                "00:1A:79:E2:D6:73",
                "00:1A:79:F1:AF:B6",
                "00:1A:79:F1:AF:BF",
                "00:1A:79:FB:1C:B1"
            ]
        },
        {
            "server_name": "skipcf.cwdn.cx",
            "server_url": "http://skipcf.cwdn.cx/c/",
            "macs": [
                "00:1A:79:F5:3E:2A"
            ]
        },
        {
            "server_name": "spacextv.live:8080",
            "server_url": "http://spacextv.live:8080/c/",
            "macs": [
                "00:1A:79:48:12:A8",
                "00:1A:79:BC:23:74"
            ]
        },
        {
            "server_name": "mag.ukhd.tv",
            "server_url": "http://mag.ukhd.tv/c/",
            "macs": [
                "00:1A:79:19:1F:37"
            ]
        },
        {
            "server_name": "avare.kingtv.pw:80",
            "server_url": "http://avare.kingtv.pw:80/c/",
            "macs": [
                "00:1A:79:07:BD:A0",
                "00:1A:79:13:51:98"
            ]
        },
        {
            "server_name": "nicolaj.123tv.to:8080",
            "server_url": "http://nicolaj.123tv.to:8080/c/",
            "macs": [
                "00:1A:79:73:32:75"
            ]
        },
        {
            "server_name": "2gb1.tvcdn.online",
            "server_url": "http://2gb1.tvcdn.online/c/",
            "macs": [
                "00:1A:79:91:10:17"
            ]
        },
        {
            "server_name": "global4k.info:8080",
            "server_url": "http://global4k.info:8080/c/",
            "macs": [
                "00:1A:79:4D:01:16"
            ]
        },
        {
            "server_name": "m.devtv.biz:80",
            "server_url": "http://m.devtv.biz:80/c/",
            "macs": [
                "00:1A:79:6B:60:B4",
                "00:1A:79:A6:00:CE"
            ]
        },
        {
            "server_name": "pars01.com:8080",
            "server_url": "http://pars01.com:8080/c/",
            "macs": [
                "00:1A:79:6E:2A:9B"
            ]
        },
        {
            "server_name": "pankajgorasiya.net",
            "server_url": "http://pankajgorasiya.net/c/",
            "macs": [
                "00:1A:79:10:E0:A8"
            ]
        },
        {
            "server_name": "drk.yasar.tv",
            "server_url": "http://drk.yasar.tv/c/",
            "macs": [
                "00:1A:79:57:99:81",
                "00:1A:79:92:74:B2"
            ]
        },
        {
            "server_name": "1234up.com:8080",
            "server_url": "http://1234up.com:8080/c/",
            "macs": [
                "00:1A:79:6F:9F:09",
                "00:1A:79:BA:E5:16",
                "00:1A:79:BF:7A:3A",
                "00:1A:79:C4:D9:27"
            ]
        },
        {
            "server_name": "ix.kingtv.pw",
            "server_url": "http://ix.kingtv.pw/c/",
            "macs": [
                "00:1A:79:25:EA:B0",
                "00:1A:79:29:65:85",
                "00:1A:79:30:48:10",
                "00:1A:79:32:1F:4C",
                "00:1A:79:3B:6D:91",
                "00:1A:79:3D:3B:5E",
                "00:1A:79:41:89:85",
                "00:1A:79:41:C8:EB",
                "00:1A:79:43:1E:13",
                "00:1A:79:44:76:00",
                "00:1A:79:45:A1:B7",
                "00:1A:79:45:D9:42",
                "00:1A:79:48:DB:66",
                "00:1A:79:4A:FB:EB",
                "00:1A:79:4E:CE:87",
                "00:1A:79:50:A0:11",
                "00:1A:79:57:43:AC",
                "00:1A:79:5C:A3:02"
            ]
        },
        {
            "server_name": "egaletv.cc",
            "server_url": "http://egaletv.cc/c/",
            "macs": [
                "00:1A:79:02:FE:22",
                "00:1A:79:03:04:5C",
                "00:1A:79:3C:AC:83",
                "00:1A:79:40:4C:4C",
                "00:1A:79:40:54:AD",
                "00:1A:79:48:56:36",
                "00:1A:79:52:DC:4D",
                "00:1A:79:57:E5:0C",
                "00:1A:79:58:99:BE",
                "00:1A:79:80:D8:27",
                "00:1A:79:95:89:60",
                "00:1A:79:98:0A:5C",
                "00:1A:79:A1:8C:EC",
                "00:1A:79:AA:AF:E1",
                "00:1A:79:B1:DB:EF",
                "00:1A:79:BC:B8:F9",
                "00:1A:79:CB:8C:5F",
                "00:1A:79:F1:5C:BA"
            ]
        },
        {
            "server_name": "200.26.188.66",
            "server_url": "http://200.26.188.66/c/",
            "macs": [
                "00:1A:79:56:2F:E9",
                "00:1A:79:5E:D5:81",
                "00:1A:79:90:56:9E"
            ]
        },
        {
            "server_name": "dvsdgvdffymjrubthnuynryednby54541xdx.portalbmg.com:8080",
            "server_url": "http://dvsdgvdffymjrubthnuynryednby54541xdx.portalbmg.com:8080/c/",
            "macs": [
                "00:1A:79:AE:67:B9"
            ]
        },
        {
            "server_name": "lionshd.me",
            "server_url": "http://lionshd.me/c/",
            "macs": [
                "00:1A:79:02:FB:CF",
                "00:1A:79:D3:29:AC",
                "00:1A:79:D4:FB:ED",
                "00:1A:79:DF:E8:6A"
            ]
        },
        {
            "server_name": "streamtube.cc:80",
            "server_url": "http://streamtube.cc:80/c/",
            "macs": [
                "00:1A:79:48:52:F1",
                "00:1A:79:89:FD:BC",
                "00:1A:79:B7:4E:AA",
                "00:1A:79:B7:56:62",
                "00:1A:79:B9:75:4A",
                "00:1A:79:B9:8F:B5",
                "00:1A:79:BC:3E:0E",
                "00:1A:79:C2:31:EF",
                "00:1A:79:C2:43:EC",
                "00:1A:79:C2:44:AD"
            ]
        },
        {
            "server_name": "server.hdiptv.world:8080",
            "server_url": "http://server.hdiptv.world:8080/c/",
            "macs": [
                "00:1A:79:40:E9:D7",
                "00:1A:79:5B:A2:4B",
                "00:1A:79:5C:CE:BB"
            ]
        },
        {
            "server_name": "117tv.icu:8080",
            "server_url": "http://117tv.icu:8080/c/",
            "macs": [
                "00:1A:79:4C:16:BB",
                "00:1A:79:61:DC:CD"
            ]
        },
        {
            "server_name": "107.189.14.168:8080",
            "server_url": "http://107.189.14.168:8080/c/",
            "macs": [
                "00:1A:79:71:F8:DD",
                "00:1A:79:BD:57:80"
            ]
        },
        {
            "server_name": "king4k.tv:80",
            "server_url": "http://king4k.tv:80/c/",
            "macs": [
                "00:1A:79:00:00:02"
            ]
        },
        {
            "server_name": "llllllllliiiiiiiiiiiiii.funtogether.xyz:8080",
            "server_url": "http://llllllllliiiiiiiiiiiiii.funtogether.xyz:8080/c/",
            "macs": [
                "00:1A:79:4F:35:2C",
                "00:1A:79:A1:FB:B1",
                "00:1A:79:C5:6F:CD",
                "00:1A:79:CE:0A:76",
                "00:1A:79:D1:92:A9"
            ]
        },
        {
            "server_name": "ip.xtremetv.eu:8000",
            "server_url": "http://ip.xtremetv.eu:8000/c/",
            "macs": [
                "00:1A:79:35:3B:D9"
            ]
        },
        {
            "server_name": "mutant.arrox.top:80",
            "server_url": "http://mutant.arrox.top:80/c/",
            "macs": [
                "00:1A:79:02:AC:C3",
                "00:1A:79:02:F8:3A",
                "00:1A:79:02:FC:BB",
                "00:1A:79:03:02:2E"
            ]
        },
        {
            "server_name": "tv.tvdark.eu",
            "server_url": "http://tv.tvdark.eu/c/",
            "macs": [
                "00:1A:79:0B:16:02",
                "00:1A:79:41:77:F0",
                "00:1A:79:52:7F:33",
                "00:1A:79:56:1F:7D",
                "00:1A:79:84:C9:96",
                "00:1A:79:85:D5:BD",
                "00:1A:79:90:0B:4C",
                "00:1A:79:AA:8E:AD",
                "00:1A:79:ED:E9:3A"
            ]
        },
        {
            "server_name": "exchange.jinbox.nl:1339",
            "server_url": "http://exchange.jinbox.nl:1339/c/",
            "macs": [
                "00:1A:79:10:80:2A",
                "00:1A:79:29:0B:5C",
                "00:1A:79:80:B9:1F",
                "00:1A:79:A1:C7:AB",
                "00:1A:79:CB:97:70"
            ]
        },
        {
            "server_name": "tr.redatvgold.com",
            "server_url": "https://tr.redatvgold.com/c/",
            "macs": [
                "00:1A:79:0B:B5:02",
                "00:1A:79:8C:FA:D9",
                "00:1A:79:B6:29:D9"
            ]
        },
        {
            "server_name": "rufus.zone",
            "server_url": "https://rufus.zone/stalker_portal/c/",
            "macs": [
                "00:1A:79:00:AC:C9",
                "00:1A:79:C5:05:70",
                "00:1A:79:E5:21:40"
            ]
        },
        {
            "server_name": "p1.iptvrocket.tv",
            "server_url": "http://p1.iptvrocket.tv/c/",
            "macs": [
                "00:1A:79:30:B7:0C",
                "00:1A:79:41:8A:8D",
                "00:1A:79:FB:59:61"
            ]
        },
        {
            "server_name": "iptv.jinbox.eu:1339",
            "server_url": "http://iptv.jinbox.eu:1339/c/",
            "macs": [
                "00:1A:79:A1:85:E6",
                "00:1A:79:CB:84:D6"
            ]
        },
        {
            "server_name": "pal.alphatx.me",
            "server_url": "http://pal.alphatx.me/c/",
            "macs": [
                "00:1A:79:61:25:D5",
                "00:1A:79:61:4E:96",
                "00:1A:79:7E:E4:0B",
                "00:1A:79:7F:1C:FA",
                "00:1A:79:B5:9B:A6"
            ]
        },
        {
            "server_name": "nonamevos.com",
            "server_url": "http://nonamevos.com/c/",
            "macs": [
                "00:1A:79:20:BC:EE",
                "00:1A:79:20:E4:5B",
                "00:1A:79:22:15:A4",
                "00:1A:79:27:52:55",
                "00:1A:79:C8:3F:21",
                "00:1A:79:D2:38:DB"
            ]
        },
        {
            "server_name": "itekfzco.com:80",
            "server_url": "http://itekfzco.com:80/c/",
            "macs": [
                "00:1A:79:12:E9:53",
                "00:1A:79:38:32:56",
                "00:1A:79:38:79:12",
                "00:1A:79:4D:7D:61",
                "00:1A:79:57:04:7C",
                "00:1A:79:5C:29:8C",
                "00:1A:79:5D:7F:5C",
                "00:1A:79:5F:14:1D",
                "00:1A:79:6D:59:7F",
                "00:1A:79:6D:95:9B",
                "00:1A:79:75:4B:3C",
                "00:1A:79:BD:58:98",
                "00:1A:79:C1:3D:F7",
                "00:1A:79:FB:0E:0E"
            ]
        },
        {
            "server_name": "4u.eagle4u.org:80",
            "server_url": "http://4u.eagle4u.org:80/c/",
            "macs": [
                "00:1A:79:00:01:01",
                "00:1A:79:00:11:22",
                "00:1A:79:00:1A:79",
                "00:1A:79:00:1E:B8",
                "00:1A:79:00:3B:0F",
                "00:1A:79:00:57:10",
                "00:1A:79:00:70:36",
                "00:1A:79:00:71:60",
                "00:1A:79:00:7E:37",
                "00:1A:79:00:82:61",
                "00:1A:79:00:95:18",
                "00:1A:79:00:96:89",
                "00:1A:79:00:98:1C",
                "00:1A:79:00:B1:FD",
                "00:1A:79:00:D5:D3",
                "00:1A:79:00:DF:13",
                "00:1A:79:00:E1:E5",
                "00:1A:79:00:FB:4D",
                "00:1A:79:01:05:86"
            ]
        }
    ]
}