{
    "items": [
        {
            "server_name": "streamtube.cc:80",
            "server_url": "http://streamtube.cc:80/c/",
            "macs": [
                "00:1A:79:14:F7:63",
                "00:1A:79:35:38:53",
                "00:1A:79:39:53:8B",
                "00:1A:79:5A:8B:7E",
                "00:1A:79:5F:63:7D",
                "00:1A:79:63:5E:C4",
                "00:1A:79:67:F8:52",
                "00:1A:79:68:15:B7",
                "00:1A:79:6C:42:43",
                "00:1A:79:B0:B8:39",
                "00:1A:79:B7:4E:AA",
                "00:1A:79:B7:56:62",
                "00:1A:79:B9:75:38",
                "00:1A:79:B9:75:4A",
                "00:1A:79:C2:43:EC",
                "00:1A:79:C2:44:D3",
                "00:1A:79:CC:67:25",
                "00:1A:79:CD:FA:F4"
            ]
        },
        {
            "server_name": "ix.kingtv.pw:80",
            "server_url": "http://ix.kingtv.pw:80/c/",
            "macs": [
                "00:1A:79:07:BE:90",
                "00:1A:79:08:F0:50",
                "00:1A:79:0E:39:6D",
                "00:1A:79:10:D4:CF",
                "00:1A:79:13:4F:B4",
                "00:1A:79:15:15:9A",
                "00:1A:79:6B:BC:DA",
                "00:1A:79:6E:2A:A2",
                "00:1A:79:76:FD:93",
                "00:1A:79:9E:88:83",
                "00:1A:79:A0:FE:5D",
                "00:1A:79:AF:34:CA",
                "00:1A:79:B3:91:D5",
                "00:1A:79:CC:9E:FE",
                "00:1A:79:FF:2E:86"
            ]
        },
        {
            "server_name": "200.26.188.66:80",
            "server_url": "http://200.26.188.66:80/c/",
            "macs": [
                "00:1A:79:00:16:CF",
                "00:1A:79:2A:30:64",
                "00:1A:79:4B:57:D3",
                "00:1A:79:4E:8D:09",
                "00:1A:79:56:2B:73",
                "00:1A:79:69:BD:B1",
                "00:1A:79:73:7C:27",
                "00:1A:79:7C:7F:E1",
                "00:1A:79:A2:67:9B",
                "00:1A:79:BA:8D:6B",
                "00:1A:79:BB:E9:B7",
                "00:1A:79:BF:D4:C8"
            ]
        },
        {
            "server_name": "m.devtv.biz",
            "server_url": "http://m.devtv.biz/c/",
            "macs": [
                "00:1A:79:09:4A:D7",
                "00:1A:79:0E:1F:17",
                "00:1A:79:0E:1F:E1",
                "00:1A:79:14:79:02",
                "00:1A:79:4E:B8:8E",
                "00:1A:79:4E:B8:CB",
                "00:1A:79:4E:B8:CC",
                "00:1A:79:69:CB:BD",
                "00:1A:79:90:0A:5E",
                "00:1A:79:BC:E8:B3",
                "00:1A:79:BC:E8:D7",
                "00:1A:79:BC:E8:DE",
                "00:1A:79:BC:E8:E1"
            ]
        },
        {
            "server_name": "x.bittensor.nexus",
            "server_url": "http://x.bittensor.nexus/c/",
            "macs": [
                "00:1A:79:00:24:AD",
                "00:1A:79:00:29:77",
                "00:1A:79:00:2F:7C",
                "00:1A:79:00:39:0F",
                "00:1A:79:00:4A:42",
                "00:1A:79:00:4C:B2",
                "00:1A:79:00:54:E1",
                "00:1A:79:00:57:09",
                "00:1A:79:00:58:42",
                "00:1A:79:00:66:1D",
                "00:1A:79:00:81:A6",
                "00:1A:79:00:90:84",
                "00:1A:79:00:94:E2",
                "00:1A:79:00:95:1A",
                "00:1A:79:00:97:7E",
                "00:1A:79:00:99:2A",
                "00:1A:79:00:9A:67",
                "00:1A:79:00:A2:C1",
                "00:1A:79:00:AD:35",
                "00:1A:79:00:B1:C2",
                "00:1A:79:00:CD:F6",
                "00:1A:79:00:D0:80"
            ]
        },
        {
            "server_name": "7.iptvon.tv.123tv.to",
            "server_url": "http://7.iptvon.tv.123tv.to/c/",
            "macs": [
                "00:1A:79:32:AB:42",
                "00:1A:79:51:3A:A1",
                "00:1A:79:56:55:EC",
                "00:1A:79:6D:A7:D0",
                "00:1A:79:A1:C7:C3",
                "00:1A:79:A4:96:69",
                "00:1A:79:A4:CE:90",
                "00:1A:79:A7:C4:8F",
                "00:1A:79:A9:DA:9D",
                "00:1A:79:A9:DB:2B",
                "00:1A:79:AB:4E:52",
                "00:1A:79:AB:54:22",
                "00:1A:79:AD:0A:60",
                "00:1A:79:B1:1C:DE",
                "00:1A:79:B2:16:5C",
                "00:1A:79:BC:ED:15",
                "00:1A:79:BD:5D:3A",
                "00:1A:79:C4:10:6C"
            ]
        },
        {
            "server_name": "alexiptv.ddns.me:8080",
            "server_url": "http://alexiptv.ddns.me:8080/c/",
            "macs": [
                "00:1A:79:04:E5:8C",
                "00:1A:79:19:3A:14",
                "00:1A:79:32:76:2D",
                "00:1A:79:3B:EE:47",
                "00:1A:79:42:D4:72",
                "00:1A:79:45:20:82",
                "00:1A:79:48:9D:42",
                "00:1A:79:4E:1B:17",
                "00:1A:79:5D:04:ED",
                "00:1A:79:6A:EB:BC",
                "00:1A:79:AD:7D:45",
                "00:1A:79:AE:4B:1A",
                "00:1A:79:AF:5C:BE",
                "00:1A:79:AF:60:F6",
                "00:1A:79:BB:C7:5D",
                "00:1A:79:CD:14:A4",
                "00:1A:79:D1:AD:72",
                "00:1A:79:D8:76:CB"
            ]
        },
        {
            "server_name": "93.113.203.103:80",
            "server_url": "http://93.113.203.103:80/c/",
            "macs": [
                "00:1A:79:35:4B:75",
                "00:1A:79:5D:98:F5",
                "00:1A:79:74:77:0F",
                "00:1A:79:7D:6B:AF",
                "00:1A:79:80:D1:29",
                "00:1A:79:B6:C8:17"
            ]
        },
        {
            "server_name": "trxx.in:80",
            "server_url": "http://trxx.in:80/c/",
            "macs": [
                "00:1A:79:0C:5F:8D",
                "00:1A:79:25:7F:42",
                "00:1A:79:32:C5:3A",
                "00:1A:79:58:7C:90",
                "00:1A:79:63:D0:42",
                "00:1A:79:64:1D:9A",
                "00:1A:79:72:5C:95",
                "00:1A:79:76:D6:BC",
                "00:1A:79:7A:5D:7E",
                "00:1A:79:81:74:45",
                "00:1A:79:8F:8D:3A",
                "00:1A:79:99:FD:FF",
                "00:1A:79:B5:AE:10",
                "00:1A:79:B7:5D:3E",
                "00:1A:79:B7:6D:A6",
                "00:1A:79:C4:B4:CC",
                "00:1A:79:DC:A2:37",
                "00:1A:79:E7:A3:5F"
            ]
        },
        {
            "server_name": "coolforcats.cool:80",
            "server_url": "http://coolforcats.cool:80/c/",
            "macs": [
                "00:1A:79:07:66:F1",
                "00:1A:79:37:A0:B1",
                "00:1A:79:5A:87:78",
                "00:1A:79:5D:84:90",
                "00:1A:79:63:4E:CF",
                "00:1A:79:63:5E:BC",
                "00:1A:79:64:0E:99",
                "00:1A:79:6C:33:4A",
                "00:1A:79:A1:AD:7D",
                "00:1A:79:B9:92:74",
                "00:1A:79:B9:E7:7A",
                "00:1A:79:BD:2C:36",
                "00:1A:79:BD:7E:22",
                "00:1A:79:BD:D7:F3",
                "00:1A:79:C2:36:76",
                "00:1A:79:C2:40:E3",
                "00:1A:79:C4:75:AF",
                "00:1A:79:C4:D7:ED",
                "00:1A:79:C6:E0:B6",
                "00:1A:79:C6:E5:1A",
                "00:1A:79:C8:37:C9",
                "00:1A:79:C9:C1:54",
                "00:1A:79:CC:72:33"
            ]
        },
        {
            "server_name": "1234up.com:8080",
            "server_url": "http://1234up.com:8080/c/",
            "macs": [
                "00:1A:79:22:1B:85",
                "00:1A:79:38:A7:5A",
                "00:1A:79:54:D0:97",
                "00:1A:79:5C:1F:CB",
                "00:1A:79:5D:8B:68",
                "00:1A:79:5F:2B:1A",
                "00:1A:79:5F:7E:47",
                "00:1A:79:68:7F:E6",
                "00:1A:79:7F:1E:84",
                "00:1A:79:83:4B:A1",
                "00:1A:79:AD:E2:69",
                "00:1A:79:B1:03:77",
                "00:1A:79:B2:A0:B8",
                "00:1A:79:B2:A1:99",
                "00:1A:79:B3:68:8C",
                "00:1A:79:B6:EE:58",
                "00:1A:79:B8:88:AA",
                "00:1A:79:C4:29:FE",
                "00:1A:79:C5:62:15",
                "00:1A:79:C7:BE:DF",
                "00:1A:79:C7:FE:16",
                "00:1A:79:CA:DC:53",
                "00:1A:79:CE:22:6C"
            ]
        },
        {
            "server_name": "spacextv.live:8080",
            "server_url": "http://spacextv.live:8080/c/",
            "macs": [
                "00:1A:79:6E:2E:D3",
                "00:1A:79:C6:FD:C6"
            ]
        },
        {
            "server_name": "vip2102.112421.net:2050",
            "server_url": "http://vip2102.112421.net:2050/c/",
            "macs": [
                "00:1A:79:0F:A7:24",
                "00:1A:79:14:2F:AB",
                "00:1A:79:1B:DC:5E",
                "00:1A:79:50:4F:23",
                "00:1A:79:5D:0F:1B",
                "00:1A:79:5F:7F:D4",
                "00:1A:79:65:3F:12",
                "00:1A:79:7A:5F:89",
                "00:1A:79:8B:9F:00",
                "00:1A:79:99:4F:78",
                "00:1A:79:A6:B7:4F",
                "00:1A:79:B6:D3:96",
                "00:1A:79:B8:38:B4",
                "00:1A:79:D4:A6:3F",
                "00:1A:79:E7:B5:B3"
            ]
        },
        {
            "server_name": "typhoonott.com:2052",
            "server_url": "http://typhoonott.com:2052/c/",
            "macs": [
                "00:1A:79:00:00:01",
                "00:1A:79:00:00:02",
                "00:1A:79:00:04:00",
                "00:1A:79:00:3D:94",
                "00:1A:79:00:78:AF"
            ]
        },
        {
            "server_name": "tv.supertv.life:80",
            "server_url": "http://tv.supertv.life:80/c/",
            "macs": [
                "00:1A:79:0C:5F:97",
                "00:1A:79:47:5D:CA",
                "00:1A:79:62:53:88",
                "00:1A:79:66:37:C5",
                "00:1A:79:6E:2D:5C",
                "00:1A:79:73:68:2F",
                "00:1A:79:8E:24:33",
                "00:1A:79:A4:0A:C5",
                "00:1A:79:AE:94:47",
                "00:1A:79:CD:09:CD",
                "00:1A:79:CF:A5:E9",
                "00:1A:79:D1:58:95",
                "00:1A:79:D2:1C:84",
                "00:1A:79:E6:7F:EE",
                "00:1A:79:EF:E3:D2"
            ]
        },
        {
            "server_name": "tron.streamtv.to:8080",
            "server_url": "http://tron.streamtv.to:8080/c/",
            "macs": [
                "00:1A:79:00:20:62",
                "00:1A:79:00:61:71",
                "00:1A:79:00:AE:F3",
                "00:1A:79:01:4A:63"
            ]
        },
        {
            "server_name": "mag.greatott.me",
            "server_url": "http://mag.greatott.me/c/",
            "macs": [
                "00:1A:79:5E:3F:5F",
                "00:1A:79:63:4F:85",
                "00:1A:79:7E:1F:84",
                "00:1A:79:81:B5:C8",
                "00:1A:79:CF:0D:FD"
            ]
        },
        {
            "server_name": "apksmart.dino.ws",
            "server_url": "http://apksmart.dino.ws/c/",
            "macs": [
                "00:1A:79:34:62:61",
                "00:1A:79:70:2A:19",
                "00:1A:79:AD:27:3C",
                "00:1A:79:B5:7C:27",
                "00:1A:79:B5:F8:9B",
                "00:1A:79:BF:C1:D7",
                "00:1A:79:D0:D9:65"
            ]
        },
        {
            "server_name": "xc.tvset.top",
            "server_url": "http://xc.tvset.top/c/",
            "macs": [
                "00:1A:79:3A:04:BC",
                "00:1A:79:9A:37:81",
                "00:1A:79:BE:86:4E"
            ]
        },
        {
            "server_name": "77.74.193.158:88",
            "server_url": "http://77.74.193.158:88/stalker_portal/c/",
            "macs": [
                "00:1A:79:2C:56:7E"
            ]
        },
        {
            "server_name": "invale.party",
            "server_url": "http://invale.party/c/",
            "macs": [
                "00:1A:79:AB:47:6A"
            ]
        },
        {
            "server_name": "mag.ukhd.tv",
            "server_url": "http://mag.ukhd.tv/c/",
            "macs": [
                "00:1A:79:4C:B3:AA",
                "00:1A:79:90:08:89",
                "00:1A:79:B7:29:86",
                "00:1A:79:BA:9E:7C"
            ]
        }
    ]
}