{
    "items": [
        {
            "server_name": "4cms.cc:8080",
            "server_url": "http://4cms.cc:8080/c/",
            "macs": [
                "00:1A:79:3E:25:84",
                "00:1A:79:48:9E:F5",
                "00:1A:79:57:9F:BB",
                "00:1A:79:58:97:80",
                "00:1A:79:83:84:C8",
                "00:1A:79:A3:43:39",
                "00:1A:79:A7:58:E7",
                "00:1A:79:A8:4E:A8",
                "00:1A:79:A8:50:FB",
                "00:1A:79:A8:73:6C",
                "00:1A:79:AC:0D:F3",
                "00:1A:79:B2:03:88",
                "00:1A:79:F9:CA:B0",
                "00:1A:79:FD:0D:A8"
            ]
        },
        {
            "server_name": "23232.top",
            "server_url": "http://23232.top/c/",
            "macs": [
                "00:1A:79:01:5A:E4",
                "00:1A:79:51:71:BD",
                "00:1A:79:6B:11:0B",
                "00:1A:79:76:F4:AB",
                "00:1A:79:78:E3:BF",
                "00:1A:79:AD:B8:1E"
            ]
        },
        {
            "server_name": "fzahtv.com",
            "server_url": "http://fzahtv.com/c/",
            "macs": [
                "00:1A:79:E5:23:A6"
            ]
        },
        {
            "server_name": "line.dino.ws",
            "server_url": "http://line.dino.ws/c/",
            "macs": [
                "00:1A:79:24:17:30",
                "00:1A:79:26:A3:EA",
                "00:1A:79:3F:8F:53",
                "00:1A:79:55:9F:00",
                "00:1A:79:61:30:37",
                "00:1A:79:7C:34:18",
                "00:1A:79:8B:41:1B",
                "00:1A:79:C5:27:42",
                "00:1A:79:C7:55:99",
                "00:1A:79:D2:BB:76",
                "00:1A:79:FA:06:0B"
            ]
        },
        {
            "server_name": "spacextv.live:8080",
            "server_url": "http://spacextv.live:8080/c/",
            "macs": [
                "00:1A:79:77:06:3F",
                "00:1A:79:C8:48:2D"
            ]
        },
        {
            "server_name": "main2.cwdn.cx",
            "server_url": "http://main2.cwdn.cx/c/",
            "macs": [
                "00:1A:79:00:10:EB",
                "00:1A:79:4C:F6:12",
                "00:1A:79:5D:6B:35",
                "00:1A:79:74:E5:78",
                "00:1A:79:B5:7C:A7",
                "00:1A:79:B5:B2:FA",
                "00:1A:79:B5:F8:67",
                "00:1A:79:BD:6C:A2",
                "00:1A:79:C0:6C:E2",
                "00:1A:79:C3:90:7A",
                "00:1A:79:CA:4D:14",
                "00:1A:79:E5:4E:A7"
            ]
        }
    ]
}