{
    "items": [
        {
            "server_name": "34mix.com:8080",
            "server_url": "http://34mix.com:8080/c/",
            "macs": [
                "00:1A:79:C7:F7:A7"
            ]
        },
        {
            "server_name": "king-box.club",
            "server_url": "http://king-box.club/c/",
            "macs": [
                "00:1A:79:25:E5:89",
                "00:1A:79:66:8C:B4",
                "00:1A:79:A2:35:BD",
                "00:1A:79:A9:E0:A8",
                "00:1A:79:AA:3B:74",
                "00:1A:79:AD:1A:EC",
                "00:1A:79:AD:43:80",
                "00:1A:79:AD:99:17",
                "00:1A:79:AD:F3:9D",
                "00:1A:79:AE:5B:59",
                "00:1A:79:B0:60:9B",
                "00:1A:79:B0:6C:43",
                "00:1A:79:B3:78:34",
                "00:1A:79:B3:AC:96",
                "00:1A:79:B4:E5:9A",
                "00:1A:79:B5:B2:45",
                "00:1A:79:B7:6E:F2",
                "00:1A:79:B7:70:B0",
                "00:1A:79:B7:74:C0",
                "00:1A:79:B9:F6:25",
                "00:1A:79:BA:28:C5",
                "00:1A:79:BA:BB:65",
                "00:1A:79:BB:8F:7B",
                "00:1A:79:BE:38:50"
            ]
        },
        {
            "server_name": "genlive.online",
            "server_url": "http://genlive.online/c/",
            "macs": [
                "00:1A:79:20:3F:C2",
                "00:1A:79:7E:7A:82",
                "00:1A:79:BD:53:10",
                "00:1A:79:BF:A8:48",
                "00:1A:79:EB:9D:59"
            ]
        },
        {
            "server_name": "mag.greatott.me",
            "server_url": "http://mag.greatott.me/c/",
            "macs": [
                "00:1A:79:C2:50:8E"
            ]
        },
        {
            "server_name": "power4kiptv.info:8080",
            "server_url": "http://power4kiptv.info:8080/c/",
            "macs": [
                "00:1A:79:10:D5:C1"
            ]
        },
        {
            "server_name": "wyveep.com:8080",
            "server_url": "http://wyveep.com:8080/c/",
            "macs": [
                "00:1A:79:5A:81:C5",
                "00:1A:79:BA:C7:06",
                "00:1A:79:BC:F9:8E",
                "00:1A:79:C5:C2:29"
            ]
        },
        {
            "server_name": "z.zcatt.cc",
            "server_url": "http://z.zcatt.cc/stalker_portal/c/",
            "macs": [
                "00:1A:79:00:45:05",
                "00:1A:79:36:34:4C",
                "00:1A:79:39:6C:3B",
                "00:1A:79:4A:EA:20",
                "00:1A:79:6D:98:57",
                "00:1A:79:A4:5C:74"
            ]
        },
        {
            "server_name": "gangdosofa.stream:8080",
            "server_url": "http://gangdosofa.stream:8080/c/",
            "macs": [
                "00:1A:79:AB:38:D9"
            ]
        },
        {
            "server_name": "vip2102.112421.net:2050",
            "server_url": "http://vip2102.112421.net:2050/c/",
            "macs": [
                "00:1A:79:0F:C9:8F",
                "00:1A:79:5B:1F:BF",
                "00:1A:79:F0:15:18"
            ]
        },
        {
            "server_name": "portal.entertainmentxl.com:8080",
            "server_url": "http://portal.entertainmentxl.com:8080/c/",
            "macs": [
                "00:1A:79:C4:3E:DE"
            ]
        },
        {
            "server_name": "web2021.biz:8080",
            "server_url": "http://web2021.biz:8080/c/",
            "macs": [
                "00:1A:79:6A:9F:BA",
                "00:1A:79:A7:2A:32"
            ]
        },
        {
            "server_name": "ggddnss2.com:8080",
            "server_url": "http://ggddnss2.com:8080/c/",
            "macs": [
                "00:1A:79:23:4F:A6"
            ]
        },
        {
            "server_name": "hans_monika.streamtv.to:8080",
            "server_url": "http://hans_monika.streamtv.to:8080/c/",
            "macs": [
                "00:1A:79:0A:DD:B7",
                "00:1A:79:14:D8:BE"
            ]
        },
        {
            "server_name": "fastopen.live:8080",
            "server_url": "http://fastopen.live:8080/c/",
            "macs": [
                "00:1A:79:63:C3:61",
                "00:1A:79:D0:EE:3B"
            ]
        },
        {
            "server_name": "cbrlig.com:8080",
            "server_url": "http://cbrlig.com:8080/c/",
            "macs": [
                "00:1A:79:68:72:6F",
                "00:1A:79:C8:2D:F5",
                "00:1A:79:CC:2E:1A"
            ]
        },
        {
            "server_name": "77.74.193.158:88",
            "server_url": "http://77.74.193.158:88/stalker_portal/c/",
            "macs": [
                "00:1A:79:55:87:D7"
            ]
        }
    ]
}