{
    "items": [
        {
            "server_name": "stb.iphd.tv",
            "server_url": "http://stb.iphd.tv/c/",
            "macs": [
                "00:1A:79:3A:7C:90",
                "00:1A:79:40:86:25",
                "00:1A:79:90:B9:04",
                "00:1A:79:A2:85:E5",
                "00:1A:79:A6:3F:7C",
                "00:1A:79:AB:2F:05",
                "00:1A:79:AB:2F:1A",
                "00:1A:79:AB:C7:8D",
                "00:1A:79:B0:E2:70",
                "00:1A:79:B0:E6:A3",
                "00:1A:79:BE:9A:70",
                "00:1A:79:BF:8A:57",
                "00:1A:79:C1:B6:49",
                "00:1A:79:C4:2A:39",
                "00:1A:79:E1:46:13"
            ]
        },
        {
            "server_name": "zepequeno.xyz:8080",
            "server_url": "http://zepequeno.xyz:8080/c/",
            "macs": [
                "00:1A:79:AD:A4:38",
                "00:1A:79:B7:1E:1F",
                "00:1A:79:C1:BF:BB",
                "00:1A:79:C8:13:15"
            ]
        },
        {
            "server_name": "iup-tv.com:8080",
            "server_url": "http://iup-tv.com:8080/c/",
            "macs": [
                "00:1A:79:9E:30:A9",
                "00:1A:79:AD:35:C2",
                "00:1A:79:AD:3A:27"
            ]
        },
        {
            "server_name": "15.235.13.183:88",
            "server_url": "http://15.235.13.183:88/stalker_portal/c/",
            "macs": [
                "00:1A:79:2D:D8:0D",
                "00:1A:79:45:5A:D9",
                "00:1A:79:58:E3:16",
                "00:1A:79:99:D7:4D",
                "00:1A:79:B0:12:24",
                "00:1A:79:B1:83:1E",
                "00:1A:79:B3:F7:25",
                "00:1A:79:B4:79:A1",
                "00:1A:79:B5:75:38",
                "00:1A:79:F4:6F:52"
            ]
        },
        {
            "server_name": "185.243.7.154:80",
            "server_url": "http://185.243.7.154:80/c/",
            "macs": [
                "00:1A:79:5D:AE:81",
                "00:1A:79:7A:2A:BC",
                "00:1A:79:7C:01:ED",
                "00:1A:79:A7:63:99",
                "00:1A:79:B4:D9:C9",
                "00:1A:79:B6:9A:C3",
                "00:1A:79:BD:75:59",
                "00:1A:79:C3:85:61",
                "00:1A:79:D7:0D:86"
            ]
        },
        {
            "server_name": "line.kahr4a.com",
            "server_url": "http://line.kahr4a.com/c/",
            "macs": [
                "00:1A:79:B7:66:11"
            ]
        },
        {
            "server_name": "4connect.link",
            "server_url": "http://4connect.link/c/",
            "macs": [
                "00:1A:79:2F:06:C0",
                "00:1A:79:49:65:E2",
                "00:1A:79:5A:B6:50",
                "00:1A:79:64:66:30",
                "00:1A:79:66:6D:AC",
                "00:1A:79:78:FB:48",
                "00:1A:79:7D:9F:47",
                "00:1A:79:8D:89:A4",
                "00:1A:79:99:76:B8",
                "00:1A:79:AF:86:F8",
                "00:1A:79:CF:25:87"
            ]
        },
        {
            "server_name": "nordicone.eu:2095",
            "server_url": "http://nordicone.eu:2095/c/",
            "macs": [
                "00:1A:79:71:AF:82",
                "00:1A:79:B7:3F:00",
                "00:1A:79:BA:24:69",
                "00:1A:79:EE:A5:1C"
            ]
        },
        {
            "server_name": "line.iptvwings.com",
            "server_url": "http://line.iptvwings.com/c/",
            "macs": [
                "00:1A:79:C2:A1:06"
            ]
        },
        {
            "server_name": "mag.ugoiptv.com",
            "server_url": "http://mag.ugoiptv.com/c/",
            "macs": [
                "00:1A:79:05:19:17",
                "00:1A:79:B2:AC:3A"
            ]
        },
        {
            "server_name": "tv.zaintv.net:80",
            "server_url": "http://tv.zaintv.net:80/c/",
            "macs": [
                "00:1A:79:7D:51:11",
                "00:1A:79:C1:B2:96"
            ]
        },
        {
            "server_name": "45.139.122.199:2095",
            "server_url": "http://45.139.122.199:2095/c/",
            "macs": [
                "00:1A:79:00:00:34",
                "00:1A:79:00:00:DB",
                "00:1A:79:00:00:FE",
                "00:1A:79:00:02:18",
                "00:1A:79:00:04:02",
                "00:1A:79:00:04:1D",
                "00:1A:79:00:04:BD",
                "00:1A:79:00:07:34",
                "00:1A:79:00:0C:B4",
                "00:1A:79:00:0C:CF",
                "00:1A:79:00:0D:21",
                "00:1A:79:00:0D:32",
                "00:1A:79:00:13:12"
            ]
        },
        {
            "server_name": "trial48fb.hopto.org",
            "server_url": "http://trial48fb.hopto.org/stalker_portal/c/",
            "macs": [
                "00:1A:79:2E:AA:F0"
            ]
        },
        {
            "server_name": "ogzpunk.live:8080",
            "server_url": "http://ogzpunk.live:8080/c/",
            "macs": [
                "00:1A:79:D5:6F:F4"
            ]
        },
        {
            "server_name": "coresys.dvrdns.org:25461",
            "server_url": "http://coresys.dvrdns.org:25461/c/",
            "macs": [
                "00:1A:79:5D:3F:0D"
            ]
        },
        {
            "server_name": "reddevil.life:8080",
            "server_url": "http://reddevil.life:8080/c/",
            "macs": [
                "00:1A:79:63:53:3D",
                "00:1A:79:63:58:B7",
                "00:1A:79:63:5A:A3",
                "00:1A:79:63:5C:5A"
            ]
        },
        {
            "server_name": "client.canifer.com:8880",
            "server_url": "http://client.canifer.com:8880/c/",
            "macs": [
                "00:1A:79:DD:DC:3C"
            ]
        },
        {
            "server_name": "new.dittotvv.cc",
            "server_url": "http://new.dittotvv.cc/stalker_portal/c/",
            "macs": [
                "00:1A:79:31:32:6D",
                "00:1A:79:C5:25:42",
                "00:1A:79:E5:46:09"
            ]
        },
        {
            "server_name": "titanpaket.com:8080",
            "server_url": "http://titanpaket.com:8080/c/",
            "macs": [
                "00:1A:79:B2:5D:48"
            ]
        },
        {
            "server_name": "line.iptvwings.com:80",
            "server_url": "http://line.iptvwings.com:80/c/",
            "macs": [
                "00:1A:79:85:D5:3D",
                "00:1A:79:B4:66:A2",
                "00:1A:79:B6:DE:95",
                "00:1A:79:BE:23:D6"
            ]
        },
        {
            "server_name": "optimus-tv.org:8080",
            "server_url": "http://optimus-tv.org:8080/c/",
            "macs": [
                "00:1A:79:08:45:88",
                "00:1A:79:08:4E:48",
                "00:1A:79:6E:2A:F6",
                "00:1A:79:6E:2B:34",
                "00:1A:79:6E:2B:87",
                "00:1A:79:AA:58:7A",
                "00:1A:79:AA:59:18",
                "00:1A:79:AF:FA:08"
            ]
        },
        {
            "server_name": "line.protv.cc:80",
            "server_url": "http://line.protv.cc:80/c/",
            "macs": [
                "00:1A:79:00:01:E6",
                "00:1A:79:0B:BA:FD",
                "00:1A:79:0B:FA:D1",
                "00:1A:79:2A:28:10",
                "00:1A:79:3A:E5:28",
                "00:1A:79:57:7F:C0",
                "00:1A:79:84:24:DD",
                "00:1A:79:93:88:52",
                "00:1A:79:A1:8D:36"
            ]
        },
        {
            "server_name": "89.45.13.220:8080",
            "server_url": "http://89.45.13.220:8080/c/",
            "macs": [
                "00:1A:79:01:6A:85",
                "00:1A:79:01:6E:99",
                "00:1A:79:13:54:EE",
                "00:1A:79:4F:3E:9B",
                "00:1A:79:6B:BB:27"
            ]
        },
        {
            "server_name": "skydidyma.xyz:8080",
            "server_url": "http://skydidyma.xyz:8080/c/",
            "macs": [
                "00:1A:79:6A:6A:34",
                "00:1A:79:90:37:C7",
                "00:1A:79:98:1C:8F",
                "00:1A:79:B7:88:F6",
                "00:1A:79:E7:81:3F"
            ]
        },
        {
            "server_name": "mag.premiumplus.tv",
            "server_url": "http://mag.premiumplus.tv/c/",
            "macs": [
                "00:1A:79:0C:2F:BC",
                "00:1A:79:20:61:08",
                "00:1A:79:54:37:4A",
                "00:1A:79:AF:14:E1",
                "00:1A:79:C5:76:75",
                "00:1A:79:E2:6F:E1",
                "00:1A:79:E6:58:D0"
            ]
        },
        {
            "server_name": "p1.uiop.tv",
            "server_url": "http://p1.uiop.tv/stalker_portal/c/",
            "macs": [
                "00:1A:79:2B:A7:5F",
                "00:1A:79:33:23:58",
                "00:1A:79:36:9C:BB"
            ]
        },
        {
            "server_name": "spacextv.live:8080",
            "server_url": "http://spacextv.live:8080/c/",
            "macs": [
                "00:1A:79:E6:19:B7"
            ]
        },
        {
            "server_name": "wtc05.mi20.cc",
            "server_url": "http://wtc05.mi20.cc/stalker_portal/c/",
            "macs": [
                "00:1A:79:76:1D:D6"
            ]
        },
        {
            "server_name": "skunkytv.live",
            "server_url": "http://skunkytv.live/c/",
            "macs": [
                "00:1A:79:85:2F:5F"
            ]
        },
        {
            "server_name": "ph-info.xyz",
            "server_url": "http://ph-info.xyz/c/",
            "macs": [
                "00:1A:79:16:C1:5C",
                "00:1A:79:41:45:64"
            ]
        },
        {
            "server_name": "145.239.253.183",
            "server_url": "http://145.239.253.183/stalker_portal/c/",
            "macs": [
                "00:1A:79:2B:0C:EF",
                "00:1A:79:63:D3:17",
                "00:1A:79:76:24:6D",
                "00:1A:79:7A:0E:CB",
                "00:1A:79:7C:67:9E"
            ]
        }
    ]
}