{
    "items": [
        {
            "server_name": "breakfa5t.club",
            "server_url": "http://breakfa5t.club/c/",
            "macs": [
                "00:1A:79:00:21:98",
                "00:1A:79:ED:FC:C2",
                "00:1A:79:7E:01:5D",
                "00:1A:79:75:34:A3",
                "00:1A:79:4F:EB:C7",
                "00:1A:79:7E:01:C2",
                "00:1A:79:C0:98:9A",
                "00:1A:79:DE:AC:5D",
                "00:1A:79:79:ED:48",
                "00:1A:79:56:F3:FA",
                "00:1A:79:78:33:F1",
                "00:1A:79:B5:5F:F7",
                "00:1A:79:59:4B:67",
                "00:1A:79:45:1D:1A",
                "00:1A:79:21:02:F3"
            ]
        },
        {
            "server_name": "avare.kingtv.pw:80",
            "server_url": "http://avare.kingtv.pw:80/c/",
            "macs": [
                "00:1A:79:77:04:E4"
            ]
        },
        {
            "server_name": "adenmedia.net:80",
            "server_url": "http://adenmedia.net:80/c/",
            "macs": [
                "00:1A:79:B4:B4:08",
                "00:1A:79:E0:3F:54"
            ]
        },
        {
            "server_name": "bes5.alphatx.me:80",
            "server_url": "http://bes5.alphatx.me:80/c/",
            "macs": [
                "00:1A:79:B0:E2:5F",
                "00:1A:79:AD:77:9A",
                "00:1A:79:AD:CA:C1",
                "00:1A:79:5E:87:22",
                "00:1A:79:78:8B:D8",
                "00:1A:79:82:15:C1",
                "00:1A:79:C8:48:61"
            ]
        },
        {
            "server_name": "107.189.14.168:8080",
            "server_url": "http://107.189.14.168:8080/c/",
            "macs": [
                "00:1A:79:CE:7E:AE"
            ]
        },
        {
            "server_name": "ix.kingtv.pw:80",
            "server_url": "http://ix.kingtv.pw:80/c/",
            "macs": [
                "00:1A:79:A5:C0:CE",
                "00:1A:79:7B:2F:A3"
            ]
        },
        {
            "server_name": "138.199.129.101:80",
            "server_url": "http://138.199.129.101:80/c/",
            "macs": [
                "00:1A:79:81:2F:E4",
                "00:1A:79:7D:30:0D"
            ]
        },
        {
            "server_name": "line.myox.me:80",
            "server_url": "http://line.myox.me:80/c/",
            "macs": [
                "00:1A:79:63:38:70"
            ]
        },
        {
            "server_name": "23232.top:80",
            "server_url": "http://23232.top:80/c/",
            "macs": [
                "00:1A:79:D9:D2:EA"
            ]
        },
        {
            "server_name": "mag.king-4k.cc:80",
            "server_url": "http://mag.king-4k.cc:80/c/",
            "macs": [
                "00:1A:79:AD:5B:D1"
            ]
        },
        {
            "server_name": "desivicky.pktv.me:80",
            "server_url": "http://desivicky.pktv.me:80/c/",
            "macs": [
                "00:1A:79:9E:54:B7"
            ]
        },
        {
            "server_name": "ix.kingtv.pw",
            "server_url": "http://ix.kingtv.pw/c/",
            "macs": [
                "00:1A:79:14:E7:0B",
                "00:1A:79:52:6A:56",
                "00:1A:79:13:50:86",
                "00:1A:79:14:EA:8D",
                "00:1A:79:13:50:35",
                "00:1A:79:14:E3:62",
                "00:1A:79:F9:AC:F0",
                "00:1A:79:A0:E1:65"
            ]
        },
        {
            "server_name": "tv-centreduquebec.info:80",
            "server_url": "http://tv-centreduquebec.info:80/c/",
            "macs": [
                "00:1A:79:b2:fe:7a"
            ]
        },
        {
            "server_name": "proxym3u.watchtv.best:80",
            "server_url": "http://proxym3u.watchtv.best:80/c/",
            "macs": [
                "00:1A:79:81:59:DA",
                "00:1A:79:C4:5C:A1",
                "00:1A:79:B6:56:90",
                "00:1A:79:74:ed:76",
                "00:1A:79:C3:87:FA",
                "00:1A:79:A7:51:3D",
                "00:1A:79:17:1E:1E",
                "00:1A:79:00:00:00",
                "00:1A:79:B8:6A:A6",
                "00:1A:79:AB:BD:02",
                "00:1A:79:00:0D:DF"
            ]
        },
        {
            "server_name": "dino.proxytx.cloud",
            "server_url": "http://dino.proxytx.cloud/c/",
            "macs": [
                "00:1A:79:C5:0E:30",
                "00:1A:79:00:1C:B0",
                "00:1A:79:DE:0E:43",
                "00:1A:79:88:88:16",
                "00:1A:79:B6:46:9F",
                "00:1A:79:03:05:1F",
                "00:1A:79:90:20:BB",
                "00:1A:79:B6:46:A1",
                "00:1A:79:6F:92:53",
                "00:1A:79:CB:1D:27",
                "00:1A:79:B8:ED:42",
                "00:1A:79:F5:01:0F",
                "00:1A:79:AD:E9:63"
            ]
        },
        {
            "server_name": "cf.gocdn8k.me",
            "server_url": "http://cf.gocdn8k.me/c/",
            "macs": [
                "00:1A:79:F5:3A:ED",
                "00:1A:79:4F:32:EF",
                "00:1A:79:B4:F0:60",
                "00:1A:79:B4:F0:72",
                "00:1A:79:00:1F:63",
                "00:1A:79:00:1F:5F",
                "00:1A:79:B4:F0:81",
                "00:1A:79:50:D1:8A",
                "00:1A:79:4F:32:21",
                "00:1A:79:F5:3A:A5",
                "00:1A:79:00:1F:45",
                "00:1A:79:B4:F0:64",
                "00:1A:79:B4:F0:62",
                "00:1A:79:B4:F0:6D",
                "00:1A:79:B4:F0:5E",
                "00:1A:79:B4:F0:5F"
            ]
        },
        {
            "server_name": "4kforyou.pro:2052",
            "server_url": "http://4kforyou.pro:2052/c/",
            "macs": [
                "00:1A:79:41:e7:bc",
                "00:1A:79:5c:e7:6c",
                "00:1A:79:80:8a:bd",
                "00:1A:79:64:39:16",
                "00:1A:79:73:5b:59",
                "00:1A:79:8b:3b:f1",
                "00:1A:79:a5:c5:22",
                "00:1A:79:ba:f4:b5",
                "00:1A:79:54:f8:dd",
                "00:1A:79:67:59:0d",
                "00:1A:79:6c:2a:b3",
                "00:1A:79:4f:cf:8c",
                "00:1A:79:8b:2a:67",
                "00:1A:79:6f:9f:35",
                "00:1A:79:7a:19:b7",
                "00:1A:79:c9:46:b0"
            ]
        },
        {
            "server_name": "mimozat.network",
            "server_url": "http://mimozat.network/c/",
            "macs": [
                "00:1A:79:58:BE:B3",
                "00:1A:79:18:18:AD",
                "00:1A:79:7F:72:25",
                "00:1A:79:D8:30:25",
                "00:1A:79:94:FA:7B",
                "00:1A:79:BD:8C:FB",
                "00:1A:79:C6:2E:21"
            ]
        },
        {
            "server_name": "200.26.188.66",
            "server_url": "http://200.26.188.66/c/",
            "macs": [
                "00:1A:79:33:01:2A",
                "00:1A:79:C6:EA:FA",
                "00:1A:79:C7:EF:DC",
                "00:1A:79:BF:DE:D6",
                "00:1A:79:19:22:07",
                "00:1A:79:4D:05:39",
                "00:1A:79:BF:DA:D1",
                "00:1A:79:0E:1B:EF",
                "00:1A:79:CE:38:30",
                "00:1A:79:BF:DE:31",
                "00:1A:79:50:45:EC",
                "00:1A:79:4D:05:D8",
                "00:1A:79:C1:E0:48",
                "00:1A:79:4D:05:AA"
            ]
        },
        {
            "server_name": "un1.anonymoustv.club:80",
            "server_url": "http://un1.anonymoustv.club:80/c/",
            "macs": [
                "00:1A:79:00:00:00",
                "00:1a:79:bd:63:cb",
                "00:1a:79:b4:51:8d",
                "00:1A:79:7E:00:EC",
                "00:1a:79:ba:a5:a4",
                "00:1A:79:B0:60:9A",
                "00:1A:79:7D:7B:21",
                "00:1A:79:30:64:37",
                "00:1A:79:00:20:4a",
                "00:1a:79:a4:62:24",
                "00:1a:79:b4:f8:f8",
                "00:1a:79:ba:37:dc",
                "00:1A:79:4B:39:50"
            ]
        },
        {
            "server_name": "apksmart.dino.ws",
            "server_url": "http://apksmart.dino.ws/c/",
            "macs": [
                "00:1A:79:B5:69:3A"
            ]
        },
        {
            "server_name": "jt-info.xyz",
            "server_url": "http://jt-info.xyz/c/",
            "macs": [
                "00:1A:79:37:AE:37",
                "00:1A:79:4F:A7:DC",
                "00:1A:79:B4:E7:DB"
            ]
        },
        {
            "server_name": "alpha-2ott.me",
            "server_url": "http://alpha-2ott.me/c/",
            "macs": [
                "00:1A:79:2D:42:D4"
            ]
        },
        {
            "server_name": "web2021.biz:8080",
            "server_url": "http://web2021.biz:8080/c/",
            "macs": [
                "00:1A:79:A7:F5:A9",
                "00:1A:79:A8:1C:38",
                "00:1A:79:A7:F5:A9"
            ]
        },
        {
            "server_name": "platinumz.xyz:8080",
            "server_url": "http://platinumz.xyz:8080/c/",
            "macs": [
                "00:1A:79:01:70:2A",
                "00:1A:79:01:6D:A9",
                "00:1A:79:6E:28:5E"
            ]
        },
        {
            "server_name": "gustavinho.xyz:8080",
            "server_url": "http://gustavinho.xyz:8080/c/",
            "macs": [
                "00:1A:79:bc:2b:e5",
                "00:1A:79:b0:4f:04",
                "00:1A:79:01:a4:12"
            ]
        },
        {
            "server_name": "llllllllliosdaiiii1iiiiiiiii.funtogether.xyz:8080",
            "server_url": "http://llllllllliosdaiiii1iiiiiiiii.funtogether.xyz:8080/c/",
            "macs": [
                "00:1A:79:25:8F:1E",
                "00:1A:79:37:B8:CA",
                "00:1A:79:24:53:49",
                "00:1A:79:31:04:C2",
                "00:1A:79:50:ED:DA",
                "00:1A:79:09:CE:B4",
                "00:1A:79:25:8F:1E"
            ]
        },
        {
            "server_name": "mag.4k365.xyz:80",
            "server_url": "http://mag.4k365.xyz:80/c/",
            "macs": [
                "00:1A:79:16:65:59",
                "00:1A:79:80:78:05",
                "00:1A:79:74:55:68"
            ]
        },
        {
            "server_name": "line.myox.me:80",
            "server_url": "http://line.myox.me:80/c/",
            "macs": [
                "00:1A:79:19:36:17",
                "00:1A:79:18:15:08",
                "00:1A:79:34:30:99"
            ]
        },
        {
            "server_name": "cbrlig.com:8080",
            "server_url": "http://cbrlig.com:8080/c/",
            "macs": [
                "00:1A:79:0F:C2:D4",
                "00:1A:79:0A:CC:95"
            ]
        },
        {
            "server_name": "edge.bz:8080",
            "server_url": "http://edge.bz:8080/c/",
            "macs": [
                "00:1A:79:34:14:61"
            ]
        }
    ]
}