{
    "items": [
        {
            "server_name": "titanpaket.com:8080",
            "server_url": "http://titanpaket.com:8080/c/",
            "macs": [
                "00:1A:79:B2:5D:48"
            ]
        },
        {
            "server_name": "line.iptvwings.com:80",
            "server_url": "http://line.iptvwings.com:80/c/",
            "macs": [
                "00:1A:79:BE:23:D6",
                "00:1A:79:B6:DE:95",
                "00:1A:79:B4:66:A2",
                "00:1A:79:85:D5:3D"
            ]
        },
        {
            "server_name": "optimus-tv.org:8080",
            "server_url": "http://optimus-tv.org:8080/c/",
            "macs": [
                "00:1A:79:AF:FA:08",
                "00:1A:79:AA:58:7A",
                "00:1A:79:08:4E:48",
                "00:1A:79:6E:2A:F6",
                "00:1A:79:08:45:88",
                "00:1A:79:AA:59:18",
                "00:1A:79:6E:2B:34",
                "00:1A:79:6E:2B:87"
            ]
        },
        {
            "server_name": "line.protv.cc:80",
            "server_url": "http://line.protv.cc:80/c/",
            "macs": [
                "00:1A:79:84:24:DD",
                "00:1A:79:57:7F:C0",
                "00:1A:79:0B:BA:FD",
                "00:1A:79:A1:8D:36",
                "00:1A:79:93:88:52",
                "00:1A:79:3A:E5:28",
                "00:1A:79:00:01:E6",
                "00:1A:79:2A:28:10",
                "00:1A:79:0B:FA:D1"
            ]
        },
        {
            "server_name": "89.45.13.220:8080",
            "server_url": "http://89.45.13.220:8080/c/",
            "macs": [
                "00:1A:79:01:6E:99",
                "00:1A:79:13:54:EE",
                "00:1A:79:4F:3E:9B",
                "00:1A:79:01:6A:85",
                "00:1A:79:6B:BB:27"
            ]
        },
        {
            "server_name": "skydidyma.xyz:8080",
            "server_url": "http://skydidyma.xyz:8080/c/",
            "macs": [
                "00:1A:79:E7:81:3F",
                "00:1A:79:90:37:C7",
                "00:1A:79:98:1C:8F",
                "00:1A:79:B7:88:F6",
                "00:1A:79:6A:6A:34"
            ]
        },
        {
            "server_name": "185.243.7.154:80",
            "server_url": "http://185.243.7.154:80/c/",
            "macs": [
                "00:1A:79:7A:2A:BC",
                "00:1A:79:BD:75:59",
                "00:1A:79:5D:AE:81",
                "00:1A:79:A7:63:99",
                "00:1A:79:7C:01:ED",
                "00:1A:79:B4:D9:C9",
                "00:1A:79:B6:9A:C3",
                "00:1A:79:D7:0D:86",
                "00:1A:79:C3:85:61"
            ]
        },
        {
            "server_name": "mag.premiumplus.tv",
            "server_url": "http://mag.premiumplus.tv/c/",
            "macs": [
                "00:1A:79:E6:58:D0",
                "00:1A:79:AF:14:E1",
                "00:1A:79:20:61:08",
                "00:1A:79:E2:6F:E1",
                "00:1A:79:54:37:4A",
                "00:1A:79:0C:2F:BC",
                "00:1A:79:C5:76:75"
            ]
        },
        {
            "server_name": "tkosportz.live:25461",
            "server_url": "http://tkosportz.live:25461/c/",
            "macs": [
                "00:1A:79:E6:53:11",
                "00:1A:79:E6:41:F6"
            ]
        },
        {
            "server_name": "fast.newdns.world",
            "server_url": "http://fast.newdns.world/c/",
            "macs": [
                "00:1A:79:FB:2D:48",
                "00:1A:79:C3:B1:10"
            ]
        },
        {
            "server_name": "wyveep.com:8080",
            "server_url": "http://wyveep.com:8080/c/",
            "macs": [
                "00:1A:79:CC:2E:8C",
                "00:1A:79:6F:57:59",
                "00:1A:79:AB:97:A0",
                "00:1A:79:B8:1B:72"
            ]
        },
        {
            "server_name": "15.235.13.183:88",
            "server_url": "http://15.235.13.183:88/stalker_portal/c/",
            "macs": [
                "00:1A:79:04:02:4A",
                "00:1A:79:D0:97:41",
                "00:1A:79:E5:30:79",
                "00:1a:79:65:e8:2b",
                "00:1A:79:3F:9F:32",
                "00:1a:79:af:00:53",
                "00:1A:79:C2:F1:54",
                "00:1A:79:62:1A:F0",
                "00:1A:79:41:8C:2E"
            ]
        },
        {
            "server_name": "m.suportline.xyz",
            "server_url": "http://m.suportline.xyz/stalker_portal/c/",
            "macs": [
                "00:1A:79:DE:8D:4D",
                "00:1A:79:97:43:87",
                "00:1A:79:3C:AE:52"
            ]
        },
        {
            "server_name": "line.myox.me",
            "server_url": "http://line.myox.me/c/",
            "macs": [
                "00:1A:79:5A:3F:96"
            ]
        },
        {
            "server_name": "skipcf.cwdn.cx",
            "server_url": "http://skipcf.cwdn.cx/c/",
            "macs": [
                "00:1A:79:C2:1E:4A",
                "00:1A:79:B6:B2:83"
            ]
        },
        {
            "server_name": "107.189.14.168:8080",
            "server_url": "http://107.189.14.168:8080/c/",
            "macs": [
                "00:1A:79:59:90:BB",
                "00:1a:79:93:4c:ad",
                "00:1A:79:2E:D6:05",
                "00:1A:79:66:8A:E0"
            ]
        },
        {
            "server_name": "promaxhd.com:8080",
            "server_url": "http://promaxhd.com:8080/c/",
            "macs": [
                "00:1A:79:01:2A:83",
                "00:1A:79:BA:1E:87",
                "00:1A:79:C3:92:74",
                "00:1A:79:5C:3B:3F",
                "00:1A:79:B5:68:BF",
                "00:1A:79:80:F4:1E"
            ]
        },
        {
            "server_name": "107.189.14.168:8080",
            "server_url": "http://107.189.14.168:8080/c/",
            "macs": [
                "00:1A:79:59:90:BB",
                "00:1a:79:93:4c:ad",
                "00:1A:79:2E:D6:05",
                "00:1A:79:66:8A:E0",
                "00:1A:79:C0:6E:B6",
                "00:1A:79:C0:6F:D0",
                "00:1A:79:C0:71:8A",
                "00:1A:79:C0:71:92",
                "00:1A:79:C0:71:96",
                "00:1A:79:C0:72:D2",
                "00:1A:79:91:E8:B7",
                "00:1A:79:D5:8F:CD",
                "00:1A:79:11:8F:E9",
                "00:1A:79:51:45:0E",
                "00:1A:79:13:55:65",
                "00:1A:79:A1:B0:31",
                "00:1A:79:14:E0:BF",
                "00:1A:79:05:E8:A2",
                "00:1A:79:90:0C:A8",
                "00:1A:79:92:7B:49",
                "00:1A:79:1D:B2:11",
                "00:1A:79:10:D9:78",
                "00:1A:79:05:F9:46",
                "00:1A:79:D1:EB:3A",
                "00:1A:79:5A:A3:9B",
                "00:1A:79:5E:46:B3"
            ]
        },
        {
            "server_name": "p1.uiop.tv:8037",
            "server_url": "http://p1.uiop.tv:8037/stalker_portal/c/",
            "macs": [
                "00:1A:79:2F:DC:3B",
                "00:1A:79:39:43:3C",
                "00:1A:79:3E:A3:28",
                "00:1A:79:68:56:E6",
                "00:1A:79:5B:07:FD",
                "00:1A:79:49:CA:27",
                "00:1A:79:2A:5C:0C",
                "00:1A:79:37:8A:A9",
                "00:1A:79:6E:E1:01",
                "00:1A:79:2E:71:34",
                "00:1A:79:1D:E0:C7",
                "00:1A:79:3E:B1:9F",
                "00:1A:79:6F:DF:96",
                "00:1A:79:5B:02:43",
                "00:1A:79:66:9E:05"
            ]
        },
        {
            "server_name": "zepequeno.xyz:8080",
            "server_url": "http://zepequeno.xyz:8080/c/",
            "macs": [
                "00:1A:79:AD:A4:38"
            ]
        },
        {
            "server_name": "nordicone.eu:2095",
            "server_url": "http://nordicone.eu:2095/c/",
            "macs": [
                "00:1A:79:71:AF:82",
                "00:1A:79:BA:24:69"
            ]
        },
        {
            "server_name": "mag.ugoiptv.com",
            "server_url": "http://mag.ugoiptv.com/c/",
            "macs": [
                "00:1A:79:05:19:17"
            ]
        },
        {
            "server_name": "hans_monika.streamtv.to:8080",
            "server_url": "http://hans_monika.streamtv.to:8080/c/",
            "macs": [
                "00:1A:79:D1:90:99",
                "00:1A:79:AD:B2:3E",
                "00:1A:79:D0:6E:D2",
                "00:1A:79:50:62:D2",
                "00:1A:79:DC:18:DB",
                "00:1A:79:45:20:82",
                "00:1A:79:50:62:D2"
            ]
        },
        {
            "server_name": "tit.ipsh.tv",
            "server_url": "http://tit.ipsh.tv/c/",
            "macs": [
                "00:1A:79:C2:B6:45",
                "00:1A:79:C3:01:C0",
                "00:1A:79:53:9F:1A",
                "00:1A:79:A1:61:D9",
                "00:1A:79:84:F8:62",
                "00:1A:79:B7:EC:4A",
                "00:1A:79:B2:DF:F6",
                "00:1A:79:AC:84:5B",
                "00:1A:79:52:8A:D2",
                "00:1A:79:70:80:EF",
                "00:1A:79:C1:11:AE",
                "00:1A:79:7C:4C:AB",
                "00:1A:79:D6:CB:38",
                "00:1A:79:42:A1:BD",
                "00:1A:79:01:6A:4B",
                "00:1A:79:8B:37:F8",
                "00:1A:79:7A:34:17",
                "00:1A:79:A2:11:99"
            ]
        },
        {
            "server_name": "mag.greatott.me",
            "server_url": "http://mag.greatott.me/c/",
            "macs": [
                "00:1A:79:B8:74:BC",
                "00:1A:79:C6:98:4F",
                "00:1A:79:CA:81:5B",
                "00:1A:79:C7:E2:CC",
                "00:1A:79:B5:4A:02",
                "00:1A:79:BF:E8:AD",
                "00:1A:79:3A:0C:88",
                "00:1A:79:FB:06:C8",
                "00:1A:79:F7:49:4B",
                "00:1A:79:23:42:20",
                "00:1A:79:AF:1A:80"
            ]
        },
        {
            "server_name": "z.zcatt.cc",
            "server_url": "http://z.zcatt.cc/stalker_portal/c/",
            "macs": [
                "00:1A:79:41:47:6B",
                "00:1A:79:74:FD:6B",
                "00:1A:79:53:26:6C",
                "00:1A:79:B8:52:2E"
            ]
        },
        {
            "server_name": "wyveep.com:8080",
            "server_url": "http://wyveep.com:8080/c/",
            "macs": [
                "00:1A:79:C7:FD:87",
                "00:1A:79:C3:C8:EE"
            ]
        },
        {
            "server_name": "line.iptvwings.com:80",
            "server_url": "http://line.iptvwings.com:80/c/",
            "macs": [
                "00:1A:79:B5:1C:F2",
                "00:1A:79:A8:10:AB"
            ]
        },
        {
            "server_name": "4k.f01tv.live:8080",
            "server_url": "http://4k.f01tv.live:8080/c/",
            "macs": [
                "00:1A:79:AF:79:47"
            ]
        },
        {
            "server_name": "69.tvzon.me",
            "server_url": "http://69.tvzon.me/stalker_portal/c/",
            "macs": [
                "00:1A:79:B6:C4:A2",
                "00:1A:79:34:80:F8"
            ]
        },
        {
            "server_name": "tv.zaintv.net:80",
            "server_url": "http://tv.zaintv.net:80/c/",
            "macs": [
                "00:1A:79:DD:6C:C1"
            ]
        },
        {
            "server_name": "gfr5.mi20.cc",
            "server_url": "http://gfr5.mi20.cc/stalker_portal/c/",
            "macs": [
                "00:1A:79:F0:79:81",
                "00:1A:79:73:EF:7F"
            ]
        },
        {
            "server_name": "mag.premiumplus.tv",
            "server_url": "http://mag.premiumplus.tv/c/",
            "macs": [
                "00:1A:79:B7:07:5A",
                "00:1A:79:C9:5C:3E",
                "00:1A:79:CD:4B:F7",
                "00:1A:79:78:E8:74",
                "00:1A:79:5A:A0:59",
                "00:1A:79:97:0A:BE",
                "00:1A:79:18:24:1C",
                "00:1A:79:C3:C6:17",
                "00:1A:79:BD:5F:D4",
                "00:1A:79:2F:EB:0C"
            ]
        }
    ]
}