{
    "items": [
        {
            "server_name": "eurotuga.xyz:8080",
            "server_url": "http://eurotuga.xyz:8080/c/",
            "macs": [
                "00:1A:79:0E:13:B5"
            ]
        },
        {
            "server_name": "neomixs.com:8080",
            "server_url": "http://neomixs.com:8080/c/",
            "macs": [
                "00:1A:79:19:6F:86",
                "00:1A:79:20:7F:9C",
                "00:1A:79:2F:3B:02",
                "00:1A:79:77:38:9F",
                "00:1A:79:95:67:83",
                "00:1A:79:A4:7D:C3",
                "00:1A:79:A7:CA:56",
                "00:1A:79:AA:6C:30",
                "00:1A:79:AF:8D:53",
                "00:1A:79:B8:7C:ED"
            ]
        },
        {
            "server_name": "alexiptv.ddns.me:8080",
            "server_url": "http://alexiptv.ddns.me:8080/c/",
            "macs": [
                "00:1A:79:21:1F:7F",
                "00:1A:79:79:D6:AA",
                "00:1A:79:BB:1F:7D",
                "00:1A:79:C0:71:7F"
            ]
        },
        {
            "server_name": "hans_monika.streamtv.to:8080",
            "server_url": "http://hans_monika.streamtv.to:8080/c/",
            "macs": [
                "00:1A:79:BA:61:49",
                "00:1A:79:BB:EB:79",
                "00:1A:79:C5:88:CD",
                "00:1A:79:FE:48:1B"
            ]
        },
        {
            "server_name": "oceanstream.me",
            "server_url": "http://oceanstream.me/c/",
            "macs": [
                "00:1A:79:20:22:23",
                "00:1A:79:82:6F:2E",
                "00:1A:79:A2:C3:44",
                "00:1A:79:DA:CE:98"
            ]
        },
        {
            "server_name": "fzahtv.com",
            "server_url": "http://fzahtv.com/c/",
            "macs": [
                "00:1A:79:33:31:32",
                "00:1A:79:82:53:CA",
                "00:1A:79:B6:46:54",
                "00:1A:79:C3:B2:69",
                "00:1A:79:D5:72:56",
                "00:1A:79:D6:4E:84"
            ]
        },
        {
            "server_name": "mag.ukhd.tv",
            "server_url": "http://mag.ukhd.tv/c/",
            "macs": [
                "00:1A:79:24:4F:C9",
                "00:1A:79:27:1F:A8",
                "00:1A:79:2B:9C:4E",
                "00:1A:79:3D:0B:02",
                "00:1A:79:4A:5E:47",
                "00:1A:79:63:AA:CE",
                "00:1A:79:65:66:37",
                "00:1A:79:B0:E6:91",
                "00:1A:79:D2:BD:2B"
            ]
        },
        {
            "server_name": "tv.trexiptv.com",
            "server_url": "http://tv.trexiptv.com/c/",
            "macs": [
                "00:1A:79:C5:8F:97"
            ]
        },
        {
            "server_name": "fastrunner.live:8080",
            "server_url": "http://fastrunner.live:8080/c/",
            "macs": [
                "00:1A:79:3F:0D:2F"
            ]
        },
        {
            "server_name": "77.74.193.158:88",
            "server_url": "http://77.74.193.158:88/stalker_portal/c/",
            "macs": [
                "00:1A:79:39:2A:C3",
                "00:1A:79:4B:83:46",
                "00:1A:79:55:0A:B1",
                "00:1A:79:57:D6:72",
                "00:1A:79:6A:E9:C9",
                "00:1A:79:7C:CC:39",
                "00:1A:79:C2:7C:68"
            ]
        },
        {
            "server_name": "uhd3.one",
            "server_url": "http://uhd3.one/c/",
            "macs": [
                "00:1A:79:48:C2:5F",
                "00:1A:79:55:32:99",
                "00:1A:79:B5:BC:45"
            ]
        },
        {
            "server_name": "apk.androidtrex.com",
            "server_url": "http://apk.androidtrex.com/c/",
            "macs": [
                "00:1A:79:17:97:94"
            ]
        },
        {
            "server_name": "iptv.darktv.in",
            "server_url": "http://iptv.darktv.in/c/",
            "macs": [
                "00:1A:79:7C:5F:29",
                "00:1A:79:A4:4E:53"
            ]
        },
        {
            "server_name": "185.129.1.249:88",
            "server_url": "http://185.129.1.249:88/stalker_portal/c/",
            "macs": [
                "00:1A:79:14:C9:A9",
                "00:1A:79:1B:24:84",
                "00:1A:79:1B:26:A3",
                "00:1A:79:1B:26:E0",
                "00:1A:79:1B:29:A4",
                "00:1A:79:1B:29:C2",
                "00:1A:79:1E:AC:C3",
                "00:1A:79:1E:AC:E2",
                "00:1A:79:1E:AC:FF",
                "00:1A:79:1E:AD:13",
                "00:1A:79:1E:AE:02",
                "00:1A:79:1E:AF:65",
                "00:1A:79:1E:B0:68",
                "00:1A:79:1E:B0:E2",
                "00:1A:79:1E:B0:FA"
            ]
        },
        {
            "server_name": "proxy.watchtv.best",
            "server_url": "http://proxy.watchtv.best/c/",
            "macs": [
                "00:1A:79:76:73:1C",
                "00:1A:79:CA:96:28",
                "00:1A:79:E1:0E:18"
            ]
        },
        {
            "server_name": "wyveep.com",
            "server_url": "http://wyveep.com/c/",
            "macs": [
                "00:1A:79:5A:81:C5",
                "00:1A:79:BA:C7:06",
                "00:1A:79:BC:F9:8E",
                "00:1A:79:C5:C2:29"
            ]
        },
        {
            "server_name": "z.zcatt.cc",
            "server_url": "http://z.zcatt.cc/stalker_portal/c/",
            "macs": [
                "00:1A:79:36:34:4C",
                "00:1A:79:39:6C:3B",
                "00:1A:79:4A:EA:20",
                "00:1A:79:6D:98:57",
                "00:1A:79:A4:5C:74"
            ]
        }
    ]
}