{
    "items": [
        {
            "server_name": "avare.kingtv.pw",
            "server_url": "http://avare.kingtv.pw/c/",
            "macs": [
                "00:1A:79:0E:39:2C",
                "00:1A:79:A9:E4:7B",
                "00:1A:79:13:50:5E"
            ]
        },
        {
            "server_name": "1234up.com:8080",
            "server_url": "http://1234up.com:8080/c/",
            "macs": [
                "00:1A:79:FB:22:52",
                "00:1A:79:A9:D0:94"
            ]
        },
        {
            "server_name": "16243-sides.cdn-o2.me",
            "server_url": "http://16243-sides.cdn-o2.me/c/",
            "macs": [
                "00:1A:79:4F:AE:64",
                "00:1A:79:47:ED:40"
            ]
        },
        {
            "server_name": "line.rs4ott.com:80",
            "server_url": "http://line.rs4ott.com:80/c/",
            "macs": [
                "00:1A:79:64:62:39"
            ]
        },
        {
            "server_name": "ix.kingtv.pw",
            "server_url": "http://ix.kingtv.pw/c/",
            "macs": [
                "00:1A:79:9E:86:71",
                "00:1A:79:14:E9:CE"
            ]
        },
        {
            "server_name": "lllllliiiiiiidsa9.funtogether.xyz:8080",
            "server_url": "http://lllllliiiiiiidsa9.funtogether.xyz:8080/c/",
            "macs": [
                "00:1A:79:e6:80:67",
                "00:1A:79:36:06:bb",
                "00:1A:79:64:ee:d1",
                "00:1A:79:fa:06:30"
            ]
        }
    ]
}