{
    "items": [
        {
            "server_name": "45.139.122.199",
            "server_url": "http://45.139.122.199:2095/c/",
            "macs": [
                "00:1A:79:00:00:DB",
                "00:1A:79:00:16:9D",
                "00:1A:79:00:1E:B8",
                "00:1A:79:00:50:CB"
            ]
        },
        {
            "server_name": "mag.greatott.me",
            "server_url": "http://mag.greatott.me:80/c/",
            "macs": [
                "00:1A:79:00:01:11",
                "00:1A:79:01:22:53",
                "00:1A:79:01:1E:A5",
                "00:1A:79:01:0F:55",
                "00:1A:79:01:0F:6D"
            ]
        },
        {
            "server_name": "mag.trexlive.me",
            "server_url": "http://mag.trexlive.me:80/c/",
            "macs": [
                "00:1A:79:22:EB:C0"
            ]
        },
        {
            "server_name": "marvelhd.eu",
            "server_url": "http://marvelhd.eu:8080/c/",
            "macs": [
                "00:1A:79:F5:48:73",
                "00:1A:79:06:C2:78"
            ]
        },
        {
            "server_name": "max.zengtv.net",
            "server_url": "http://max.zengtv.net:8000/c/",
            "macs": [
                "00:1A:79:00:C3:F4",
                "00:1A:79:00:43:3B",
                "00:1A:79:00:48:8d",
                "00:1A:79:00:4a:c9",
                "00:1A:79:00:4C:27",
                "00:1A:79:00:4A:CC",
                "00:1A:79:00:50:23",
                "00:1A:79:00:6C:A7",
                "00:1A:79:00:76:6D"
            ]
        },
        {
            "server_name": "sony4k.vip",
            "server_url": "http://sony4k.vip:8000/c/",
            "macs": [
                "00:1A:79:00:00:BC",
                "00:1A:79:00:00:D6",
                "00:1A:79:00:00:DB",
                "00:1A:79:00:05:83",
                "00:1A:79:00:0A:73",
                "00:1A:79:00:0b:bc",
                "00:1A:79:00:0B:C0",
                "00:1A:79:00:13:45",
                "00:1A:79:00:1D:D7",
                "00:1A:79:00:31:56"
            ]
        },
        {
            "server_name": "sonymax.org",
            "server_url": "http://sonymax.org:8080/c/",
            "macs": [
                "00:1A:79:77:C2:18"
            ]
        },
        {
            "server_name": "troublesupport.my.to",
            "server_url": "http://troublesupport.my.to:80/c/",
            "macs": [
                "00:1A:79:78:1F:5E"
            ]
        },
        {
            "server_name": "tvpp.novea-hosting.online",
            "server_url": "http://tvpp.novea-hosting.online:80/c/",
            "macs": [
                "00:1A:79:CE:FB:7A",
                "00:1A:79:00:00:00"
            ]
        },
        {
            "server_name": "vip2102.112421.net",
            "server_url": "http://vip2102.112421.net:2050/c/",
            "macs": [
                "00:1A:79:17:51:7E",
                "00:1A:79:52:A0:44",
                "00:1A:79:66:DE:BA"
            ]
        },
        {
            "server_name": "yo.ikitv.site",
            "server_url": "http://yo.ikitv.site:8080/c/",
            "macs": [
                "00:1A:79:CB:5B:7A",
                "00:1A:79:BE:57:56",
                "00:1A:79:BE:7D:D4",
                "00:1A:79:B3:2B:F5",
                "00:1A:79:6F:DD:50"
            ]
        },
        {
            "server_name": "zupanet.live",
            "server_url": "http://zupanet.live:8080/c/",
            "macs": [
                "00:1A:79:00:05:1A",
                "00:1A:79:00:05:83",
                "00:1A:79:00:0B:C0",
                "00:1A:79:00:0b:bc",
                "00:1A:79:00:12:70",
                "00:1A:79:00:11:DB",
                "00:1A:79:00:1E:07"
            ]
        }
    ]
}