{
    "items": [
        {
            "server_name": "1234up.com",
            "server_url": "http://1234up.com/c/",
            "macs": [
                "00:1A:79:24:7B:FF",
                "00:1A:79:C7:F4:9E"
            ]
        },
        {
            "server_name": "185.243.7.51",
            "server_url": "http://185.243.7.51/c/",
            "macs": [
                "00:1A:79:C3:F1:71",
                "00:1A:79:64:AA:CA",
                "00:1A:79:C6:95:3E",
                "00:1A:79:79:77:B6",
                "00:1A:79:12:30:37"
            ]
        },
        {
            "server_name": "45.139.122.199",
            "server_url": "http://45.139.122.199:8080/c/",
            "macs": [
                "00:1A:79:A6:54:34",
                "00:1A:79:4D:13:73",
                "00:1A:79:B4:4F:81",
                "00:1A:79:AD:84:81",
                "00:1A:79:C3:0D:FD",
                "00:1A:79:C4:22:DD",
                "00:1A:79:AE:CC:32",
                "00:1A:79:C5:48:7B",
                "00:1A:79:F4:8C:3A",
                "00:1A:79:03:94:B6",
                "00:1A:79:04:71:64",
                "00:1A:79:0C:A8:3A",
                "00:1A:79:0F:51:C8",
                "00:1A:79:33:6C:9E",
                "00:1A:79:33:D0:C6",
                "00:1A:79:38:41:5B",
                "00:1A:79:4D:E7:5F",
                "00:1A:79:4F:0F:CB",
                "00:1A:79:4F:18:EE",
                "00:1A:79:4F:CB:01",
                "00:1A:79:55:E2:E5",
                "00:1A:79:56:98:E6",
                "00:1A:79:8E:2D:A6",
                "00:1A:79:99:CB:54",
                "00:1A:79:A5:DB:91",
                "00:1A:79:A9:1C:B0",
                "00:1A:79:A9:F3:A7",
                "00:1A:79:AB:B7:8F",
                "00:1A:79:AE:64:4C",
                "00:1A:79:AE:69:C4",
                "00:1A:79:AE:D6:45",
                "00:1A:79:AF:7D:CA",
                "00:1A:79:B0:92:74",
                "00:1A:79:B0:AB:15",
                "00:1A:79:B2:46:BF",
                "00:1A:79:B4:45:84",
                "00:1A:79:B4:52:DA",
                "00:1A:79:B5:19:8D",
                "00:1A:79:B6:53:14",
                "00:1A:79:B7:7C:D5",
                "00:1A:79:BA:AA:46",
                "00:1A:79:BB:ED:8B",
                "00:1A:79:BC:2C:0C",
                "00:1A:79:BD:B5:B8",
                "00:1A:79:BE:62:7D",
                "00:1A:79:BF:A8:3A",
                "00:1A:79:BF:CE:80",
                "00:1A:79:BF:EA:1C",
                "00:1A:79:C0:09:14",
                "00:1A:79:C0:0B:A2",
                "00:1A:79:C0:8E:E0",
                "00:1A:79:C1:D5:EE",
                "00:1A:79:C3:14:14",
                "00:1A:79:C3:29:37",
                "00:1A:79:C4:29:55",
                "00:1A:79:C5:B1:FB",
                "00:1A:79:C7:80:8C",
                "00:1A:79:CC:E2:CF",
                "00:1A:79:CC:FE:C9",
                "00:1A:79:CF:24:E6",
                "00:1A:79:D0:26:C0",
                "00:1A:79:D0:DF:0E",
                "00:1A:79:D1:EF:7D",
                "00:1A:79:D2:93:51",
                "00:1A:79:D2:FE:5E",
                "00:1A:79:F6:A6:DB",
                "00:1A:79:FD:C0:F1"
            ]
        },
        {
            "server_name": "45.139.122.199",
            "server_url": "http://45.139.122.199:2095/c/",
            "macs": [
                "00:1A:79:03:04:CC",
                "00:1A:79:BB:ED:8B",
                "00:1A:79:AE:E0:93",
                "00:1A:79:AB:56:C3",
                "00:1A:79:CE:11:78",
                "00:1A:79:B3:6A:47",
                "00:1A:79:B0:91:D9",
                "00:1A:79:AE:D0:C5",
                "00:1A:79:A8:69:F5",
                "00:1A:79:C4:26:9E",
                "00:1A:79:B7:2C:1B",
                "00:1A:79:C0:80:72",
                "00:1A:79:21:17:50",
                "00:1A:79:4B:47:B6"
            ]
        },
        {
            "server_name": "90309-fri.ott-cdn.me",
            "server_url": "http://90309-fri.ott-cdn.me/c/",
            "macs": [
                "00:1A:79:00:1C:FE",
                "00:1A:79:02:F8:2B",
                "00:1A:79:07:BF:D8",
                "00:1A:79:0E:85:CA",
                "00:1A:79:17:1B:95",
                "00:1A:79:18:C2:6F",
                "00:1A:79:30:30:70",
                "00:1A:79:3A:1F:F7",
                "00:1A:79:3B:00:64",
                "00:1A:79:50:3B:87",
                "00:1A:79:5B:C0:B8",
                "00:1A:79:63:E9:9B",
                "00:1A:79:6D:57:42",
                "00:1A:79:73:47:40",
                "00:1A:79:74:98:95",
                "00:1A:79:7A:C7:2F",
                "00:1A:79:80:A2:6D",
                "00:1A:79:B5:2A:00",
                "00:1A:79:B9:0B:D2",
                "00:1A:79:B9:9F:4E",
                "00:1A:79:D5:7D:40",
                "00:1A:79:E6:D5:B2",
                "00:1A:79:96:E6:46",
                "00:1A:79:BF:7A:3E",
                "00:1A:79:A1:FC:B0",
                "00:1A:79:C3:94:FA",
                "00:1A:79:AF:7F:8E",
                "00:1A:79:36:58:D2"
            ]
        },
        {
            "server_name": "adenmedia.net",
            "server_url": "http://adenmedia.net:80/c/",
            "macs": [
                "00:1A:79:B3:00:0D",
                "00:1A:79:B3:00:58",
                "00:1A:79:B3:00:61",
                "00:1A:79:B3:00:65",
                "00:1A:79:B3:00:8B",
                "00:1A:79:B3:00:D0",
                "00:1A:79:B3:00:D4",
                "00:1A:79:B3:00:F3",
                "00:1A:79:B3:01:21",
                "00:1A:79:B3:01:33",
                "00:1A:79:B3:01:42",
                "00:1A:79:B3:01:4D"
            ]
        },
        {
            "server_name": "ainfo.icu",
            "server_url": "http://ainfo.icu/c/",
            "macs": [
                "00:1A:79:E6:4D:7F",
                "00:1A:79:20:DD:8B",
                "00:1A:79:3E:7F:21",
                "00:1A:79:BA:E6:92",
                "00:1A:79:CB:39:4F",
                "00:1A:79:FA:01:37",
                "00:1A:79:64:50:0F",
                "00:1A:79:6F:9F:74",
                "00:1A:79:B8:C7:2C",
                "00:1A:79:79:1F:5A",
                "00:1A:79:C3:C9:94"
            ]
        },
        {
            "server_name": "androstv.xyz",
            "server_url": "http://androstv.xyz:8080/c/",
            "macs": [
                "00:1A:79:50:EE:76",
                "00:1A:79:90:D3:46",
                "00:1A:79:AB:60:ED",
                "00:1A:79:01:6D:65",
                "00:1A:79:01:75:64"
            ]
        },
        {
            "server_name": "apksmart.dino.ws",
            "server_url": "http://apksmart.dino.ws/c/",
            "macs": [
                "00:1A:79:0E:85:CA",
                "00:1A:79:D5:7D:40",
                "00:1A:79:B9:0B:D2",
                "00:1A:79:30:30:70",
                "00:1A:79:7A:C7:2F",
                "00:1A:79:5B:C0:B8",
                "00:1A:79:02:F8:2B",
                "00:1A:79:63:E9:9B",
                "00:1A:79:17:1B:95",
                "00:1A:79:3B:00:64",
                "00:1A:79:B7:81:F2",
                "00:1A:79:73:47:40",
                "00:1A:79:3A:1F:F7",
                "00:1A:79:B5:2A:00",
                "00:1A:79:01:70:E4",
                "00:1A:79:B9:9F:4E",
                "00:1A:79:74:98:95",
                "00:1A:79:6D:57:42",
                "00:1A:79:5C:E8:6F",
                "00:1A:79:7D:E1:01",
                "00:1A:79:8B:2A:91",
                "00:1A:79:B5:9C:30",
                "00:1A:79:B5:F7:D7"
            ]
        },
        {
            "server_name": "breakfa5t.club",
            "server_url": "http://breakfa5t.club/c/",
            "macs": [
                "00:1A:79:ED:FC:C2",
                "00:1A:79:7E:01:5D",
                "00:1A:79:75:34:A3",
                "00:1A:79:4F:EB:C7",
                "00:1A:79:7E:01:C2",
                "00:1A:79:C0:98:9A",
                "00:1A:79:DE:AC:5D"
            ]
        },
        {
            "server_name": "cbrlig.com",
            "server_url": "http://cbrlig.com:8080/c/",
            "macs": [
                "00:1A:79:B1:6C:27",
                "00:1A:79:9D:CF:D4",
                "00:1A:79:56:99:7D",
                "00:1A:79:AF:58:66",
                "00:1A:79:B5:66:05",
                "00:1A:79:68:72:6F",
                "00:1A:79:CC:2E:1A",
                "00:1A:79:C8:2D:F5"
            ]
        },
        {
            "server_name": "celticdream.net",
            "server_url": "http://celticdream.net:80/c/",
            "macs": [
                "00:1A:79:B9:75:50",
                "00:1A:79:B9:75:4F",
                "00:1A:79:B9:75:2A",
                "00:1A:79:B9:75:38",
                "00:1A:79:B9:75:56",
                "00:1A:79:B9:75:47",
                "00:1A:79:B9:75:58",
                "00:1A:79:B9:75:46",
                "00:1A:79:B9:75:43"
            ]
        },
        {
            "server_name": "cmc.best-ott.me",
            "server_url": "http://cmc.best-ott.me:80/c/",
            "macs": [
                "00:1A:79:00:00:25",
                "00:1A:79:00:00:67",
                "00:1A:79:00:00:69",
                "00:1A:79:00:02:CF",
                "00:1A:79:00:0A:EF",
                "00:1A:79:00:0F:D4",
                "00:1A:79:00:10:B1",
                "00:1A:79:00:10:B7",
                "00:1A:79:00:10:BA",
                "00:1A:79:00:10:C4",
                "00:1A:79:00:10:C7",
                "00:1A:79:00:11:3C",
                "00:1A:79:00:11:42",
                "00:1A:79:00:11:4E",
                "00:1A:79:00:11:6B",
                "00:1A:79:00:11:6E",
                "00:1A:79:00:11:81",
                "00:1A:79:00:11:BB",
                "00:1A:79:00:11:E5",
                "00:1A:79:00:12:14",
                "00:1A:79:00:12:30",
                "00:1A:79:00:12:31",
                "00:1A:79:00:12:34",
                "00:1A:79:00:12:47",
                "00:1A:79:00:12:B2",
                "00:1A:79:00:12:C0",
                "00:1A:79:00:13:88",
                "00:1A:79:00:13:93",
                "00:1A:79:00:13:A4",
                "00:1A:79:00:13:A6",
                "00:1A:79:00:13:A9",
                "00:1A:79:00:13:B4",
                "00:1A:79:00:13:C1",
                "00:1A:79:00:13:FC",
                "00:1A:79:00:13:FF",
                "00:1A:79:00:14:09",
                "00:1A:79:00:14:2F",
                "00:1A:79:00:14:31",
                "00:1A:79:00:14:36",
                "00:1A:79:00:14:38",
                "00:1A:79:00:14:50",
                "00:1A:79:00:14:52",
                "00:1A:79:00:14:56",
                "00:1A:79:00:14:83",
                "00:1A:79:00:14:84",
                "00:1A:79:00:14:9B",
                "00:1A:79:00:14:A4",
                "00:1A:79:00:14:A5",
                "00:1A:79:00:14:FC",
                "00:1A:79:00:14:FD",
                "00:1A:79:00:15:02",
                "00:1A:79:00:15:43",
                "00:1A:79:00:15:56",
                "00:1A:79:00:15:A6",
                "00:1A:79:00:15:B4",
                "00:1A:79:00:15:d3",
                "00:1A:79:00:16:5B",
                "00:1A:79:00:16:D6",
                "00:1A:79:00:16:F6",
                "00:1A:79:00:16:d6",
                "00:1A:79:00:16:d7",
                "00:1A:79:00:17:57",
                "00:1A:79:00:17:81",
                "00:1A:79:00:17:88",
                "00:1A:79:00:18:14",
                "00:1A:79:00:18:29",
                "00:1A:79:00:18:45",
                "00:1A:79:00:18:8F",
                "00:1A:79:00:18:C0",
                "00:1A:79:00:18:c1",
                "00:1A:79:00:19:1C",
                "00:1A:79:00:1A:96",
                "00:1A:79:00:1B:C7",
                "00:1A:79:00:1B:F5",
                "00:1A:79:00:1B:F9",
                "00:1A:79:00:1B:FF",
                "00:1A:79:00:1C:23",
                "00:1A:79:00:1C:50",
                "00:1A:79:00:1C:58",
                "00:1A:79:00:1C:5B",
                "00:1A:79:00:1C:62",
                "00:1A:79:00:1C:76",
                "00:1A:79:00:1C:AE",
                "00:1A:79:00:1C:C9",
                "00:1A:79:00:1C:F7",
                "00:1A:79:00:1D:0E",
                "00:1A:79:00:1D:12",
                "00:1A:79:00:1D:1A",
                "00:1A:79:00:1D:5C",
                "00:1A:79:00:1D:63",
                "00:1A:79:00:1D:73",
                "00:1A:79:00:1D:7A",
                "00:1A:79:00:1D:A5",
                "00:1A:79:00:1D:AA",
                "00:1A:79:00:1D:B1",
                "00:1A:79:00:1D:B8",
                "00:1A:79:00:1D:C3",
                "00:1A:79:00:1D:D4",
                "00:1A:79:00:1D:E7",
                "00:1A:79:00:1D:E8",
                "00:1A:79:00:1D:EE",
                "00:1A:79:00:1D:FE",
                "00:1A:79:00:1E:00",
                "00:1A:79:00:1E:13",
                "00:1A:79:00:1E:1B",
                "00:1A:79:00:1E:24",
                "00:1A:79:00:1E:25",
                "00:1A:79:00:1E:3A",
                "00:1A:79:00:1E:45",
                "00:1A:79:00:1E:56",
                "00:1A:79:00:1E:74",
                "00:1A:79:00:1E:75",
                "00:1A:79:00:1E:7D",
                "00:1A:79:00:1E:9E",
                "00:1A:79:00:1E:E6",
                "00:1A:79:00:1F:2B",
                "00:1A:79:00:1F:30",
                "00:1A:79:00:1F:34",
                "00:1A:79:00:1F:3A",
                "00:1A:79:00:1F:3D",
                "00:1A:79:00:1F:40",
                "00:1A:79:00:1F:45",
                "00:1A:79:00:1F:6B",
                "00:1A:79:00:1c:41",
                "00:1A:79:00:1c:76",
                "00:1A:79:00:1d:b5",
                "00:1A:79:00:1e:c6"
            ]
        },
        {
            "server_name": "dp-elite.net",
            "server_url": "http://dp-elite.net:2095/c/",
            "macs": [
                "00:1a:79:26:86:25",
                "00:1a:79:ac:21:ef",
                "00:1a:79:c2:c9:0b",
                "00:1a:79:c3:5c:e4",
                "00:1a:79:c7:66:d6",
                "00:1a:79:c7:3a:6f",
                "00:1a:79:db:dc:71",
                "00:1a:79:be:fd:18",
                "00:1a:79:c4:9f:fa",
                "00:1a:79:bc:60:11",
                "00:1a:79:b4:ca:89",
                "00:1a:79:51:a3:84",
                "00:1a:79:e9:b6:7f",
                "00:1a:79:13:7f:92",
                "00:1a:79:1b:5f:3b",
                "00:1a:79:90:64:9b",
                "00:1a:79:a4:58:1d"
            ]
        },
        {
            "server_name": "evilvir.us.streamtv.to",
            "server_url": "http://evilvir.us.streamtv.to:8080/c/",
            "macs": [
                "00:1A:79:B0:BF:70"
            ]
        },
        {
            "server_name": "fakaur.com",
            "server_url": "http://fakaur.com/c/",
            "macs": [
                "00:1A:79:B7:9F:33",
                "00:1A:79:AB:55:01",
                "00:1A:79:A5:30:2E",
                "00:1A:79:B7:9F:C0",
                "00:1A:79:C4:3E:0C",
                "00:1A:79:AD:81:25",
                "00:1A:79:5A:1C:16",
                "00:1A:79:AB:55:48",
                "00:1A:79:B0:E2:17",
                "00:1A:79:AB:55:4C",
                "00:1A:79:C8:52:99"
            ]
        },
        {
            "server_name": "fastopen.live",
            "server_url": "http://fastopen.live:8080/c/",
            "macs": [
                "00:1A:79:D0:EE:3B",
                "00:1A:79:63:C3:61"
            ]
        },
        {
            "server_name": "fastrunner.live",
            "server_url": "http://fastrunner.live:8080/c/",
            "macs": [
                "00:1A:79:65:39:4B",
                "00:1A:79:BA:66:5B",
                "00:1A:79:B9:08:F4",
                "00:1A:79:B9:F1:26"
            ]
        },
        {
            "server_name": "fzahtv.com",
            "server_url": "http://fzahtv.com/c/",
            "macs": [
                "00:1A:79:D0:F1:32",
                "00:1A:79:28:D6:9A",
                "00:1A:79:AF:13:F7",
                "00:1A:79:BA:A4:9E",
                "00:1A:79:00:45:B4",
                "00:1A:79:01:BF:CB",
                "00:1A:79:50:E1:68",
                "00:1A:79:05:F5:41",
                "00:1A:79:9E:C0:64",
                "00:1A:79:6E:0E:E5",
                "00:1A:79:00:15:EB",
                "00:1A:79:F1:EB:A4",
                "00:1A:79:7F:3F:6A",
                "00:1A:79:00:04:DF",
                "00:1A:79:00:05:E6",
                "00:1A:79:00:08:5a",
                "00:1A:79:00:0F:FE",
                "00:1A:79:00:10:28",
                "00:1A:79:00:0F:FB",
                "00:1A:79:00:10:2D",
                "00:1A:79:00:10:2e",
                "00:1A:79:00:0F:FD",
                "00:1A:79:00:10:5C",
                "00:1A:79:00:10:40",
                "00:1A:79:00:11:2A",
                "00:1A:79:00:11:53",
                "00:1A:79:00:11:37",
                "00:1A:79:00:11:A8",
                "00:1A:79:00:11:D3",
                "00:1A:79:00:12:75",
                "00:1A:79:00:12:76",
                "00:1A:79:00:12:88",
                "00:1A:79:00:12:69",
                "00:1A:79:00:18:1B",
                "00:1A:79:00:18:0D",
                "00:1A:79:00:18:94",
                "00:1A:79:00:18:D5",
                "00:1A:79:00:18:F8",
                "00:1A:79:00:18:B7",
                "00:1A:79:00:1B:B9",
                "00:1A:79:00:1B:C1",
                "00:1A:79:00:1B:9C",
                "00:1A:79:00:1C:AF",
                "00:1A:79:00:1C:0A",
                "00:1a:79:00:1d:24",
                "00:1A:79:00:1D:87",
                "00:1A:79:00:1D:47",
                "00:1a:79:00:1d:b9",
                "00:1A:79:00:1D:7B",
                "00:1A:79:00:1E:11",
                "00:1A:79:00:1E:8B",
                "00:1A:79:00:1F:07",
                "00:1A:79:00:1F:6F",
                "00:1A:79:00:44:22",
                "00:1A:79:00:52:89",
                "00:1A:79:00:67:2c",
                "00:1A:79:00:80:77",
                "00:1A:79:00:92:91",
                "00:1A:79:00:98:B1",
                "00:1A:79:01:70:E3",
                "00:1A:79:01:71:62",
                "00:1A:79:01:72:24",
                "00:1A:79:01:75:F0",
                "00:1A:79:01:99:30",
                "00:1A:79:01:F0:0A"
            ]
        },
        {
            "server_name": "hdmiclub.online",
            "server_url": "http://hdmiclub.online:8080/c/",
            "macs": [
                "00:1A:79:C1:BA:26",
                "00:1A:79:C2:10:28",
                "00:1A:79:BB:D2:63",
                "00:1A:79:0E:82:83",
                "00:1A:79:C0:D6:14",
                "00:1A:79:CC:F6:26",
                "00:1A:79:D2:A6:46",
                "00:1A:79:D2:05:41"
            ]
        },
        {
            "server_name": "icon-ott.xyz",
            "server_url": "http://icon-ott.xyz/c/",
            "macs": [
                "00:1A:79:8F:47:E6",
                "00:1A:79:6F:E0:8F",
                "00:1A:79:C4:86:F9",
                "00:1A:79:28:20:66",
                "00:1A:79:85:2F:5F",
                "00:1A:79:C5:68:09",
                "00:1A:79:65:0D:5B",
                "00:1A:79:73:B5:8B",
                "00:1A:79:C5:0E:B6",
                "00:1A:79:58:0A:0B",
                "00:1A:79:5A:0A:F9"
            ]
        },
        {
            "server_name": "io.t-v.io",
            "server_url": "http://io.t-v.io/c/",
            "macs": [
                "00:1A:79:08:45:2E",
                "00:1a:79:ad:61:98"
            ]
        },
        {
            "server_name": "iptv.darktv.in",
            "server_url": "http://iptv.darktv.in/c/",
            "macs": [
                "00:1a:79:7c:5f:29",
                "00:1a:79:a4:4e:53",
                "00:1A:79:D7:1F:15",
                "00:1A:79:39:2C:DD",
                "00:1A:79:C3:1E:75",
                "00:1A:79:2D:74:FA",
                "00:1A:79:A4:2F:47",
                "00:1A:79:16:33:08",
                "00:1A:79:D1:E1:96",
                "00:1A:79:4F:D0:8F",
                "00:1A:79:61:FE:B2",
                "00:1A:79:D2:0B:6A",
                "00:1A:79:03:12:25",
                "00:1A:79:24:2F:3C",
                "00:1A:79:10:E3:80",
                "00:1A:79:AA:71:31",
                "00:1A:79:6B:BA:E3",
                "00:1A:79:6B:BA:F0",
                "00:1A:79:A5:BF:4D",
                "00:1A:79:08:E2:00",
                "00:1A:79:FF:28:21",
                "00:1A:79:A0:E3:BE",
                "00:1A:79:08:4A:81",
                "00:1A:79:9E:85:D6",
                "00:1A:79:6B:BD:CE",
                "00:1A:79:0E:88:38",
                "00:1A:79:9E:88:EE",
                "00:1A:79:2B:37:72",
                "00:1A:79:14:EC:2A",
                "00:1A:79:9E:87:A1",
                "00:1A:79:7C:6C:39",
                "00:1A:79:9E:85:51",
                "00:1A:79:9E:85:8D",
                "00:1A:79:13:53:EA",
                "00:1A:79:9E:87:68",
                "00:1A:79:08:4F:E2",
                "00:1A:79:10:D8:CD",
                "00:1A:79:9E:86:28",
                "00:1A:79:9E:87:AA",
                "00:1A:79:9E:86:F0",
                "00:1A:79:6B:BE:57",
                "00:1A:79:C7:A8:17",
                "00:1A:79:14:E4:31",
                "00:1A:79:76:FD:E7",
                "00:1A:79:4E:CE:87",
                "00:1A:79:A5:BF:31",
                "00:1A:79:9E:88:2E",
                "00:1A:79:76:FD:29",
                "00:1A:79:10:3E:3E",
                "00:1A:79:B4:0E:EE",
                "00:1A:79:01:6B:85",
                "00:1A:79:10:E3:BC",
                "00:1A:79:76:FE:A1",
                "00:1A:79:10:E2:F4",
                "00:1A:79:07:C1:35",
                "00:1A:79:14:EA:F9",
                "00:1A:79:0F:43:BC",
                "00:1A:79:10:D4:C5",
                "00:1A:79:0F:43:BD",
                "00:1A:79:FF:28:27",
                "00:1A:79:13:4E:19",
                "00:1A:79:6B:BD:E5",
                "00:1A:79:9E:85:E6",
                "00:1A:79:10:3E:45",
                "00:1A:79:04:AC:C6",
                "00:1A:79:14:DE:5F",
                "00:1A:79:6B:C1:85",
                "00:1A:79:10:E3:B1",
                "00:1A:79:14:E3:5B",
                "00:1A:79:10:D7:D7",
                "00:1A:79:76:FE:4B",
                "00:1A:79:76:FB:CF",
                "00:1A:79:A5:C1:05",
                "00:1A:79:FF:2E:29",
                "00:1A:79:14:E0:B2",
                "00:1A:79:08:F0:47",
                "00:1A:79:FF:28:7E",
                "00:1A:79:9E:86:E3",
                "00:1A:79:0E:39:25",
                "00:1A:79:13:50:84",
                "00:1A:79:9E:85:AC",
                "00:1A:79:07:C9:C6",
                "00:1A:79:04:8F:F6",
                "00:1A:79:46:99:88",
                "00:1A:79:14:DF:14",
                "00:1A:79:9E:87:3B",
                "00:1A:79:FF:28:41",
                "00:1A:79:6E:29:C6",
                "00:1A:79:6B:C1:6F",
                "00:1A:79:A5:C0:FE",
                "00:1A:79:73:25:B5",
                "00:1A:79:AC:10:36",
                "00:1A:79:74:B0:F0",
                "00:1A:79:A5:C0:B9",
                "00:1A:79:6B:BE:B6",
                "00:1A:79:01:F6:E9",
                "00:1A:79:6B:BA:E7",
                "00:1A:79:A0:FF:B2",
                "00:1A:79:9E:87:B7",
                "00:1A:79:08:F0:52",
                "00:1A:79:08:E1:FD",
                "00:1A:79:10:E1:1D",
                "00:1A:79:77:03:BE",
                "00:1A:79:13:53:64",
                "00:1A:79:08:E3:AC",
                "00:1A:79:A0:E1:54",
                "00:1A:79:9E:86:F7",
                "00:1A:79:76:FB:C4",
                "00:1A:79:07:CA:35",
                "00:1A:79:9C:7B:D3",
                "00:1A:79:A0:FF:C5",
                "00:1A:79:7C:6B:ED",
                "00:1A:79:9E:87:40",
                "00:1A:79:08:E2:01",
                "00:1A:79:14:E3:33",
                "00:1A:79:9E:85:7B",
                "00:1A:79:14:E8:78",
                "00:1A:79:62:6E:41",
                "00:1A:79:A5:BF:54",
                "00:1A:79:10:E2:EC",
                "00:1A:79:76:FD:61",
                "00:1A:79:13:53:6A",
                "00:1A:79:A0:0F:6D"
            ]
        },
        {
            "server_name": "iptvpremuim.ca",
            "server_url": "http://iptvpremuim.ca:80/c/",
            "macs": [
                "00:1A:79:34:31:67",
                "00:1A:79:c8:1f:b8",
                "00:1A:79:f9:ba:7b",
                "00:1A:79:32:7e:5a",
                "00:1A:79:d2:2d:31",
                "00:1A:79:73:a0:f5",
                "00:1A:79:b6:2b:ff",
                "00:1A:79:c5:02:1a",
                "00:1A:79:c3:57:19",
                "00:1A:79:79:4e:03",
                "00:1A:79:33:8f:f0"
            ]
        },
        {
            "server_name": "iptvswiss.com.123tv.to",
            "server_url": "http://iptvswiss.com.123tv.to:8080/c/",
            "macs": [
                "00:1a:79:bb:c7:b0",
                "00:1A:79:6E:38:4A",
                "00:1A:79:49:D7:47",
                "00:1A:79:BD:50:70",
                "00:1A:79:EE:DC:D4",
                "00:1A:79:B8:8D:1F",
                "00:1A:79:AE:A5:DE"
            ]
        },
        {
            "server_name": "iptvworld.ml",
            "server_url": "http://iptvworld.ml/c/",
            "macs": [
                "00:1A:79:03:38:AC",
                "00:1A:79:24:72:44",
                "00:1A:79:76:25:AA",
                "00:1A:79:A3:D9:F0",
                "00:1A:79:A7:D1:05",
                "00:1A:79:AD:0D:66",
                "00:1A:79:AD:78:20",
                "00:1A:79:AE:BA:A6",
                "00:1A:79:AE:BA:AE",
                "00:1A:79:B0:40:59",
                "00:1A:79:B0:40:7D",
                "00:1A:79:B0:40:A2",
                "00:1A:79:B0:A8:CE",
                "00:1A:79:B3:1C:81",
                "00:1A:79:B3:1C:AB",
                "00:1A:79:B4:62:31",
                "00:1A:79:B4:62:FE",
                "00:1A:79:B4:E4:6A",
                "00:1A:79:B4:E4:D6",
                "00:1A:79:B5:05:8A",
                "00:1A:79:B5:2D:34",
                "00:1A:79:B6:53:14",
                "00:1A:79:B6:59:8D",
                "00:1A:79:B7:1A:AF",
                "00:1A:79:B7:21:1A",
                "00:1A:79:BA:CE:D7",
                "00:1A:79:BB:EF:82",
                "00:1A:79:BC:01:45",
                "00:1A:79:BC:87:12",
                "00:1A:79:BC:D7:ED",
                "00:1A:79:BF:EC:0C",
                "00:1A:79:BF:F4:E0",
                "00:1A:79:C0:04:02",
                "00:1A:79:C0:13:8D",
                "00:1A:79:C0:7A:A1",
                "00:1A:79:C0:93:85"
            ]
        },
        {
            "server_name": "iptvworld.ml",
            "server_url": "http://iptvworld.ml:2095/c/",
            "macs": [
                "00:1A:79:C4:41:AB",
                "00:1A:79:D1:AC:7E",
                "00:1A:79:B8:83:CA",
                "00:1A:79:C3:14:42",
                "00:1A:79:63:E2:54",
                "00:1A:79:B7:1A:AF",
                "00:1A:79:AD:17:59",
                "00:1A:79:D2:9B:C2",
                "00:1A:79:54:4F:2E",
                "00:1A:79:BA:32:41",
                "00:1A:79:AA:BC:53",
                "00:1A:79:38:41:5B",
                "00:1A:79:82:7A:55",
                "00:1A:79:B5:19:8D",
                "00:1A:79:BA:A7:13",
                "00:1A:79:BC:2C:0C",
                "00:1A:79:C4:29:55",
                "00:1A:79:CC:FE:C9",
                "00:1A:79:D2:93:51"
            ]
        },
        {
            "server_name": "islacam.live",
            "server_url": "http://islacam.live:8080/c/",
            "macs": [
                "00:1a:79:31:73:53",
                "00:1A:79:5D:9F:05",
                "00:1A:79:09:77:8F",
                "00:1a:79:b9:fe:43",
                "00:1A:79:34:67:ED",
                "00:1A:79:5D:3A:FD",
                "00:1A:79:63:52:0F",
                "00:1A:79:05:7D:78",
                "00:1A:79:B6:0A:22"
            ]
        },
        {
            "server_name": "iup-tv.com",
            "server_url": "http://iup-tv.com:8080/c/",
            "macs": [
                "00:1A:79:BB:C9:6E",
                "00:1A:79:BC:D9:36",
                "00:1A:79:C1:EA:33",
                "00:1A:79:BB:3E:A4",
                "00:1A:79:60:05:89",
                "00:1A:79:AB:68:6B",
                "00:1A:79:AB:41:3E",
                "00:1A:79:B5:55:CE",
                "00:1A:79:B5:5A:8B",
                "00:1A:79:42:2E:2B"
            ]
        },
        {
            "server_name": "line.clear-ocean.link",
            "server_url": "http://line.clear-ocean.link:80/c/",
            "macs": [
                "00:1A:79:30:1E:F9",
                "00:1A:79:30:22:C0",
                "00:1A:79:30:26:FE",
                "00:1A:79:30:34:31",
                "00:1A:79:30:36:32",
                "00:1A:79:30:48:35",
                "00:1A:79:30:4A:E9",
                "00:1a:79:74:7f:24",
                "00:1a:79:00:09:8d",
                "00:1a:79:59:cc:9f",
                "00:1a:79:73:38:36",
                "00:1a:79:b0:a9:5c",
                "00:1a:79:6f:1f:db",
                "00:1a:79:c6:a7:91",
                "00:1a:79:19:47:da",
                "00:1a:79:79:6c:f6"
            ]
        },
        {
            "server_name": "line.dino.ws",
            "server_url": "http://line.dino.ws/c/",
            "macs": [
                "00:1A:79:46:FD:4F",
                "00:1A:79:81:73:34"
            ]
        },
        {
            "server_name": "line.iptveros.com",
            "server_url": "http://line.iptveros.com/c/",
            "macs": [
                "00:1A:79:32:BD:7D",
                "00:1A:79:B4:DC:F1",
                "00:1A:79:52:5D:B4",
                "00:1A:79:24:98:C2",
                "00:1A:79:44:8B:33",
                "00:1A:79:C3:1E:DD",
                "00:1A:79:19:30:72",
                "00:1A:79:E9:A5:1B",
                "00:1A:79:1B:69:92",
                "00:1A:79:C5:91:C9",
                "00:1A:79:A3:A5:46",
                "00:1A:79:18:08:80",
                "00:1A:79:22:01:36",
                "00:1A:79:32:C5:12",
                "00:1A:79:32:C5:69",
                "00:1A:79:32:C5:C9",
                "00:1A:79:32:C5:D1",
                "00:1A:79:32:C5:D2",
                "00:1A:79:32:C5:D5",
                "00:1A:79:32:C5:DC",
                "00:1A:79:36:64:30",
                "00:1A:79:57:47:55",
                "00:1A:79:66:1F:97",
                "00:1A:79:73:F6:10",
                "00:1A:79:8C:0C:EA",
                "00:1A:79:8C:0E:04",
                "00:1A:79:98:0F:3C",
                "00:1A:79:B3:E0:4C",
                "00:1A:79:B5:86:06",
                "00:1A:79:B5:9A:1B",
                "00:1A:79:B5:9A:53",
                "00:1A:79:B5:9A:B4",
                "00:1A:79:B5:9A:B8",
                "00:1A:79:B5:9A:FA",
                "00:1A:79:B5:9A:FF",
                "00:1A:79:B5:B3:E4",
                "00:1A:79:B5:C8:52",
                "00:1A:79:B6:26:E1",
                "00:1A:79:B6:26:E4",
                "00:1A:79:BE:DC:02",
                "00:1A:79:C0:07:B1",
                "00:1A:79:C0:40:3A",
                "00:1A:79:C0:40:DD",
                "00:1A:79:C1:01:96",
                "00:1A:79:C1:AE:05",
                "00:1A:79:C2:B4:2C",
                "00:1A:79:C3:AB:39",
                "00:1A:79:D6:CD:61",
                "00:1A:79:DD:5C:07",
                "00:1A:79:FA:07:02",
                "00:1A:79:FA:07:06"
            ]
        },
        {
            "server_name": "line.iptvwings.com",
            "server_url": "http://line.iptvwings.com/c/",
            "macs": [
                "00:1A:79:C0:E9:9C",
                "00:1A:79:EF:AA:F5",
                "00:1A:79:B6:6F:17",
                "00:1A:79:7F:16:EB",
                "00:1A:79:62:1B:C3",
                "00:1A:79:EC:CC:DA",
                "00:1A:79:58:BE:9B"
            ]
        },
        {
            "server_name": "line.iptvwings.com",
            "server_url": "http://line.iptvwings.com:80/c/",
            "macs": [
                "00:1A:79:FF:08:1C",
                "00:1A:79:C2:6F:5B",
                "00:1A:79:8C:0B:76",
                "00:1A:79:6C:2D:CF",
                "00:1A:79:5A:0F:E6",
                "00:1A:79:FB:1E:72",
                "00:1A:79:6A:C9:51",
                "00:1A:79:0D:0F:A6",
                "00:1A:79:D8:A2:73",
                "00:1A:79:6F:F8:FC",
                "00:1A:79:AF:19:96",
                "00:1A:79:A8:D6:1D",
                "00:1A:79:4E:45:40",
                "00:1A:79:B3:11:98",
                "00:1A:79:58:2F:AC",
                "00:1A:79:BE:C2:7C",
                "00:1A:79:68:D8:AE",
                "00:1A:79:C6:55:03",
                "00:1A:79:BD:4A:D7",
                "00:1A:79:B4:DE:31"
            ]
        },
        {
            "server_name": "line.maxir.biz",
            "server_url": "http://line.maxir.biz:8080/c/",
            "macs": [
                "00:1A:79:71:46:14"
            ]
        },
        {
            "server_name": "line.myunityhost.com",
            "server_url": "http://line.myunityhost.com:80/c/",
            "macs": [
                "00:1A:79:53:60:2d",
                "00:1A:79:80:5a:77",
                "00:1A:79:e6:7e:4e"
            ]
        },
        {
            "server_name": "line.protv.cc",
            "server_url": "http://line.protv.cc:80/c/",
            "macs": [
                "00:1A:79:00:5A:FA",
                "00:1A:79:00:59:0D",
                "00:1A:79:00:59:4D",
                "00:1A:79:00:56:16"
            ]
        },
        {
            "server_name": "login.newborntv.info",
            "server_url": "http://login.newborntv.info/c/",
            "macs": [
                "00:1A:79:DA:65:D2",
                "00:1A:79:74:B3:54",
                "00:1A:79:74:B3:36",
                "00:1A:79:8B:37:E8",
                "00:1A:79:A3:91:6E",
                "00:1A:79:D1:F9:28",
                "00:1A:79:82:1F:F5",
                "00:1A:79:24:83:07",
                "00:1A:79:78:6F:0A",
                "00:1A:79:7D:B5:BD",
                "00:1A:79:D0:F1:40",
                "00:1A:79:D0:F1:32",
                "00:1A:79:5A:80:33",
                "00:1A:79:D0:F1:14",
                "00:1A:79:D0:F1:23",
                "00:1A:79:F5:4A:79",
                "00:1A:79:8B:37:20",
                "00:1A:79:F5:4A:9A",
                "00:1A:79:8B:37:F8"
            ]
        },
        {
            "server_name": "m.tvfalcon.net",
            "server_url": "http://m.tvfalcon.net/c/",
            "macs": [
                "00:1A:79:08:49:BB",
                "00:1A:79:00:18:7E",
                "00:1A:79:08:49:D3",
                "00:1A:79:D4:52:12",
                "00:1A:79:B2:70:5C",
                "00:1A:79:08:49:B2",
                "00:1A:79:B2:70:57",
                "00:1A:79:08:49:B6",
                "00:1A:79:10:E1:78",
                "00:1A:79:BC:DA:01",
                "00:1A:79:08:49:D8",
                "00:1A:79:08:49:D2",
                "00:1A:79:08:49:D0",
                "00:1A:79:08:49:CE",
                "00:1A:79:A0:E2:0D",
                "00:1A:79:08:49:CD",
                "00:1A:79:CB:7F:68",
                "00:1A:79:08:49:C4"
            ]
        },
        {
            "server_name": "mag.diamondma.club",
            "server_url": "http://mag.diamondma.club:80/c/",
            "macs": [
                "00:1A:79:00:07:A8",
                "00:1A:79:C0:4F:BE",
                "00:1A:79:BF:BE:CA",
                "00:1A:79:C3:1E:43",
                "00:1A:79:C0:8A:4A",
                "00:1A:79:70:90:7F",
                "00:1A:79:3A:A6:08",
                "00:1A:79:5F:CE:67",
                "00:1A:79:C0:D1:C3",
                "00:1A:79:AA:DF:23",
                "00:1A:79:A1:FB:F7",
                "00:1A:79:B0:A9:5C",
                "00:1A:79:D5:D1:B1",
                "00:1A:79:D8:28:80",
                "00:1A:79:BF:BB:A6",
                "00:1A:79:17:10:AD",
                "00:1\u0391:79:91:68:5\u0391",
                "00:1A:79:4B:20:76",
                "00:1A:79:11:6F:0E",
                "00:1A:79:A3:87:47",
                "00:1A:79:89:24:C6",
                "00:1A:79:B6:E2:4D",
                "00:1A:79:D8:7F:C7",
                "00:1A:79:C4:43:E8",
                "00:1A:79:00:03:2C"
            ]
        },
        {
            "server_name": "mag.greatott.me",
            "server_url": "http://mag.greatott.me/c/",
            "macs": [
                "00:1A:79:5C:C0:0A",
                "00:1A:79:B5:07:57",
                "00:1A:79:79:6F:FF",
                "00:1A:79:E7:AD:E1",
                "00:1A:79:7A:40:1B",
                "00:1A:79:2D:56:A0",
                "00:1A:79:8F:93:D1",
                "00:1A:79:98:4F:24",
                "00:1A:79:1F:3F:77",
                "00:1A:79:66:B3:48",
                "00:1A:79:02:8F:F1",
                "00:1A:79:1C:12:78",
                "00:1A:79:F1:AF:A9",
                "00:1A:79:E7:02:E4",
                "00:1A:79:C0:7F:60",
                "00:1A:79:C9:36:13",
                "00:1A:79:B3:A6:D4",
                "00:1A:79:05:01:2C",
                "00:1A:79:7D:CA:29",
                "00:1A:79:24:78:2D",
                "00:1A:79:C4:05:7D",
                "00:1A:79:60:BE:70"
            ]
        },
        {
            "server_name": "mag.myox.me",
            "server_url": "http://mag.myox.me/c/",
            "macs": [
                "00:1A:79:13:28:49",
                "00:1A:79:22:40:BF",
                "00:1A:79:46:37:2D",
                "00:1A:79:4A:F9:48",
                "00:1A:79:54:CA:4A",
                "00:1A:79:60:D3:59",
                "00:1A:79:73:C2:42",
                "00:1A:79:75:63:44",
                "00:1A:79:77:82:B7",
                "00:1A:79:77:84:03",
                "00:1A:79:79:9B:CE",
                "00:1A:79:7A:44:3C",
                "00:1A:79:B5:10:D1",
                "00:1A:79:B5:D7:0B",
                "00:1A:79:C1:2C:FF",
                "00:1A:79:C4:31:8B",
                "00:1A:79:CB:86:95",
                "00:1A:79:D3:B1:CA",
                "00:1A:79:D4:DC:6B",
                "00:1A:79:D5:4C:A4",
                "00:1A:79:F9:71:37",
                "00:1A:79:FF:04:E0"
            ]
        },
        {
            "server_name": "mag.rs6ott.com",
            "server_url": "http://mag.rs6ott.com/c/",
            "macs": [
                "00:1A:79:A3:B7:83",
                "00:1A:79:6C:C9:E2",
                "00:1A:79:C7:B3:19",
                "00:1A:79:8C:07:82",
                "00:1A:79:70:EA:EE",
                "00:1A:79:08:FB:35",
                "00:1A:79:95:BB:52",
                "00:1A:79:58:72:91",
                "00:1A:79:AC:A4:22",
                "00:1A:79:A1:82:A0",
                "00:1A:79:CD:44:C6"
            ]
        },
        {
            "server_name": "mag.ukhd.tv",
            "server_url": "http://mag.ukhd.tv/c/",
            "macs": [
                "00:1A:79:07:C2:94",
                "00:1A:79:13:6F:14",
                "00:1A:79:1D:7F:22",
                "00:1A:79:2C:9F:0A",
                "00:1A:79:36:07:20",
                "00:1A:79:55:69:CE",
                "00:1A:79:7B:9D:09",
                "00:1A:79:7C:0F:65",
                "00:1A:79:A1:86:80",
                "00:1A:79:C8:16:12",
                "00:1A:79:D5:9F:EB",
                "00:1A:79:73:3F:D7",
                "00:1A:79:bd:ba:40"
            ]
        },
        {
            "server_name": "monerotv.net",
            "server_url": "http://monerotv.net:8080/c/",
            "macs": [
                "00:1A:79:31:37:35",
                "00:1A:79:30:66:64",
                "00:1A:79:f4:ff:68"
            ]
        },
        {
            "server_name": "mutant.arrox.top",
            "server_url": "http://mutant.arrox.top/c/",
            "macs": [
                "00:1A:79:06:3F:E4",
                "00:1A:79:36:8F:FC",
                "00:1A:79:38:1C:D4",
                "00:1A:79:88:19:E3",
                "00:1A:79:8A:DC:BD",
                "00:1A:79:B8:E9:47",
                "00:1A:79:CE:1A:D8",
                "00:1A:79:42:0E:74",
                "00:1A:79:14:1F:23",
                "00:1A:79:3A:84:89",
                "00:1A:79:BF:DF:A6",
                "00:1A:79:D6:4F:18",
                "00:1A:79:5D:82:E9",
                "00:1A:79:B3:B3:63",
                "00:1A:79:C5:BF:E0",
                "00:1A:79:37:AB:5D",
                "00:1A:79:CC:FB:63",
                "00:1A:79:5F:03:09",
                "00:1A:79:30:6F:04",
                "00:1A:79:5A:35:6E",
                "00:1A:79:51:4C:5B",
                "00:1A:79:6E:2E:E9",
                "00:1A:79:40:60:9B",
                "00:1A:79:8B:08:A0",
                "00:1A:79:31:75:E6",
                "00:1A:79:57:B2:58",
                "00:1A:79:92:4E:CF",
                "00:1A:79:4C:73:AD",
                "00:1A:79:18:E1:6C",
                "00:1A:79:4F:F6:81",
                "00:1A:79:14:6F:76",
                "00:1A:79:6B:88:B6"
            ]
        },
        {
            "server_name": "mutant.arrox.top",
            "server_url": "http://mutant.arrox.top:80/c/",
            "macs": [
                "00:1A:79:57:B2:58",
                "00:1A:79:92:4E:CF",
                "00:1A:79:4C:73:AD",
                "00:1A:79:18:E1:6C",
                "00:1A:79:4F:F6:81",
                "00:1A:79:51:4C:5B",
                "00:1A:79:6E:2E:E9",
                "00:1A:79:40:60:9B",
                "00:1A:79:8B:08:A0",
                "00:1A:79:31:75:E6",
                "00:1A:79:0E:B4:A2",
                "00:1A:79:FB:A4:E7",
                "00:1A:79:BB:E9:36",
                "00:1A:79:7B:7A:1C",
                "00:1A:79:43:2B:76",
                "00:1A:79:30:BC:6C",
                "00:1A:79:A6:4F:87",
                "00:1A:79:FE:67:EA",
                "00:1A:79:00:2C:13",
                "00:1A:79:BF:FC:13"
            ]
        },
        {
            "server_name": "nk.cdnnet.xyz",
            "server_url": "http://nk.cdnnet.xyz/c/",
            "macs": [
                "00:1A:79:B4:E5:89"
            ]
        },
        {
            "server_name": "nordicplay.click",
            "server_url": "http://nordicplay.click/c/",
            "macs": [
                "00:1A:79:B0:36:BC",
                "00:1A:79:B0:36:E1",
                "00:1A:79:B0:37:B4",
                "00:1A:79:B0:3F:B2",
                "00:1A:79:B0:40:12",
                "00:1A:79:B0:40:59",
                "00:1A:79:B0:40:7D",
                "00:1A:79:B0:40:A2",
                "00:1A:79:B0:8F:6B",
                "00:1A:79:B0:91:E8",
                "00:1A:79:B0:A2:89",
                "00:1A:79:B0:A8:CE",
                "00:1A:79:B0:AF:C2",
                "00:1A:79:B0:B0:3E",
                "00:1A:79:B1:5B:88",
                "00:1A:79:B1:6B:A7",
                "00:1A:79:B1:79:B4",
                "00:1A:79:B1:BD:15",
                "00:1A:79:B2:33:F8",
                "00:1A:79:B2:5F:B8",
                "00:1A:79:B2:6B:6E",
                "00:1A:79:B2:79:F6",
                "00:1A:79:B2:DE:4C",
                "00:1A:79:B3:1C:81",
                "00:1A:79:B3:1C:AB",
                "00:1A:79:B3:21:87",
                "00:1A:79:B3:23:7F",
                "00:1A:79:B3:26:77",
                "00:1A:79:B3:75:5B",
                "00:1A:79:B3:77:F2",
                "00:1A:79:B3:7F:AE",
                "00:1A:79:B3:92:8E",
                "00:1A:79:B3:92:99",
                "00:1A:79:B3:96:92",
                "00:1A:79:B3:A7:A7",
                "00:1A:79:B3:B3:F2",
                "00:1A:79:B3:BA:ED",
                "00:1A:79:B3:D1:45",
                "00:1A:79:B3:ED:8F",
                "00:1A:79:B4:09:E5"
            ]
        },
        {
            "server_name": "proxy.watchtv.best",
            "server_url": "http://proxy.watchtv.best/c/",
            "macs": [
                "00:1A:79:19:1D:3F",
                "00:1A:79:12:30:D6",
                "00:1A:79:42:C8:72",
                "00:1A:79:36:7F:77",
                "00:1A:79:81:D9:CC",
                "00:1A:79:B0:5C:90",
                "00:1A:79:A2:35:7C",
                "00:1A:79:7D:92:0E",
                "00:1A:79:0E:1D:D3",
                "00:1A:79:B8:EE:1F",
                "00:1A:79:0E:1D:C3",
                "00:1A:79:0E:1D:B7",
                "00:1A:79:19:1D:22"
            ]
        },
        {
            "server_name": "s16.fjoker.xyz",
            "server_url": "http://s16.fjoker.xyz:8080/c/",
            "macs": [
                "00:1A:79:07:C0:06",
                "00:1A:79:23:8E:11",
                "00:1A:79:2B:E7:F7",
                "00:1A:79:5D:CD:FD",
                "00:1A:79:69:8F:20",
                "00:1A:79:A3:F4:22",
                "00:1A:79:AA:AD:60",
                "00:1A:79:AD:B0:EE",
                "00:1A:79:B2:5B:0B",
                "00:1A:79:B6:74:D7",
                "00:1A:79:BA:B6:EF",
                "00:1A:79:C7:0A:8A",
                "00:1A:79:D5:EA:1F"
            ]
        },
        {
            "server_name": "speed-gaz.xyz",
            "server_url": "http://speed-gaz.xyz:8080/c/",
            "macs": [
                "00:1A:79:AD:03:11",
                "00:1A:79:B6:74:15",
                "00:1A:79:AE:9A:6E",
                "00:1A:79:C6:24:A5",
                "00:1A:79:C8:0E:B4",
                "00:1A:79:C1:BB:23",
                "00:1A:79:BD:37:91"
            ]
        },
        {
            "server_name": "stb.omnivo.tv",
            "server_url": "http://stb.omnivo.tv/c/",
            "macs": [
                "00:1A:79:01:6F:9F",
                "00:1A:79:B2:45:21",
                "00:1A:79:5A:1F:AD",
                "00:1A:79:A3:F0:E3",
                "00:1A:79:36:6F:7A",
                "00:1A:79:AC:85:DF",
                "00:1A:79:B0:E3:E3"
            ]
        },
        {
            "server_name": "testdi.proxytx.cloud",
            "server_url": "http://testdi.proxytx.cloud/c/",
            "macs": [
                "00:1A:79:C3:B8:ED",
                "00:1A:79:97:59:A3",
                "00:1A:79:C6:B5:16",
                "00:1A:79:7B:82:36",
                "00:1A:79:B4:EC:26",
                "00:1A:79:BC:F3:12",
                "00:1A:79:F5:00:DF",
                "00:1A:79:F5:00:4A",
                "00:1A:79:F5:00:17",
                "00:1A:79:F5:00:56",
                "00:1A:79:F5:00:57",
                "00:1A:79:37:2A:01",
                "00:1A:79:70:87:F8",
                "00:1A:79:70:87:C8",
                "00:1A:79:F5:00:41",
                "00:1A:79:F5:00:DA",
                "00:1A:79:F5:00:C8",
                "00:1A:79:91:7A:5F",
                "00:1A:79:37:2A:2E",
                "00:1A:79:70:87:D7",
                "00:1A:79:F5:00:6A",
                "00:1A:79:F5:00:54"
            ]
        },
        {
            "server_name": "tit.ipsh.tv",
            "server_url": "http://tit.ipsh.tv/c/",
            "macs": [
                "00:1A:79:0E:85:CA",
                "00:1A:79:00:11:37",
                "00:1A:79:00:1C:FE",
                "00:1A:79:00:1D:21",
                "00:1A:79:01:70:E4",
                "00:1A:79:02:F8:2B",
                "00:1A:79:07:BF:D8",
                "00:1A:79:0C:5B:DC",
                "00:1A:79:10:9F:FC",
                "00:1A:79:12:55:99",
                "00:1A:79:17:1B:95",
                "00:1A:79:18:C2:6F",
                "00:1A:79:1B:DD:BD",
                "00:1A:79:1D:CC:00",
                "00:1A:79:1E:59:EB",
                "00:1A:79:21:05:54",
                "00:1A:79:22:39:87",
                "00:1A:79:24:B7:71",
                "00:1A:79:25:36:BE",
                "00:1A:79:25:A1:17",
                "00:1A:79:2A:49:7D",
                "00:1A:79:30:30:70",
                "00:1A:79:33:33:99",
                "00:1A:79:3A:1F:F7",
                "00:1A:79:3B:00:64",
                "00:1A:79:3E:CF:50",
                "00:1A:79:3F:E0:83",
                "00:1A:79:41:34:2F",
                "00:1A:79:44:9D:34",
                "00:1A:79:45:EF:81",
                "00:1A:79:4C:C5:4E",
                "00:1A:79:4E:AE:FA",
                "00:1A:79:4E:E1:C2",
                "00:1A:79:50:3B:87",
                "00:1A:79:50:55:55",
                "00:1A:79:52:3B:BC",
                "00:1A:79:53:F0:0F",
                "00:1A:79:58:01:F1",
                "00:1A:79:5A:D3:1C",
                "00:1A:79:5B:C0:B8",
                "00:1A:79:63:E9:9B",
                "00:1A:79:67:5C:89",
                "00:1A:79:6D:30:B6",
                "00:1A:79:6D:57:42",
                "00:1A:79:6E:E1:D4",
                "00:1A:79:71:8F:A0",
                "00:1A:79:73:47:40",
                "00:1A:79:74:98:95",
                "00:1A:79:76:85:65",
                "00:1A:79:76:98:08",
                "00:1A:79:76:EB:56",
                "00:1A:79:7A:C7:2F",
                "00:1A:79:7B:D6:68",
                "00:1A:79:7D:70:18",
                "00:1A:79:80:A2:6D",
                "00:1A:79:81:C0:A2",
                "00:1A:79:84:27:78",
                "00:1A:79:88:3C:B9",
                "00:1A:79:8B:36:71",
                "00:1A:79:8C:07:A0",
                "00:1A:79:8E:8C:7B",
                "00:1A:79:90:26:D1",
                "00:1A:79:93:8D:E4",
                "00:1A:79:95:B2:4B",
                "00:1A:79:97:91:A2",
                "00:1A:79:A4:C6:82",
                "00:1A:79:A5:6E:92",
                "00:1A:79:A5:E4:31",
                "00:1A:79:A9:C1:80",
                "00:1A:79:AA:1F:81",
                "00:1A:79:AB:59:A0",
                "00:1A:79:AE:71:10",
                "00:1A:79:AF:04:BD",
                "00:1A:79:AF:6F:A1",
                "00:1A:79:B5:2A:00",
                "00:1A:79:B5:F8:71",
                "00:1A:79:B6:2A:24",
                "00:1A:79:B6:A7:D9",
                "00:1A:79:B7:31:D2",
                "00:1A:79:B8:1C:E5",
                "00:1A:79:B9:0B:D2",
                "00:1A:79:B9:17:AC",
                "00:1A:79:B9:9F:4E",
                "00:1A:79:BD:42:98",
                "00:1A:79:BF:0B:CB",
                "00:1A:79:C4:7E:EC",
                "00:1A:79:D0:88:7C",
                "00:1A:79:D5:7D:40",
                "00:1A:79:DE:D3:88",
                "00:1A:79:E5:79:9E",
                "00:1A:79:E6:D5:B2",
                "00:1A:79:E7:25:52",
                "00:1A:79:E8:3B:8E",
                "00:1A:79:F5:0B:CF",
                "00:1A:79:F5:69:01",
                "00:1A:79:FA:02:1E",
                "00:1A:79:1E:3C:09",
                "00:1A:79:56:1F:13",
                "00:1A:79:5D:4C:EF",
                "00:1A:79:61:39:63",
                "00:1A:79:68:EF:93",
                "00:1A:79:69:3D:57",
                "00:1A:79:6F:92:53",
                "00:1A:79:77:8E:F5",
                "00:1A:79:7D:2B:74",
                "00:1A:79:7E:FD:88",
                "00:1A:79:7F:9D:39",
                "00:1A:79:7F:A0:3D",
                "00:1A:79:84:0D:3A",
                "00:1A:79:A1:AA:30",
                "00:1A:79:AF:2F:09",
                "00:1A:79:B0:DE:0B",
                "00:1A:79:B3:14:82",
                "00:1A:79:B5:0C:A6",
                "00:1A:79:B5:F9:DA",
                "00:1A:79:B6:7A:F7",
                "00:1A:79:B7:83:7A",
                "00:1A:79:BC:5B:4A",
                "00:1A:79:BE:D3:8C",
                "00:1A:79:CB:80:20",
                "00:1A:79:F5:00:17",
                "00:1A:79:F5:00:37",
                "00:1A:79:F5:00:4A",
                "00:1A:79:F5:00:56",
                "00:1A:79:F5:00:63",
                "00:1A:79:F5:00:68",
                "00:1A:79:F5:00:82",
                "00:1A:79:F5:00:DF",
                "00:1A:79:F5:03:02",
                "00:1A:79:F5:03:71",
                "00:1A:79:F5:03:84",
                "00:1A:79:F5:03:A6",
                "00:1A:79:F5:03:B3",
                "00:1A:79:F5:03:CD",
                "00:1A:79:F5:03:D0",
                "00:1A:79:F5:03:D6"
            ]
        },
        {
            "server_name": "tr.simotvgold.com",
            "server_url": "http://tr.simotvgold.com/c/",
            "macs": [
                "00:1A:79:04:5f:76",
                "00:1A:79:1c:b5:12",
                "00:1A:79:40:65:17",
                "00:1A:79:5d:6a:08",
                "00:1A:79:5d:aa:e6",
                "00:1A:79:6e:96:26",
                "00:1A:79:72:a1:8c",
                "00:1A:79:74:a9:d8",
                "00:1A:79:7c:5b:a4",
                "00:1A:79:a8:db:a2",
                "00:1A:79:af:09:d1",
                "00:1A:79:b5:58:04",
                "00:1A:79:b5:ac:b7",
                "00:1A:79:cd:1f:d8",
                "00:1A:79:d9:99:c8"
            ]
        },
        {
            "server_name": "traveliptv.com",
            "server_url": "http://traveliptv.com/c/",
            "macs": [
                "00:1A:79:20:1F:03",
                "00:1A:79:20:1F:E5"
            ]
        },
        {
            "server_name": "trex.8kott.xyz",
            "server_url": "http://trex.8kott.xyz/c/",
            "macs": [
                "00:1A:79:6E:4B:28",
                "00:1A:79:6D:10:34",
                "00:1A:79:61:35:36",
                "00:1A:79:4E:90:B9",
                "00:1A:79:E7:A9:0B",
                "00:1A:79:B5:6E:45"
            ]
        },
        {
            "server_name": "tv.cloudcdn.me",
            "server_url": "http://tv.cloudcdn.me/c/",
            "macs": [
                "00:1A:79:50:3A:D4",
                "00:1A:79:FC:69:43",
                "00:1A:79:2F:B1:12",
                "00:1A:79:A4:26:02",
                "00:1A:79:F4:4D:99",
                "00:1A:79:07:1D:D8",
                "00:1A:79:A8:9C:32",
                "00:1A:79:0A:92:99",
                "00:1A:79:AB:DF:AB",
                "00:1A:79:07:45:32",
                "00:1A:79:0E:F7:2B",
                "00:1A:79:D5:40:80",
                "00:1A:79:06:EF:86",
                "00:1A:79:40:26:17"
            ]
        },
        {
            "server_name": "tv.indigotv.me",
            "server_url": "http://tv.indigotv.me/c/",
            "macs": [
                "00:1A:79:00:02:27",
                "00:1A:79:00:05:82",
                "00:1A:79:40:26:68",
                "00:1A:79:41:23:63",
                "00:1A:79:46:1D:AE",
                "00:1A:79:4C:99:76",
                "00:1A:79:57:C9:58",
                "00:1A:79:60:12:71"
            ]
        },
        {
            "server_name": "tv.premiumplus.tv",
            "server_url": "http://tv.premiumplus.tv:80/c/",
            "macs": [
                "00:1A:79:8F:61:98",
                "00:1A:79:B4:F8:86",
                "00:1A:79:6A:93:0B",
                "00:1A:79:10:E6:16",
                "00:1A:79:06:02:81",
                "00:1A:79:53:63:E2"
            ]
        },
        {
            "server_name": "tvkijken.xyz",
            "server_url": "http://tvkijken.xyz:8080/c/",
            "macs": [
                "00:1A:79:01:75:50",
                "00:1A:79:07:c8:28",
                "00:1A:79:57:25:6c",
                "00:1A:79:5d:90:d9",
                "00:1A:79:5d:ab:0e",
                "00:1A:79:a0:e7:91",
                "00:1A:79:ab:c1:aa",
                "00:1A:79:ae:84:9f",
                "00:1A:79:b0:40:63",
                "00:1A:79:b5:11:17",
                "00:1A:79:b9:06:10",
                "00:1A:79:bf:9d:dd",
                "00:1A:79:c0:9d:3e",
                "00:1A:79:c4:1f:a8",
                "00:1A:79:c6:01:f8",
                "00:1A:79:c8:11:86",
                "00:1A:79:cb:5a:65",
                "00:1A:79:cd:f2:dc",
                "00:1A:79:c3:cd:98"
            ]
        },
        {
            "server_name": "uhd3.one",
            "server_url": "http://uhd3.one/c/",
            "macs": [
                "00:1A:79:05:48:CD",
                "00:1A:79:08:34:B6",
                "00:1A:79:0A:6C:CF",
                "00:1A:79:0C:63:79",
                "00:1A:79:0D:85:27",
                "00:1A:79:0E:65:2A",
                "00:1A:79:11:8B:0D",
                "00:1A:79:17:54:0F",
                "00:1A:79:19:22:3B",
                "00:1A:79:19:30:72",
                "00:1A:79:19:36:18",
                "00:1A:79:1B:69:92",
                "00:1A:79:1B:CF:D4",
                "00:1A:79:21:0E:A8",
                "00:1A:79:23:65:EA",
                "00:1A:79:24:98:C2",
                "00:1A:79:29:2C:C5",
                "00:1A:79:2C:97:3E",
                "00:1A:79:32:BD:7D",
                "00:1A:79:38:6C:33",
                "00:1A:79:3B:04:0B",
                "00:1A:79:40:A7:B7",
                "00:1A:79:44:8B:33",
                "00:1A:79:48:6A:B9",
                "00:1A:79:4B:A3:44",
                "00:1A:79:4D:3A:42",
                "00:1A:79:52:5D:B4",
                "00:1A:79:59:6F:37",
                "00:1A:79:5B:8E:0B",
                "00:1A:79:66:21:A2",
                "00:1A:79:68:0F:B6",
                "00:1A:79:6B:0F:E5",
                "00:1A:79:6E:86:F8",
                "00:1A:79:72:A0:17",
                "00:1A:79:72:A0:53",
                "00:1A:79:73:98:4B",
                "00:1A:79:74:75:EA",
                "00:1A:79:77:AE:9A",
                "00:1A:79:7A:6F:B5",
                "00:1A:79:7B:54:66",
                "00:1A:79:7C:5F:22",
                "00:1A:79:7D:53:35",
                "00:1A:79:7F:5C:C3",
                "00:1A:79:81:5C:15",
                "00:1A:79:83:67:97",
                "00:1A:79:8B:39:69",
                "00:1A:79:8B:3D:BC",
                "00:1A:79:8B:D7:81",
                "00:1A:79:8C:07:A0",
                "00:1A:79:97:0C:5B",
                "00:1A:79:9B:23:E8",
                "00:1A:79:9C:D0:18",
                "00:1A:79:A0:A2:3F",
                "00:1A:79:A3:A5:46",
                "00:1A:79:A3:BE:B3",
                "00:1A:79:AA:F8:A8",
                "00:1A:79:AD:93:4F",
                "00:1A:79:AE:69:11",
                "00:1A:79:AF:2B:F2",
                "00:1A:79:B0:0E:E8",
                "00:1A:79:B1:01:7A",
                "00:1A:79:B3:FB:BE",
                "00:1A:79:B4:39:19",
                "00:1A:79:B4:B5:DE",
                "00:1A:79:B4:DC:F1",
                "00:1A:79:B5:2A:2F",
                "00:1A:79:B5:97:20",
                "00:1A:79:B5:F7:9C",
                "00:1A:79:B6:01:E8",
                "00:1A:79:B6:42:06",
                "00:1A:79:B6:AF:A9",
                "00:1A:79:B6:B9:89",
                "00:1A:79:B6:D6:C5",
                "00:1A:79:B7:C5:72",
                "00:1A:79:B7:E8:4D",
                "00:1A:79:B8:4A:02",
                "00:1A:79:BB:6E:97",
                "00:1A:79:BD:8E:D9",
                "00:1A:79:BF:91:A0",
                "00:1A:79:BF:A4:E3",
                "00:1A:79:BF:B5:9F",
                "00:1A:79:C3:1E:DD",
                "00:1A:79:C3:E0:8D",
                "00:1A:79:C4:66:7E",
                "00:1A:79:C4:B5:53",
                "00:1A:79:C5:2C:BC",
                "00:1A:79:C5:90:A8",
                "00:1A:79:C5:91:C9",
                "00:1A:79:CC:0A:68",
                "00:1A:79:D3:0A:5F",
                "00:1A:79:E6:D7:F5",
                "00:1A:79:E9:A5:1B",
                "00:1A:79:F2:CD:86",
                "00:1A:79:F8:8C:50",
                "00:1A:79:FB:02:21",
                "00:1A:79:FB:1E:B7",
                "00:1A:79:FF:09:5B"
            ]
        },
        {
            "server_name": "vip2102.112421.net",
            "server_url": "http://vip2102.112421.net:2050/c/",
            "macs": [
                "00:1A:79:00:00:1A",
                "00:1A:79:00:00:20",
                "00:1A:79:00:00:21",
                "00:1A:79:00:00:27",
                "00:1A:79:00:00:34"
            ]
        },
        {
            "server_name": "zenlink.link",
            "server_url": "http://zenlink.link/c/",
            "macs": [
                "00:1a:79:b0:93:26",
                "00:1a:79:ae:56:1c",
                "00:1a:79:b2:8b:92",
                "00:1a:79:a5:db:d2",
                "00:1a:79:bb:8d:c1",
                "00:1a:79:a1:5f:40",
                "00:1a:79:bd:35:f7",
                "00:1a:79:a9:ec:5e",
                "00:1a:79:aa:cc:0d",
                "00:1a:79:b5:8a:06",
                "00:1a:79:ba:0e:70",
                "00:1a:79:b6:5a:a2",
                "00:1a:79:b2:8b:8b",
                "00:1a:79:b0:5d:c9",
                "00:1a:79:bc:07:08",
                "00:1a:79:a1:c9:59",
                "00:1a:79:b3:06:de",
                "00:1a:79:a9:de:bb",
                "00:1a:79:b4:e1:27",
                "00:1a:79:b0:34:07",
                "00:1a:79:b0:6b:cc",
                "00:1a:79:ae:e0:b1",
                "00:1a:79:aa:5d:9c",
                "00:1a:79:b9:e9:7e",
                "00:1a:79:aa:5d:f3",
                "00:1a:79:ae:89:42",
                "00:1a:79:b0:72:27",
                "00:1a:79:b0:57:10",
                "00:1a:79:bb:ef:37",
                "00:1a:79:bc:08:7d",
                "00:1a:79:ac:1e:ac",
                "00:1a:79:b4:54:5d",
                "00:1a:79:bd:23:bd",
                "00:1a:79:b3:2e:b9",
                "00:1a:79:b0:5b:8e",
                "00:1a:79:b7:e6:89",
                "00:1a:79:b7:70:72",
                "00:1a:79:49:08:0a",
                "00:1a:79:a9:22:da",
                "00:1a:79:29:0d:53",
                "00:1a:79:cb:b8:95",
                "00:1a:79:b7:75:04",
                "00:1a:79:b6:51:de",
                "00:1a:79:19:8c:99",
                "00:1a:79:6e:51:14",
                "00:1a:79:c3:04:97",
                "00:1a:79:2e:98:c2",
                "00:1a:79:c5:8b:4e",
                "00:1a:79:68:97:0f",
                "00:1a:79:ba:60:d8",
                "00:1a:79:b6:88:c7",
                "00:1a:79:b7:52:1c",
                "00:1a:79:b7:e6:88",
                "00:1a:79:bc:0d:53",
                "00:1a:79:b7:6f:2d",
                "00:1a:79:b9:f1:15",
                "00:1a:79:17:63:a4"
            ]
        },
        {
            "server_name": "zepequeno.xyz",
            "server_url": "http://zepequeno.xyz:8080/c/",
            "macs": [
                "00:1A:79:AD:A4:38",
                "00:1A:79:C1:BF:BB",
                "00:1A:79:B7:1E:1F",
                "00:1A:79:C8:13:15"
            ]
        }
    ]
}